{
"type": "FeatureCollection",
"name": "city-boundaries",
"crs": { "type": "name", "properties": { "name": "urn:ogc:def:crs:OGC:1.3:CRS84" } },
"features": [
{ "type": "Feature", "properties": { "FPLACE90": 35160, "ESN": "001", "Name": "City of Jacksonville", "city_code": 0, "Shape_Length": 299209.98686922726, "Shape_Area": 2909719584.8818789 }, "geometry": { "type": "MultiPolygon", "coordinates": [ [ [ [ -81.615782179350234, 30.580215425863631 ], [ -81.615057347612108, 30.580135682302053 ], [ -81.614381660906517, 30.580180115075279 ], [ -81.613755984311126, 30.580517812147981 ], [ -81.613276330661819, 30.581021159990453 ], [ -81.612748312615906, 30.581524733362496 ], [ -81.612172290397851, 30.582070460024163 ], [ -81.61159678830434, 30.582700039388101 ], [ -81.610972654116281, 30.583287915583096 ], [ -81.610492714802703, 30.583750012623856 ], [ -81.610012667691279, 30.584211421506097 ], [ -81.60938835563681, 30.584758048678086 ], [ -81.608714884176734, 30.585178428843879 ], [ -81.607895840724865, 30.585475073113493 ], [ -81.607027383644152, 30.585604226701577 ], [ -81.606157885416039, 30.585566350410723 ], [ -81.605287192428591, 30.585320202879515 ], [ -81.604608255618317, 30.58486351354621 ], [ -81.60431339350778, 30.584029050650283 ], [ -81.604550920645309, 30.583401760526602 ], [ -81.604932288721088, 30.582606085125249 ], [ -81.605554796958458, 30.581767357807752 ], [ -81.606466019236578, 30.5807602535039 ], [ -81.606945288406962, 30.580173761792395 ], [ -81.607473848137005, 30.579753380033306 ], [ -81.6082907598867, 30.579122690289669 ], [ -81.609011928295104, 30.578618230513225 ], [ -81.609781868935229, 30.578196709764597 ], [ -81.610503805403198, 30.57781733875072 ], [ -81.610934935654143, 30.577272299677549 ], [ -81.611025786770398, 30.5763521824645 ], [ -81.61049124156564, 30.575811673530264 ], [ -81.609764351787177, 30.575397163954463 ], [ -81.608699204981775, 30.574942990985779 ], [ -81.607779717304709, 30.574612541554952 ], [ -81.606859821792526, 30.574199603864322 ], [ -81.605746700459363, 30.573786871693894 ], [ -81.604972265547843, 30.573497656028032 ], [ -81.604294033016771, 30.573124819148084 ], [ -81.603325030201262, 30.572586296199947 ], [ -81.602741772053577, 30.571962122492934 ], [ -81.602157135890266, 30.571129681734 ], [ -81.601864146767099, 30.570588019093343 ], [ -81.601567964133068, 30.569544595316522 ], [ -81.601416238681594, 30.568417331709576 ], [ -81.601459854583581, 30.567665154296702 ], [ -81.601939245924839, 30.567119921262766 ], [ -81.602758513955536, 30.566865242580512 ], [ -81.603578456621008, 30.566736344033529 ], [ -81.604399012835813, 30.566690607969051 ], [ -81.60512312143014, 30.566687244862976 ], [ -81.605895160534786, 30.56659979555727 ], [ -81.606570496897376, 30.566513480101527 ], [ -81.607728145922579, 30.566341052386495 ], [ -81.608691728303654, 30.566001804605389 ], [ -81.60970346307893, 30.565663011998026 ], [ -81.61076301697338, 30.565240128508972 ], [ -81.611485117833041, 30.564902680674606 ], [ -81.612255467206637, 30.564565001937002 ], [ -81.61307379919279, 30.564185163003518 ], [ -81.613746316642064, 30.563638977560871 ], [ -81.614177102838241, 30.563051999420537 ], [ -81.614269493666882, 30.562382758789521 ], [ -81.614071915508362, 30.56167364383251 ], [ -81.613777734320792, 30.560964296275504 ], [ -81.613484089427473, 30.560339491616613 ], [ -81.612997179187275, 30.55967297988855 ], [ -81.612510438728663, 30.559048394336926 ], [ -81.612071532660636, 30.558340410696129 ], [ -81.611679045238262, 30.55733939006058 ], [ -81.61148202223859, 30.556714126546023 ], [ -81.611138581034112, 30.555837974348236 ], [ -81.610650568561056, 30.555005115199961 ], [ -81.61021221405862, 30.554380293833194 ], [ -81.609630329435007, 30.553965100888554 ], [ -81.608808155354367, 30.553718059338671 ], [ -81.608131773352767, 30.553638047991985 ], [ -81.607310907219173, 30.5535999495746 ], [ -81.606443514642095, 30.553854879679392 ], [ -81.605722774730069, 30.554401252476271 ], [ -81.605294047472512, 30.555322253233268 ], [ -81.604725648357956, 30.557079737241644 ], [ -81.604441389961039, 30.557958134683183 ], [ -81.604203925705562, 30.558586113071868 ], [ -81.60377387253466, 30.559298156017597 ], [ -81.602861266850994, 30.560054361126486 ], [ -81.601753999838522, 30.560561258938478 ], [ -81.600162619939667, 30.560860733825869 ], [ -81.599342724884892, 30.560990298452211 ], [ -81.598667578066809, 30.561118504590645 ], [ -81.597993299919608, 30.561372491355979 ], [ -81.597223591943148, 30.561835183236951 ], [ -81.596550840033615, 30.562340043581504 ], [ -81.595733886063087, 30.562969973806073 ], [ -81.595061118882171, 30.563474826698936 ], [ -81.594339732183172, 30.563937281144053 ], [ -81.593522091899757, 30.564442787253192 ], [ -81.592896947107008, 30.564863553286258 ], [ -81.592127285842949, 30.565326215369826 ], [ -81.591405113118057, 30.565663557309623 ], [ -81.590586177464019, 30.565960091885803 ], [ -81.589766884280507, 30.566214694048604 ], [ -81.588899178191369, 30.566427580704211 ], [ -81.587886254046666, 30.566599187598747 ], [ -81.586534943517592, 30.566688453817626 ], [ -81.585761475193351, 30.566524906018973 ], [ -81.585084266741688, 30.566318992557051 ], [ -81.584406409706375, 30.565987977716443 ], [ -81.583532592378376, 30.565197990039408 ], [ -81.583238724702866, 30.564489258429848 ], [ -81.583234975134857, 30.563862397285469 ], [ -81.583326981484575, 30.563110007421713 ], [ -81.583563340812248, 30.562273111809251 ], [ -81.583656443106605, 30.561687745937135 ], [ -81.583893800462533, 30.561018562419715 ], [ -81.584274001626767, 30.560013990256625 ], [ -81.585184245639553, 30.558840005904578 ], [ -81.585709778047061, 30.557918635509392 ], [ -81.585850861157382, 30.557291122351316 ], [ -81.585943598735739, 30.556664514846194 ], [ -81.586084426724511, 30.555995073900352 ], [ -81.586321749944474, 30.555325198229657 ], [ -81.586749752261596, 30.554237232194449 ], [ -81.587276151543364, 30.553482880143669 ], [ -81.58765865419133, 30.552854276934504 ], [ -81.58799321195599, 30.552309747423177 ], [ -81.588469428651024, 30.55122155728003 ], [ -81.588802814114217, 30.550468071447046 ], [ -81.588894008386902, 30.549589891683212 ], [ -81.588842484615483, 30.549047105401808 ], [ -81.588645621515894, 30.548421116957734 ], [ -81.58820567609709, 30.547504094517254 ], [ -81.587766646061539, 30.546754097582056 ], [ -81.586988559498408, 30.545796667138958 ], [ -81.586115003580161, 30.545006691486925 ], [ -81.585337849468289, 30.544216277703715 ], [ -81.584658643163451, 30.543634378041258 ], [ -81.583882861677338, 30.543052908147814 ], [ -81.583155334993336, 30.542471905167613 ], [ -81.582330729173236, 30.541806784840048 ], [ -81.581651308171018, 30.541182941568586 ], [ -81.580827223373774, 30.540601668213412 ], [ -81.579906519377829, 30.539979578132918 ], [ -81.578888895247573, 30.539315294901467 ], [ -81.577775796372279, 30.538819145096479 ], [ -81.576421651658492, 30.538365294541649 ], [ -81.574874706925158, 30.537954210378761 ], [ -81.573521474001382, 30.537668043894911 ], [ -81.572313407929187, 30.537422467301489 ], [ -81.571105593385298, 30.537218807833167 ], [ -81.569752866213008, 30.53701577078234 ], [ -81.568401704804273, 30.537063602910379 ], [ -81.567244327070313, 30.537235678759476 ], [ -81.566376483538932, 30.537406485408201 ], [ -81.56541264244305, 30.537661561712678 ], [ -81.564738575399929, 30.537956618171886 ], [ -81.564017332431362, 30.538419592663043 ], [ -81.563008267449135, 30.539217869571949 ], [ -81.56247997092548, 30.539680001682299 ], [ -81.562048730181772, 30.540224885204459 ], [ -81.561472419604499, 30.540728462218617 ], [ -81.560512610147597, 30.541693537879858 ], [ -81.559840420583427, 30.542323309657821 ], [ -81.559215843525948, 30.542827084682131 ], [ -81.558591164060516, 30.543331544111453 ], [ -81.558014337850281, 30.54375124968557 ], [ -81.557388312708582, 30.544004820021481 ], [ -81.556087431802922, 30.544428301245166 ], [ -81.555267608613377, 30.544556899844256 ], [ -81.55372292224466, 30.544563475179093 ], [ -81.553046981315873, 30.544525105513859 ], [ -81.552322456801562, 30.544444320665932 ], [ -81.551645232180235, 30.544196300960625 ], [ -81.550867753776558, 30.543280577838633 ], [ -81.550670675979646, 30.542571358904901 ], [ -81.550569005554095, 30.54165277485275 ], [ -81.550612768779786, 30.540858678086177 ], [ -81.550413104733153, 30.539689618756743 ], [ -81.550406976426288, 30.53860291271949 ], [ -81.550401794045428, 30.537683920519971 ], [ -81.550492618212232, 30.536680663591365 ], [ -81.550487435831357, 30.535761671772839 ], [ -81.550577888095631, 30.534675243660796 ], [ -81.550572231404274, 30.533672394369301 ], [ -81.550373525860053, 30.532670360320481 ], [ -81.550079195552172, 30.531836448196778 ], [ -81.549592859335434, 30.531169688156222 ], [ -81.549105023830492, 30.530252730293167 ], [ -81.548714236020643, 30.529418533557344 ], [ -81.548226987115598, 30.528585429210267 ], [ -81.547643074096101, 30.527752040701316 ], [ -81.547060210308828, 30.527086364578473 ], [ -81.54638181518267, 30.526587430071043 ], [ -81.545895900275823, 30.52600451324302 ], [ -81.545024486839523, 30.525507067410626 ], [ -81.544443416987875, 30.52517543440916 ], [ -81.543669412369411, 30.524843915574579 ], [ -81.542606381096476, 30.524598143285601 ], [ -81.541834144362483, 30.524601356955195 ], [ -81.540868044003631, 30.524437652353161 ], [ -81.539902873401147, 30.524441654550699 ], [ -81.539227304374876, 30.524444451910206 ], [ -81.538551634737289, 30.524447246948256 ], [ -81.537779498614611, 30.524450435860519 ], [ -81.537007362491934, 30.524453620129808 ], [ -81.535946544667851, 30.524625706708541 ], [ -81.535079670418682, 30.52496333246923 ], [ -81.53440546952659, 30.525216989772414 ], [ -81.53353812545852, 30.525470747782791 ], [ -81.532671238632929, 30.525809045368931 ], [ -81.531708781840891, 30.526314070624906 ], [ -81.531035471179237, 30.526734738834975 ], [ -81.530496459550903, 30.527049001685715 ], [ -81.52949785545016, 30.527994076110467 ], [ -81.528874569271707, 30.528748592912123 ], [ -81.528443412969636, 30.529335296411642 ], [ -81.527868346559032, 30.530089612448812 ], [ -81.527389971212372, 30.530885464735459 ], [ -81.526958796943987, 30.531472163068205 ], [ -81.526192583413959, 30.532603237864265 ], [ -81.525761620249668, 30.533231860764516 ], [ -81.525186736197085, 30.534028094298147 ], [ -81.524659183478477, 30.534657103358168 ], [ -81.523939685936512, 30.535495155493546 ], [ -81.523460230814877, 30.536082036439424 ], [ -81.522981566210674, 30.536835943403261 ], [ -81.522502548568568, 30.537506678589573 ], [ -81.521927958265067, 30.5383860678572 ], [ -81.521689557066765, 30.538930046441291 ], [ -81.521403809263106, 30.539641932603757 ], [ -81.521165971308463, 30.540311009728207 ], [ -81.520977143639115, 30.541105678859722 ], [ -81.520884229092644, 30.541774862725354 ], [ -81.520743190898088, 30.542485481641222 ], [ -81.520554799809958, 30.543363320264586 ], [ -81.520317493657984, 30.544116252366617 ], [ -81.520176671957429, 30.544868798764458 ], [ -81.520036295821242, 30.545705202328044 ], [ -81.520043197577564, 30.547000181294553 ], [ -81.520289745597182, 30.54796014125278 ], [ -81.520679476988249, 30.548627395643386 ], [ -81.521020864644001, 30.549294154197856 ], [ -81.521508315669976, 30.550169975563634 ], [ -81.521898955257811, 30.551003565486209 ], [ -81.52248515538804, 30.552296908015197 ], [ -81.522973527187204, 30.553339062932032 ], [ -81.523365091141443, 30.55434036231814 ], [ -81.523709086606445, 30.555466953247247 ], [ -81.523955146840862, 30.556343734609307 ], [ -81.524054788870501, 30.556928285669169 ], [ -81.52439745213394, 30.557803989418442 ], [ -81.524595721995226, 30.558764133387264 ], [ -81.524503715645537, 30.559600345287222 ], [ -81.524411605091231, 30.560435869272055 ], [ -81.524174289956122, 30.561188806644292 ], [ -81.523936298389572, 30.561816645777061 ], [ -81.523409711359918, 30.562654604269589 ], [ -81.522641301449028, 30.563409672461031 ], [ -81.522064203947565, 30.563829907708335 ], [ -81.520910339524704, 30.564753541697581 ], [ -81.520333446839132, 30.565215010802671 ], [ -81.519804358899719, 30.565593114628705 ], [ -81.519227236245428, 30.566013338098031 ], [ -81.518361146225487, 30.566559810285675 ], [ -81.517734993523007, 30.566855120794013 ], [ -81.516530240437589, 30.567277827077994 ], [ -81.515758424115148, 30.567405987781196 ], [ -81.514985723850472, 30.567367116650228 ], [ -81.513585751582454, 30.567414576477486 ], [ -81.512233254378899, 30.567294803388076 ], [ -81.511266780320909, 30.567131571417956 ], [ -81.510155660434194, 30.567010141956594 ], [ -81.509092364158249, 30.566805343339468 ], [ -81.508077425990678, 30.566600347824966 ], [ -81.506820805079087, 30.566355043204236 ], [ -81.505853913304492, 30.566107913304815 ], [ -81.504306811365979, 30.565695994448774 ], [ -81.503242249363808, 30.565240950734122 ], [ -81.502081829934284, 30.564910681734361 ], [ -81.501210828824696, 30.564538046218573 ], [ -81.500098039868178, 30.564083161829096 ], [ -81.499275406748438, 30.563710327437583 ], [ -81.498307490894405, 30.563254184532791 ], [ -81.497436090932837, 30.56279766587603 ], [ -81.496564488850325, 30.562299899529954 ], [ -81.495595964836852, 30.561718637359373 ], [ -81.49477146052638, 30.560969789878939 ], [ -81.494140400327481, 30.560304061429324 ], [ -81.493460769119508, 30.559553967688007 ], [ -81.492829510392937, 30.558825682925455 ], [ -81.492053721720325, 30.558159805168096 ], [ -81.491469262525101, 30.557159137733375 ], [ -81.491078434291069, 30.556241596779788 ], [ -81.490493677753506, 30.555157753343973 ], [ -81.490102867485774, 30.554240208940616 ], [ -81.489518551122714, 30.55323953203543 ], [ -81.488837751206546, 30.552239213046509 ], [ -81.488544719862531, 30.551572187713152 ], [ -81.48805818421981, 30.550822026482948 ], [ -81.487667411681343, 30.549903786613289 ], [ -81.487275815387747, 30.548819203993215 ], [ -81.48688380946237, 30.547650762709587 ], [ -81.486587987052786, 30.546398787760694 ], [ -81.486195582275442, 30.545146485657913 ], [ -81.485897179006045, 30.543392735942884 ], [ -81.485504798483191, 30.542141118459003 ], [ -81.485401564090736, 30.540804562371889 ], [ -81.485203927541704, 30.539886280370077 ], [ -81.484909808337903, 30.538967670145233 ], [ -81.484230301995751, 30.538218210767749 ], [ -81.483647802924494, 30.537552247357606 ], [ -81.483064896018107, 30.536802423466867 ], [ -81.482094641849386, 30.535803139045342 ], [ -81.480931764629261, 30.534888418462895 ], [ -81.479769630315872, 30.534140715727787 ], [ -81.478414560337328, 30.533393712122329 ], [ -81.477253378238146, 30.532813015019915 ], [ -81.476092211410318, 30.532232307482278 ], [ -81.475027532627152, 30.531651238221205 ], [ -81.473576461490836, 30.530987705069396 ], [ -81.471933475175518, 30.53057574317695 ], [ -81.470676195798831, 30.530079194340303 ], [ -81.469515099937908, 30.529498427902983 ], [ -81.468064000953817, 30.528835519967807 ], [ -81.466903331792636, 30.528337900598316 ], [ -81.465259225278189, 30.527675652529318 ], [ -81.463711708318016, 30.527012352995555 ], [ -81.462550294453479, 30.526348351735482 ], [ -81.461001928585361, 30.525517989760683 ], [ -81.45984094321723, 30.524937134927541 ], [ -81.458582225637741, 30.524105721649278 ], [ -81.457324020996296, 30.523358154146326 ], [ -81.456163474006019, 30.522861124243885 ], [ -81.45495450782191, 30.522342945163548 ], [ -81.454083482457818, 30.521844885503608 ], [ -81.453163649827687, 30.52122119957906 ], [ -81.452485578095036, 30.5206805283186 ], [ -81.452048865712925, 30.52018025852438 ], [ -81.451321609421839, 30.519430788857797 ], [ -81.450656079967175, 30.518333976216766 ], [ -81.450590701479129, 30.517908715856191 ], [ -81.450150838705312, 30.516698389384498 ], [ -81.449857024928704, 30.515780380224481 ], [ -81.449514408377652, 30.514736748101406 ], [ -81.449075151966653, 30.513652206173145 ], [ -81.448634946036407, 30.512358701939242 ], [ -81.448196565482803, 30.511482428184241 ], [ -81.44790460942221, 30.510940403328664 ], [ -81.447515717955923, 30.51031485036442 ], [ -81.446690775267584, 30.509315482377477 ], [ -81.446206016492511, 30.508815356866435 ], [ -81.445673131374392, 30.508358011097052 ], [ -81.444656835852427, 30.507692662642633 ], [ -81.443787320556325, 30.507486663111624 ], [ -81.442676580656965, 30.507281476572693 ], [ -81.442000833764268, 30.507242527194141 ], [ -81.435872776627633, 30.507221233312706 ], [ -81.433846195312981, 30.507227994602406 ], [ -81.432591625255171, 30.507232163909325 ], [ -81.431433236018194, 30.507152142905099 ], [ -81.430467854311601, 30.507072162080906 ], [ -81.429501638070107, 30.506824455617831 ], [ -81.428052706720791, 30.506495155835406 ], [ -81.42679632026946, 30.506081348695918 ], [ -81.425828766436524, 30.505499552657419 ], [ -81.424667499895691, 30.504751347487641 ], [ -81.423699148358764, 30.504002504991451 ], [ -81.422729462823625, 30.502918906017893 ], [ -81.421757999522569, 30.501418064711089 ], [ -81.420883470728853, 30.500000762901159 ], [ -81.419910170373015, 30.498081984909199 ], [ -81.418937364090581, 30.496246371148704 ], [ -81.418099787496089, 30.494333046662618 ], [ -81.416792060529659, 30.491559164061062 ], [ -81.415181954350373, 30.488143650070164 ], [ -81.414364883598878, 30.488222777909101 ], [ -81.413347859543208, 30.488034684107628 ], [ -81.412738141518844, 30.48756252472824 ], [ -81.412339121547731, 30.486924387511433 ], [ -81.412126581049847, 30.486254907253446 ], [ -81.412073036068989, 30.485746757774493 ], [ -81.412057841065987, 30.485135539190701 ], [ -81.412059351133976, 30.484558155872371 ], [ -81.41207798398959, 30.483881827526815 ], [ -81.412059358320505, 30.483165793828647 ], [ -81.412033916235018, 30.48238251025214 ], [ -81.411999337384785, 30.481483866440126 ], [ -81.411982989843239, 30.480837748736288 ], [ -81.41186754375282, 30.479945415666421 ], [ -81.411645446078595, 30.477836102616543 ], [ -81.411715259549226, 30.476943887581808 ], [ -81.411523987563982, 30.475192350933316 ], [ -81.411520905444249, 30.474459609959936 ], [ -81.411225199815647, 30.474110114254252 ], [ -81.411223593627909, 30.473727829703364 ], [ -81.41121997880721, 30.472867685137743 ], [ -81.411069104958628, 30.471976142291901 ], [ -81.411049360886992, 30.471339725462375 ], [ -81.411030860982024, 30.470743418237095 ], [ -81.411014286166733, 30.47011027772993 ], [ -81.410998258425408, 30.469465045398909 ], [ -81.410982298057775, 30.468822514840781 ], [ -81.41095707426291, 30.467547619597429 ], [ -81.410940918062522, 30.466730970563979 ], [ -81.410940062866359, 30.465970895597369 ], [ -81.410948849288161, 30.4649843427378 ], [ -81.410954847339312, 30.464310858691604 ], [ -81.410960900187703, 30.463631339710322 ], [ -81.410721360823928, 30.462551525137521 ], [ -81.410668389866572, 30.46157765275926 ], [ -81.41062001469021, 30.460327558180147 ], [ -81.410743883384725, 30.459427839690939 ], [ -81.410746711281263, 30.458021325586603 ], [ -81.410690994174075, 30.457103016750153 ], [ -81.410601285714833, 30.455848659950352 ], [ -81.410512256381978, 30.454358366960651 ], [ -81.410404207019596, 30.453118846166728 ], [ -81.410350222762617, 30.452044356761359 ], [ -81.410131942030034, 30.450815882860613 ], [ -81.409974487123677, 30.449080085724894 ], [ -81.409687054080536, 30.447261453680628 ], [ -81.409368783670303, 30.445294120598035 ], [ -81.409237193057592, 30.444331825032432 ], [ -81.408984234660124, 30.443194603040531 ], [ -81.408862652177973, 30.442512614933047 ], [ -81.408554597409179, 30.441420771770556 ], [ -81.408261912814879, 30.439998772823142 ], [ -81.408137474588457, 30.439333450448078 ], [ -81.408002287121349, 30.438791638749752 ], [ -81.407908743754192, 30.438178598158984 ], [ -81.407827301592206, 30.437829751452064 ], [ -81.407553066597231, 30.43703665265582 ], [ -81.40725947829776, 30.435600309825066 ], [ -81.407105157613415, 30.43494406128606 ], [ -81.406999337869578, 30.434327024682414 ], [ -81.406894803614904, 30.433840749175388 ], [ -81.406712715106821, 30.433316243594934 ], [ -81.406588335270882, 30.432902639692166 ], [ -81.406424431359099, 30.43229893649341 ], [ -81.406256654810107, 30.431538611556192 ], [ -81.406183593929725, 30.431046531515136 ], [ -81.406155933005508, 30.430599035363429 ], [ -81.406200521782949, 30.429675802920389 ], [ -81.406417274481228, 30.42900380218309 ], [ -81.406674778354045, 30.428442343106319 ], [ -81.406872364597419, 30.428224741456471 ], [ -81.407433006759504, 30.427982429995499 ], [ -81.408177316667945, 30.427661179532208 ], [ -81.40892417060526, 30.427177738336692 ], [ -81.409580318953402, 30.426616239314967 ], [ -81.409924203925641, 30.426257098634348 ], [ -81.410206676471788, 30.425881401800822 ], [ -81.410508410694248, 30.425477643385889 ], [ -81.41079732955086, 30.42510190094707 ], [ -81.411034071560849, 30.424597644037863 ], [ -81.411152749789679, 30.42441266062043 ], [ -81.411242368417348, 30.424233336203329 ], [ -81.41135140951981, 30.424070768772911 ], [ -81.411389297763549, 30.423869244676588 ], [ -81.411504604615089, 30.42365627203414 ], [ -81.411620427997931, 30.423566385693164 ], [ -81.411954430603728, 30.423162545657398 ], [ -81.412160408908491, 30.423022034709341 ], [ -81.412212251581849, 30.422969808602428 ], [ -81.412161487785141, 30.422759689277608 ], [ -81.412122692242974, 30.422634706749655 ], [ -81.412358785669312, 30.422475861855276 ], [ -81.41183400784665, 30.421697331524847 ], [ -81.411794617619748, 30.42157235150928 ], [ -81.411722060694231, 30.421340242574743 ], [ -81.411716812736358, 30.42131826294122 ], [ -81.411692411798285, 30.421173987679829 ], [ -81.411580876074296, 30.420772903996998 ], [ -81.411494114987519, 30.420510595123531 ], [ -81.411331277375979, 30.419980443481133 ], [ -81.411247637934807, 30.419705751202088 ], [ -81.411101477546524, 30.418924523872143 ], [ -81.411051625539812, 30.418920670718077 ], [ -81.410930483232178, 30.418970337970755 ], [ -81.410361957455166, 30.419133982926326 ], [ -81.410140233480107, 30.419301165461672 ], [ -81.410017880243458, 30.419447115972062 ], [ -81.410051710797077, 30.419507958121692 ], [ -81.41006608024837, 30.419618536875028 ], [ -81.409923834718057, 30.419698996229233 ], [ -81.409701638229166, 30.41974082205304 ], [ -81.409473016091042, 30.419750887887698 ], [ -81.4092770953242, 30.419709731368236 ], [ -81.409051486135539, 30.419618168140005 ], [ -81.408519243312853, 30.419392377293832 ], [ -81.407864392131984, 30.419047727889595 ], [ -81.407561229588225, 30.418844795158059 ], [ -81.407162981269934, 30.41840876615046 ], [ -81.406586098465837, 30.417845414785749 ], [ -81.406268476639255, 30.417366903765764 ], [ -81.406123820030729, 30.416826789758453 ], [ -81.406084188157024, 30.416650728283933 ], [ -81.40603922478212, 30.416450982243983 ], [ -81.405972007442656, 30.4160123876391 ], [ -81.405918014202513, 30.415660081707163 ], [ -81.405842136205422, 30.415135197164343 ], [ -81.405665443877226, 30.414217850948372 ], [ -81.405368062890631, 30.413016460668999 ], [ -81.405197263510715, 30.412256553321512 ], [ -81.405031815394949, 30.41170334002015 ], [ -81.404793103379546, 30.410625068364535 ], [ -81.404710859920343, 30.410333071013959 ], [ -81.404547944155368, 30.40986702034786 ], [ -81.404169852235441, 30.408940351003608 ], [ -81.403919439663454, 30.408364840406033 ], [ -81.403655953010841, 30.407791042481247 ], [ -81.403462793665199, 30.407232056764315 ], [ -81.403318540400235, 30.406749748543142 ], [ -81.403229622458468, 30.406443537511727 ], [ -81.395905355214779, 30.404421437484061 ], [ -81.389649422897492, 30.403714434161156 ], [ -81.3895710475839, 30.399559542924695 ], [ -81.397007535966125, 30.400418686340888 ], [ -81.393263001230736, 30.396921173945554 ], [ -81.392576053244767, 30.397052355516813 ], [ -81.392453386496072, 30.396934745155797 ], [ -81.392437999253588, 30.396768464963849 ], [ -81.392564005938496, 30.396359820858546 ], [ -81.392822556348619, 30.395849525880688 ], [ -81.393045148096235, 30.395277564408122 ], [ -81.393291213720545, 30.394707066379681 ], [ -81.393828438599797, 30.393706551687817 ], [ -81.394227970610615, 30.392902930346668 ], [ -81.394630114023968, 30.392040573286703 ], [ -81.394829081876253, 30.39157969362115 ], [ -81.394972530250712, 30.391181259313505 ], [ -81.39515017119983, 30.390498415580684 ], [ -81.395279225868492, 30.390122960805861 ], [ -81.395544827155291, 30.389585967672751 ], [ -81.39629169007577, 30.38765147602977 ], [ -81.396332578692551, 30.38712758158805 ], [ -81.396552433273513, 30.386201682933869 ], [ -81.396645904775454, 30.385590993199109 ], [ -81.396790295482646, 30.38487704039051 ], [ -81.396945760620653, 30.384108061977106 ], [ -81.396982111846938, 30.38368589183057 ], [ -81.397019986615959, 30.383248594541787 ], [ -81.397010852546146, 30.382361883964741 ], [ -81.397023048972756, 30.382240865511331 ], [ -81.397091090965645, 30.381568387872203 ], [ -81.397129639471103, 30.381346930164881 ], [ -81.397136415463294, 30.381307040011794 ], [ -81.397159853407373, 30.381172239940245 ], [ -81.397284887216827, 30.380722304171702 ], [ -81.397354635110432, 30.380471880268178 ], [ -81.397398403726015, 30.380169294291782 ], [ -81.397428957225458, 30.379833752595527 ], [ -81.397461380119012, 30.377706856817259 ], [ -81.39767420538287, 30.375248086633274 ], [ -81.397649175624096, 30.374940209781244 ], [ -81.397703067354627, 30.374152291664352 ], [ -81.397699038410593, 30.37330405896186 ], [ -81.397734282912438, 30.372659175094373 ], [ -81.397741732641094, 30.37141496749474 ], [ -81.397761196438353, 30.370984599184617 ], [ -81.397776090505758, 30.370649105014685 ], [ -81.397744636894402, 30.369194672900058 ], [ -81.397791654716357, 30.368423272278989 ], [ -81.397751495531594, 30.366384579930671 ], [ -81.397768756659787, 30.365948718195217 ], [ -81.397743347811968, 30.364567130476885 ], [ -81.397753822168184, 30.364021306570834 ], [ -81.397738329822801, 30.363327083733473 ], [ -81.397679721937024, 30.36294781958652 ], [ -81.397704103112147, 30.362704407482283 ], [ -81.397759690861932, 30.362484271228887 ], [ -81.397802917793399, 30.362196808538158 ], [ -81.39769030229445, 30.361056761545765 ], [ -81.397701077586277, 30.360781082688025 ], [ -81.397675315700553, 30.360389345461755 ], [ -81.398250210532936, 30.360392406423596 ], [ -81.401674439275666, 30.360368605485604 ], [ -81.402238729496105, 30.360359766752431 ], [ -81.402809360025842, 30.360350769118156 ], [ -81.404739138885489, 30.360300334137946 ], [ -81.407871549908165, 30.360243556288577 ], [ -81.408034274331996, 30.360241250293324 ], [ -81.40799169418753, 30.359960925353228 ], [ -81.407208458481193, 30.35721378431273 ], [ -81.40716327412072, 30.35702145428866 ], [ -81.407121843819823, 30.356826362796738 ], [ -81.407084375987623, 30.356631258513335 ], [ -81.407050475365438, 30.356436143763748 ], [ -81.407020935165633, 30.356241015447438 ], [ -81.406995357434539, 30.356045874339355 ], [ -81.406973533763036, 30.355847972499877 ], [ -81.406915899651054, 30.355089266135625 ], [ -81.411468600138505, 30.355403923824845 ], [ -81.413220675166968, 30.355529552053245 ], [ -81.413384695859762, 30.355542025180991 ], [ -81.41355495175894, 30.355557795844533 ], [ -81.413647761202498, 30.354924473607834 ], [ -81.41369070696129, 30.354205321007736 ], [ -81.413710459117752, 30.353436749387996 ], [ -81.413672410075577, 30.35258793545384 ], [ -81.413657262683273, 30.351719114979822 ], [ -81.413604918749968, 30.350251001186876 ], [ -81.413556471708389, 30.349662056292207 ], [ -81.413542291801619, 30.349022822101304 ], [ -81.413491003388785, 30.347804917136511 ], [ -81.413414915185925, 30.346107287303344 ], [ -81.413349117184623, 30.344170410420972 ], [ -81.41242073079637, 30.34418708996181 ], [ -81.411283209423445, 30.344198337312161 ], [ -81.41125533020859, 30.343311728469615 ], [ -81.411237980147206, 30.34258650935929 ], [ -81.411208713933561, 30.340590467868811 ], [ -81.411209286160386, 30.34052254167554 ], [ -81.412120849798313, 30.340520770159156 ], [ -81.413231763970842, 30.340524825652359 ], [ -81.415056642063178, 30.340508735476192 ], [ -81.417151937310578, 30.34048694543182 ], [ -81.418855917437043, 30.340461564280361 ], [ -81.420295003250828, 30.340437011898079 ], [ -81.421906774906645, 30.340416698749099 ], [ -81.423253755556061, 30.340397910574957 ], [ -81.423927422848877, 30.34036067146349 ], [ -81.424105941452012, 30.34036215457791 ], [ -81.429982594276581, 30.340316005908857 ], [ -81.432034096653865, 30.340303607593235 ], [ -81.432074217211095, 30.340518699384404 ], [ -81.434735713395526, 30.340392378940088 ], [ -81.434944811549258, 30.340382449906709 ], [ -81.435058644265425, 30.340377053170045 ], [ -81.436018151888391, 30.340370066329879 ], [ -81.435970698383514, 30.340266666929779 ], [ -81.436917780509461, 30.340257755054662 ], [ -81.438688712074054, 30.340234483388688 ], [ -81.438352098964046, 30.338625554895437 ], [ -81.437985868399124, 30.335354085740409 ], [ -81.438075457382411, 30.333939122104095 ], [ -81.438323186686617, 30.332135249498698 ], [ -81.438985020472202, 30.329969790432887 ], [ -81.43926298437394, 30.327777432798015 ], [ -81.439124968111997, 30.325503984456329 ], [ -81.438766329209557, 30.323951667906996 ], [ -81.438365720118711, 30.323269737302951 ], [ -81.437918089612637, 30.32245873198563 ], [ -81.436853243742817, 30.321250408913663 ], [ -81.436030757946781, 30.320417275989037 ], [ -81.435304470937879, 30.319542574366807 ], [ -81.434240425466996, 30.318501263992093 ], [ -81.433515088875666, 30.317835518078809 ], [ -81.433080122818467, 30.31750219520822 ], [ -81.432596027000073, 30.3169188204593 ], [ -81.431967526101417, 30.316377851249928 ], [ -81.431243782223092, 30.316046162773613 ], [ -81.430519944021668, 30.315714470848089 ], [ -81.429459170215054, 30.315425125186554 ], [ -81.428639079327553, 30.315093738249686 ], [ -81.427722813907423, 30.314804592381222 ], [ -81.426998993672285, 30.314472192886313 ], [ -81.426227050687416, 30.314140633670071 ], [ -81.425598421329667, 30.313557702653341 ], [ -81.425258699150476, 30.31293189858787 ], [ -81.425062472956441, 30.312097345550246 ], [ -81.424913656249856, 30.311094911662749 ], [ -81.424764123585973, 30.309925442522932 ], [ -81.424711850619573, 30.308964626213072 ], [ -81.424660562206753, 30.308254708453699 ], [ -81.424657859176051, 30.307627808035186 ], [ -81.424656617704329, 30.307339791045479 ], [ -81.424655157043688, 30.307000907484952 ], [ -81.42463403046483, 30.306740450860879 ], [ -81.424604330364915, 30.306374850602626 ], [ -81.42464687278013, 30.305078962258253 ], [ -81.424618397982243, 30.304055514669638 ], [ -81.424639489526811, 30.303365983018654 ], [ -81.424612277760232, 30.302635364023608 ], [ -81.424536668359409, 30.301841661125426 ], [ -81.42441238643984, 30.300943630592361 ], [ -81.424288745019084, 30.300170705512148 ], [ -81.424165728825741, 30.299565503686082 ], [ -81.423970258114878, 30.298897982523613 ], [ -81.42382291195041, 30.298229618376499 ], [ -81.423747492992405, 30.29747784559213 ], [ -81.423647824013315, 30.296704841224884 ], [ -81.423524914719508, 30.296099638173818 ], [ -81.423353425433461, 30.295410728478998 ], [ -81.423109031573887, 30.294576325672111 ], [ -81.422889247061534, 30.29384564040577 ], [ -81.422717766758623, 30.293156729614768 ], [ -81.422547005107958, 30.292634855540214 ], [ -81.422424643786485, 30.292154756707799 ], [ -81.422180711660957, 30.29142414725629 ], [ -81.421912644498718, 30.290652371934289 ], [ -81.421740909074273, 30.289900906410583 ], [ -81.421569264379684, 30.289170063754053 ], [ -81.421470793753187, 30.288647954376785 ], [ -81.421274291776356, 30.287729529367393 ], [ -81.421051416161092, 30.286268140584887 ], [ -81.42102333392701, 30.285349173564644 ], [ -81.420970624379407, 30.284273557304036 ], [ -81.420991296410705, 30.284106451863394 ], [ -81.421086999327812, 30.28333281538907 ], [ -81.421299157143409, 30.282287279676144 ], [ -81.421439942013052, 30.281430322062221 ], [ -81.421484396941537, 30.280573674247847 ], [ -81.421575895743104, 30.279466660128101 ], [ -81.421691454122936, 30.278337571322048 ], [ -81.421759606608603, 30.277397670849329 ], [ -81.421803709397466, 30.276436538151732 ], [ -81.421847444775381, 30.275412852952485 ], [ -81.421915411309797, 30.27443033363669 ], [ -81.422055646410485, 30.273448268420587 ], [ -81.422171551540004, 30.272403040129507 ], [ -81.422239157849972, 30.271337345228023 ], [ -81.422306593480045, 30.270209097006944 ], [ -81.422326447146133, 30.269227419375699 ], [ -81.422395391047559, 30.268475176066868 ], [ -81.422585061336662, 30.267805719394534 ], [ -81.423062683895125, 30.266927049275104 ], [ -81.423804359943148, 30.265901104876999 ], [ -81.424474299227526, 30.26500049682976 ], [ -81.425048193336679, 30.264142129016214 ], [ -81.425453885993733, 30.263326236863563 ], [ -81.425811364272832, 30.26250981264883 ], [ -81.426433882391677, 30.261777075299616 ], [ -81.427056568495487, 30.261085579041502 ], [ -81.427438352491222, 30.260332311994709 ], [ -81.427866703354695, 30.259202881276064 ], [ -81.42819936387744, 30.258240801488846 ], [ -81.428436182244212, 30.257341588157487 ], [ -81.428697673738583, 30.256609332905754 ], [ -81.428983222116273, 30.255856376048541 ], [ -81.429293079803827, 30.255186515202759 ], [ -81.429651048563102, 30.254496560933429 ], [ -81.429912440344467, 30.253722371386669 ], [ -81.430005822913216, 30.253074528173578 ], [ -81.430027508244152, 30.252531406551491 ], [ -81.429993789081649, 30.252197783363346 ], [ -81.4304853633748, 30.252190358017348 ], [ -81.434237066666157, 30.252133637791381 ], [ -81.434331705977968, 30.252132201452813 ], [ -81.434906458876526, 30.252123512030664 ], [ -81.436675448283466, 30.252096706578612 ], [ -81.437229059331813, 30.252087986114113 ], [ -81.437190952797465, 30.252011628086226 ], [ -81.437178457231866, 30.251982148573163 ], [ -81.437169942101292, 30.251951618372708 ], [ -81.437168321540526, 30.251943260278598 ], [ -81.437165505322113, 30.251921135497625 ], [ -81.437164993282394, 30.251912842583376 ], [ -81.437165842190325, 30.251878908905308 ], [ -81.437171512356414, 30.251845325959408 ], [ -81.437181915745725, 30.251812608222266 ], [ -81.43721026298283, 30.25174479975982 ], [ -81.437242130717522, 30.251678180057073 ], [ -81.437324163970942, 30.251518290103068 ], [ -81.437354802810347, 30.251450100428727 ], [ -81.437378031446954, 30.25137973949899 ], [ -81.437393651353133, 30.251307812578538 ], [ -81.437401526883207, 30.251234938901359 ], [ -81.437401592460233, 30.251161745463374 ], [ -81.437393845389224, 30.251088860814011 ], [ -81.437378353942151, 30.251016913504895 ], [ -81.437355251069661, 30.250946521225341 ], [ -81.437324734401159, 30.250878290802667 ], [ -81.437255501242205, 30.250740169970896 ], [ -81.436907788548538, 30.250874320063268 ], [ -81.436879894960668, 30.249258551045756 ], [ -81.436879219427567, 30.249219302383779 ], [ -81.436689531172163, 30.237632572295311 ], [ -81.436551059464392, 30.237636837709484 ], [ -81.436550456694832, 30.237607876971467 ], [ -81.436544110995683, 30.237175243693823 ], [ -81.436445745472057, 30.232470999896982 ], [ -81.436386657885919, 30.22932105732793 ], [ -81.436350501594063, 30.227271549225236 ], [ -81.436271242338222, 30.222841631624163 ], [ -81.435963022279424, 30.209376933481021 ], [ -81.43580999516908, 30.193976684791025 ], [ -81.43447552356001, 30.144517158323968 ], [ -81.433482284198135, 30.105284983525312 ], [ -81.482716541029021, 30.10462110175202 ], [ -81.483739131944475, 30.104607029256321 ], [ -81.486529217470263, 30.104568542042834 ], [ -81.487945999013874, 30.104548851573284 ], [ -81.488974711948003, 30.104534028347043 ], [ -81.490063410783563, 30.104518972752821 ], [ -81.490506122115136, 30.104512508475405 ], [ -81.495045308347486, 30.104449426182555 ], [ -81.495412325836597, 30.104444605559692 ], [ -81.499806409896038, 30.104397715800655 ], [ -81.5006385831241, 30.104389047534266 ], [ -81.503623769254858, 30.104357015198179 ], [ -81.503851058293094, 30.104354769250566 ], [ -81.504561172033618, 30.10434448218831 ], [ -81.505633159509941, 30.104328674289086 ], [ -81.52130878008245, 30.104200251043029 ], [ -81.538926335517033, 30.103926534502868 ], [ -81.539021507529796, 30.118546076381495 ], [ -81.539050379383042, 30.119601230106959 ], [ -81.539018127169385, 30.119704887461932 ], [ -81.539055731545488, 30.119795769673036 ], [ -81.539078115765747, 30.119826061134773 ], [ -81.539140351946941, 30.119860955668781 ], [ -81.53919240213115, 30.119898572876426 ], [ -81.539434784662788, 30.120077427692632 ], [ -81.539757482869049, 30.120242204146038 ], [ -81.539757578090459, 30.120259687083966 ], [ -81.540150106835313, 30.120319321750451 ], [ -81.540466466528926, 30.120239311302292 ], [ -81.541064468725352, 30.120175646184581 ], [ -81.541485960951604, 30.120012183563176 ], [ -81.541988394978233, 30.119940155212579 ], [ -81.542285331298757, 30.119991379591578 ], [ -81.542507504431455, 30.120160940301915 ], [ -81.542724095432987, 30.120230001830564 ], [ -81.542884934293042, 30.120216207400176 ], [ -81.543180974993234, 30.12010353014983 ], [ -81.543622262495077, 30.119883129558254 ], [ -81.544133660809919, 30.119610010484287 ], [ -81.544387416911377, 30.119578345953531 ], [ -81.544552165239551, 30.119595146004347 ], [ -81.544761337953446, 30.119700461534496 ], [ -81.545162403388446, 30.119759358366498 ], [ -81.545179825315074, 30.119759286103321 ], [ -81.545458355155432, 30.119712714421926 ], [ -81.545458271612119, 30.119697568674876 ], [ -81.545788566870741, 30.119559859755903 ], [ -81.546048840249568, 30.119361879052015 ], [ -81.546448737874712, 30.119208709923786 ], [ -81.546466049308563, 30.119193491835791 ], [ -81.547031103096998, 30.119083605282682 ], [ -81.547321918297186, 30.119568601285643 ], [ -81.547322001840513, 30.119583747052477 ], [ -81.547670468220687, 30.119582317326991 ], [ -81.547983922762654, 30.119550694746724 ], [ -81.548018599529257, 30.119520258673894 ], [ -81.548393170053288, 30.119511156600122 ], [ -81.548785345760251, 30.11953976433583 ], [ -81.549203610339674, 30.119553207645499 ], [ -81.549491002060307, 30.119536813971656 ], [ -81.549752357909085, 30.119535719920343 ], [ -81.549873724795546, 30.119429213033772 ], [ -81.549986058223496, 30.119262136000337 ], [ -81.550124200249584, 30.11903434476223 ], [ -81.550271460175793, 30.118882244319686 ], [ -81.55043630911527, 30.118760385701432 ], [ -81.550583904113068, 30.118668891013389 ], [ -81.550827557760854, 30.118622431487559 ], [ -81.551175851664496, 30.118590654747518 ], [ -81.551480857551226, 30.118604520891981 ], [ -81.551672813154397, 30.118660517717217 ], [ -81.551947934786568, 30.118784333799766 ], [ -81.552144371186372, 30.118859238005914 ], [ -81.552345009905082, 30.118907659421239 ], [ -81.552523603966719, 30.118906908033161 ], [ -81.552706462331017, 30.118890969591781 ], [ -81.552849975384191, 30.118852489496536 ], [ -81.552989123523375, 30.118806465194286 ], [ -81.553097581619184, 30.118730278846336 ], [ -81.553164357885848, 30.118595539173857 ], [ -81.553287327366775, 30.118384878448644 ], [ -81.553393761558269, 30.118238904706402 ], [ -81.553438258707544, 30.118178546140449 ], [ -81.553600950792031, 30.118039460525281 ], [ -81.553696834270511, 30.118005671071575 ], [ -81.553791970350659, 30.117989047137815 ], [ -81.553902413723279, 30.117990231342613 ], [ -81.554012723246913, 30.118005324512996 ], [ -81.554134803395712, 30.118018329005579 ], [ -81.554218833604011, 30.118000032889977 ], [ -81.554283851867652, 30.117966074805636 ], [ -81.554493570757245, 30.117894317703204 ], [ -81.554715555243746, 30.117829037941874 ], [ -81.554811227618131, 30.117823684923376 ], [ -81.554900052135096, 30.117828465264459 ], [ -81.554996023648485, 30.117867104274488 ], [ -81.555109747668496, 30.11792244181267 ], [ -81.555211710944832, 30.117981495112467 ], [ -81.555348377937207, 30.118024636991944 ], [ -81.555403815668328, 30.118035676355664 ], [ -81.555485825565569, 30.118042570226773 ], [ -81.555553863965173, 30.118020926640305 ], [ -81.555928529710627, 30.11792168264676 ], [ -81.556075182375693, 30.117889005094206 ], [ -81.556174560300647, 30.11785334292664 ], [ -81.556231835984846, 30.11787244019574 ], [ -81.556287880078784, 30.117958748119399 ], [ -81.556378032305759, 30.118120527193774 ], [ -81.556385508983865, 30.118128285900141 ], [ -81.556391535781103, 30.118145560189564 ], [ -81.55640911311626, 30.118154468130165 ], [ -81.55644726097313, 30.118156070378323 ], [ -81.556499858231319, 30.118158551454091 ], [ -81.556531828373977, 30.118158416249805 ], [ -81.556620493889142, 30.118153572207699 ], [ -81.556662723690664, 30.118145304544729 ], [ -81.556705405344744, 30.118123401450692 ], [ -81.556752212062634, 30.118085074909679 ], [ -81.556885543610363, 30.117994114197685 ], [ -81.556980500027464, 30.117917386404716 ], [ -81.557057510800149, 30.117850770152756 ], [ -81.557123245919371, 30.117803952804248 ], [ -81.557195446213697, 30.117800599105063 ], [ -81.557281709633799, 30.117818793465503 ], [ -81.557385082366821, 30.117856392025022 ], [ -81.557493588073356, 30.117869312617056 ], [ -81.557578888499464, 30.117847251723017 ], [ -81.557647664415938, 30.117806860483032 ], [ -81.557761595048476, 30.1177533310501 ], [ -81.557857016792894, 30.117698620488035 ], [ -81.557922719572787, 30.11757563758588 ], [ -81.558014957687831, 30.117451694884387 ], [ -81.558062275547115, 30.117391895307613 ], [ -81.558135156764436, 30.117298968039279 ], [ -81.558207740639389, 30.11724680514989 ], [ -81.558273314960175, 30.117223040060882 ], [ -81.558318383437978, 30.117217922453715 ], [ -81.558355292518073, 30.117233690215571 ], [ -81.55837488567272, 30.117254183950845 ], [ -81.558402934669161, 30.117297256991243 ], [ -81.558508427426233, 30.117383674203325 ], [ -81.558558713319201, 30.117425255267261 ], [ -81.558623680378886, 30.117485677233862 ], [ -81.55871534177551, 30.11752160605915 ], [ -81.558824505048833, 30.117524899158639 ], [ -81.558962717143515, 30.117524059177377 ], [ -81.559124990613057, 30.117522819020088 ], [ -81.559250398121677, 30.117504205779959 ], [ -81.559537812300192, 30.117432338779043 ], [ -81.559686402631343, 30.117365049281375 ], [ -81.55980842708459, 30.117298148259195 ], [ -81.560120085894326, 30.117207088915048 ], [ -81.560252773350001, 30.117203521508682 ], [ -81.560321150414467, 30.117214113387217 ], [ -81.560414045198002, 30.117253770563948 ], [ -81.560520365303447, 30.117309089019717 ], [ -81.560646221969705, 30.117393447060376 ], [ -81.560864576364139, 30.117484261464753 ], [ -81.561055273427598, 30.117564172352459 ], [ -81.561447957581009, 30.117692920125798 ], [ -81.561788285224694, 30.117810158235191 ], [ -81.561926824306141, 30.117848472450291 ], [ -81.562032913544542, 30.117853357690397 ], [ -81.562118098088007, 30.117848479443644 ], [ -81.562187357298086, 30.11782847692006 ], [ -81.562249920466058, 30.117794503235988 ], [ -81.562318501448104, 30.117780392210513 ], [ -81.562420951611315, 30.117780434947676 ], [ -81.562484488553054, 30.117778627555158 ], [ -81.562575134853432, 30.117783967366446 ], [ -81.562668842612283, 30.117794679623771 ], [ -81.562776081694267, 30.117811909680341 ], [ -81.562871092908608, 30.117810814832865 ], [ -81.563073924414923, 30.11774812411084 ], [ -81.56342017644792, 30.117650287062514 ], [ -81.563754785416535, 30.11761887988084 ], [ -81.564126087869568, 30.117639190931815 ], [ -81.564357011491438, 30.117701074378857 ], [ -81.564567133724594, 30.117738712612166 ], [ -81.564797933378969, 30.117820461767344 ], [ -81.564986850879848, 30.117971384302347 ], [ -81.565347222632482, 30.117893616037883 ], [ -81.56564093130622, 30.11790354891421 ], [ -81.565852091991829, 30.11791068989254 ], [ -81.566188823679454, 30.11790923838581 ], [ -81.566524775629418, 30.117907789987147 ], [ -81.567053055085069, 30.117801023368219 ], [ -81.5674125096578, 30.117675736670833 ], [ -81.567869705425011, 30.117756250385977 ], [ -81.568255601009838, 30.117985552024169 ], [ -81.568786214288579, 30.118337959561799 ], [ -81.569715445093223, 30.118840349948847 ], [ -81.570353167198263, 30.119189055784133 ], [ -81.570738762745762, 30.119415601092616 ], [ -81.570932066720175, 30.119582489826499 ], [ -81.571005294687183, 30.119769147305895 ], [ -81.571101966886474, 30.119873213975495 ], [ -81.57124627135542, 30.119872586141337 ], [ -81.57139036651688, 30.119852712236376 ], [ -81.571558225710859, 30.119788739945346 ], [ -81.571749904632924, 30.119724663491617 ], [ -81.571870456747433, 30.119787380931911 ], [ -81.57201718217604, 30.120223935638155 ], [ -81.572234507999468, 30.120390718108599 ], [ -81.572667254319612, 30.120410828895796 ], [ -81.573123456550121, 30.120367594039365 ], [ -81.57355642475413, 30.120426195983661 ], [ -81.573797533474689, 30.120551626825282 ], [ -81.574015409067087, 30.120864134837291 ], [ -81.574402174221092, 30.12123914547734 ], [ -81.574787844328753, 30.121424433841689 ], [ -81.575220397511103, 30.121444537425347 ], [ -81.575725780706804, 30.121546809769089 ], [ -81.576136756356021, 30.122004198323172 ], [ -81.576500601893855, 30.122566279516157 ], [ -81.576983428392765, 30.122918863404113 ], [ -81.577513022981989, 30.123103512256346 ], [ -81.577946969451347, 30.123310576305759 ], [ -81.578284944407315, 30.123603300337965 ], [ -81.578624081783289, 30.124060997155627 ], [ -81.578891760873333, 30.124604248061303 ], [ -81.579278615858854, 30.1250397356565 ], [ -81.57988189925085, 30.12543302207353 ], [ -81.580459937288396, 30.125683435771492 ], [ -81.581061764511318, 30.125826505052782 ], [ -81.581783250025012, 30.125927796977894 ], [ -81.58250399442862, 30.125902605120864 ], [ -81.583104727503496, 30.125858694369395 ], [ -81.583584839293621, 30.125793319642689 ], [ -81.58404064267215, 30.125645562034116 ], [ -81.584472638000705, 30.125517156398011 ], [ -81.584833054669119, 30.125537548961137 ], [ -81.585772420266764, 30.125910063303539 ], [ -81.586229911579721, 30.126031756150727 ], [ -81.586686802818065, 30.126051712725349 ], [ -81.587238725931996, 30.125944759113189 ], [ -81.588127687059057, 30.125899536069632 ], [ -81.58952232692755, 30.126017016176355 ], [ -81.59106165754055, 30.126263064140705 ], [ -81.592602982413439, 30.126775646881583 ], [ -81.594288063782969, 30.127208127369951 ], [ -81.595685699532922, 30.127869956908583 ], [ -81.597277777422761, 30.128825099694467 ], [ -81.599013294703909, 30.129694328782239 ], [ -81.600458667826388, 30.130229405575182 ], [ -81.601902287437426, 30.130473013553491 ], [ -81.603489604256268, 30.130693794515746 ], [ -81.604555287355893, 30.13080875319778 ], [ -81.605199942658302, 30.130874803645412 ], [ -81.607145070132887, 30.131053643242179 ], [ -81.608683588668853, 30.131131759309223 ], [ -81.609548897154511, 30.131108650186349 ], [ -81.611185278157507, 30.131474994098877 ], [ -81.612823275229729, 30.132053031505542 ], [ -81.614508351209366, 30.132504344799575 ], [ -81.616385195044273, 30.132872247472744 ], [ -81.617829677037975, 30.133242157882648 ], [ -81.619561016254735, 30.133401727230009 ], [ -81.621578966556157, 30.133265706241154 ], [ -81.623250301006863, 30.133021057867801 ], [ -81.624796906177025, 30.132832489353305 ], [ -81.625997216195046, 30.132617799582629 ], [ -81.629344763846817, 30.13140407579894 ], [ -81.631801498943716, 30.130709251681893 ], [ -81.634342439420394, 30.129652142205209 ], [ -81.636967163967, 30.128233430330429 ], [ -81.639611664026248, 30.126846553743995 ], [ -81.642282004124652, 30.125238886764517 ], [ -81.646917858064725, 30.123164247763615 ], [ -81.649555012599905, 30.122003105076153 ], [ -81.649819524230281, 30.121879478733501 ], [ -81.650438043049476, 30.121641241991252 ], [ -81.650541113050238, 30.121605513578814 ], [ -81.6506526011635, 30.121580936787222 ], [ -81.651066238520912, 30.121546653590244 ], [ -81.651719390089269, 30.121515915875758 ], [ -81.677351250958068, 30.121320965551181 ], [ -81.678318311615953, 30.121418270596337 ], [ -81.679450832965998, 30.121612909148322 ], [ -81.679825399896757, 30.121782822166988 ], [ -81.680201342148209, 30.122153220127899 ], [ -81.681020569754708, 30.123103703397607 ], [ -81.681490020339041, 30.123714784020041 ], [ -81.681751473205864, 30.124153255289993 ], [ -81.691910023087289, 30.144208631868523 ], [ -81.691984630866585, 30.144405846509279 ], [ -81.69202478466147, 30.144528589354287 ], [ -81.692047935144657, 30.144624397105868 ], [ -81.692067090819791, 30.144730973137925 ], [ -81.692091794490096, 30.144965228085443 ], [ -81.692084766071318, 30.145518637400894 ], [ -81.691577559295595, 30.154014689998476 ], [ -81.690564509386761, 30.170980320910989 ], [ -81.690501479993159, 30.171367933536668 ], [ -81.690445429611017, 30.171701187084579 ], [ -81.690405327918398, 30.171859523868026 ], [ -81.690317259782901, 30.172033030731942 ], [ -81.690172956212294, 30.172291389702909 ], [ -81.690103482304835, 30.172394261700017 ], [ -81.689869409189583, 30.172648101425171 ], [ -81.682527368777997, 30.180609284178797 ], [ -81.682255886221029, 30.180963057643453 ], [ -81.682119884880294, 30.181160676349467 ], [ -81.682014789178567, 30.181358133915673 ], [ -81.681893159085718, 30.18164816586388 ], [ -81.681786741063902, 30.181953036515598 ], [ -81.681687809601669, 30.182273280762953 ], [ -81.680197921363614, 30.188277085083691 ], [ -81.680189439470709, 30.189352056454858 ], [ -81.680247093345628, 30.189745578749172 ], [ -81.680455118012603, 30.190030915535726 ], [ -81.680648831618797, 30.190232788178637 ], [ -81.680851288527634, 30.190340933845306 ], [ -81.681077266025554, 30.190440005604369 ], [ -81.681504087956384, 30.19055935622076 ], [ -81.68873217437924, 30.191003434593437 ], [ -81.689801510927154, 30.191066274436256 ], [ -81.691651154673565, 30.191174948733952 ], [ -81.692214843921079, 30.191200884076004 ], [ -81.694149391038252, 30.191293842677705 ], [ -81.695586646983827, 30.19136288702229 ], [ -81.697331955003264, 30.191450369884517 ], [ -81.699224773578848, 30.191537588673338 ], [ -81.700392327428347, 30.191540158749277 ], [ -81.701410664820955, 30.191530039948429 ], [ -81.701652647602288, 30.191556392154837 ], [ -81.702123101604798, 30.191555267843864 ], [ -81.703119822836726, 30.191544149743176 ], [ -81.70508723931016, 30.191484083714776 ], [ -81.706622932644535, 30.19144544247759 ], [ -81.709351328164814, 30.191376744491741 ], [ -81.712579475342281, 30.191295390162292 ], [ -81.721374206552625, 30.191066652573145 ], [ -81.72249506507535, 30.191103501885998 ], [ -81.723367292385305, 30.191180371536394 ], [ -81.72475766076461, 30.191374912047845 ], [ -81.725611316304366, 30.191544102379254 ], [ -81.726781611812115, 30.191837325850205 ], [ -81.727749772007897, 30.192135097687906 ], [ -81.733866246267226, 30.194421858832037 ], [ -81.734043350922136, 30.194111336262257 ], [ -81.733420505816511, 30.193512664481631 ], [ -81.738914775469055, 30.189676411364445 ], [ -81.739662540298085, 30.189667395739917 ], [ -81.749777608126507, 30.189437142573535 ], [ -81.756277225532614, 30.189327446069445 ], [ -81.758448577541841, 30.18929074051654 ], [ -81.762631807241164, 30.189219898729569 ], [ -81.765106179860339, 30.189189786198764 ], [ -81.772156481603616, 30.189180495656956 ], [ -81.780922401147862, 30.189190622464 ], [ -81.787966355395326, 30.189071274071203 ], [ -81.787952786342984, 30.1891905518046 ], [ -81.791081958040735, 30.189179983182409 ], [ -81.791837697214532, 30.189190086695174 ], [ -81.792032735835761, 30.189188531412711 ], [ -81.792040207123975, 30.189002054188933 ], [ -81.793750632662594, 30.188972993719506 ], [ -81.794837021031228, 30.188954499559657 ], [ -81.797787526802153, 30.188963370048036 ], [ -81.797788065791309, 30.189036756537 ], [ -81.798059541161749, 30.189035861258191 ], [ -81.79836746028495, 30.18903758814465 ], [ -81.798368279548498, 30.18897027526927 ], [ -81.798777967013592, 30.188967352605133 ], [ -81.799548157385374, 30.188961855138917 ], [ -81.800782438992485, 30.188953035121429 ], [ -81.802340722261334, 30.188941884891381 ], [ -81.802831276068332, 30.188938369773354 ], [ -81.803717441638241, 30.18893246543071 ], [ -81.804113051604517, 30.18892982850959 ], [ -81.804398458946693, 30.188927925360648 ], [ -81.805569456038683, 30.188919514544398 ], [ -81.810741452388086, 30.188877996999377 ], [ -81.813639448037378, 30.188849396168997 ], [ -81.814868712553618, 30.188835302294208 ], [ -81.815565246462, 30.188827352698794 ], [ -81.817286444597514, 30.188807770663782 ], [ -81.820533498616754, 30.188787312755785 ], [ -81.821027693295576, 30.188784174224907 ], [ -81.822356938506317, 30.188775754078588 ], [ -81.823197052841508, 30.188770438297968 ], [ -81.825024465979595, 30.188765680029551 ], [ -81.826026153098383, 30.18874837695105 ], [ -81.826505986410794, 30.188740542267645 ], [ -81.826521118531744, 30.188740446760598 ], [ -81.829695164671207, 30.188706657448989 ], [ -81.830791062605442, 30.188695595709817 ], [ -81.831399885907786, 30.188689675823035 ], [ -81.832968630058119, 30.188671415330607 ], [ -81.83669627377121, 30.188628486815166 ], [ -81.843076621857051, 30.18856907901764 ], [ -81.845511286245738, 30.188526516956987 ], [ -81.846220338177574, 30.18851827848539 ], [ -81.847380650707578, 30.188504829043243 ], [ -81.849860743798473, 30.188478585504264 ], [ -81.851438906784566, 30.188460453092244 ], [ -81.863648207153403, 30.188319481084715 ], [ -81.863648627564956, 30.188443207419802 ], [ -81.86546289026559, 30.188422151544511 ], [ -81.868776098018984, 30.188344017956059 ], [ -81.86877595878012, 30.188226018066793 ], [ -81.901031559074482, 30.187518899407518 ], [ -81.919919936886984, 30.187159311815911 ], [ -81.924032951568762, 30.187064776136388 ], [ -81.927416035674838, 30.186949636872008 ], [ -81.928458020318971, 30.186914081974138 ], [ -81.930098201195648, 30.186878493674179 ], [ -81.932791071041393, 30.186821403435758 ], [ -81.934079788758098, 30.186845088088845 ], [ -81.934920286673901, 30.186833760579237 ], [ -81.940771376140432, 30.186754687723941 ], [ -81.94621412202153, 30.186680912839421 ], [ -81.946214413075666, 30.186639645159172 ], [ -81.947331364825217, 30.186601039293087 ], [ -81.948026993231778, 30.186576995839658 ], [ -81.948680993708081, 30.186554761618993 ], [ -81.949345087654919, 30.186531740801449 ], [ -81.951545179465029, 30.186553374794865 ], [ -81.952786578424153, 30.186565565025074 ], [ -81.953661751309909, 30.186574152307216 ], [ -81.954778115561254, 30.186585097033589 ], [ -81.956212458270343, 30.186596621025494 ], [ -81.957607922792278, 30.186607908184559 ], [ -81.961676082795279, 30.186644587559925 ], [ -81.96167661459792, 30.186683054416136 ], [ -81.967135129505522, 30.186739537515031 ], [ -81.969994117610227, 30.186741703161903 ], [ -81.970184594586428, 30.186741875543934 ], [ -81.975328632669246, 30.186745651642962 ], [ -81.976412408737033, 30.186746432021231 ], [ -81.977797169832343, 30.186747387887497 ], [ -81.978849349456638, 30.186748131770472 ], [ -81.982097405097434, 30.186750313723493 ], [ -81.98261959128051, 30.186750663923092 ], [ -81.982779652199511, 30.186750667029074 ], [ -81.982779431213956, 30.186696217580035 ], [ -81.988945022658086, 30.186725230578492 ], [ -81.989087341850237, 30.186722977187241 ], [ -81.990907438210328, 30.18673440876 ], [ -81.991160370556656, 30.186735612328594 ], [ -81.9931960482119, 30.186745071600626 ], [ -81.995261977532635, 30.186754659770084 ], [ -81.999279444705849, 30.186773212580178 ], [ -82.00337626994957, 30.186765671255046 ], [ -82.005357870821342, 30.186761332973919 ], [ -82.006034719946896, 30.186759854526205 ], [ -82.00632047673372, 30.186759220905724 ], [ -82.007615069432376, 30.186756040379432 ], [ -82.011814125650361, 30.186747013616564 ], [ -82.013879351590234, 30.186742360853817 ], [ -82.015908815598664, 30.186748193113633 ], [ -82.015908714987347, 30.186800188808686 ], [ -82.016098577515905, 30.18680485166314 ], [ -82.018248843370472, 30.186811453426017 ], [ -82.018875959066946, 30.186813365157338 ], [ -82.020065996849681, 30.186830062909593 ], [ -82.020646926564154, 30.186818772670069 ], [ -82.021151715973446, 30.186820319448469 ], [ -82.032477883484759, 30.186850925001519 ], [ -82.049194936237498, 30.186897199430422 ], [ -82.049136939206122, 30.193990328372056 ], [ -82.04907881910556, 30.201103522089479 ], [ -82.049079668013505, 30.201434778350283 ], [ -82.0490888065749, 30.204912856370218 ], [ -82.049093286473223, 30.206625746061381 ], [ -82.049098639533995, 30.208672424560778 ], [ -82.049107934402244, 30.212219096432019 ], [ -82.049136797272311, 30.218509191804664 ], [ -82.049180320647835, 30.243046405050031 ], [ -82.049420844565148, 30.273276539320985 ], [ -82.048895539431413, 30.273744918068104 ], [ -82.038548213982892, 30.282969714162032 ], [ -82.037379322541938, 30.284011644777191 ], [ -82.024939502793117, 30.294907861865383 ], [ -82.024395881010719, 30.295379108050984 ], [ -82.015836549727297, 30.30279770841452 ], [ -82.011926701623452, 30.30665415403524 ], [ -82.008546423854312, 30.309931749850428 ], [ -82.006377091257846, 30.311792908678822 ], [ -81.991561384787701, 30.324887728258432 ], [ -81.976144125080808, 30.338693993324547 ], [ -81.973521981394015, 30.341013455149454 ], [ -81.966626908531836, 30.347111392431312 ], [ -81.964343542894895, 30.349107866845117 ], [ -81.963305918673129, 30.350015056827093 ], [ -81.962190935132384, 30.350988279845591 ], [ -81.957118057094803, 30.355399087584068 ], [ -81.955921044792177, 30.356439790866165 ], [ -81.952696635504623, 30.359242984102586 ], [ -81.951949178797747, 30.3598928048708 ], [ -81.946855306233658, 30.364382989803318 ], [ -81.945694036099582, 30.365417897540702 ], [ -81.938319010449078, 30.37187734584732 ], [ -81.936396768454671, 30.373560726181509 ], [ -81.935633666688787, 30.374229011065459 ], [ -81.923102314002406, 30.385490894728655 ], [ -81.91741626571482, 30.390638771874627 ], [ -81.904527560513458, 30.402241990577597 ], [ -81.899790051419203, 30.406503533984615 ], [ -81.899424076874141, 30.406828883603133 ], [ -81.895437491983785, 30.410204351551254 ], [ -81.890928673299612, 30.414021575998976 ], [ -81.882380169410325, 30.421561683194099 ], [ -81.88110002072311, 30.422600227981413 ], [ -81.880328976951816, 30.423382143959135 ], [ -81.866382025803048, 30.43609603502982 ], [ -81.866193027453789, 30.436095227202671 ], [ -81.843599993816312, 30.456199986733399 ], [ -81.841162015542551, 30.458367157521991 ], [ -81.836946913616956, 30.462244123374688 ], [ -81.832803841305775, 30.465866391029572 ], [ -81.832491447674144, 30.466250466386935 ], [ -81.828041574642285, 30.470251307699819 ], [ -81.827730627298266, 30.470530859234234 ], [ -81.827260576639333, 30.470953445766902 ], [ -81.826808409641075, 30.471359949451486 ], [ -81.826589403069747, 30.471556836784696 ], [ -81.826335768240838, 30.471784853555093 ], [ -81.826116759872903, 30.471981740803457 ], [ -81.825984138892565, 30.472100965563989 ], [ -81.825878735068699, 30.472195722007537 ], [ -81.825800181888681, 30.47226633925542 ], [ -81.825613734754825, 30.472433951750496 ], [ -81.82537607287, 30.472647603686436 ], [ -81.825145759204204, 30.472854648644372 ], [ -81.824735079100691, 30.473223834370039 ], [ -81.824349812336592, 30.473570170548328 ], [ -81.823593183830667, 30.474250333243091 ], [ -81.823419561944121, 30.474307181839361 ], [ -81.823330485898879, 30.47432856344356 ], [ -81.823235849282, 30.474379842266895 ], [ -81.822998876404995, 30.474393687614242 ], [ -81.822951612444641, 30.474233922885823 ], [ -81.822918481678641, 30.474156873295122 ], [ -81.822852739372891, 30.474023642293169 ], [ -81.822769804210921, 30.473887358350176 ], [ -81.822700932174712, 30.473816055542116 ], [ -81.82254382132308, 30.473660306540918 ], [ -81.822454693175558, 30.473592705134958 ], [ -81.822306965227085, 30.47350524248013 ], [ -81.822091913039628, 30.473395017497062 ], [ -81.822002865740473, 30.473365472243916 ], [ -81.821899089663901, 30.473342687529453 ], [ -81.821748196052368, 30.473312730371717 ], [ -81.821504590913619, 30.473264064777837 ], [ -81.821223169396362, 30.473219761158379 ], [ -81.821045735059741, 30.473210636884978 ], [ -81.820843805461976, 30.473226708302978 ], [ -81.820728792359517, 30.473251811081429 ], [ -81.820483007907896, 30.473331211940877 ], [ -81.820447603505912, 30.473332946983078 ], [ -81.820322152878177, 30.473365720770619 ], [ -81.820228144183687, 30.473378318209203 ], [ -81.820133313530718, 30.473387643765804 ], [ -81.820062067247221, 30.473392605782163 ], [ -81.820002746997446, 30.473393872416398 ], [ -81.819943208457033, 30.473388060299527 ], [ -81.819895820529169, 30.47338654823551 ], [ -81.819848914098301, 30.473391929108402 ], [ -81.819738786034364, 30.473412921477884 ], [ -81.819667617005962, 30.473404983337058 ], [ -81.819623574404218, 30.473397103262609 ], [ -81.819604775360261, 30.473390524661898 ], [ -81.81955779077596, 30.473367180961763 ], [ -81.819523480522008, 30.473360637973531 ], [ -81.819487812913636, 30.473356165266662 ], [ -81.819451547027313, 30.473352956097457 ], [ -81.81941532336181, 30.473351602749343 ], [ -81.819367859975443, 30.473353687741568 ], [ -81.819333518280445, 30.473359127457517 ], [ -81.819300109036718, 30.473368502566419 ], [ -81.819267359156399, 30.473380851477987 ], [ -81.819226920595568, 30.473398414801867 ], [ -81.819180884632217, 30.47341830544622 ], [ -81.819148061988358, 30.473431411544482 ], [ -81.819115074952805, 30.473446992066862 ], [ -81.819093006041228, 30.473455448161257 ], [ -81.819070871552626, 30.473459367292122 ], [ -81.819048689453311, 30.473457490568887 ], [ -81.819026423810669, 30.473451925433871 ], [ -81.81900411055733, 30.473443931552001 ], [ -81.818948371890585, 30.473421140662094 ], [ -81.818932086332794, 30.47341488336685 ], [ -81.818914785678743, 30.473406229841203 ], [ -81.818903664535512, 30.473401808235412 ], [ -81.818892785039125, 30.473400869099038 ], [ -81.818882148986162, 30.473403661732952 ], [ -81.818860649606464, 30.473410716481848 ], [ -81.818844248166002, 30.473417058167982 ], [ -81.818817473878966, 30.473428858921391 ], [ -81.818770155121371, 30.473454063071348 ], [ -81.818727290210944, 30.473481435046377 ], [ -81.818690406283707, 30.473508725720123 ], [ -81.818653586136833, 30.473542052245239 ], [ -81.818635126656062, 30.473562984192768 ], [ -81.818625521869052, 30.473576965145597 ], [ -81.818619904703567, 30.473589955863034 ], [ -81.818617870917763, 30.473600208920438 ], [ -81.81861325178059, 30.473632682219016 ], [ -81.818611124569998, 30.473644213516227 ], [ -81.818609406092847, 30.473653533627765 ], [ -81.818603647891877, 30.473667433274073 ], [ -81.818594439261901, 30.473679471683891 ], [ -81.818585763332891, 30.473685850515267 ], [ -81.818564609804582, 30.473696247568228 ], [ -81.818541781816577, 30.473705762004951 ], [ -81.818521244532562, 30.47371707186554 ], [ -81.818506267820126, 30.473732333362108 ], [ -81.818488447939842, 30.473758587280368 ], [ -81.818478102042732, 30.473777234448647 ], [ -81.81846836879663, 30.473796357760538 ], [ -81.818458716398894, 30.47381561888038 ], [ -81.818448612148572, 30.47383460747 ], [ -81.818437523344699, 30.473852983645774 ], [ -81.818424893031803, 30.473870384297793 ], [ -81.818403195124446, 30.473894761464017 ], [ -81.818379343955328, 30.473917891352375 ], [ -81.818354561233264, 30.473940432052306 ], [ -81.81832988630903, 30.473963086557635 ], [ -81.818306566044271, 30.47398651140816 ], [ -81.818280081014748, 30.474020472631231 ], [ -81.81827026781859, 30.474039550990511 ], [ -81.818243220443691, 30.474098031767046 ], [ -81.818231171340784, 30.474115313919544 ], [ -81.818223935411183, 30.474123080899723 ], [ -81.818199169757108, 30.474144498158505 ], [ -81.818133041175784, 30.474188926780826 ], [ -81.818061576601679, 30.474227844487583 ], [ -81.818041163285145, 30.47423823683733 ], [ -81.818008708052247, 30.474251110559386 ], [ -81.817974563088299, 30.474261108829005 ], [ -81.817904826872805, 30.474275865449343 ], [ -81.817869033500301, 30.474278541925329 ], [ -81.817817735205992, 30.474273596212655 ], [ -81.817751876119274, 30.474262619331025 ], [ -81.817647498171453, 30.474240545560065 ], [ -81.817590501863293, 30.474225689060081 ], [ -81.817488371500346, 30.474197207837143 ], [ -81.817397946185523, 30.474170463955776 ], [ -81.817318105719707, 30.474150366748226 ], [ -81.817259587665461, 30.474140171041046 ], [ -81.817205448898235, 30.474135398746768 ], [ -81.817157950477579, 30.474136662274407 ], [ -81.817118397655634, 30.474144491964687 ], [ -81.81704954448405, 30.474177839176164 ], [ -81.817007586872066, 30.474197178416738 ], [ -81.816949469466451, 30.474222970000589 ], [ -81.816871943060804, 30.474270997932678 ], [ -81.816795271851291, 30.474320143039019 ], [ -81.816760878054012, 30.474339644837258 ], [ -81.816702459712772, 30.474365493675535 ], [ -81.81664704623617, 30.474384835201484 ], [ -81.816585644589864, 30.474409077524967 ], [ -81.816517404967612, 30.474438779627707 ], [ -81.816476075278032, 30.474459521699117 ], [ -81.816438502342962, 30.474483585159714 ], [ -81.816420512681063, 30.47450459897189 ], [ -81.81641228321476, 30.474517865186925 ], [ -81.816394766066708, 30.474545652617579 ], [ -81.816370693013724, 30.474567683737451 ], [ -81.816340973150872, 30.474584939483179 ], [ -81.816302058132763, 30.474600327815217 ], [ -81.816136672899063, 30.474794522070042 ], [ -81.815966082826606, 30.475071219974581 ], [ -81.815842633645318, 30.475327002561563 ], [ -81.815750877925566, 30.475588772207843 ], [ -81.81570616428229, 30.475829627501305 ], [ -81.815646121787026, 30.476111819317506 ], [ -81.815555709048624, 30.476511052619188 ], [ -81.815409263894381, 30.476828840135219 ], [ -81.815206067672065, 30.477002637583091 ], [ -81.814924627290168, 30.47723878536587 ], [ -81.814431286010858, 30.477580734621007 ], [ -81.813953050801359, 30.47786691231488 ], [ -81.813608253140814, 30.478083519021634 ], [ -81.813310876645787, 30.478312889271045 ], [ -81.813069354700175, 30.478590713679992 ], [ -81.812789843001212, 30.479012431439692 ], [ -81.812432066481435, 30.47948275181907 ], [ -81.812112405479169, 30.47983667045526 ], [ -81.811879091440318, 30.480148121351899 ], [ -81.811599398281643, 30.48054921701069 ], [ -81.81129561769697, 30.480916781873475 ], [ -81.811135938561932, 30.481159691004869 ], [ -81.81099248569592, 30.481355013292372 ], [ -81.810701359678646, 30.481591144324234 ], [ -81.810454499045292, 30.481729348238435 ], [ -81.81029719415757, 30.481788911315931 ], [ -81.810229554609933, 30.481789331684514 ], [ -81.810005903748603, 30.48200549768363 ], [ -81.809983851006706, 30.482064220631425 ], [ -81.809984497793707, 30.482142323010578 ], [ -81.809874368831458, 30.482455411608036 ], [ -81.809762622901687, 30.482573276516426 ], [ -81.809809799725443, 30.482826802095872 ], [ -81.809948125906175, 30.483196933175677 ], [ -81.809971983363482, 30.483352998255398 ], [ -81.810064264597656, 30.483606266336107 ], [ -81.810155872095393, 30.483781431982386 ], [ -81.810179407057518, 30.483898434438306 ], [ -81.81024863841985, 30.484093282100538 ], [ -81.810273117511343, 30.484327427789506 ], [ -81.810320161384453, 30.484561432022222 ], [ -81.810412282718517, 30.484795202677478 ], [ -81.810414547371352, 30.485068527901266 ], [ -81.810439513349721, 30.485361255955567 ], [ -81.810509258548393, 30.485614663572605 ], [ -81.810511199807721, 30.485848972038948 ], [ -81.810581243247043, 30.486141419060928 ], [ -81.810695580816414, 30.486335963421173 ], [ -81.810651798726099, 30.486492449234699 ], [ -81.810630392771202, 30.486629251997545 ], [ -81.810631363850007, 30.486746417465831 ], [ -81.81065471196257, 30.486843900037357 ], [ -81.810635085570226, 30.487195490460046 ], [ -81.810545874777674, 30.487313194031078 ], [ -81.810416439223332, 30.488016936089682 ], [ -81.810170694297597, 30.488291825252528 ], [ -81.809454427097378, 30.488921103959903 ], [ -81.809186325799146, 30.489215651173776 ], [ -81.809167179107178, 30.489625801238184 ], [ -81.808255571451795, 30.491173999545428 ], [ -81.807785651946887, 30.491606487540601 ], [ -81.807407391143684, 30.492214140337378 ], [ -81.807274999233741, 30.49256642814958 ], [ -81.806962741247716, 30.492978393218827 ], [ -81.806536464594245, 30.493234871856238 ], [ -81.806310379298495, 30.493410194336825 ], [ -81.805573700578393, 30.493621574022423 ], [ -81.805164650018824, 30.493795619374652 ], [ -81.804636360681712, 30.493973584268559 ], [ -81.804385936431629, 30.494079057980578 ], [ -81.804178051003518, 30.494190409022618 ], [ -81.804040904310796, 30.494297589301858 ], [ -81.80400267560556, 30.494371922256896 ], [ -81.804063535567735, 30.494556193895185 ], [ -81.804033125798739, 30.49461615859876 ], [ -81.803794263764701, 30.494770155664881 ], [ -81.803675121106878, 30.494911202545715 ], [ -81.803560466432216, 30.495012538694994 ], [ -81.803434182167891, 30.49507346062185 ], [ -81.803025839480767, 30.49525118399611 ], [ -81.802955038761652, 30.495241492859236 ], [ -81.802848875861386, 30.49534282169801 ], [ -81.802131792092567, 30.495404103351831 ], [ -81.80187745388281, 30.495397557200537 ], [ -81.801742907812809, 30.495387129955407 ], [ -81.800996591068028, 30.495329103952781 ], [ -81.800939803169015, 30.495327871662301 ], [ -81.800897187091948, 30.495332029094559 ], [ -81.800858516415587, 30.495342988893178 ], [ -81.800832817411944, 30.495358085222311 ], [ -81.800817156183285, 30.495371241776102 ], [ -81.800802516339104, 30.495386293205858 ], [ -81.800775751933514, 30.495420000040305 ], [ -81.800751462386557, 30.49545527354196 ], [ -81.800705924988165, 30.495613141075818 ], [ -81.800703490553744, 30.495613179004199 ], [ -81.800699566712595, 30.495631555712819 ], [ -81.800697356856986, 30.495639565575726 ], [ -81.800694351992362, 30.495647396632616 ], [ -81.800691028225813, 30.495655093004277 ], [ -81.800687572406915, 30.495662789375331 ], [ -81.800684169588621, 30.49567050896724 ], [ -81.800681059621112, 30.495678340795646 ], [ -81.800676379398482, 30.495694843519583 ], [ -81.800672469032051, 30.495702039077898 ], [ -81.800665366951421, 30.495707077361676 ], [ -81.800655896911678, 30.495710572191946 ], [ -81.80064759647847, 30.495714678520628 ], [ -81.800643151614437, 30.495721144149552 ], [ -81.800641392713118, 30.495729265468121 ], [ -81.800640855520555, 30.495737998284284 ], [ -81.80063972274499, 30.495754708443076 ], [ -81.800639473013348, 30.495763026367118 ], [ -81.800639990442946, 30.495771271529875 ], [ -81.800641696343675, 30.495779280607209 ], [ -81.800644644614437, 30.495787098493985 ], [ -81.800652046732367, 30.495802541527713 ], [ -81.800655206107223, 30.495810334643132 ], [ -81.800657176112651, 30.49581829572627 ], [ -81.800658089699297, 30.495826401555743 ], [ -81.800658342125871, 30.495834648261205 ], [ -81.800658171445974, 30.49584292050956 ], [ -81.800657816611434, 30.495851239200114 ], [ -81.800657370148741, 30.495867830136138 ], [ -81.80065626432264, 30.495884585941454 ], [ -81.800657044958626, 30.495892668543931 ], [ -81.800660070484497, 30.495900279750995 ], [ -81.800664468636114, 30.495907584434775 ], [ -81.800674350104259, 30.495922004159102 ], [ -81.800678379946618, 30.495929472165162 ], [ -81.800681116214975, 30.495937290813988 ], [ -81.800682982015815, 30.49594543610991 ], [ -81.800684055502586, 30.495953723829764 ], [ -81.800684466930988, 30.495961992197753 ], [ -81.800684284572981, 30.495978512676668 ], [ -81.80068322995082, 30.49599506179246 ], [ -81.800680903314245, 30.496011458418373 ], [ -81.800679223464655, 30.496019533269891 ], [ -81.800674089592803, 30.496035580022706 ], [ -81.800670581671639, 30.496043369249211 ], [ -81.800666408997131, 30.496050772226091 ], [ -81.800661251769085, 30.496057517263282 ], [ -81.800654128128897, 30.496063173991413 ], [ -81.800646393634281, 30.496068514134436 ], [ -81.800639853899014, 30.49607444332602 ], [ -81.800635785429094, 30.496081593187579 ], [ -81.800632858717904, 30.496089309650081 ], [ -81.800630674913464, 30.496097342696654 ], [ -81.800628811807542, 30.496105579316552 ], [ -81.800626920853873, 30.496113816709812 ], [ -81.800621627081895, 30.49612972644108 ], [ -81.800613866536168, 30.496144781623723 ], [ -81.8006048582305, 30.496159386309714 ], [ -81.800595238172122, 30.496173627966392 ], [ -81.800584901258148, 30.496187553036588 ], [ -81.800574484394119, 30.496201455657467 ], [ -81.80056483738629, 30.496215628417989 ], [ -81.800556783989762, 30.496230456018232 ], [ -81.800550853312245, 30.496246118810188 ], [ -81.800545692490942, 30.496262074188461 ], [ -81.800539841763495, 30.496277804317227 ], [ -81.800532691173842, 30.496293107945121 ], [ -81.80052498273038, 30.496308185549736 ], [ -81.800516823332657, 30.496323105247086 ], [ -81.800508398931925, 30.496337958374362 ], [ -81.800494102244173, 30.496359376937576 ], [ -81.800488175159941, 30.496365759700971 ], [ -81.800474723786863, 30.496377458594647 ], [ -81.800460900511283, 30.496388908244956 ], [ -81.800447662937245, 30.496400789036045 ], [ -81.800434105562985, 30.496412350919861 ], [ -81.800420392780168, 30.49642434936268 ], [ -81.800406009854157, 30.496435252533075 ], [ -81.800398051679053, 30.496439218729382 ], [ -81.800389205968443, 30.49644135818415 ], [ -81.800379607469637, 30.496442058693066 ], [ -81.800369767324, 30.496442302516563 ], [ -81.800360116722928, 30.496443117583809 ], [ -81.800350979059857, 30.496445258586537 ], [ -81.800342033636255, 30.496448131833869 ], [ -81.800333276858865, 30.496451508208974 ], [ -81.800324735677137, 30.496455294826632 ], [ -81.800307737755332, 30.496463464074584 ], [ -81.800291276127766, 30.496472638803269 ], [ -81.800284894495974, 30.496478405421275 ], [ -81.800276463807037, 30.496492502285264 ], [ -81.800270453179479, 30.496508073698102 ], [ -81.800263112146951, 30.496532519503006 ], [ -81.800257634220344, 30.496548546046171 ], [ -81.800247160762453, 30.496571590825081 ], [ -81.800236792407446, 30.496594612377226 ], [ -81.800227829915855, 30.496618129310608 ], [ -81.800219292327398, 30.496641735253004 ], [ -81.800211125743161, 30.496665452651584 ], [ -81.800203463113789, 30.496689305501608 ], [ -81.800197364451307, 30.496713537625727 ], [ -81.800193369643253, 30.496729738298232 ], [ -81.800185838167906, 30.496753521468818 ], [ -81.800182540452496, 30.49676119375772 ], [ -81.800174461004829, 30.4967760909384 ], [ -81.800165425749697, 30.496790672308425 ], [ -81.800156576445843, 30.496805367460169 ], [ -81.800148868002395, 30.496820444985389 ], [ -81.800127469233999, 30.496866330836468 ], [ -81.800106101008339, 30.496903167373087 ], [ -81.800060789087098, 30.49695621149684 ], [ -81.800042986274789, 30.496976024567598 ], [ -81.800024036313886, 30.496994699797696 ], [ -81.800017042031087, 30.49700005846649 ], [ -81.800009539301826, 30.49700470966383 ], [ -81.800001183173052, 30.497008472264756 ], [ -81.799992131748255, 30.497011323048309 ], [ -81.799973140464814, 30.497015334889415 ], [ -81.799944912703666, 30.497018876114971 ], [ -81.799782443401355, 30.497026631979111 ], [ -81.799763199691355, 30.49703529656351 ], [ -81.799719445448815, 30.497065373362506 ], [ -81.799695453244198, 30.497085407785907 ], [ -81.79967723630854, 30.497109553893171 ], [ -81.799665251884363, 30.497125917821631 ], [ -81.799661461892171, 30.497134808416089 ], [ -81.799657860546191, 30.497153869860288 ], [ -81.799652007123797, 30.497172487777462 ], [ -81.799641429461317, 30.497189369526094 ], [ -81.799621616219426, 30.497212540321204 ], [ -81.799587501798186, 30.497237219708179 ], [ -81.799561853998512, 30.497255385572114 ], [ -81.799520545868504, 30.497286867952901 ], [ -81.799497988273387, 30.497307695717595 ], [ -81.79947766927998, 30.497330480240652 ], [ -81.799458975338922, 30.497354629383224 ], [ -81.799441266849726, 30.497379551781318 ], [ -81.799418150502518, 30.497412892580503 ], [ -81.799400785169752, 30.497437675637372 ], [ -81.799381021335194, 30.497473287434644 ], [ -81.799367275314708, 30.497500728510698 ], [ -81.799352568995204, 30.497527212872608 ], [ -81.799335144373629, 30.497551217221982 ], [ -81.799321182757495, 30.497565164541957 ], [ -81.799304849588992, 30.49757706376624 ], [ -81.799276607454772, 30.497591901221348 ], [ -81.799245248166514, 30.497604099219359 ], [ -81.799200992664041, 30.497618185857792 ], [ -81.799167845728377, 30.497628608219625 ], [ -81.799136322048426, 30.497640050756367 ], [ -81.799107858030325, 30.497653652070742 ], [ -81.799083918826327, 30.497670524447432 ], [ -81.799071543634966, 30.497684301463032 ], [ -81.799062732060349, 30.497700393609264 ], [ -81.799056687296812, 30.497718348075754 ], [ -81.799051159064547, 30.497747686236504 ], [ -81.79904746788705, 30.497778433901317 ], [ -81.799042955649369, 30.497808980308072 ], [ -81.799038139781132, 30.497828416251625 ], [ -81.799027728306996, 30.497855905217467 ], [ -81.799007593468218, 30.497901188383764 ], [ -81.798972595104757, 30.497973116767952 ], [ -81.798936344489761, 30.498053828793282 ], [ -81.798920969823683, 30.498098806899677 ], [ -81.798919218108878, 30.498107868465851 ], [ -81.798920245781559, 30.498117049231681 ], [ -81.798923416834512, 30.498126286500778 ], [ -81.798933594746686, 30.498144668152914 ], [ -81.798971315903771, 30.498205084999555 ], [ -81.799006624186006, 30.498255205681719 ], [ -81.799026642243817, 30.498289496687487 ], [ -81.799039796274513, 30.498325548594856 ], [ -81.799053191053716, 30.498391131962471 ], [ -81.799066246269746, 30.498486388377568 ], [ -81.799074944656653, 30.498582748460297 ], [ -81.799086844639206, 30.498737284934876 ], [ -81.799100112755966, 30.498881250324946 ], [ -81.799110764080282, 30.499006008908161 ], [ -81.799127417049021, 30.499149725439658 ], [ -81.799149724912482, 30.499253654012907 ], [ -81.799179087245847, 30.499356371908178 ], [ -81.799245765596112, 30.499570189215273 ], [ -81.799291221247813, 30.499699614237763 ], [ -81.79932787610467, 30.499820410357195 ], [ -81.79933804862695, 30.499876963051122 ], [ -81.799335737261714, 30.500060249777999 ], [ -81.799339168826108, 30.50018546506487 ], [ -81.799340723809863, 30.500281731356981 ], [ -81.799338707092048, 30.500348967469094 ], [ -81.799327134096245, 30.500444741328351 ], [ -81.799299966347107, 30.500597592921235 ], [ -81.79929384253181, 30.500683480890633 ], [ -81.799303881205105, 30.50078835598535 ], [ -81.799334629638977, 30.50094076043618 ], [ -81.799347852839958, 30.50108227515793 ], [ -81.799351206250918, 30.501198005244966 ], [ -81.799343442111905, 30.501264497679294 ], [ -81.799314201949414, 30.501396833022596 ], [ -81.799277546194233, 30.501518558933373 ], [ -81.799243527892756, 30.501610300639516 ], [ -81.799197464979926, 30.501707660732965 ], [ -81.799066395390085, 30.501909653900558 ], [ -81.799003903189018, 30.502000950962575 ], [ -81.798974239920028, 30.502052409479948 ], [ -81.798944773382075, 30.502124831700996 ], [ -81.79888321542893, 30.502301241104792 ], [ -81.798850391886745, 30.502393478977904 ], [ -81.798822794742918, 30.502445337443078 ], [ -81.798749017905237, 30.502541561250808 ], [ -81.798659857418357, 30.502642966076774 ], [ -81.79859422740202, 30.502709720680929 ], [ -81.798541735246701, 30.502758844461365 ], [ -81.798488504676214, 30.502804879987636 ], [ -81.798479755085367, 30.502809172548972 ], [ -81.798469285220719, 30.502810175642999 ], [ -81.798457553223116, 30.502808918679527 ], [ -81.79843245159914, 30.502803550268862 ], [ -81.798420130306695, 30.502801426433841 ], [ -81.798408669600292, 30.502800992998111 ], [ -81.798398527620733, 30.502803231383979 ], [ -81.798389945116512, 30.502808507689579 ], [ -81.798373290351151, 30.502820111381375 ], [ -81.798348539968444, 30.502838272332717 ], [ -81.798292021564038, 30.502883525315802 ], [ -81.798252559471905, 30.502917860355485 ], [ -81.79822151549233, 30.502946162895785 ], [ -81.798206127351506, 30.502960531267327 ], [ -81.798123220037297, 30.503040520117082 ], [ -81.798086365754472, 30.503076694875912 ], [ -81.798072757176215, 30.503091854246009 ], [ -81.798054034489056, 30.503115865736007 ], [ -81.798036430204448, 30.503140741766568 ], [ -81.798024737732703, 30.503157309787643 ], [ -81.797999968485371, 30.503189354496389 ], [ -81.79797117748052, 30.503218239771428 ], [ -81.797939592715139, 30.503245125050796 ], [ -81.797873921376279, 30.503297284917373 ], [ -81.797814187901466, 30.503341022992291 ], [ -81.797752877883326, 30.503382868647549 ], [ -81.797695038057128, 30.503419801786766 ], [ -81.79767092996984, 30.50343125602603 ], [ -81.797649841120233, 30.503437731977868 ], [ -81.797628083924053, 30.503443272178732 ], [ -81.797606647426434, 30.503449268257725 ], [ -81.797586282618951, 30.503456977169879 ], [ -81.797567606644193, 30.503467218567113 ], [ -81.797539953804787, 30.503483173534871 ], [ -81.797503058199425, 30.503504616066309 ], [ -81.797457053677107, 30.503531658385775 ], [ -81.79741118300376, 30.503558997908435 ], [ -81.797356391161316, 30.503592211977846 ], [ -81.797311029832727, 30.503620281352145 ], [ -81.797274991220164, 30.503643001703622 ], [ -81.797221427374708, 30.50367755938294 ], [ -81.797159819115905, 30.503718650257998 ], [ -81.79712508665375, 30.503742530789836 ], [ -81.797088016775234, 30.503774994805429 ], [ -81.797048637328132, 30.503806602009536 ], [ -81.79703067012413, 30.503819427703377 ], [ -81.796925235757556, 30.50388225508058 ], [ -81.796927426748525, 30.503891268894908 ], [ -81.796919601524095, 30.503901879436548 ], [ -81.796888509933794, 30.503931007530703 ], [ -81.796849010112425, 30.503960827557105 ], [ -81.796803152015514, 30.503989702541229 ], [ -81.796775125476941, 30.504008477816441 ], [ -81.796735187277747, 30.504037639933944 ], [ -81.796708486652548, 30.504058925224719 ], [ -81.796672056374504, 30.504079034831889 ], [ -81.796637048129568, 30.504095058583694 ], [ -81.796604021568157, 30.504107518146 ], [ -81.796587184444789, 30.504112982458462 ], [ -81.796533971840603, 30.504138808683521 ], [ -81.796453117176839, 30.504181849796794 ], [ -81.796380331180927, 30.504224842130135 ], [ -81.796278166681986, 30.504292758167225 ], [ -81.796165437995313, 30.504382688465853 ], [ -81.796118627684152, 30.504437619342333 ], [ -81.796082208185908, 30.504498146055052 ], [ -81.796057068832695, 30.504562842151405 ], [ -81.796046901700294, 30.504607513848612 ], [ -81.796011095751382, 30.504662102499999 ], [ -81.79596121859187, 30.504723810935975 ], [ -81.795904262707907, 30.504780750863034 ], [ -81.795829733980369, 30.504840364844362 ], [ -81.795735161143895, 30.504898450961168 ], [ -81.795654848164219, 30.504939976294501 ], [ -81.795576215034146, 30.504973357844825 ], [ -81.795493570926311, 30.504998263585279 ], [ -81.795395625814251, 30.505015861450246 ], [ -81.795320839270218, 30.505021266889578 ], [ -81.795245786824864, 30.505019914755799 ], [ -81.795164795617168, 30.505017155535977 ], [ -81.795061352815566, 30.505022460358557 ], [ -81.794953120196865, 30.505034324615607 ], [ -81.794851414737053, 30.505051624493923 ], [ -81.794692135352321, 30.5050888425958 ], [ -81.794612228411182, 30.505108804934938 ], [ -81.794505921780441, 30.505136168007478 ], [ -81.794347029569636, 30.505178767514455 ], [ -81.794168816393679, 30.505227372259796 ], [ -81.79406910519377, 30.505242621075482 ], [ -81.79395345967734, 30.505244264993991 ], [ -81.793810622157281, 30.505230631460218 ], [ -81.793685702433876, 30.505237211778574 ], [ -81.793575237501699, 30.505260910827957 ], [ -81.793491315989542, 30.505291527638231 ], [ -81.793441633764445, 30.505315636105699 ], [ -81.793158176664733, 30.50540211199699 ], [ -81.79302667947681, 30.505442618568996 ], [ -81.79292973418967, 30.505462912869174 ], [ -81.792811256285177, 30.505477495258866 ], [ -81.792711637611731, 30.50548139994277 ], [ -81.792592126644649, 30.505476147001303 ], [ -81.79249345838879, 30.505463526628329 ], [ -81.792290946682712, 30.505449269304439 ], [ -81.792179629249333, 30.505436405126961 ], [ -81.792028923385701, 30.505415210692384 ], [ -81.791923806124402, 30.505413168955393 ], [ -81.791842585846311, 30.505421337450944 ], [ -81.791751960207193, 30.505441088427656 ], [ -81.791665363512109, 30.505471514784382 ], [ -81.791203895357398, 30.505596138757234 ], [ -81.791148911275485, 30.505602705119443 ], [ -81.791111951889761, 30.505600202874191 ], [ -81.79105881204913, 30.505586273733726 ], [ -81.791011587614634, 30.505561013665421 ], [ -81.790973386757173, 30.50552612152611 ], [ -81.790936023129561, 30.505483411493401 ], [ -81.790914796837725, 30.505443582163299 ], [ -81.790905872973696, 30.505406748087083 ], [ -81.790910023190307, 30.505347449459617 ], [ -81.790923667701151, 30.505303811355535 ], [ -81.790931389619331, 30.505234547763596 ], [ -81.790926623158441, 30.50518829435293 ], [ -81.790908328967674, 30.505128261865099 ], [ -81.790883714230574, 30.505081693396367 ], [ -81.790851087419455, 30.505038977750672 ], [ -81.790806375572828, 30.504997296890625 ], [ -81.790775824768318, 30.504975716146784 ], [ -81.790737123549249, 30.50495413926803 ], [ -81.790695731875914, 30.504936748043306 ], [ -81.790658515571991, 30.50492537989264 ], [ -81.789581288222635, 30.504895892197588 ], [ -81.789444496364425, 30.504909941403163 ], [ -81.789340940375112, 30.504937375737324 ], [ -81.789256442144534, 30.504972140382019 ], [ -81.789167748781594, 30.505018180278487 ], [ -81.789113636065494, 30.505037730877675 ], [ -81.78900756479338, 30.50505842076327 ], [ -81.788514148055583, 30.505080148543815 ], [ -81.788207545862605, 30.505082690275106 ], [ -81.787994387323778, 30.505099903459694 ], [ -81.787320613131442, 30.505176101949896 ], [ -81.787230098883427, 30.505186338522233 ], [ -81.786882713176524, 30.505225623854667 ], [ -81.786744731050575, 30.505239859540069 ], [ -81.786620273959528, 30.505261232026609 ], [ -81.786497944079088, 30.50529044949446 ], [ -81.786341099128805, 30.505341274710123 ], [ -81.786224847249557, 30.50537286128186 ], [ -81.78605019140214, 30.505390457531124 ], [ -81.7858886186185, 30.505376721853565 ], [ -81.785809890267004, 30.505359188293568 ], [ -81.785285658620012, 30.505234522222505 ], [ -81.785152937028357, 30.505192178151152 ], [ -81.784925665058097, 30.505092895124381 ], [ -81.784807407240848, 30.505059193189691 ], [ -81.78471155430509, 30.505041074447714 ], [ -81.784370699350305, 30.504995789961566 ], [ -81.784153307051568, 30.505026333327745 ], [ -81.783961308329239, 30.505088708698253 ], [ -81.783803803117223, 30.505139902430859 ], [ -81.783602758360004, 30.505169819607165 ], [ -81.783228878640443, 30.505154035190316 ], [ -81.78300900519487, 30.505162229248786 ], [ -81.782817876041747, 30.505187939099145 ], [ -81.782555117024515, 30.505253166456015 ], [ -81.78236352703567, 30.505320600364183 ], [ -81.782208026863358, 30.505394348287027 ], [ -81.782043875016541, 30.505494656517506 ], [ -81.781848495933815, 30.505611121269457 ], [ -81.781718977734471, 30.505654880748853 ], [ -81.781527145200499, 30.505682105127246 ], [ -81.781378638412676, 30.505674265590606 ], [ -81.781227640596569, 30.505669282774935 ], [ -81.781124999990524, 30.505679222865052 ], [ -81.781047314583077, 30.505682804021582 ], [ -81.78096624881519, 30.505667480973806 ], [ -81.780836812362537, 30.505658656172724 ], [ -81.780692089278688, 30.50567393433165 ], [ -81.780532943742941, 30.505705589678673 ], [ -81.780417060172994, 30.505730455759139 ], [ -81.780304750101223, 30.505765518872245 ], [ -81.780162622250231, 30.50582749904488 ], [ -81.780063216477515, 30.505884754878554 ], [ -81.779897206914697, 30.506001339128193 ], [ -81.779753966051075, 30.5060797071135 ], [ -81.779636322681455, 30.506136224435313 ], [ -81.779521893483945, 30.506194257148444 ], [ -81.779384613840534, 30.506260468313606 ], [ -81.77928482179226, 30.506302489950542 ], [ -81.77916289974695, 30.506316989400187 ], [ -81.779065637354506, 30.506301325907966 ], [ -81.778970853413924, 30.506261246922183 ], [ -81.778899873930072, 30.506213234776943 ], [ -81.778844574539491, 30.506187216385417 ], [ -81.778764855346239, 30.506164758228692 ], [ -81.778674483930345, 30.506157164078072 ], [ -81.778569434042694, 30.506176923418916 ], [ -81.77846107296493, 30.506193059050091 ], [ -81.778364611869705, 30.506198171865112 ], [ -81.778274702187872, 30.506195295035951 ], [ -81.777930050054394, 30.506138651592046 ], [ -81.777787525148042, 30.506127817618324 ], [ -81.777580855140513, 30.506122955564546 ], [ -81.777409822198621, 30.506097444096667 ], [ -81.777220186943836, 30.506075227396675 ], [ -81.777106371295645, 30.506047586734411 ], [ -81.776988647975983, 30.506001021801765 ], [ -81.776844913038943, 30.5059512324992 ], [ -81.776629003858716, 30.50587902829054 ], [ -81.776477894651521, 30.505846729058568 ], [ -81.776323368252989, 30.50583051132935 ], [ -81.776123349371815, 30.505833489559059 ], [ -81.775980398664018, 30.505852166184429 ], [ -81.775805197539199, 30.505894771569491 ], [ -81.775657122841039, 30.505954696776687 ], [ -81.775566097451616, 30.506004681891074 ], [ -81.775512805795714, 30.506038015089988 ], [ -81.775219195038346, 30.50617769196668 ], [ -81.77516674330721, 30.506210309962437 ], [ -81.775114512561657, 30.506253992549723 ], [ -81.775075093588683, 30.506298264104313 ], [ -81.775054161944254, 30.506328150739726 ], [ -81.775039069349148, 30.506356972391387 ], [ -81.775031101292569, 30.506383230666309 ], [ -81.775013400888227, 30.50641016615231 ], [ -81.774991406536813, 30.506429496666062 ], [ -81.774968723177579, 30.506442003915009 ], [ -81.774952152853842, 30.506447968076593 ], [ -81.774921448437425, 30.506453420648139 ], [ -81.77489456006434, 30.506452870360214 ], [ -81.774864182634687, 30.506446153906563 ], [ -81.774836589084103, 30.506433350230083 ], [ -81.774810444516092, 30.506403215958649 ], [ -81.774780401259733, 30.506378580691422 ], [ -81.774749390517798, 30.506362061978873 ], [ -81.774716282209681, 30.506361228419649 ], [ -81.774677111171712, 30.506366822631435 ], [ -81.774646045632565, 30.506376790512967 ], [ -81.774612106382818, 30.506394679912791 ], [ -81.77459456048868, 30.506407798597539 ], [ -81.77456562305845, 30.506439107744001 ], [ -81.774536600288229, 30.506456441426785 ], [ -81.774496361153396, 30.506477461492718 ], [ -81.774443912117221, 30.506500295723235 ], [ -81.774400399521511, 30.506515675913029 ], [ -81.774333121096603, 30.506533809085564 ], [ -81.774263588798675, 30.506545544680467 ], [ -81.774217380358763, 30.506550398199565 ], [ -81.774146902134845, 30.506552008041552 ], [ -81.77408831580864, 30.506548506635141 ], [ -81.774059322682845, 30.506549457835092 ], [ -81.774015713069062, 30.506552557554947 ], [ -81.773963183184506, 30.506551930645315 ], [ -81.773911039575523, 30.506546557797467 ], [ -81.773851432763166, 30.506534378722083 ], [ -81.773791097417103, 30.506517072141943 ], [ -81.773719500790634, 30.506507896812725 ], [ -81.773636069758624, 30.506504543231607 ], [ -81.773541648737435, 30.50651012118194 ], [ -81.773497640271657, 30.506516202207752 ], [ -81.773448250897346, 30.506524560231501 ], [ -81.773372336967626, 30.506518159559594 ], [ -81.773310684691367, 30.506501570440157 ], [ -81.773239228202073, 30.506466572605365 ], [ -81.773165589704973, 30.506410004393938 ], [ -81.773120071171221, 30.506352422256622 ], [ -81.773090636074315, 30.506287503675004 ], [ -81.77307861661582, 30.50621311094249 ], [ -81.77308508179091, 30.506110518705448 ], [ -81.77308105015193, 30.505958842919203 ], [ -81.773066356408805, 30.505864097675456 ], [ -81.773032738755944, 30.505792216147029 ], [ -81.772977692690276, 30.505731069516603 ], [ -81.772894736867045, 30.505667248009008 ], [ -81.772811749602766, 30.505622832208662 ], [ -81.772717871164019, 30.505599880902672 ], [ -81.772632473719838, 30.505598783413081 ], [ -81.772572488716747, 30.505609014523102 ], [ -81.772475477852581, 30.505601455157745 ], [ -81.772353779487787, 30.505600664160379 ], [ -81.772291497492503, 30.505604859852031 ], [ -81.772169295172816, 30.50562737308994 ], [ -81.772030501868159, 30.505656514598794 ], [ -81.77188351772476, 30.505693906612279 ], [ -81.771754692126493, 30.505722163454479 ], [ -81.771633131203927, 30.505738761220563 ], [ -81.771475882910082, 30.505746359273711 ], [ -81.771297706565051, 30.505737561568637 ], [ -81.771177898255601, 30.505718108630287 ], [ -81.771095522744034, 30.505697562069365 ], [ -81.771028494050796, 30.505693720085695 ], [ -81.770936732042841, 30.505704206595635 ], [ -81.770855975295433, 30.505731124468412 ], [ -81.770798581033617, 30.505767848518182 ], [ -81.770705964727824, 30.505854670745087 ], [ -81.770602584808316, 30.505962246826943 ], [ -81.770544457521211, 30.506016754225417 ], [ -81.770480579219679, 30.506070264724613 ], [ -81.770424743534861, 30.506126775086283 ], [ -81.770371139265237, 30.506197981469647 ], [ -81.770333987640029, 30.506265034705915 ], [ -81.770300519107494, 30.506356147345745 ], [ -81.77012754131303, 30.50701048067576 ], [ -81.770116248591577, 30.50713218717706 ], [ -81.770123827677622, 30.507264573356988 ], [ -81.770139269717347, 30.507340343701141 ], [ -81.770169557315484, 30.507392747489167 ], [ -81.770229942068895, 30.507463303597095 ], [ -81.770305868575008, 30.507521555321443 ], [ -81.770451507042139, 30.507752746176202 ], [ -81.770468907409182, 30.507838632470474 ], [ -81.770474232622192, 30.507913225186861 ], [ -81.770470614208222, 30.507987893693183 ], [ -81.77045515150725, 30.508074042149012 ], [ -81.770432434012008, 30.508146142566407 ], [ -81.770394180153971, 30.508231119896951 ], [ -81.770363993167152, 30.508305648074529 ], [ -81.770338507962549, 30.508389289431637 ], [ -81.770321659161084, 30.50847072651511 ], [ -81.770311419265141, 30.508568094445543 ], [ -81.770311889084041, 30.50865797512769 ], [ -81.770327519769978, 30.508700522011488 ], [ -81.770344536556422, 30.508727709161676 ], [ -81.770363577247181, 30.50874972944759 ], [ -81.770382951212909, 30.508767005446586 ], [ -81.770401365777914, 30.508780093627383 ], [ -81.770424676161227, 30.50879322205159 ], [ -81.770442361294229, 30.508801067528339 ], [ -81.770494393512109, 30.508913006167266 ], [ -81.770500686210667, 30.508932420543307 ], [ -81.770505340382158, 30.508958971447314 ], [ -81.770505446383368, 30.508989145945712 ], [ -81.770499198600561, 30.509022290053476 ], [ -81.770487992117395, 30.509050905037903 ], [ -81.77047179728946, 30.509077647073266 ], [ -81.770442794282189, 30.509111132459338 ], [ -81.770383844138294, 30.509172243684883 ], [ -81.770293328991968, 30.509257484032574 ], [ -81.770221860824577, 30.509318462822311 ], [ -81.770109259698671, 30.509404887169694 ], [ -81.769997316139538, 30.509480676742417 ], [ -81.769894443768152, 30.509549195876676 ], [ -81.769835395707887, 30.509601348492293 ], [ -81.769800819552614, 30.509635463683516 ], [ -81.769764612955086, 30.509685693018056 ], [ -81.769735786915916, 30.509731526363407 ], [ -81.769707397457992, 30.509789088699165 ], [ -81.769694444649915, 30.509817713519098 ], [ -81.769649050083657, 30.509886603131218 ], [ -81.76960923675027, 30.509935090206984 ], [ -81.769520245146666, 30.510019015744462 ], [ -81.769448386212119, 30.510080980822973 ], [ -81.769404253778845, 30.510138842464283 ], [ -81.769366025073623, 30.510227301526907 ], [ -81.769349788923165, 30.510312813373925 ], [ -81.76932024153686, 30.510418314256469 ], [ -81.769278310874327, 30.510520610950564 ], [ -81.769234235933226, 30.510602621279137 ], [ -81.769159225708691, 30.510711322819223 ], [ -81.769070458683899, 30.510810482472461 ], [ -81.768999984951535, 30.510924152396107 ], [ -81.768984146754761, 30.511013167197838 ], [ -81.768936774996561, 30.511241191362092 ], [ -81.768866322823783, 30.51147533130775 ], [ -81.768783668834487, 30.511692359284734 ], [ -81.768700094072031, 30.511849547275364 ], [ -81.768555931536909, 30.512045126034383 ], [ -81.768436414281638, 30.512174642029574 ], [ -81.768304740125615, 30.512289404676739 ], [ -81.768225398224772, 30.512382688697517 ], [ -81.768137024662067, 30.512545587063414 ], [ -81.768041035182364, 30.512736229951255 ], [ -81.76784683828258, 30.51297004512324 ], [ -81.767684831612641, 30.513127922923793 ], [ -81.767605545407349, 30.51325534482617 ], [ -81.767560164315839, 30.513407289385384 ], [ -81.767571298933788, 30.513541258947853 ], [ -81.767615439451902, 30.513706285160552 ], [ -81.767622853247943, 30.513824765385323 ], [ -81.767589522157621, 30.513967748800574 ], [ -81.767505784800107, 30.514104659193684 ], [ -81.767360990749353, 30.514257761729365 ], [ -81.767223719190795, 30.514381309554437 ], [ -81.767071039728478, 30.514507582121581 ], [ -81.766967221431074, 30.51463171160059 ], [ -81.766890905954426, 30.514783929515897 ], [ -81.766705112794114, 30.515296989353146 ], [ -81.766613122614075, 30.515573069832765 ], [ -81.766549480569466, 30.5157149478839 ], [ -81.766451999886399, 30.515891622841277 ], [ -81.766400971086696, 30.516022268230525 ], [ -81.766382546640216, 30.516136134818719 ], [ -81.766392718264171, 30.516410628774491 ], [ -81.766241240747704, 30.51703140173251 ], [ -81.766179186026193, 30.517156567307044 ], [ -81.766063466847925, 30.517302486554044 ], [ -81.765833005858411, 30.517553856157825 ], [ -81.765745002401601, 30.517714412629438 ], [ -81.765720589785445, 30.517881515795899 ], [ -81.765746720878738, 30.51806525303045 ], [ -81.765720208899765, 30.51829207663409 ], [ -81.765660371220363, 30.518440301850358 ], [ -81.765568968538531, 30.518575904300324 ], [ -81.76536179188119, 30.518823836972793 ], [ -81.765302509360623, 30.518995750114929 ], [ -81.765228446858728, 30.519139086543927 ], [ -81.765134890915149, 30.519273601517764 ], [ -81.765023148578621, 30.51939729464441 ], [ -81.764631230688167, 30.519744602502445 ], [ -81.764517546194014, 30.519860310377993 ], [ -81.764230139201999, 30.520313246793151 ], [ -81.763918409425372, 30.520820373752141 ], [ -81.763858695713495, 30.520863088655187 ], [ -81.763604481471233, 30.521310765215745 ], [ -81.763371710913148, 30.522219922060188 ], [ -81.763443913902407, 30.522562650335637 ], [ -81.763387776383681, 30.5234356484176 ], [ -81.763325831256623, 30.523999002920693 ], [ -81.763303950092947, 30.524599102047162 ], [ -81.76330788201895, 30.525102086851401 ], [ -81.763518310577609, 30.525579185850759 ], [ -81.763473030097387, 30.525853660875242 ], [ -81.763408389126184, 30.526072344422705 ], [ -81.76347689285312, 30.526347687810883 ], [ -81.763624400714349, 30.526542147109406 ], [ -81.763918880142583, 30.526862127423534 ], [ -81.764093834230678, 30.527171328447352 ], [ -81.764123076189819, 30.527515820537168 ], [ -81.764125233943133, 30.527791552148088 ], [ -81.764298190178039, 30.528088781989055 ], [ -81.764308501040873, 30.528252930785442 ], [ -81.764546612981661, 30.528725031132236 ], [ -81.764601875541302, 30.529130568416644 ], [ -81.764395629538583, 30.52940234452155 ], [ -81.764475195119928, 30.529582263040176 ], [ -81.765050301954716, 30.529849476466133 ], [ -81.765054542002872, 30.530390584962014 ], [ -81.765135523329107, 30.530750879946435 ], [ -81.764801330280477, 30.531316542736334 ], [ -81.76470086808898, 30.531790629917303 ], [ -81.764417695755242, 30.532220674803316 ], [ -81.764187190748274, 30.532718114891761 ], [ -81.763981993977822, 30.533125179914702 ], [ -81.763775737195317, 30.533396955677201 ], [ -81.763938350228059, 30.534207724155195 ], [ -81.76378649901244, 30.534772315306455 ], [ -81.763474448537224, 30.534841756701855 ], [ -81.763185824328019, 30.534572881862051 ], [ -81.762768542505498, 30.534507690427837 ], [ -81.762116339558091, 30.534376235796906 ], [ -81.762166138564183, 30.534082809570638 ], [ -81.7622938924723, 30.533766405305006 ], [ -81.762162441996793, 30.533609334003931 ], [ -81.761641342775206, 30.533589836349655 ], [ -81.761696068142314, 30.533927718793429 ], [ -81.761409386090747, 30.533906849353727 ], [ -81.76106936028097, 30.533728473956533 ], [ -81.760417867002644, 30.533687165190081 ], [ -81.759845707540293, 30.53380325262118 ], [ -81.759586297442439, 30.53394003757932 ], [ -81.759142625811819, 30.533829897318274 ], [ -81.758751743678872, 30.533809629057828 ], [ -81.758596559713524, 30.533945804296408 ], [ -81.757999376780631, 30.534197325058162 ], [ -81.757661306603254, 30.534266927029186 ], [ -81.75729699124652, 30.534314136101603 ], [ -81.756879539642412, 30.534226381401496 ], [ -81.756412123742209, 30.534409481118914 ], [ -81.756151982415716, 30.534456081962134 ], [ -81.755994322693439, 30.534276611955153 ], [ -81.756200428558969, 30.533982303359675 ], [ -81.756250944420671, 30.53377908003435 ], [ -81.755835240938097, 30.53391676411777 ], [ -81.755782804478329, 30.533871977447795 ], [ -81.755884857586182, 30.533600818917076 ], [ -81.756117556279065, 30.533373992358818 ], [ -81.756192743471729, 30.532990239981419 ], [ -81.755983845642291, 30.53292377079341 ], [ -81.755749778815243, 30.532970265571613 ], [ -81.755437876562056, 30.533062255374347 ], [ -81.755203485443175, 30.533063614855596 ], [ -81.754527349579959, 30.533202827336257 ], [ -81.753643680428226, 30.533455963286997 ], [ -81.753148626960012, 30.533436281449799 ], [ -81.753069251821486, 30.533278900115054 ], [ -81.753041121078368, 30.533008495884353 ], [ -81.753091468955105, 30.532782728759273 ], [ -81.753062295267938, 30.53237703571974 ], [ -81.751612164667719, 30.531954278800139 ], [ -81.750921827338175, 30.531780598872007 ], [ -81.750375215962521, 30.53182883902895 ], [ -81.750140801487433, 30.531830188468572 ], [ -81.749200028229737, 30.531429740669061 ], [ -81.748651516018938, 30.531229963000126 ], [ -81.748104361162532, 30.531210560815289 ], [ -81.747898010056929, 30.531107673072917 ], [ -81.747746688847329, 30.531048054307927 ], [ -81.747625348910319, 30.5309635186279 ], [ -81.747504114974532, 30.530892728876317 ], [ -81.747395037939455, 30.530841115394992 ], [ -81.747286207042791, 30.530808746306199 ], [ -81.747180734048655, 30.530787997678299 ], [ -81.747081689398684, 30.530792139666499 ], [ -81.746966378953871, 30.53082853700343 ], [ -81.746872090883329, 30.530914843957095 ], [ -81.74677829508957, 30.531065472585773 ], [ -81.746682229253082, 30.531459120499871 ], [ -81.746557509853986, 30.531758728497024 ], [ -81.746365625217734, 30.531911046484197 ], [ -81.746161316881086, 30.532022194034688 ], [ -81.745854596110476, 30.532122930532566 ], [ -81.745468938579222, 30.532193873365646 ], [ -81.745201897293015, 30.532221627299602 ], [ -81.744950140841382, 30.532230214466804 ], [ -81.744731354357313, 30.532231465633583 ], [ -81.744512267835916, 30.532193407563131 ], [ -81.744131506122969, 30.532066933584435 ], [ -81.743844282387272, 30.531977705936352 ], [ -81.743639388349081, 30.531973377522476 ], [ -81.743404338765089, 30.532010461515537 ], [ -81.743182109038528, 30.532079500209299 ], [ -81.743046124765769, 30.532210206629067 ], [ -81.74292440753635, 30.532391874054323 ], [ -81.742847225185443, 30.532556699580095 ], [ -81.742775068010246, 30.532839426315132 ], [ -81.742731099968665, 30.533029078455158 ], [ -81.742653618478784, 30.533154596372842 ], [ -81.742510140459927, 30.533287637296226 ], [ -81.742267342906601, 30.533389082009528 ], [ -81.742089915756537, 30.533400813588418 ], [ -81.74192862145064, 30.533362422490267 ], [ -81.741555419959099, 30.533263741583536 ], [ -81.741490227422318, 30.533257710203515 ], [ -81.741417006641825, 30.533270028300606 ], [ -81.741266707714985, 30.533345118365357 ], [ -81.741098930267697, 30.53349729149544 ], [ -81.740937273940744, 30.533671425638573 ], [ -81.740715871562571, 30.533911884884112 ], [ -81.740512474117622, 30.534157741163561 ], [ -81.740404439128298, 30.534339541898852 ], [ -81.740302617785773, 30.534522374462721 ], [ -81.740167282994975, 30.534641073038042 ], [ -81.740027710850953, 30.53474549987175 ], [ -81.739916602725032, 30.534792588008475 ], [ -81.739850660094973, 30.534807257299263 ], [ -81.739767988139377, 30.534793432156231 ], [ -81.739664459099515, 30.534751136552977 ], [ -81.739490852484337, 30.534672188940853 ], [ -81.739303622019563, 30.534615513345642 ], [ -81.739098112635375, 30.534569939331092 ], [ -81.738928877222378, 30.534543405481731 ], [ -81.738783590894855, 30.534548865762126 ], [ -81.738643342319421, 30.534563956004025 ], [ -81.738548637430597, 30.534596655001895 ], [ -81.73844171096232, 30.534650865476433 ], [ -81.738372072663182, 30.534722732627959 ], [ -81.738311015071631, 30.534837433831736 ], [ -81.738316143553604, 30.534969628304115 ], [ -81.738362608013347, 30.535108735920087 ], [ -81.738429956506835, 30.535279886752029 ], [ -81.738526228955848, 30.535454447894754 ], [ -81.738585321931865, 30.535625646088864 ], [ -81.738628280267051, 30.535846966174418 ], [ -81.738650327619084, 30.536032668752135 ], [ -81.738634869409665, 30.536172127665008 ], [ -81.738586466385527, 30.536322493586013 ], [ -81.738492409182015, 30.536440955523073 ], [ -81.738369373225751, 30.53654886140443 ], [ -81.738246065978288, 30.536621031998504 ], [ -81.738073031589934, 30.536668469722375 ], [ -81.737920582994647, 30.536708642943996 ], [ -81.737755804123765, 30.536756033428048 ], [ -81.737615659752933, 30.536785415516537 ], [ -81.737475488432622, 30.536811224550028 ], [ -81.737351829045565, 30.536836939956416 ], [ -81.737240636478006, 30.536873305627005 ], [ -81.73716735551038, 30.53693439320708 ], [ -81.737125758122843, 30.537025360266686 ], [ -81.737132476622847, 30.537113303546668 ], [ -81.737175465500783, 30.537206541302258 ], [ -81.737242557076087, 30.537310639642588 ], [ -81.737315844331903, 30.537420202632703 ], [ -81.737359144925222, 30.537805346440965 ], [ -81.737257638891393, 30.538031057790509 ], [ -81.73713511138159, 30.538206858115117 ], [ -81.737029097601649, 30.538382564502736 ], [ -81.736931609732039, 30.538593959378353 ], [ -81.736887223973866, 30.538730007211196 ], [ -81.736871843019586, 30.538880185804068 ], [ -81.73687699665436, 30.539015953928811 ], [ -81.736903169968471, 30.539201633426007 ], [ -81.736949715276623, 30.53935146157653 ], [ -81.737041746779155, 30.539478327620813 ], [ -81.737139575110234, 30.539656487428374 ], [ -81.737304378235621, 30.539846185832619 ], [ -81.737429391383827, 30.539999143363495 ], [ -81.737529525690221, 30.540137946677138 ], [ -81.737592639525445, 30.540294827923518 ], [ -81.737630821518295, 30.540430409158073 ], [ -81.737648469820371, 30.540580400209176 ], [ -81.737637083674144, 30.540712688218417 ], [ -81.737609184696353, 30.540845069663835 ], [ -81.737572731062116, 30.540938190104605 ], [ -81.737482580631792, 30.54102804007702 ], [ -81.73737146352272, 30.541075126715249 ], [ -81.737165338792565, 30.541115602946842 ], [ -81.736963369668928, 30.541159628837178 ], [ -81.736786115893693, 30.54119636735355 ], [ -81.736612964724372, 30.541229509761834 ], [ -81.736468657560494, 30.541255340824904 ], [ -81.736311992273258, 30.541284815168229 ], [ -81.736176050221331, 30.541324892864331 ], [ -81.736007242406387, 30.541386598139869 ], [ -81.735867441191985, 30.541462433951008 ], [ -81.735731902483593, 30.54155611317309 ], [ -81.735629175639289, 30.541621018255622 ], [ -81.735522508784129, 30.541710961211869 ], [ -81.735444741629991, 30.541800740064307 ], [ -81.735408420048103, 30.541911726977535 ], [ -81.735396707813436, 30.542001133504165 ], [ -81.73542628035257, 30.542090306297229 ], [ -81.735464002407994, 30.542165139644613 ], [ -81.735534618074155, 30.54222191837566 ], [ -81.735634159492477, 30.542282107445988 ], [ -81.735733673961334, 30.542338722862688 ], [ -81.735862142030129, 30.542402322229002 ], [ -81.736002942171112, 30.54245870469888 ], [ -81.736160013496857, 30.54248283179966 ], [ -81.73632110568181, 30.542492642015606 ], [ -81.736494368242234, 30.54247379448551 ], [ -81.736642966658223, 30.542469380661267 ], [ -81.736799822388306, 30.542464919642558 ], [ -81.736960806775429, 30.542460435413364 ], [ -81.737092810613163, 30.542445394366322 ], [ -81.737261970567687, 30.542430142876857 ], [ -81.737418745449389, 30.542414960242269 ], [ -81.737550830135504, 30.542410639256602 ], [ -81.737667114354068, 30.542422177100235 ], [ -81.737800236594353, 30.542462664375524 ], [ -81.737909181577066, 30.542508787864929 ], [ -81.73800010276193, 30.542560511971384 ], [ -81.738067131455139, 30.542642614407985 ], [ -81.738131279251277, 30.542732549454914 ], [ -81.738181496872301, 30.542821604751627 ], [ -81.738194476629829, 30.542900150392494 ], [ -81.738186814898782, 30.542978812794392 ], [ -81.738142130899931, 30.543075553519689 ], [ -81.738052141268014, 30.543186845349538 ], [ -81.737921217205241, 30.543344825696817 ], [ -81.737732737183904, 30.543535294432328 ], [ -81.737617813014651, 30.543625285130219 ], [ -81.737494632429645, 30.543715322938354 ], [ -81.737371343148482, 30.543791066411941 ], [ -81.737252235524963, 30.543873933736652 ], [ -81.737124871485648, 30.543956847410556 ], [ -81.736861642649515, 30.544090560550345 ], [ -81.736660070581252, 30.544188187559278 ], [ -81.73647906094979, 30.544274977785705 ], [ -81.736343357849719, 30.544347217683381 ], [ -81.736244730018043, 30.544408526471251 ], [ -81.736162509016722, 30.544455447454144 ], [ -81.736084362773525, 30.544495198904322 ], [ -81.736002276519486, 30.544559987520646 ], [ -81.735932575338282, 30.54462470646444 ], [ -81.735883652189585, 30.54470717619083 ], [ -81.73583076208061, 30.544811109438573 ], [ -81.7358107655824, 30.544896988513727 ], [ -81.735799027296579, 30.544982821093555 ], [ -81.735812166954233, 30.545082808402487 ], [ -81.735866701878493, 30.545196855237172 ], [ -81.735995631681334, 30.545321203138336 ], [ -81.736121135309673, 30.545405805234743 ], [ -81.736269414823738, 30.545491188646327 ], [ -81.73649303514236, 30.54557926429084 ], [ -81.736633893673854, 30.545642792679665 ], [ -81.736754082868984, 30.545702864355622 ], [ -81.736908138550319, 30.545761530271875 ], [ -81.737047890357388, 30.545790542151959 ], [ -81.737201135758326, 30.545853999226797 ], [ -81.737399715538402, 30.545906478953825 ], [ -81.737594301408734, 30.545976849276464 ], [ -81.737735405180302, 30.546072537948376 ], [ -81.737830958977071, 30.546150615997547 ], [ -81.737881042749109, 30.54622180388769 ], [ -81.737894023404962, 30.546300349872606 ], [ -81.737877833068595, 30.546343324348786 ], [ -81.7378244309199, 30.546379363075772 ], [ -81.737805354296526, 30.546586740031756 ], [ -81.737774082144853, 30.546819201884212 ], [ -81.737721327681484, 30.546941002429179 ], [ -81.73764779518558, 30.547045053973569 ], [ -81.737553428961618, 30.54712420737301 ], [ -81.737421932672021, 30.54720714457504 ], [ -81.73731499093239, 30.547261354199499 ], [ -81.737207780596478, 30.547279829454023 ], [ -81.737087751301488, 30.547241199372412 ], [ -81.73685530234026, 30.547078128626186 ], [ -81.736747525167416, 30.547021560844112 ], [ -81.736639609654006, 30.546970047997007 ], [ -81.736530290972141, 30.546888183632891 ], [ -81.736348629163814, 30.546809477206008 ], [ -81.736161330427066, 30.546733551960155 ], [ -81.736030674062249, 30.546682548017298 ], [ -81.735931235051879, 30.54663665318796 ], [ -81.735811045856764, 30.546576580542499 ], [ -81.735586643105535, 30.546384873751304 ], [ -81.735420823087225, 30.546296470038026 ], [ -81.735283984516627, 30.54621862342653 ], [ -81.735093582100589, 30.54615537315377 ], [ -81.73496133032782, 30.546138251567992 ], [ -81.734821063786114, 30.546153337688207 ], [ -81.734680690344859, 30.546154129129182 ], [ -81.73454039685366, 30.546165641771342 ], [ -81.734424901355908, 30.54618058708353 ], [ -81.734354983680731, 30.546216717161272 ], [ -81.734301687533232, 30.546267048276654 ], [ -81.73425284253797, 30.546360237787692 ], [ -81.734146519737564, 30.546496633711037 ], [ -81.734027459724757, 30.546586644873589 ], [ -81.733978776426255, 30.546701274815813 ], [ -81.733962906788449, 30.546787130557153 ], [ -81.73400140858152, 30.546965594147849 ], [ -81.733989721499668, 30.547058573332006 ], [ -81.733953558021284, 30.547191000280684 ], [ -81.7339251946145, 30.547262632249982 ], [ -81.733946242141599, 30.547316117718378 ], [ -81.734004231986447, 30.547340806046762 ], [ -81.734099138097903, 30.54733312382443 ], [ -81.734260022772034, 30.547314349182244 ], [ -81.73440021116032, 30.547288543713741 ], [ -81.734499460626182, 30.547309425750676 ], [ -81.734590723170854, 30.547366088522427 ], [ -81.734624128821295, 30.547415930876998 ], [ -81.734583675887436, 30.547526939996452 ], [ -81.734568022743602, 30.547641383929623 ], [ -81.734622448971734, 30.547741137957544 ], [ -81.734722345224583, 30.54784778263797 ], [ -81.734797012292688, 30.547893817696053 ], [ -81.734887709797022, 30.547875438488923 ], [ -81.73502395817448, 30.547874669497325 ], [ -81.735243183934742, 30.547927035955265 ], [ -81.735412704113699, 30.547958241210772 ], [ -81.735553747698134, 30.5480328093217 ], [ -81.735708094433619, 30.548092093509048 ], [ -81.735845914862821, 30.548123795382871 ], [ -81.736110690597869, 30.548154271040904 ], [ -81.736254784861032, 30.548170644169883 ], [ -81.736438529862482, 30.548178198676869 ], [ -81.736587329501106, 30.548160169978477 ], [ -81.736739128614445, 30.548159987401554 ], [ -81.736914301891474, 30.548180991484674 ], [ -81.737233436480992, 30.548255341260734 ], [ -81.737487428839387, 30.548361323923046 ], [ -81.737647261586304, 30.548489323939684 ], [ -81.737737529695934, 30.548609123335751 ], [ -81.737758134353626, 30.548707834294113 ], [ -81.737739089171285, 30.548815362940676 ], [ -81.737754923774801, 30.548939881046547 ], [ -81.737780590439087, 30.549051453168978 ], [ -81.73789136618835, 30.54925707370986 ], [ -81.737972063646964, 30.549424192249703 ], [ -81.738048772585699, 30.549720238786435 ], [ -81.738044913423238, 30.549866352814941 ], [ -81.738001176248673, 30.549991209190466 ], [ -81.737932389552441, 30.550086128799748 ], [ -81.737868339672659, 30.550150944629834 ], [ -81.737799098428894, 30.550185711667567 ], [ -81.737724631685111, 30.550186133287728 ], [ -81.737590430568162, 30.550165408913507 ], [ -81.737466352566173, 30.550170408788112 ], [ -81.737367421103954, 30.550218233662939 ], [ -81.73725943821691, 30.550382124580157 ], [ -81.737122901480234, 30.550709456890274 ], [ -81.736933085664063, 30.551213260347389 ], [ -81.736823350163917, 30.5515989868974 ], [ -81.736739634365961, 30.551893253707249 ], [ -81.736520805661044, 30.552500344007306 ], [ -81.736501758682095, 30.552607872320923 ], [ -81.736472555350517, 30.552685380389551 ], [ -81.736418496533346, 30.552758732646819 ], [ -81.736314598285901, 30.55280658486938 ], [ -81.736190581369357, 30.552820176916963 ], [ -81.736086260913723, 30.552812172539468 ], [ -81.735986581154862, 30.552761174110994 ], [ -81.735782526143126, 30.552525985635185 ], [ -81.735596170637422, 30.552411313834039 ], [ -81.735480241253384, 30.5523633879248 ], [ -81.735195771752359, 30.552296409044406 ], [ -81.735084208180595, 30.552279644396879 ], [ -81.734970613517987, 30.552273734105626 ], [ -81.734807273748189, 30.552251368601031 ], [ -81.734766674388908, 30.552240282159808 ], [ -81.734650418018092, 30.552225186155095 ], [ -81.734546169427688, 30.552204060718381 ], [ -81.734401901789695, 30.552145910044437 ], [ -81.734312540080182, 30.552081348513592 ], [ -81.734216293682309, 30.552016163417932 ], [ -81.734112529283863, 30.551918235613641 ], [ -81.733820954108921, 30.551695470706978 ], [ -81.733635390019003, 30.551607926661699 ], [ -81.733479970695058, 30.551577367765052 ], [ -81.733361172092017, 30.551586610010496 ], [ -81.733269238505827, 30.551655712148126 ], [ -81.733225600145957, 30.551752890596426 ], [ -81.733211691530414, 30.551916758808979 ], [ -81.733227766882422, 30.55204114916064 ], [ -81.733319932233954, 30.552217522885673 ], [ -81.733503279281749, 30.552439245332668 ], [ -81.733693654748322, 30.552588859657742 ], [ -81.733831043087875, 30.552738772359774 ], [ -81.733938251627151, 30.552901958145821 ], [ -81.734136888899414, 30.553143247800005 ], [ -81.734251913679969, 30.553339147253372 ], [ -81.73449002741738, 30.55398497892347 ], [ -81.734565891939752, 30.554435457145374 ], [ -81.734577115490907, 30.554731763019024 ], [ -81.734576543264083, 30.55506442143081 ], [ -81.734572331962028, 30.555290491824369 ], [ -81.734652710518702, 30.555868143571548 ], [ -81.734719975468863, 30.556183645010893 ], [ -81.734806899150712, 30.556955306933631 ], [ -81.734888377245298, 30.55700398402357 ], [ -81.734985653112446, 30.556996415505793 ], [ -81.735114631424324, 30.556890393537156 ], [ -81.735195051303492, 30.556798685450307 ], [ -81.735283423069575, 30.556685873701777 ], [ -81.735420405370618, 30.556565767112449 ], [ -81.735541324896076, 30.556466810415678 ], [ -81.735662085419719, 30.556346795609588 ], [ -81.735847837257523, 30.556240452674583 ], [ -81.736025848312551, 30.556183289943537 ], [ -81.736187638488488, 30.556126218459788 ], [ -81.736373919434016, 30.556090067316081 ], [ -81.736625402797785, 30.556095664853526 ], [ -81.736747593439375, 30.556165169130285 ], [ -81.736797052882281, 30.556270183160528 ], [ -81.736765564236634, 30.556396713030196 ], [ -81.736677248166103, 30.556516545213288 ], [ -81.73656576544272, 30.556790938997217 ], [ -81.736391516532095, 30.557346470436546 ], [ -81.736160171600346, 30.557860206685636 ], [ -81.735951356415939, 30.558135150533438 ], [ -81.735742804437891, 30.558445189534314 ], [ -81.735510023998302, 30.558769405107384 ], [ -81.735341917767613, 30.559065176380312 ], [ -81.735149054866014, 30.559304929927841 ], [ -81.735004380291201, 30.559481236305079 ], [ -81.734899625949282, 30.559573081867608 ], [ -81.734794447602553, 30.559608773004712 ], [ -81.734641762750329, 30.559354400266741 ], [ -81.734621949508423, 30.559321943989527 ], [ -81.734522925519713, 30.559097876409794 ], [ -81.734375131994213, 30.55886004538571 ], [ -81.734260680338835, 30.5587413578514 ], [ -81.734102958632803, 30.558655684410752 ], [ -81.733933760949057, 30.558626394804275 ], [ -81.733728471652114, 30.558616553729639 ], [ -81.7335233485435, 30.558628706938336 ], [ -81.733354279318831, 30.558629659949155 ], [ -81.733099871938791, 30.558621546207032 ], [ -81.732872133742916, 30.558538593230445 ], [ -81.73268463468186, 30.558413296096948 ], [ -81.732542708053487, 30.558227312978808 ], [ -81.732421202826472, 30.558123518636808 ], [ -81.732299449664438, 30.557986732161559 ], [ -81.732178180694333, 30.557874687612237 ], [ -81.732079792712852, 30.557798976013022 ], [ -81.731957234660328, 30.557680332820748 ], [ -81.731826618719708, 30.55756875359841 ], [ -81.731631412113515, 30.557407609341336 ], [ -81.731489613045923, 30.557289637892804 ], [ -81.731369545123357, 30.55718886871146 ], [ -81.731295988372949, 30.557149428788616 ], [ -81.731211951876446, 30.557108235963263 ], [ -81.731107052007459, 30.557076217543369 ], [ -81.731000262981425, 30.55707138279276 ], [ -81.730897768800773, 30.557081015936429 ], [ -81.730822661558165, 30.557114044623802 ], [ -81.730774764285528, 30.557146920135157 ], [ -81.730729259226507, 30.557219635475807 ], [ -81.73070522390276, 30.557294268413141 ], [ -81.730633120626479, 30.557414005887548 ], [ -81.730528310589023, 30.557498828738449 ], [ -81.730399484092445, 30.557625903910104 ], [ -81.73013350910648, 30.557852021712229 ], [ -81.730037230369291, 30.557992952299585 ], [ -81.729946876919698, 30.558104419642689 ], [ -81.72993593813446, 30.558261197596629 ], [ -81.729937275725931, 30.558439903099131 ], [ -81.729974519877601, 30.558574416251194 ], [ -81.730021481105723, 30.558635041520294 ], [ -81.730072063442734, 30.558700342844023 ], [ -81.730205889063882, 30.558845311656601 ], [ -81.730364103046654, 30.559012139079694 ], [ -81.730500270575732, 30.559169643471481 ], [ -81.730590700382137, 30.559330586002357 ], [ -81.730624669276295, 30.55953396315957 ], [ -81.73081369367668, 30.55986282173706 ], [ -81.731181636430549, 30.560253852075348 ], [ -81.731687627785689, 30.560665164382215 ], [ -81.732055576827733, 30.561056191487239 ], [ -81.732186882674497, 30.561259020464966 ], [ -81.732195890081854, 30.56137830285536 ], [ -81.73212436532063, 30.561575252375871 ], [ -81.731931541944903, 30.561822021756825 ], [ -81.731617260952845, 30.562097550763408 ], [ -81.731262632129813, 30.562401384322264 ], [ -81.730858966072063, 30.562656354735406 ], [ -81.730681044848566, 30.562727549084645 ], [ -81.730421853041335, 30.562778140821845 ], [ -81.729983846186897, 30.562780596730764 ], [ -81.72950491478305, 30.562734144073559 ], [ -81.72900976160183, 30.562687780348373 ], [ -81.728611943576567, 30.562640870498981 ], [ -81.728249947669894, 30.562576345343267 ], [ -81.727990728913184, 30.562496321188377 ], [ -81.727714590388118, 30.562366849848122 ], [ -81.727617891239348, 30.56228424274202 ], [ -81.727595851073858, 30.562191978951144 ], [ -81.727635532354896, 30.562098523078141 ], [ -81.727791518515787, 30.561946061384457 ], [ -81.727918139648352, 30.561746722430982 ], [ -81.727991108002243, 30.561510728058639 ], [ -81.728000127986007, 30.561288950530304 ], [ -81.727971716070201, 30.561058142325724 ], [ -81.727836241142199, 30.560786359670047 ], [ -81.727668741274329, 30.560514754939152 ], [ -81.727619703141272, 30.560381069063709 ], [ -81.727537433630928, 30.560085891236039 ], [ -81.727406506873223, 30.55970783788726 ], [ -81.727314562507246, 30.55954667474953 ], [ -81.727260876490931, 30.559505400946431 ], [ -81.727121928676041, 30.559483080426563 ], [ -81.727041933699994, 30.559492765158019 ], [ -81.726951436519954, 30.559525605827812 ], [ -81.726884711457274, 30.559573187842624 ], [ -81.726765758343987, 30.55967908001988 ], [ -81.72662822178242, 30.559846144259282 ], [ -81.726525978231734, 30.560032908640856 ], [ -81.72636595324532, 30.560466597103893 ], [ -81.726319187849953, 30.560637773629026 ], [ -81.726182370838913, 30.560901838423007 ], [ -81.725960495048582, 30.561212570946935 ], [ -81.725722020188414, 30.561444867046781 ], [ -81.725600559877165, 30.56162107826006 ], [ -81.725543014698374, 30.561778456200578 ], [ -81.72549132114537, 30.562005091094271 ], [ -81.725435425273432, 30.562384187476887 ], [ -81.725362518004971, 30.562629418598053 ], [ -81.725274457055988, 30.562990216641655 ], [ -81.725260883512036, 30.563318264469252 ], [ -81.725354786205315, 30.563742719592909 ], [ -81.725464176752411, 30.563928009134553 ], [ -81.725667540959691, 30.564165954591505 ], [ -81.7259196899751, 30.564335464654611 ], [ -81.726150041370147, 30.564445043556596 ], [ -81.726380290357255, 30.564540765073104 ], [ -81.726620870868445, 30.564590235836565 ], [ -81.726775840136426, 30.564612467002618 ], [ -81.726930179685397, 30.564651179122905 ], [ -81.727139776404115, 30.564739776510606 ], [ -81.727412971149988, 30.564867591719231 ], [ -81.727772261331054, 30.565087311302726 ], [ -81.727960052344557, 30.565215602526536 ], [ -81.728083270658814, 30.565274964396828 ], [ -81.728211656082593, 30.56531120107061 ], [ -81.728344930138149, 30.565287358875377 ], [ -81.728429852373523, 30.56522221358971 ], [ -81.72848247208961, 30.565120293949203 ], [ -81.728539738790644, 30.564925961405198 ], [ -81.728591563497716, 30.564717802175476 ], [ -81.728679894839601, 30.564567163870528 ], [ -81.728893471095034, 30.564401998197766 ], [ -81.728992115994686, 30.564389452773245 ], [ -81.72910715694492, 30.564423898348295 ], [ -81.729182438460668, 30.564497385604341 ], [ -81.729241776676773, 30.564580201218213 ], [ -81.72927477089884, 30.564709357884748 ], [ -81.729298126197918, 30.564977147588809 ], [ -81.729274132196693, 30.565337589602979 ], [ -81.729207019960114, 30.565642840881353 ], [ -81.72912847216999, 30.565846531220721 ], [ -81.729049371017638, 30.565976315048061 ], [ -81.728969820707661, 30.566046050482203 ], [ -81.728858069387996, 30.566092869734049 ], [ -81.728756787932966, 30.566111913785068 ], [ -81.728634153523657, 30.566131076949553 ], [ -81.728474534575767, 30.566201260121534 ], [ -81.728244699711993, 30.566361046229744 ], [ -81.727975175482356, 30.566504136404188 ], [ -81.727724528450096, 30.56664711962685 ], [ -81.72751192057855, 30.566828008694976 ], [ -81.727343401122823, 30.567014096764247 ], [ -81.727200132411411, 30.567210934292262 ], [ -81.727056904124197, 30.567413216703734 ], [ -81.72690726096755, 30.567599198457668 ], [ -81.726744746749503, 30.567747134173871 ], [ -81.726600462043507, 30.56780783956733 ], [ -81.726468315373651, 30.567808576688581 ], [ -81.726306320381823, 30.567760560152106 ], [ -81.726251166518324, 30.567718303662183 ], [ -81.726206416942446, 30.567634647638364 ], [ -81.726192616124735, 30.567394837325619 ], [ -81.726153883464619, 30.567060311460676 ], [ -81.726139847288309, 30.566788884403568 ], [ -81.726125947655916, 30.566549074320541 ], [ -81.726075207215402, 30.566215302783039 ], [ -81.726025162969236, 30.565975007077988 ], [ -81.72594012934276, 30.56590262161707 ], [ -81.725783159526642, 30.56590349643394 ], [ -81.725542575422196, 30.566009315956055 ], [ -81.725218194671427, 30.566209081625153 ], [ -81.724881781885728, 30.566419911594902 ], [ -81.724485001414621, 30.566631076024969 ], [ -81.723956014984836, 30.566915834480501 ], [ -81.723511311189952, 30.56715888144296 ], [ -81.723174579502327, 30.567327779096225 ], [ -81.722850346973587, 30.567548846691835 ], [ -81.722659247464875, 30.567821413270796 ], [ -81.722552774645834, 30.568125127579584 ], [ -81.722482716833454, 30.568438950957702 ], [ -81.722449105468783, 30.568793812696882 ], [ -81.722440036077671, 30.569191154856025 ], [ -81.72246733677747, 30.5696192257349 ], [ -81.722482290133698, 30.570015746968949 ], [ -81.722484613177016, 30.570329168221857 ], [ -81.722475074865315, 30.570663275978291 ], [ -81.722453117344827, 30.570956211880013 ], [ -81.722394374711783, 30.571175803976256 ], [ -81.722299313191783, 30.571385287410113 ], [ -81.722216306164583, 30.571573396255232 ], [ -81.722120939217376, 30.571741639623585 ], [ -81.722013241096292, 30.571867335656513 ], [ -81.721893124664717, 30.571951859698508 ], [ -81.721748645922631, 30.572004899206906 ], [ -81.721627924924846, 30.571994570674494 ], [ -81.721494322984213, 30.571880522844314 ], [ -81.721323941320904, 30.571693819168363 ], [ -81.721140902395248, 30.571433638601139 ], [ -81.720982091032795, 30.571173322756113 ], [ -81.720811401247346, 30.570944691350231 ], [ -81.720604313523211, 30.570694952689735 ], [ -81.72044627740685, 30.570539110594826 ], [ -81.720252696751345, 30.570477632683929 ], [ -81.719999286501263, 30.570489344312126 ], [ -81.719746647005692, 30.570605530053065 ], [ -81.719445829064824, 30.570732291053805 ], [ -81.719108849442179, 30.570870249900068 ], [ -81.71872376683271, 30.571029093217895 ], [ -81.718350639003035, 30.57116656204964 ], [ -81.717953288101725, 30.571304850539988 ], [ -81.717507447938004, 30.57141178643981 ], [ -81.717073412535427, 30.571476727246612 ], [ -81.716759710956751, 30.571499762764269 ], [ -81.716433454523667, 30.571449320209677 ], [ -81.715937281754577, 30.571274024045838 ], [ -81.715500949359836, 30.571026226043056 ], [ -81.715161275689653, 30.570797827872529 ], [ -81.714736881006715, 30.5705389636388 ], [ -81.71426431416667, 30.570291359442116 ], [ -81.713839999433787, 30.570042801714727 ], [ -81.713439914060743, 30.569794109542087 ], [ -81.713100103846656, 30.569545774070608 ], [ -81.71275983279682, 30.569234202730655 ], [ -81.712431751885376, 30.568932874168247 ], [ -81.712200794127526, 30.568714871110327 ], [ -81.712079146068362, 30.568590437933128 ], [ -81.711993808811329, 30.568475428545508 ], [ -81.711908500300368, 30.568350796279354 ], [ -81.711823319350188, 30.568257094187445 ], [ -81.711713917124996, 30.568164211885041 ], [ -81.71159236428727, 30.568039090384264 ], [ -81.711494769518183, 30.567904214445058 ], [ -81.711433564602913, 30.567789760372158 ], [ -81.711372454909082, 30.567674617770937 ], [ -81.711287049380076, 30.567549986022826 ], [ -81.711225769904658, 30.567425221849927 ], [ -81.711164411377496, 30.567289460197632 ], [ -81.711078774981445, 30.567133210421904 ], [ -81.710968937073346, 30.566966782929001 ], [ -81.710847062638749, 30.566810730645013 ], [ -81.71076158254958, 30.566675788798808 ], [ -81.710700554602425, 30.56657164305042 ], [ -81.710639346992238, 30.566456501323806 ], [ -81.710554018718341, 30.566342178582467 ], [ -81.710444718901101, 30.566249294446525 ], [ -81.710311057671646, 30.566124237769309 ], [ -81.710189490460891, 30.566010111876082 ], [ -81.710068153218842, 30.565927603784647 ], [ -81.709910902230021, 30.565876222409525 ], [ -81.709741919243612, 30.565877143636001 ], [ -81.709573235396192, 30.565919304241756 ], [ -81.709404786907385, 30.565993769602112 ], [ -81.709044667581338, 30.566267237021663 ], [ -81.708816102037076, 30.566362649666331 ], [ -81.708671468784758, 30.566394368003426 ], [ -81.708551192453044, 30.566457572600918 ], [ -81.708406943679677, 30.56654221505924 ], [ -81.708250675447786, 30.56662623478908 ], [ -81.70811846499754, 30.566700501595061 ], [ -81.707998036850555, 30.56674308493821 ], [ -81.707865516481519, 30.566774736631444 ], [ -81.707648582323571, 30.56681784513653 ], [ -81.707419535282312, 30.566861018595016 ], [ -81.707214689753116, 30.566914370279751 ], [ -81.706985890646891, 30.566978162384153 ], [ -81.706805096611106, 30.567021072787817 ], [ -81.70664829837321, 30.567032234888526 ], [ -81.706443148315159, 30.567043658424449 ], [ -81.706213970119876, 30.567055211903714 ], [ -81.705996707178528, 30.567066700409235 ], [ -81.705791884107214, 30.567109739944904 ], [ -81.705550747538865, 30.567142665439782 ], [ -81.70533340913903, 30.567143843449561 ], [ -81.705140674696494, 30.56719712613906 ], [ -81.704936000745533, 30.567260784245729 ], [ -81.704743037232618, 30.567282449386873 ], [ -81.704513912936235, 30.567315308303964 ], [ -81.704296901523179, 30.567348100690833 ], [ -81.704091750566803, 30.567359520322103 ], [ -81.70393487687042, 30.567360368827579 ], [ -81.703838117534531, 30.567339583922074 ], [ -81.703741386944728, 30.567309176166606 ], [ -81.703656516811648, 30.567257395634655 ], [ -81.703583532288064, 30.567173932583234 ], [ -81.703558626496829, 30.567079899078436 ], [ -81.703569985693591, 30.566975359288502 ], [ -81.703605321823602, 30.566850069182166 ], [ -81.70368883729725, 30.566714208492595 ], [ -81.703832614455109, 30.566577334348306 ], [ -81.704012733856089, 30.566440951174151 ], [ -81.70420478737563, 30.566293505403561 ], [ -81.704408953778454, 30.566145993662392 ], [ -81.704589047128295, 30.566019920487783 ], [ -81.704720882981078, 30.565893420182952 ], [ -81.704828596373531, 30.565767738066466 ], [ -81.704923993863446, 30.56560019440241 ], [ -81.705007277571767, 30.565432715422411 ], [ -81.705054545125378, 30.56529636235237 ], [ -81.705089725846861, 30.565149764913947 ], [ -81.705076330169334, 30.564972499644657 ], [ -81.705038883896705, 30.56480567396077 ], [ -81.7050380538534, 30.564690889815452 ], [ -81.705025056129543, 30.564554863667009 ], [ -81.705011735910503, 30.5643879080902 ], [ -81.704986477081363, 30.564231327222856 ], [ -81.704937092198605, 30.564074876825064 ], [ -81.704851320156962, 30.563898003306246 ], [ -81.70474164574226, 30.563752189637828 ], [ -81.704571985426114, 30.563658940247151 ], [ -81.704342343700148, 30.563618940613782 ], [ -81.70410098614623, 30.563620246295116 ], [ -81.703835428876872, 30.563611371838469 ], [ -81.703581805726088, 30.563591434668194 ], [ -81.703340126575327, 30.563561809301902 ], [ -81.703098540849325, 30.563531495503888 ], [ -81.70283283086637, 30.563501311645897 ], [ -81.702591226275771, 30.563481994807187 ], [ -81.70232574356659, 30.563483427345911 ], [ -81.702048222534287, 30.5634952341866 ], [ -81.70179498026917, 30.563528218147777 ], [ -81.701553846395782, 30.56356044870062 ], [ -81.701373055054958, 30.563603351333885 ], [ -81.701228824247892, 30.563676988498376 ], [ -81.701096735070195, 30.563782177720618 ], [ -81.701037448956384, 30.563918594025644 ], [ -81.701098914383067, 30.564085291286219 ], [ -81.701209033463854, 30.564293654530729 ], [ -81.701367578924987, 30.564512068197629 ], [ -81.701501675837335, 30.564699681408968 ], [ -81.701575478726141, 30.564897242985765 ], [ -81.701625636160031, 30.565147858246984 ], [ -81.701663279163697, 30.565356612144473 ], [ -81.701688681723283, 30.565533813285498 ], [ -81.701666133111345, 30.565753201852981 ], [ -81.701558870673168, 30.565942115993828 ], [ -81.701390939613944, 30.566089427711503 ], [ -81.701247229829747, 30.566235921629723 ], [ -81.701067259549092, 30.566393608440379 ], [ -81.700838812582447, 30.5665206247808 ], [ -81.700658639282537, 30.566636383671394 ], [ -81.70050259203623, 30.566752011705262 ], [ -81.700358409738172, 30.56684695514296 ], [ -81.700250614599028, 30.566962323809623 ], [ -81.700130854798616, 30.567098377521749 ], [ -81.699999011759289, 30.567224873161376 ], [ -81.699891142059982, 30.56732993091298 ], [ -81.699807472974427, 30.567445169834539 ], [ -81.699723951212562, 30.56758102795342 ], [ -81.699604495941031, 30.567759695407162 ], [ -81.699521501490239, 30.567969098042752 ], [ -81.699450841806623, 30.568209365604346 ], [ -81.699343946779393, 30.568450515099421 ], [ -81.69927259090143, 30.568607615888762 ], [ -81.699201333838161, 30.568764715650182 ], [ -81.699070157348785, 30.568984687064887 ], [ -81.69890258741232, 30.569183546295342 ], [ -81.698734794693664, 30.5693514743691 ], [ -81.698542579477376, 30.569478292697884 ], [ -81.698386224108901, 30.569551991147243 ], [ -81.698181520513543, 30.569626636255631 ], [ -81.697940522285748, 30.569680168182352 ], [ -81.697747477924437, 30.569691513287044 ], [ -81.697554133525841, 30.569660930693427 ], [ -81.697372356733155, 30.569567736483734 ], [ -81.69721443739779, 30.569422862584869 ], [ -81.697056587232694, 30.56928761111995 ], [ -81.696874590352763, 30.569163486516032 ], [ -81.696728307793578, 30.568965622694254 ], [ -81.696581904860153, 30.568736829070765 ], [ -81.696435623199278, 30.568538965152175 ], [ -81.696265216383139, 30.568341229999529 ], [ -81.696094814956894, 30.568144182833755 ], [ -81.69594860875452, 30.567956628106426 ], [ -81.695814296246496, 30.567738079101545 ], [ -81.695643671139749, 30.567509413300382 ], [ -81.695497467632322, 30.567321858119257 ], [ -81.695423749185153, 30.567134603459206 ], [ -81.695301374388933, 30.566904991814337 ], [ -81.695203303512741, 30.5666862486163 ], [ -81.695165500608965, 30.566467183155162 ], [ -81.695151971980792, 30.566268609187258 ], [ -81.695138468505434, 30.566059724212156 ], [ -81.695161109643848, 30.565851333821058 ], [ -81.695256445150008, 30.565672798987034 ], [ -81.695411903999826, 30.565474009908979 ], [ -81.695579616768427, 30.565295088406828 ], [ -81.695723056159721, 30.565095675116918 ], [ -81.695866326667741, 30.564886639878278 ], [ -81.695985486393553, 30.564666048879811 ], [ -81.696068265248684, 30.564425718397349 ], [ -81.696126990813752, 30.564195826520859 ], [ -81.696137511882355, 30.563986813322124 ], [ -81.696124007508686, 30.563777928848662 ], [ -81.696026059701694, 30.563590116610303 ], [ -81.695831688528713, 30.563413816925348 ], [ -81.69567362995447, 30.563247633669349 ], [ -81.695516243320071, 30.563175614364987 ], [ -81.69528689983477, 30.563176838833655 ], [ -81.694973140763906, 30.563188824392732 ], [ -81.694635627541999, 30.563253175101185 ], [ -81.694274286507166, 30.563359581514096 ], [ -81.69391294547232, 30.563465986263385 ], [ -81.693672179908191, 30.563550439501569 ], [ -81.693515835319516, 30.563624819273787 ], [ -81.693323765630296, 30.563771562115186 ], [ -81.693155977403237, 30.563940170960102 ], [ -81.693096799985568, 30.564107514059398 ], [ -81.693074452596235, 30.564357831241882 ], [ -81.693076607654604, 30.564660945329493 ], [ -81.693115000751519, 30.564963865869309 ], [ -81.693177568411087, 30.565287278431963 ], [ -81.693228070798042, 30.565589446728691 ], [ -81.693265921312531, 30.565829820737875 ], [ -81.693315979033414, 30.566069442320735 ], [ -81.693305503778888, 30.566299762909928 ], [ -81.693222345834712, 30.566487854545265 ], [ -81.693091012140187, 30.566687200000988 ], [ -81.692935399678476, 30.566865367111092 ], [ -81.692791581198108, 30.567012539747264 ], [ -81.692611297405421, 30.56712828799569 ], [ -81.692370301872586, 30.567181808925483 ], [ -81.692092622736794, 30.567172975015552 ], [ -81.691717992923941, 30.567102105696147 ], [ -81.691331025649021, 30.566999682947507 ], [ -81.690968035307321, 30.566875823040732 ], [ -81.690628880863386, 30.566710594778847 ], [ -81.690350462414102, 30.566597282507267 ], [ -81.690036394322803, 30.566567329327928 ], [ -81.689746703813356, 30.566558553373383 ], [ -81.689179089826339, 30.56652031848083 ], [ -81.688949956546821, 30.566552462182862 ], [ -81.688756990338973, 30.566574103504184 ], [ -81.688527592954742, 30.566554696006175 ], [ -81.688358311727654, 30.566513662643985 ], [ -81.68824925086227, 30.566451689471624 ], [ -81.688164170523393, 30.566368969047076 ], [ -81.688091026998023, 30.566275187692195 ], [ -81.688077980765144, 30.566128849304377 ], [ -81.688112573090109, 30.565909398933705 ], [ -81.688135028277273, 30.565658394252889 ], [ -81.68820585953911, 30.56543875253864 ], [ -81.688277131873747, 30.565281658219899 ], [ -81.688312192220963, 30.56511444477264 ], [ -81.688358969294455, 30.564905240178469 ], [ -81.688405845182601, 30.564696035133178 ], [ -81.688440363845714, 30.564466275392444 ], [ -81.688438743284934, 30.564236706162838 ], [ -81.688401346419653, 30.564058877661065 ], [ -81.688339584548928, 30.563861244761576 ], [ -81.688301943341898, 30.56366279695597 ], [ -81.688240473423633, 30.563506404428082 ], [ -81.688142864281488, 30.563350202705035 ], [ -81.68805749109184, 30.563225554572281 ], [ -81.687911459162606, 30.563059297510176 ], [ -81.687753336807987, 30.562882107319801 ], [ -81.687619686358346, 30.562768024023573 ], [ -81.687462234146892, 30.56268568489531 ], [ -81.687268684034109, 30.562623470261336 ], [ -81.687039124054834, 30.562593750230484 ], [ -81.686785873704878, 30.562626017448977 ], [ -81.686569306957864, 30.56272132770312 ], [ -81.686437741497997, 30.562889049605872 ], [ -81.686414646710347, 30.563035579297047 ], [ -81.686284257145175, 30.563370322473258 ], [ -81.686249344121649, 30.563558842897216 ], [ -81.686202635320143, 30.563778356597822 ], [ -81.686119687581751, 30.563998061631008 ], [ -81.686048168210405, 30.56413453564528 ], [ -81.685964775805942, 30.564291005284474 ], [ -81.685821711012125, 30.564532334689986 ], [ -81.685678397384947, 30.564752356697294 ], [ -81.6855588415021, 30.564920014756243 ], [ -81.685391033512076, 30.565087926232199 ], [ -81.685211360573788, 30.56527720830498 ], [ -81.685043845434564, 30.565487046361348 ], [ -81.684888442280283, 30.565696821311025 ], [ -81.684720925344436, 30.565906659233296 ], [ -81.684517092216566, 30.566105690300056 ], [ -81.684373261159806, 30.566252854033387 ], [ -81.684216977656561, 30.566337533024154 ], [ -81.683976051293982, 30.566401348712432 ], [ -81.683746627858625, 30.566392244011425 ], [ -81.683528729808359, 30.566299219922346 ], [ -81.683322478415761, 30.566153894839662 ], [ -81.683188490199555, 30.565977259478299 ], [ -81.683114791515322, 30.565789309948716 ], [ -81.683052595758326, 30.565528439831855 ], [ -81.68299025627087, 30.565246949961089 ], [ -81.682892071308629, 30.565007576186158 ], [ -81.682781890244087, 30.56479919745799 ], [ -81.682660013114557, 30.564621810108694 ], [ -81.682489495805612, 30.564403436910858 ], [ -81.68234310634692, 30.564184936366988 ], [ -81.682245505289629, 30.564028730321848 ], [ -81.682123752127595, 30.563882960166261 ], [ -81.681929404310821, 30.563706640128725 ], [ -81.681686585197937, 30.563498953990834 ], [ -81.681467865189205, 30.563301452221072 ], [ -81.681297745833945, 30.563125004270795 ], [ -81.681127892380033, 30.563000792883447 ], [ -81.680910003312917, 30.562907764768962 ], [ -81.680631535456314, 30.562784120863252 ], [ -81.68036529726399, 30.562691344707016 ], [ -81.680123576790692, 30.562640367713723 ], [ -81.679845474548415, 30.562568960583501 ], [ -81.679627731906677, 30.562496549375854 ], [ -81.679458245863728, 30.562424574378003 ], [ -81.67922846759383, 30.562363222822587 ], [ -81.678950510878622, 30.562312433621866 ], [ -81.678708500249499, 30.562219527063451 ], [ -81.678514740829229, 30.56212636824862 ], [ -81.678285108086428, 30.56208563623337 ], [ -81.678067807415829, 30.562076457642892 ], [ -81.677838465727149, 30.562077651958095 ], [ -81.677585218072139, 30.562110588443002 ], [ -81.677344589051941, 30.562216319279777 ], [ -81.677128448106373, 30.5623741611391 ], [ -81.676960629336563, 30.562542062324255 ], [ -81.676804778821293, 30.56268928019465 ], [ -81.676637031018387, 30.56286749100201 ], [ -81.67646957247301, 30.563087628944078 ], [ -81.676338494798344, 30.563328197888289 ], [ -81.676195813585124, 30.563642374806946 ], [ -81.676112267568769, 30.563778905787558 ], [ -81.675909292332008, 30.564103706099033 ], [ -81.67576609907907, 30.564344338271507 ], [ -81.6755748010427, 30.56460652729595 ], [ -81.675407874299964, 30.564889898624532 ], [ -81.675228730469385, 30.565172644914572 ], [ -81.675085534521514, 30.565413275982817 ], [ -81.675026330154409, 30.565581298761423 ], [ -81.674942917987011, 30.565737761426337 ], [ -81.67478727857582, 30.565916594707719 ], [ -81.674643433146031, 30.566063747125607 ], [ -81.674535461038758, 30.566157787803263 ], [ -81.674366837378471, 30.566210900867166 ], [ -81.674125471739714, 30.566212150822572 ], [ -81.67393192791512, 30.566150602875915 ], [ -81.673762220886601, 30.566047002646616 ], [ -81.673580138666708, 30.565891226565935 ], [ -81.673336871294495, 30.565631288780832 ], [ -81.672972541564732, 30.56530942590091 ], [ -81.672547588129675, 30.564935635537996 ], [ -81.672013849612028, 30.564552096082327 ], [ -81.671408239583485, 30.564241784209855 ], [ -81.670863257751733, 30.563983396750501 ], [ -81.670173092898736, 30.563663204594455 ], [ -81.669736978794603, 30.563425559573218 ], [ -81.669422426511346, 30.563322698230305 ], [ -81.669337289578607, 30.563228968076501 ], [ -81.669312304735598, 30.563103996459905 ], [ -81.66931151242153, 30.56298852419533 ], [ -81.669371017724274, 30.562863119101277 ], [ -81.669515154208227, 30.562757898715549 ], [ -81.669719626038258, 30.562662678998684 ], [ -81.669948539230532, 30.562598952126081 ], [ -81.67018982491922, 30.562587399663123 ], [ -81.670467419613374, 30.56258597020528 ], [ -81.67078103405548, 30.562552736851483 ], [ -81.671106667057757, 30.562520127714222 ], [ -81.671420428823552, 30.56250819931271 ], [ -81.671721788448551, 30.562454405847134 ], [ -81.671962495622211, 30.562358995547015 ], [ -81.672130393443751, 30.562201410471435 ], [ -81.672225337284431, 30.561960344453453 ], [ -81.672319895747876, 30.56167803899254 ], [ -81.672450621282962, 30.561385235966682 ], [ -81.672568754234405, 30.561008639593695 ], [ -81.672662585960779, 30.560621171316967 ], [ -81.672793265681776, 30.560307747320397 ], [ -81.672899857976773, 30.560014380892618 ], [ -81.672886375162662, 30.559815803773624 ], [ -81.672789083125821, 30.559701517299093 ], [ -81.672547274617642, 30.559650527131911 ], [ -81.672185490713375, 30.559694324158215 ], [ -81.671848432937324, 30.559810852355202 ], [ -81.671547588046977, 30.559938191369685 ], [ -81.671258531748123, 30.560033163134349 ], [ -81.670993633842187, 30.560118385934544 ], [ -81.67075268592005, 30.560192487544398 ], [ -81.67052373589685, 30.56023559588003 ], [ -81.670246507715333, 30.560289262942618 ], [ -81.669885078645606, 30.560385291010743 ], [ -81.669499665456101, 30.560502062814301 ], [ -81.66923458968374, 30.560576285575703 ], [ -81.669005468980629, 30.560609081013929 ], [ -81.668776370735429, 30.560630879140838 ], [ -81.668571374289272, 30.560663550022017 ], [ -81.668354360181254, 30.560695595878983 ], [ -81.668161188259177, 30.560686276374302 ], [ -81.667979958540499, 30.560666585359474 ], [ -81.667834849181077, 30.560615090583148 ], [ -81.667725304123749, 30.560479555328662 ], [ -81.667687711425742, 30.560281788278765 ], [ -81.667722372022666, 30.560051344334717 ], [ -81.667805000859133, 30.559779413433819 ], [ -81.667887698865869, 30.559517792294319 ], [ -81.667946389396647, 30.559287912769012 ], [ -81.668053358085729, 30.559047475366235 ], [ -81.668124254026267, 30.558816845934057 ], [ -81.66806224871209, 30.558577274511542 ], [ -81.66795170293156, 30.558295336700684 ], [ -81.667828909520424, 30.557993527822845 ], [ -81.667718582030489, 30.557743206598534 ], [ -81.667656790515352, 30.55753456627831 ], [ -81.667691813133345, 30.557357047293433 ], [ -81.667871963077047, 30.557220026123055 ], [ -81.668112665759111, 30.557125309974158 ], [ -81.668426023283033, 30.55707146246948 ], [ -81.668811953003825, 30.557017242078707 ], [ -81.669451637029439, 30.557034575248348 ], [ -81.670296772947054, 30.557072157126463 ], [ -81.670719097911586, 30.557069982648922 ], [ -81.6715636993316, 30.557044321335432 ], [ -81.672383460537375, 30.556914991244458 ], [ -81.67298437058038, 30.556535900569727 ], [ -81.672594729919155, 30.556036828035239 ], [ -81.671747731793957, 30.555727763775284 ], [ -81.670877045993038, 30.555481365682965 ], [ -81.670127371345728, 30.55527626811249 ], [ -81.669353434100884, 30.555050669567226 ], [ -81.668506842014196, 30.554783510783128 ], [ -81.667971527851549, 30.554159384214767 ], [ -81.667677268510559, 30.553492091264118 ], [ -81.667432077845348, 30.552929711576823 ], [ -81.667113133698663, 30.552179372853171 ], [ -81.666603352351331, 30.551743446456534 ], [ -81.665877411193819, 30.551475652723127 ], [ -81.664957960347721, 30.551145605314098 ], [ -81.66428098455971, 30.550982031318203 ], [ -81.663604961884218, 30.550943548921918 ], [ -81.662664668326869, 30.551094744485788 ], [ -81.661869109531466, 30.551245197925542 ], [ -81.660856442304947, 30.551396748878062 ], [ -81.660134193223257, 30.551671919909115 ], [ -81.659245375826629, 30.552302608659964 ], [ -81.658694054583933, 30.552869722505612 ], [ -81.658722365888423, 30.553475145803326 ], [ -81.659352137903213, 30.553806703841044 ], [ -81.660246192477928, 30.553947894038679 ], [ -81.660922803549937, 30.554070249582161 ], [ -81.661696429977653, 30.554253970202009 ], [ -81.662350010042417, 30.554522155437805 ], [ -81.662716749053772, 30.555209713614033 ], [ -81.662505211974036, 30.556046621410232 ], [ -81.662412588481729, 30.556632036783114 ], [ -81.66246495038132, 30.557237335276209 ], [ -81.662839839807276, 30.557647157350548 ], [ -81.662902753318193, 30.557715572897848 ], [ -81.663556260619401, 30.55798375166254 ], [ -81.663826096564435, 30.558609249891031 ], [ -81.663151482447319, 30.558800336909602 ], [ -81.663057365954998, 30.558800816508317 ], [ -81.662403216358356, 30.55880414585166 ], [ -81.661701502764075, 30.558557513449436 ], [ -81.661024295210723, 30.558351995380281 ], [ -81.661124759198842, 30.558936429914958 ], [ -81.661610813344566, 30.559414426327489 ], [ -81.661615771146614, 30.56014506595514 ], [ -81.661232972054592, 30.560648784078431 ], [ -81.660753709172425, 30.561173611472917 ], [ -81.660370897503995, 30.561676639688702 ], [ -81.659818963610263, 30.562159902647583 ], [ -81.659413151477295, 30.562830760686911 ], [ -81.659515303399829, 30.56366538665927 ], [ -81.65966553046141, 30.564458527230965 ], [ -81.659622932350658, 30.565294573259429 ], [ -81.659433777694531, 30.56588047505705 ], [ -81.659003817050092, 30.566550766704751 ], [ -81.658524935951917, 30.56713813362137 ], [ -81.658093556867627, 30.567600159115099 ], [ -81.657613538502304, 30.568020499193167 ], [ -81.657231249653378, 30.56860737379322 ], [ -81.656657240559881, 30.569403483501429 ], [ -81.656178613684915, 30.570032769980795 ], [ -81.655650036886897, 30.570411418876784 ], [ -81.654928997835896, 30.570874892147511 ], [ -81.654158089710194, 30.571128967067963 ], [ -81.653386443169339, 30.571258629357818 ], [ -81.652662489085259, 30.571304190016551 ], [ -81.651746622517109, 30.5715170484869 ], [ -81.651120853395241, 30.571812995915977 ], [ -81.650641162914994, 30.572275238135603 ], [ -81.650501312293244, 30.573027908827811 ], [ -81.650602565900513, 30.573737446612164 ], [ -81.650705034928322, 30.5746140056395 ], [ -81.650807690805735, 30.575533180312753 ], [ -81.650521948391955, 30.576119552372042 ], [ -81.649897534827844, 30.576623756776289 ], [ -81.649077854470448, 30.576794874629371 ], [ -81.648255392030606, 30.576548086877793 ], [ -81.647480086651598, 30.576134718133034 ], [ -81.646656147381421, 30.575678970085185 ], [ -81.645786548541992, 30.575599428520512 ], [ -81.645113304355675, 30.576020682132171 ], [ -81.644827703875706, 30.576648969750597 ], [ -81.644638989394082, 30.577318019151512 ], [ -81.644353759020021, 30.577988232533649 ], [ -81.644117333217025, 30.578741374736023 ], [ -81.643591145937677, 30.579495949577773 ], [ -81.642677014016343, 30.580001551706346 ], [ -81.641856644651099, 30.580089457594983 ], [ -81.641179879068886, 30.579967694016467 ], [ -81.640211706296682, 30.579596473628698 ], [ -81.63972606357936, 30.579180946217189 ], [ -81.63914335609897, 30.578682035801478 ], [ -81.638609467562674, 30.578267427900212 ], [ -81.637787291685413, 30.578062501467468 ], [ -81.637016379966454, 30.578316475578681 ], [ -81.636538129485601, 30.579029546161273 ], [ -81.63630191568501, 30.579824602823248 ], [ -81.6360653236937, 30.58057773153531 ], [ -81.635586603393946, 30.581206255665311 ], [ -81.634576610452015, 30.58183805632515 ], [ -81.633805937684926, 30.582134627293264 ], [ -81.6329384597679, 30.582389047792848 ], [ -81.632118872835278, 30.582601988655728 ], [ -81.631106234354831, 30.582815860170154 ], [ -81.630142124662669, 30.583071418030656 ], [ -81.629419419236811, 30.583325801271052 ], [ -81.62874523900598, 30.583621188331836 ], [ -81.62816821875964, 30.58399996126797 ], [ -81.627544276811065, 30.584587914647837 ], [ -81.627016583955296, 30.585133473265994 ], [ -81.626439817932166, 30.585554165776962 ], [ -81.625863046519157, 30.585974855688871 ], [ -81.625188567149337, 30.58622829713071 ], [ -81.624512579508149, 30.586231542013316 ], [ -81.623785021383128, 30.585733945423005 ], [ -81.623248479223477, 30.584900685600584 ], [ -81.622808744908752, 30.58410957595423 ], [ -81.622031609661519, 30.583402560944013 ], [ -81.62130381707621, 30.582863021656362 ], [ -81.620334092015213, 30.582240774024999 ], [ -81.619268655053943, 30.581744760905895 ], [ -81.618687099213744, 30.581413469257424 ], [ -81.617621576912512, 30.580916755872792 ], [ -81.6169919369501, 30.580627613287223 ], [ -81.615782179350234, 30.580215425863631 ] ], [ [ -81.965112902325032, 30.295426752377313 ], [ -81.965000661423531, 30.293984805120612 ], [ -81.961159437420861, 30.294137484525969 ], [ -81.961140756954535, 30.316936052122262 ], [ -81.968465037672942, 30.316827733222691 ], [ -81.969763405092422, 30.313542841857782 ], [ -81.986806726854681, 30.313394087984953 ], [ -81.98673763922281, 30.295365162079303 ], [ -81.965112902325032, 30.295426752377313 ] ] ] ] } },
{ "type": "Feature", "properties": { "FPLACE90": 2400, "ESN": "003", "Name": "City of Atlantic Beach", "city_code": 6, "Shape_Length": 19578.806886895676, "Shape_Area": 14116753.663678624 }, "geometry": { "type": "MultiPolygon", "coordinates": [ [ [ [ -81.397675315700553, 30.360389345461755 ], [ -81.396504695002676, 30.342636746475254 ], [ -81.396365433675754, 30.341610196282819 ], [ -81.396353021653482, 30.341332524445434 ], [ -81.396344549642023, 30.341147639964923 ], [ -81.396334332203978, 30.340922891924283 ], [ -81.396301942548106, 30.340210845783577 ], [ -81.396143364747616, 30.338961635702976 ], [ -81.396022650038063, 30.338012016514597 ], [ -81.395764851517839, 30.335982221383588 ], [ -81.395566203465791, 30.334075978329754 ], [ -81.395435271318178, 30.33304596253879 ], [ -81.395296564251794, 30.331657836112239 ], [ -81.395175711201674, 30.330126675182306 ], [ -81.395005431946316, 30.328767513335698 ], [ -81.395008014602752, 30.327880760095741 ], [ -81.394962210404742, 30.327376347234342 ], [ -81.394915195277704, 30.326866438920995 ], [ -81.394855751060419, 30.326418433747751 ], [ -81.394817147757692, 30.326128466816172 ], [ -81.394676822825474, 30.324628296961802 ], [ -81.395016947449932, 30.324627270323564 ], [ -81.395730716435352, 30.324635423722984 ], [ -81.397031431152669, 30.324641105901463 ], [ -81.398723697247846, 30.324626334407853 ], [ -81.400495759791355, 30.324603048946489 ], [ -81.401342527049536, 30.324630011385644 ], [ -81.402844688969338, 30.324583462945917 ], [ -81.404087794727488, 30.324550070042651 ], [ -81.405353957544037, 30.324535842095816 ], [ -81.40662040332991, 30.324542222146533 ], [ -81.407748413340585, 30.324508465563124 ], [ -81.408876421554652, 30.324474698887787 ], [ -81.410787132774075, 30.324448777778773 ], [ -81.412847644355352, 30.324432667126448 ], [ -81.414309517732974, 30.32441773431648 ], [ -81.415552616304595, 30.324384232799538 ], [ -81.416669215016228, 30.324370370046054 ], [ -81.418441994415375, 30.324355087517311 ], [ -81.420352798161275, 30.324329026803039 ], [ -81.421814767658617, 30.324314009457712 ], [ -81.423714066680674, 30.324307871319746 ], [ -81.42487654055725, 30.324252545091721 ], [ -81.426039459099883, 30.324300318059713 ], [ -81.427570365312135, 30.324285699270323 ], [ -81.429458226983996, 30.324269203988145 ], [ -81.431472671160861, 30.324252951406308 ], [ -81.43272743255983, 30.324238495445847 ], [ -81.434142801951822, 30.32412382160134 ], [ -81.435879988302744, 30.323878830339623 ], [ -81.436938188436088, 30.323675266521843 ], [ -81.43785825283156, 30.32350240330943 ], [ -81.438365720118711, 30.323269737302951 ], [ -81.438766329209557, 30.323951667906996 ], [ -81.439124968111997, 30.325503984456329 ], [ -81.43926298437394, 30.327777432798015 ], [ -81.438985020472202, 30.329969790432887 ], [ -81.438323186686617, 30.332135249498698 ], [ -81.438075457382411, 30.333939122104095 ], [ -81.437985868399124, 30.335354085740409 ], [ -81.438352098964046, 30.338625554895437 ], [ -81.438688712074054, 30.340234483388688 ], [ -81.436917780509461, 30.340257755054662 ], [ -81.435970698383514, 30.340266666929779 ], [ -81.436018151888391, 30.340370066329879 ], [ -81.435058644265425, 30.340377053170045 ], [ -81.434944811549258, 30.340382449906709 ], [ -81.434735713395526, 30.340392378940088 ], [ -81.432074217211095, 30.340518699384404 ], [ -81.432034096653865, 30.340303607593235 ], [ -81.429982594276581, 30.340316005908857 ], [ -81.424105941452012, 30.34036215457791 ], [ -81.423927422848877, 30.34036067146349 ], [ -81.423253755556061, 30.340397910574957 ], [ -81.421906774906645, 30.340416698749099 ], [ -81.420295003250828, 30.340437011898079 ], [ -81.418855917437043, 30.340461564280361 ], [ -81.417151937310578, 30.34048694543182 ], [ -81.415056642063178, 30.340508735476192 ], [ -81.413231763970842, 30.340524825652359 ], [ -81.412120849798313, 30.340520770159156 ], [ -81.411209286160386, 30.34052254167554 ], [ -81.411208713933561, 30.340590467868811 ], [ -81.411237980147206, 30.34258650935929 ], [ -81.41125533020859, 30.343311728469615 ], [ -81.411283209423445, 30.344198337312161 ], [ -81.41242073079637, 30.34418708996181 ], [ -81.413349117184623, 30.344170410420972 ], [ -81.413414915185925, 30.346107287303344 ], [ -81.413491003388785, 30.347804917136511 ], [ -81.413542291801619, 30.349022822101304 ], [ -81.413556471708389, 30.349662056292207 ], [ -81.413604918749968, 30.350251001186876 ], [ -81.413657262683273, 30.351719114979822 ], [ -81.413672410075577, 30.35258793545384 ], [ -81.413710459117752, 30.353436749387996 ], [ -81.41369070696129, 30.354205321007736 ], [ -81.413647761202498, 30.354924473607834 ], [ -81.41355495175894, 30.355557795844533 ], [ -81.413384695859762, 30.355542025180991 ], [ -81.413220675166968, 30.355529552053245 ], [ -81.411468600138505, 30.355403923824845 ], [ -81.406915899651054, 30.355089266135625 ], [ -81.406973533763036, 30.355847972499877 ], [ -81.406995357434539, 30.356045874339355 ], [ -81.407020935165633, 30.356241015447438 ], [ -81.407050475365438, 30.356436143763748 ], [ -81.407084375987623, 30.356631258513335 ], [ -81.407121843819823, 30.356826362796738 ], [ -81.40716327412072, 30.35702145428866 ], [ -81.407208458481193, 30.35721378431273 ], [ -81.40799169418753, 30.359960925353228 ], [ -81.408034274331996, 30.360241250293324 ], [ -81.407871549908165, 30.360243556288577 ], [ -81.404739138885489, 30.360300334137946 ], [ -81.402809360025842, 30.360350769118156 ], [ -81.402238729496105, 30.360359766752431 ], [ -81.401674439275666, 30.360368605485604 ], [ -81.398250210532936, 30.360392406423596 ], [ -81.397675315700553, 30.360389345461755 ] ] ] ] } },
{ "type": "Feature", "properties": { "FPLACE90": 48100, "ESN": "004", "Name": "City of Neptune Beach", "city_code": 17, "Shape_Length": 13460.3519916558, "Shape_Area": 8986482.4637174271 }, "geometry": { "type": "MultiPolygon", "coordinates": [ [ [ [ -81.400495759791355, 30.324603048946489 ], [ -81.398723697247846, 30.324626334407853 ], [ -81.397031431152669, 30.324641105901463 ], [ -81.395730716435352, 30.324635423722984 ], [ -81.395016947449932, 30.324627270323564 ], [ -81.394676822825474, 30.324628296961802 ], [ -81.394672893594432, 30.324587064710801 ], [ -81.394657372502977, 30.324421447746271 ], [ -81.394651104957219, 30.324389846756649 ], [ -81.394573291090666, 30.324003762389975 ], [ -81.394532167115287, 30.323282116063716 ], [ -81.394407206967685, 30.32215378218125 ], [ -81.394329659900777, 30.321784194010068 ], [ -81.394083905093566, 30.31913019399931 ], [ -81.39398080993999, 30.318711190299936 ], [ -81.393928693280458, 30.318359398269106 ], [ -81.393856785836903, 30.317813818370841 ], [ -81.393763576643025, 30.316745878634833 ], [ -81.393464504128758, 30.31491829149466 ], [ -81.39332263948414, 30.314312430043664 ], [ -81.393147196712519, 30.313233737884605 ], [ -81.393054989140182, 30.312363764745839 ], [ -81.392853712617622, 30.311162791572716 ], [ -81.392575755004088, 30.309803945928831 ], [ -81.392477721857134, 30.309060470878293 ], [ -81.392212648779733, 30.307751077884824 ], [ -81.392205535919302, 30.307705730493669 ], [ -81.392390720920176, 30.307705175982267 ], [ -81.392845424760807, 30.307694187348826 ], [ -81.393708443440772, 30.307661347854275 ], [ -81.394715510569824, 30.30764319166671 ], [ -81.395780055504005, 30.307635164041997 ], [ -81.396867711395515, 30.307611935034725 ], [ -81.398012823532582, 30.3075933344528 ], [ -81.399094796681595, 30.307585226943214 ], [ -81.400027056605353, 30.307582379930651 ], [ -81.400464326841259, 30.307570731297648 ], [ -81.400890113014569, 30.30755980391692 ], [ -81.401695771568725, 30.307547022214806 ], [ -81.402547401407517, 30.307539593300422 ], [ -81.403341656747429, 30.30754745884478 ], [ -81.404003591144317, 30.30759972103559 ], [ -81.404671326861319, 30.307617592607635 ], [ -81.405557297496813, 30.307580479854135 ], [ -81.406466519226797, 30.307562535374451 ], [ -81.407525473046661, 30.307544119362102 ], [ -81.408705043659708, 30.307525317126423 ], [ -81.409740865860996, 30.307517266225798 ], [ -81.410644342864742, 30.307499310876942 ], [ -81.411283016285651, 30.307482182252826 ], [ -81.411766454537272, 30.307475849950333 ], [ -81.412215233090279, 30.307469625447848 ], [ -81.412687161228163, 30.307457827121716 ], [ -81.413026592353219, 30.307447132391165 ], [ -81.413544512437014, 30.307445496771997 ], [ -81.414125832020289, 30.307448469426411 ], [ -81.414678194410413, 30.307441908336749 ], [ -81.415293891621303, 30.307424833215027 ], [ -81.415972986535067, 30.307412364814521 ], [ -81.41702025327308, 30.307394596352335 ], [ -81.418199897547979, 30.307370896533385 ], [ -81.419011294540155, 30.307357989944144 ], [ -81.419563656031954, 30.307351408684255 ], [ -81.419908968427166, 30.307350300432947 ], [ -81.422343211505961, 30.30734727814075 ], [ -81.424656617704329, 30.307339791045479 ], [ -81.424657859176051, 30.307627808035186 ], [ -81.424660562206753, 30.308254708453699 ], [ -81.424711850619573, 30.308964626213072 ], [ -81.424764123585973, 30.309925442522932 ], [ -81.424913656249856, 30.311094911662749 ], [ -81.425062472956441, 30.312097345550246 ], [ -81.425258699150476, 30.31293189858787 ], [ -81.425598421329667, 30.313557702653341 ], [ -81.426227050687416, 30.314140633670071 ], [ -81.426998993672285, 30.314472192886313 ], [ -81.427722813907423, 30.314804592381222 ], [ -81.428639079327553, 30.315093738249686 ], [ -81.429459170215054, 30.315425125186554 ], [ -81.430519944021668, 30.315714470848089 ], [ -81.431243782223092, 30.316046162773613 ], [ -81.431967526101417, 30.316377851249928 ], [ -81.432596027000073, 30.3169188204593 ], [ -81.433080122818467, 30.31750219520822 ], [ -81.433515088875666, 30.317835518078809 ], [ -81.434240425466996, 30.318501263992093 ], [ -81.435304470937879, 30.319542574366807 ], [ -81.436030757946781, 30.320417275989037 ], [ -81.436853243742817, 30.321250408913663 ], [ -81.437918089612637, 30.32245873198563 ], [ -81.438365720118711, 30.323269737302951 ], [ -81.43785825283156, 30.32350240330943 ], [ -81.436938188436088, 30.323675266521843 ], [ -81.435879988302744, 30.323878830339623 ], [ -81.434142801951822, 30.32412382160134 ], [ -81.43272743255983, 30.324238495445847 ], [ -81.431472671160861, 30.324252951406308 ], [ -81.429458226983996, 30.324269203988145 ], [ -81.427570365312135, 30.324285699270323 ], [ -81.426039459099883, 30.324300318059713 ], [ -81.42487654055725, 30.324252545091721 ], [ -81.423714066680674, 30.324307871319746 ], [ -81.421814767658617, 30.324314009457712 ], [ -81.420352798161275, 30.324329026803039 ], [ -81.418441994415375, 30.324355087517311 ], [ -81.416669215016228, 30.324370370046054 ], [ -81.415552616304595, 30.324384232799538 ], [ -81.414309517732974, 30.32441773431648 ], [ -81.412847644355352, 30.324432667126448 ], [ -81.410787132774075, 30.324448777778773 ], [ -81.408876421554652, 30.324474698887787 ], [ -81.407748413340585, 30.324508465563124 ], [ -81.40662040332991, 30.324542222146533 ], [ -81.405353957544037, 30.324535842095816 ], [ -81.404087794727488, 30.324550070042651 ], [ -81.402844688969338, 30.324583462945917 ], [ -81.401342527049536, 30.324630011385644 ], [ -81.400495759791355, 30.324603048946489 ] ] ] ] } },
{ "type": "Feature", "properties": { "FPLACE90": 3250, "ESN": "005", "Name": "City of Baldwin", "city_code": 18, "Shape_Length": 11446.287476725971, "Shape_Area": 7111717.3280414157 }, "geometry": { "type": "MultiPolygon", "coordinates": [ [ [ [ -81.968465037672942, 30.316827733222691 ], [ -81.961140756954535, 30.316936052122262 ], [ -81.961159437420861, 30.294137484525969 ], [ -81.965000661423531, 30.293984805120612 ], [ -81.965112902325032, 30.295426752377313 ], [ -81.98673763922281, 30.295365162079303 ], [ -81.986806726854681, 30.313394087984953 ], [ -81.969763405092422, 30.313542841857782 ], [ -81.968465037672942, 30.316827733222691 ] ] ] ] } },
{ "type": "Feature", "properties": { "FPLACE90": 35050, "ESN": "002", "Name": "City of Jacksonville Beach", "city_code": 7, "Shape_Length": 23635.16341952145, "Shape_Area": 29203485.996543776 }, "geometry": { "type": "MultiPolygon", "coordinates": [ [ [ [ -81.392195375973429, 30.307641145789695 ], [ -81.392157774292272, 30.307399980171148 ], [ -81.392114485377064, 30.307123086931096 ], [ -81.39203553783662, 30.306396051837687 ], [ -81.391738346394547, 30.304975394531059 ], [ -81.391712055401129, 30.304739006808031 ], [ -81.391691377979924, 30.30442011456606 ], [ -81.391348233219489, 30.302596087840008 ], [ -81.391262586043666, 30.301775584981382 ], [ -81.391076419184188, 30.30117672654691 ], [ -81.391042391899546, 30.300587036662499 ], [ -81.390843815712714, 30.300054205658931 ], [ -81.390816083821576, 30.299453498524809 ], [ -81.390751047591635, 30.299034376573687 ], [ -81.390102665179128, 30.295335333361169 ], [ -81.389822193181118, 30.293819756958623 ], [ -81.389811067546333, 30.293760673330386 ], [ -81.389727208017931, 30.293386975712419 ], [ -81.389694291050986, 30.293275714327695 ], [ -81.389534530169271, 30.292737265833413 ], [ -81.389406213017452, 30.292187724726762 ], [ -81.38936694046987, 30.292021489876515 ], [ -81.389211180684441, 30.291091208506923 ], [ -81.389088214796772, 30.290441289500894 ], [ -81.388998132638392, 30.290095105787053 ], [ -81.388947845847099, 30.28979692239966 ], [ -81.388894309849434, 30.289478125840049 ], [ -81.388816998141138, 30.289206143280232 ], [ -81.388759373910602, 30.289005593134686 ], [ -81.388687937184258, 30.288365144713847 ], [ -81.388679937686661, 30.288295053029746 ], [ -81.388585696328505, 30.287746784002504 ], [ -81.388524299173795, 30.287392265955138 ], [ -81.388312464751706, 30.286499269318689 ], [ -81.388247229994079, 30.286225876015354 ], [ -81.38818335708244, 30.285996471821342 ], [ -81.38811206049327, 30.285742343531751 ], [ -81.388029326553934, 30.285449754567825 ], [ -81.387655203390935, 30.283820340015605 ], [ -81.387544247978596, 30.283248747591621 ], [ -81.387518576822728, 30.283115467109422 ], [ -81.387467663007371, 30.28285715401374 ], [ -81.387445463840066, 30.282700491476525 ], [ -81.387330221667213, 30.28189381892248 ], [ -81.387169176194661, 30.281222013261289 ], [ -81.386962421745494, 30.280203890516393 ], [ -81.386590293740724, 30.278871424073088 ], [ -81.386460567132232, 30.278306759952123 ], [ -81.386454931102136, 30.2782834053043 ], [ -81.386451650454731, 30.278254543435882 ], [ -81.38636250434088, 30.27748491271883 ], [ -81.386291468263153, 30.277142794932313 ], [ -81.386169083585472, 30.276631726154818 ], [ -81.386015738471542, 30.276152369791784 ], [ -81.385950415679019, 30.275852853109939 ], [ -81.385899606068236, 30.275619285025929 ], [ -81.385865262576601, 30.275090084114602 ], [ -81.385813434276272, 30.27479808945797 ], [ -81.385784129435081, 30.274696440118859 ], [ -81.385578852714573, 30.273998640650358 ], [ -81.385447824447226, 30.273553587084642 ], [ -81.385279976931344, 30.27275531591614 ], [ -81.385074359749325, 30.272019021851055 ], [ -81.384893718427151, 30.271187791068048 ], [ -81.384727080941957, 30.270697473526205 ], [ -81.384530578066801, 30.269757679108103 ], [ -81.384527555235863, 30.269743939747119 ], [ -81.384436577457166, 30.269311140744474 ], [ -81.384411995059409, 30.269252095889989 ], [ -81.384295886910635, 30.268974724871306 ], [ -81.384224012704749, 30.268414011860099 ], [ -81.383835895586245, 30.266359804955513 ], [ -81.383784529918302, 30.266183979282243 ], [ -81.383635167934315, 30.265448892070715 ], [ -81.383616601554024, 30.26535820858302 ], [ -81.383319183736489, 30.264323844974026 ], [ -81.383128344739234, 30.263663118227484 ], [ -81.383063521410008, 30.263283859220124 ], [ -81.382889696504208, 30.262568089540181 ], [ -81.382715256252453, 30.261692843168657 ], [ -81.382484039779797, 30.260878253593084 ], [ -81.382324048929377, 30.26046077705616 ], [ -81.382310095398054, 30.260129487600231 ], [ -81.382360113593066, 30.259958864939581 ], [ -81.382359431771775, 30.259782890466838 ], [ -81.382237489065218, 30.25937492596438 ], [ -81.381941811284406, 30.258065590559358 ], [ -81.381747655707116, 30.25720689675569 ], [ -81.381631649966252, 30.256694429142467 ], [ -81.3816121340667, 30.2566133716964 ], [ -81.381501109484105, 30.256160005737723 ], [ -81.381422219435862, 30.255641643962203 ], [ -81.381319897731743, 30.255213388871795 ], [ -81.381187288429487, 30.254658486814407 ], [ -81.381010309538738, 30.253917838114575 ], [ -81.380771470860893, 30.252918354301915 ], [ -81.38158605238074, 30.252911446584779 ], [ -81.381928866561154, 30.252908545995247 ], [ -81.382808796026367, 30.252901074144578 ], [ -81.384065543600414, 30.252893293455752 ], [ -81.385906917456339, 30.252874706553943 ], [ -81.387509933233062, 30.252850131456515 ], [ -81.388949858073332, 30.252830969549585 ], [ -81.391374801792324, 30.252802643380544 ], [ -81.394173968387321, 30.25277878371373 ], [ -81.396450454725823, 30.252760092809602 ], [ -81.397937770188918, 30.252747858789576 ], [ -81.400387545138983, 30.25269735212018 ], [ -81.401542925019754, 30.25267402241909 ], [ -81.402429484950076, 30.252655849070816 ], [ -81.403450528068291, 30.252634899277737 ], [ -81.404508610522313, 30.252613213078991 ], [ -81.407197970650245, 30.252558088504731 ], [ -81.408743567012351, 30.25252664903859 ], [ -81.409955361092955, 30.252506891894367 ], [ -81.411948584367877, 30.252475020968554 ], [ -81.414015885416035, 30.252441809143637 ], [ -81.415542504867773, 30.252417659173531 ], [ -81.417253256494845, 30.252390544962562 ], [ -81.418384633391213, 30.252372615218938 ], [ -81.42201511262823, 30.252318052318014 ], [ -81.423261849376757, 30.252299296920011 ], [ -81.425720352358127, 30.252262274979977 ], [ -81.426034596519244, 30.252257519005955 ], [ -81.428888150714812, 30.252214478556102 ], [ -81.429993789081649, 30.252197783363346 ], [ -81.430027508244152, 30.252531406551491 ], [ -81.430005822913216, 30.253074528173578 ], [ -81.429912440344467, 30.253722371386669 ], [ -81.429651048563102, 30.254496560933429 ], [ -81.429293079803827, 30.255186515202759 ], [ -81.428983222116273, 30.255856376048541 ], [ -81.428697673738583, 30.256609332905754 ], [ -81.428436182244212, 30.257341588157487 ], [ -81.42819936387744, 30.258240801488846 ], [ -81.427866703354695, 30.259202881276064 ], [ -81.427438352491222, 30.260332311994709 ], [ -81.427056568495487, 30.261085579041502 ], [ -81.426433882391677, 30.261777075299616 ], [ -81.425811364272832, 30.26250981264883 ], [ -81.425453885993733, 30.263326236863563 ], [ -81.425048193336679, 30.264142129016214 ], [ -81.424474299227526, 30.26500049682976 ], [ -81.423804359943148, 30.265901104876999 ], [ -81.423062683895125, 30.266927049275104 ], [ -81.422585061336662, 30.267805719394534 ], [ -81.422395391047559, 30.268475176066868 ], [ -81.422326447146133, 30.269227419375699 ], [ -81.422306593480045, 30.270209097006944 ], [ -81.422239157849972, 30.271337345228023 ], [ -81.422171551540004, 30.272403040129507 ], [ -81.422055646410485, 30.273448268420587 ], [ -81.421915411309797, 30.27443033363669 ], [ -81.421847444775381, 30.275412852952485 ], [ -81.421803709397466, 30.276436538151732 ], [ -81.421759606608603, 30.277397670849329 ], [ -81.421691454122936, 30.278337571322048 ], [ -81.421575895743104, 30.279466660128101 ], [ -81.421484396941537, 30.280573674247847 ], [ -81.421439942013052, 30.281430322062221 ], [ -81.421299157143409, 30.282287279676144 ], [ -81.421086999327812, 30.28333281538907 ], [ -81.420991296410705, 30.284106451863394 ], [ -81.420970624379407, 30.284273557304036 ], [ -81.42102333392701, 30.285349173564644 ], [ -81.421051416161092, 30.286268140584887 ], [ -81.421274291776356, 30.287729529367393 ], [ -81.421470793753187, 30.288647954376785 ], [ -81.421569264379684, 30.289170063754053 ], [ -81.421740909074273, 30.289900906410583 ], [ -81.421912644498718, 30.290652371934289 ], [ -81.422180711660957, 30.29142414725629 ], [ -81.422424643786485, 30.292154756707799 ], [ -81.422547005107958, 30.292634855540214 ], [ -81.422717766758623, 30.293156729614768 ], [ -81.422889247061534, 30.29384564040577 ], [ -81.423109031573887, 30.294576325672111 ], [ -81.423353425433461, 30.295410728478998 ], [ -81.423524914719508, 30.296099638173818 ], [ -81.423647824013315, 30.296704841224884 ], [ -81.423747492992405, 30.29747784559213 ], [ -81.42382291195041, 30.298229618376499 ], [ -81.423970258114878, 30.298897982523613 ], [ -81.424165728825741, 30.299565503686082 ], [ -81.424288745019084, 30.300170705512148 ], [ -81.42441238643984, 30.300943630592361 ], [ -81.424536668359409, 30.301841661125426 ], [ -81.424612277760232, 30.302635364023608 ], [ -81.424639489526811, 30.303365983018654 ], [ -81.424618397982243, 30.304055514669638 ], [ -81.42464687278013, 30.305078962258253 ], [ -81.424604330364915, 30.306374850602626 ], [ -81.42463403046483, 30.306740450860879 ], [ -81.424655157043688, 30.307000907484952 ], [ -81.424656617704329, 30.307339791045479 ], [ -81.422343211505961, 30.30734727814075 ], [ -81.419908968427166, 30.307350300432947 ], [ -81.419563656031954, 30.307351408684255 ], [ -81.419011294540155, 30.307357989944144 ], [ -81.418199897547979, 30.307370896533385 ], [ -81.41702025327308, 30.307394596352335 ], [ -81.415972986535067, 30.307412364814521 ], [ -81.415293891621303, 30.307424833215027 ], [ -81.414678194410413, 30.307441908336749 ], [ -81.414125832020289, 30.307448469426411 ], [ -81.413544512437014, 30.307445496771997 ], [ -81.413026592353219, 30.307447132391165 ], [ -81.412687161228163, 30.307457827121716 ], [ -81.412215233090279, 30.307469625447848 ], [ -81.411766454537272, 30.307475849950333 ], [ -81.411283016285651, 30.307482182252826 ], [ -81.410644342864742, 30.307499310876942 ], [ -81.409740865860996, 30.307517266225798 ], [ -81.408705043659708, 30.307525317126423 ], [ -81.407525473046661, 30.307544119362102 ], [ -81.406466519226797, 30.307562535374451 ], [ -81.405557297496813, 30.307580479854135 ], [ -81.404671326861319, 30.307617592607635 ], [ -81.404003591144317, 30.30759972103559 ], [ -81.403341656747429, 30.30754745884478 ], [ -81.402547401407517, 30.307539593300422 ], [ -81.401695771568725, 30.307547022214806 ], [ -81.400890113014569, 30.30755980391692 ], [ -81.400464326841259, 30.307570731297648 ], [ -81.400027056605353, 30.307582379930651 ], [ -81.399094796681595, 30.307585226943214 ], [ -81.398012823532582, 30.3075933344528 ], [ -81.396867711395515, 30.307611935034725 ], [ -81.395780055504005, 30.307635164041997 ], [ -81.394715510569824, 30.30764319166671 ], [ -81.393708443440772, 30.307661347854275 ], [ -81.392845424760807, 30.307694187348826 ], [ -81.392390720920176, 30.307705175982267 ], [ -81.392205535919302, 30.307705730493669 ], [ -81.392195375973429, 30.307641145789695 ] ] ] ] } }
]
}
