{
  "type": "FeatureCollection",
  "crs": {
    "type": "name",
    "properties": {
      "name": "EPSG:4326"
    }
  },
  "features": [
    {
      "type": "Feature",
      "id": 134,
      "geometry": {
        "type": "Polygon",
        "coordinates": [
          [
            [
              -81.6918960003857,
              30.146656000279
            ],
            [
              -81.6917640001412,
              30.1478019997422
            ],
            [
              -81.6916770001026,
              30.1485719999922
            ],
            [
              -81.6910200001516,
              30.1543130002459
            ],
            [
              -81.6907130000049,
              30.1569900001009
            ],
            [
              -81.6903630002005,
              30.1600529999187
            ],
            [
              -81.6902159998874,
              30.1613399997782
            ],
            [
              -81.6902300001311,
              30.1618560002887
            ],
            [
              -81.6903840001169,
              30.1672920002714
            ],
            [
              -81.6904359999955,
              30.1691039999264
            ],
            [
              -81.690451999889,
              30.1696709999593
            ],
            [
              -81.6904999995695,
              30.1713719999031
            ],
            [
              -81.6905160003614,
              30.1719400003682
            ],
            [
              -81.6887560003955,
              30.1738400001847
            ],
            [
              -81.6885599996786,
              30.1740520002012
            ],
            [
              -81.6866030000692,
              30.1761639998135
            ],
            [
              -81.684160000213,
              30.1788020001015
            ],
            [
              -81.6834759995995,
              30.1795400003819
            ],
            [
              -81.6817159996336,
              30.1814399996496
            ],
            [
              -81.6816269999452,
              30.1818229996737
            ],
            [
              -81.6813619996313,
              30.1829720001304
            ],
            [
              -81.6812739997677,
              30.1833559997952
            ],
            [
              -81.6804539996101,
              30.1869099999428
            ],
            [
              -81.6796259999549,
              30.190494999616
            ],
            [
              -81.6795730002514,
              30.1908379998638
            ],
            [
              -81.6747300001967,
              30.1963269997694
            ],
            [
              -81.6507149999398,
              30.2235400002064
            ],
            [
              -81.6491330002491,
              30.2281620000245
            ],
            [
              -81.6518410004191,
              30.2418129999499
            ],
            [
              -81.6530160004041,
              30.2439400002943
            ],
            [
              -81.6581160003767,
              30.2501399997881
            ],
            [
              -81.6653160000738,
              30.2576399997396
            ],
            [
              -81.6671329999411,
              30.2593289998721
            ],
            [
              -81.6696169998053,
              30.2616390000532
            ],
            [
              -81.6702450003423,
              30.2623139998991
            ],
            [
              -81.680317000241,
              30.2731390000416
            ],
            [
              -81.6841180003802,
              30.283238999719
            ],
            [
              -81.6813680003774,
              30.2852549998895
            ],
            [
              -81.6774030002067,
              30.2881619997004
            ],
            [
              -81.6766170003842,
              30.2887390003137
            ],
            [
              -81.6739169997117,
              30.2904389997023
            ],
            [
              -81.6682169996895,
              30.2944390000764
            ],
            [
              -81.6681720003819,
              30.2959809997169
            ],
            [
              -81.6680169996729,
              30.3013389996721
            ],
            [
              -81.6677439998615,
              30.3106970002343
            ],
            [
              -81.6679060002431,
              30.3139529999189
            ],
            [
              -81.6677420002116,
              30.3140980003479
            ],
            [
              -81.6676600001959,
              30.3141739998773
            ],
            [
              -81.6676040001194,
              30.31421199962
            ],
            [
              -81.6675199995555,
              30.3143249999308
            ],
            [
              -81.6674679996769,
              30.3144070000061
            ],
            [
              -81.6673200004372,
              30.3147419999227
            ],
            [
              -81.6644349998169,
              30.3201120003478
            ],
            [
              -81.6641810002719,
              30.3205260003521
            ],
            [
              -81.6641269998453,
              30.3206040001795
            ],
            [
              -81.6640930004084,
              30.3206800000908
            ],
            [
              -81.6638659997293,
              30.3208199998547
            ],
            [
              -81.6636079999865,
              30.3209800002262
            ],
            [
              -81.6628110002934,
              30.3214060002511
            ],
            [
              -81.6617750002257,
              30.3218970002608
            ],
            [
              -81.6608939999686,
              30.3221399997565
            ],
            [
              -81.6605929996698,
              30.3222240000929
            ],
            [
              -81.6597020002653,
              30.3223689999133
            ],
            [
              -81.6587120002284,
              30.3222940000598
            ],
            [
              -81.658610999946,
              30.322287000298
            ],
            [
              -81.6582479997229,
              30.3222599999935
            ],
            [
              -81.6564710000385,
              30.3219159997995
            ],
            [
              -81.6559019999511,
              30.3218059998478
            ],
            [
              -81.6539479998164,
              30.3212120001454
            ],
            [
              -81.6512949998979,
              30.3204069998595
            ],
            [
              -81.6476169997824,
              30.3200390001844
            ],
            [
              -81.6421159999517,
              30.3183389998929
            ],
            [
              -81.6377580003189,
              30.3168510003701
            ],
            [
              -81.6368159999625,
              30.3165289998996
            ],
            [
              -81.6333250003431,
              30.3153369996709
            ],
            [
              -81.6298160002819,
              30.3141389997136
            ],
            [
              -81.6270579998831,
              30.3148880003335
            ],
            [
              -81.6269239999888,
              30.3149239998278
            ],
            [
              -81.6217410001755,
              30.318704000296
            ],
            [
              -81.6207269998491,
              30.3210829997066
            ],
            [
              -81.6184079998415,
              30.3271890001363
            ],
            [
              -81.6183679996585,
              30.3272920000666
            ],
            [
              -81.6164920002399,
              30.3273029996839
            ],
            [
              -81.6162339995988,
              30.3273039999311
            ],
            [
              -81.6148310000082,
              30.3273120003568
            ],
            [
              -81.6143690000509,
              30.3273150003225
            ],
            [
              -81.6111019998391,
              30.3273330001142
            ],
            [
              -81.6080060002298,
              30.3273509999027
            ],
            [
              -81.6060570001181,
              30.3285120002095
            ],
            [
              -81.6058629999493,
              30.3288420003633
            ],
            [
              -81.6064510003034,
              30.3288420003633
            ],
            [
              -81.6069760000099,
              30.3288420003633
            ],
            [
              -81.6080870004207,
              30.3288310001435
            ],
            [
              -81.6086470002873,
              30.3288199999224
            ],
            [
              -81.6090079999623,
              30.3288180002346
            ],
            [
              -81.609018999833,
              30.3289750000335
            ],
            [
              -81.6090249996808,
              30.3294469996959
            ],
            [
              -81.608990000419,
              30.329944000264
            ],
            [
              -81.6089979999166,
              30.3302359997538
            ],
            [
              -81.6090049995893,
              30.3303289997458
            ],
            [
              -81.6090249996808,
              30.3304629999374
            ],
            [
              -81.6090480001453,
              30.3305760001127
            ],
            [
              -81.6090869996051,
              30.3307129998279
            ],
            [
              -81.6091000000239,
              30.3307569998542
            ],
            [
              -81.6092060003291,
              30.3309929999399
            ],
            [
              -81.6094039997975,
              30.3313539996672
            ],
            [
              -81.6095460000877,
              30.3316180001267
            ],
            [
              -81.609603999814,
              30.3317600001675
            ],
            [
              -81.6096230000806,
              30.3318619997422
            ],
            [
              -81.6096339999513,
              30.3319970003614
            ],
            [
              -81.6096430001721,
              30.3323839999158
            ],
            [
              -81.6097810002643,
              30.3323810001054
            ],
            [
              -81.6102049996885,
              30.3323730000938
            ],
            [
              -81.6105779999574,
              30.3323709997031
            ],
            [
              -81.6105870001783,
              30.3327639997031
            ],
            [
              -81.6105889998281,
              30.3332249999853
            ],
            [
              -81.6105910003762,
              30.3337070003646
            ],
            [
              -81.610601000422,
              30.3338510000627
            ],
            [
              -81.6096930004008,
              30.3338470001169
            ],
            [
              -81.6087510000444,
              30.3338510000627
            ],
            [
              -81.6078320001525,
              30.3338489997021
            ],
            [
              -81.6069199999334,
              30.3338770000932
            ],
            [
              -81.6059909999958,
              30.3338789996778
            ],
            [
              -81.6060460002474,
              30.3349980000351
            ],
            [
              -81.6060529999201,
              30.3351159996906
            ],
            [
              -81.60601799976,
              30.336022999929
            ],
            [
              -81.6059990003917,
              30.3363889997162
            ],
            [
              -81.6057549999943,
              30.3363760000353
            ],
            [
              -81.6056250002979,
              30.3363630003527
            ],
            [
              -81.6055840002901,
              30.3363630003527
            ],
            [
              -81.6055399999091,
              30.336358000355
            ],
            [
              -81.6052679999225,
              30.3363649998865
            ],
            [
              -81.6051370004013,
              30.3363780003442
            ],
            [
              -81.6048570000188,
              30.336422000151
            ],
            [
              -81.6043359996119,
              30.336514999695
            ],
            [
              -81.6042629998169,
              30.336531999969
            ],
            [
              -81.6038429996924,
              30.3366240000319
            ],
            [
              -81.6035780002768,
              30.3366720003339
            ],
            [
              -81.6034329996136,
              30.336703000371
            ],
            [
              -81.6031139997713,
              30.3367520000095
            ],
            [
              -81.6029430000671,
              30.3367580001376
            ],
            [
              -81.602583000217,
              30.3367569999871
            ],
            [
              -81.6025780001941,
              30.3369799999668
            ],
            [
              -81.6025699997982,
              30.3376670001782
            ],
            [
              -81.6025709996231,
              30.3377600000903
            ],
            [
              -81.6025730001713,
              30.3380680001771
            ],
            [
              -81.6025589999276,
              30.3383130001355
            ],
            [
              -81.6025589999276,
              30.3383840003665
            ],
            [
              -81.6025530000798,
              30.3384369996974
            ],
            [
              -81.6025480000569,
              30.3385599997452
            ],
            [
              -81.6025480000569,
              30.3386419996913
            ],
            [
              -81.6025680001484,
              30.3391340002513
            ],
            [
              -81.6025659996003,
              30.339414999665
            ],
            [
              -81.6025720003464,
              30.339756000058
            ],
            [
              -81.6025840000419,
              30.340104000078
            ],
            [
              -81.602615999829,
              30.3415519996925
            ],
            [
              -81.602615000004,
              30.3417999997568
            ],
            [
              -81.6026330004457,
              30.3426599997391
            ],
            [
              -81.6026450001413,
              30.3430009996818
            ],
            [
              -81.6039759997618,
              30.34299700011
            ],
            [
              -81.6040090002721,
              30.3450010000348
            ],
            [
              -81.6027060002406,
              30.345022999941
            ],
            [
              -81.6027179999362,
              30.3452839997888
            ],
            [
              -81.6027210003093,
              30.3458089998963
            ],
            [
              -81.6027370002028,
              30.3462450002091
            ],
            [
              -81.6027410004008,
              30.346350000355
            ],
            [
              -81.6027499997232,
              30.347164000198
            ],
            [
              -81.6027580001192,
              30.3475039999126
            ],
            [
              -81.6027589999441,
              30.3479800003192
            ],
            [
              -81.6027260003322,
              30.3483319999126
            ],
            [
              -81.6026760001035,
              30.349300000018
            ],
            [
              -81.6026640004079,
              30.3494369998889
            ],
            [
              -81.6026340002706,
              30.350105000003
            ],
            [
              -81.602615999829,
              30.3507009996533
            ],
            [
              -81.602615000004,
              30.3509819999682
            ],
            [
              -81.6026230003999,
              30.3511990000813
            ],
            [
              -81.6026230003999,
              30.3513160003604
            ],
            [
              -81.6026250000498,
              30.3514849997417
            ],
            [
              -81.6026560000119,
              30.3516019996789
            ],
            [
              -81.6026390002935,
              30.3517700001193
            ],
            [
              -81.6026290002478,
              30.3520289998133
            ],
            [
              -81.6026719999055,
              30.3523339999866
            ],
            [
              -81.6026850003243,
              30.3523830003273
            ],
            [
              -81.6027010002178,
              30.3524820001501
            ],
            [
              -81.6027050004158,
              30.3525319996309
            ],
            [
              -81.6027149995632,
              30.3525809998724
            ],
            [
              -81.602727999982,
              30.3527179998007
            ],
            [
              -81.6027480000734,
              30.3527930003819
            ],
            [
              -81.6028510000056,
              30.353069000196
            ],
            [
              -81.6029609996104,
              30.3534450003863
            ],
            [
              -81.6030250000829,
              30.3536129999879
            ],
            [
              -81.603096000228,
              30.3537720002863
            ],
            [
              -81.6031539999543,
              30.3539149999489
            ],
            [
              -81.6032829998257,
              30.3541990002527
            ],
            [
              -81.6035049995836,
              30.3547320003279
            ],
            [
              -81.6035430001168,
              30.3548270002357
            ],
            [
              -81.6037079999732,
              30.3552419999342
            ],
            [
              -81.6040390004093,
              30.3560710002982
            ],
            [
              -81.6048219998587,
              30.3580869998794
            ],
            [
              -81.6050219998753,
              30.3586419996457
            ],
            [
              -81.6050810003248,
              30.3588450001004
            ],
            [
              -81.6051619996174,
              30.3590450003656
            ],
            [
              -81.6052820001663,
              30.3594259996618
            ],
            [
              -81.6053780004257,
              30.3596589998652
            ],
            [
              -81.6055730004194,
              30.360248000077
            ],
            [
              -81.6056729999785,
              30.3605329997312
            ],
            [
              -81.6057120003366,
              30.3606290001133
            ],
            [
              -81.6057659998649,
              30.3607949999701
            ],
            [
              -81.6057829995833,
              30.3608459997574
            ],
            [
              -81.6059640002317,
              30.3613499998739
            ],
            [
              -81.6060100002624,
              30.361493000086
            ],
            [
              -81.6061099998215,
              30.3617890003812
            ],
            [
              -81.6061680004461,
              30.3619440002203
            ],
            [
              -81.6062820002489,
              30.3623119997396
            ],
            [
              -81.6063209997087,
              30.3624099997025
            ],
            [
              -81.6063879996559,
              30.3626310003657
            ],
            [
              -81.6064019998995,
              30.3626759998819
            ],
            [
              -81.6065829996495,
              30.3631919999853
            ],
            [
              -81.6065990004414,
              30.3632490001272
            ],
            [
              -81.6066289996802,
              30.3633349998296
            ],
            [
              -81.6067219995667,
              30.3636050000984
            ],
            [
              -81.606750999879,
              30.3636740000562
            ],
            [
              -81.6068160001763,
              30.3638869996522
            ],
            [
              -81.6068449995903,
              30.3639419996436
            ],
            [
              -81.604550999697,
              30.3645009997601
            ],
            [
              -81.6021930002297,
              30.3650769997475
            ],
            [
              -81.6009620001683,
              30.3653789999705
            ],
            [
              -81.6006559998466,
              30.3654569997174
            ],
            [
              -81.5996700000076,
              30.3656910001351
            ],
            [
              -81.5993970001961,
              30.3657569998337
            ],
            [
              -81.5988690001164,
              30.3658849996857
            ],
            [
              -81.5987300001993,
              30.3659149999176
            ],
            [
              -81.5984020001362,
              30.3659899996816
            ],
            [
              -81.5979590004454,
              30.3660989997426
            ],
            [
              -81.5974120000993,
              30.366231999944
            ],
            [
              -81.5972890000756,
              30.3662629999182
            ],
            [
              -81.5971080003256,
              30.3662910003367
            ],
            [
              -81.5967099999424,
              30.3663049997678
            ],
            [
              -81.5960770002808,
              30.3663239999891
            ],
            [
              -81.5951089999852,
              30.3663440000549
            ],
            [
              -81.5921749998593,
              30.3663850000218
            ],
            [
              -81.5916750002671,
              30.366395000049
            ],
            [
              -81.590289000395,
              30.3663990002145
            ],
            [
              -81.5901909995873,
              30.3663969997442
            ],
            [
              -81.5896049997814,
              30.3664119997827
            ],
            [
              -81.5887760003013,
              30.3664279996662
            ],
            [
              -81.5881750004267,
              30.366437999689
            ],
            [
              -81.587909000288,
              30.3664469998636
            ],
            [
              -81.5874060003227,
              30.3664510000271
            ],
            [
              -81.5871400001839,
              30.3664469998636
            ],
            [
              -81.587019999635,
              30.36645000018
            ],
            [
              -81.5862480000563,
              30.3664550001904
            ],
            [
              -81.5861340002535,
              30.3664610000475
            ],
            [
              -81.5858959997038,
              30.3664700002199
            ],
            [
              -81.5852439997756,
              30.3664710000669
            ],
            [
              -81.584863999834,
              30.3664789996165
            ],
            [
              -81.5847149998711,
              30.3664819999319
            ],
            [
              -81.5843519996479,
              30.3664900002559
            ],
            [
              -81.5837909999564,
              30.3665010001188
            ],
            [
              -81.5834749995888,
              30.3665069999731
            ],
            [
              -81.5824030004344,
              30.3665119999806
            ],
            [
              -81.5820760001963,
              30.3665179998342
            ],
            [
              -81.5816450002011,
              30.3665250003088
            ],
            [
              -81.5806340002478,
              30.3665429998661
            ],
            [
              -81.5801100003661,
              30.3665529998771
            ],
            [
              -81.5793620001785,
              30.3665660001999
            ],
            [
              -81.5790990004127,
              30.3665679998917
            ],
            [
              -81.5779860003521,
              30.3665839997497
            ],
            [
              -81.5769960003152,
              30.3666089997647
            ],
            [
              -81.5762869995873,
              30.3666279999269
            ],
            [
              -81.5743640003131,
              30.3666420000849
            ],
            [
              -81.5741829996648,
              30.3666429999301
            ],
            [
              -81.5736360002169,
              30.3666560002409
            ],
            [
              -81.5726050001721,
              30.3666639997754
            ],
            [
              -81.5719590000917,
              30.3666629999305
            ],
            [
              -81.5716460000973,
              30.3666660002403
            ],
            [
              -81.5711720004444,
              30.3666820000823
            ],
            [
              -81.5706879998474,
              30.366692000079
            ],
            [
              -81.5704490003711,
              30.3666929999236
            ],
            [
              -81.5703509995634,
              30.3666929999236
            ],
            [
              -81.5697050003814,
              30.3667020000747
            ],
            [
              -81.5692070004391,
              30.366712999914
            ],
            [
              -81.568879000376,
              30.3667279999039
            ],
            [
              -81.5684419996347,
              30.3667270000597
            ],
            [
              -81.5683680000148,
              30.3667279999039
            ],
            [
              -81.5678089999731,
              30.3667350003635
            ],
            [
              -81.5675589997278,
              30.3667350003635
            ],
            [
              -81.5661460000916,
              30.3667370000519
            ],
            [
              -81.5656559996468,
              30.3667339997443
            ],
            [
              -81.5640990000705,
              30.3667800003165
            ],
            [
              -81.5609950000653,
              30.3668529997314
            ],
            [
              -81.5602619999462,
              30.3668529997314
            ],
            [
              -81.5596200000639,
              30.3668540003494
            ],
            [
              -81.5594019996056,
              30.3668400002218
            ],
            [
              -81.5592250000537,
              30.3668050002816
            ],
            [
              -81.5590340002579,
              30.3667500003502
            ],
            [
              -81.5589239997548,
              30.3667089997612
            ],
            [
              -81.5586509999433,
              30.3665910002196
            ],
            [
              -81.5583279999031,
              30.3663930003536
            ],
            [
              -81.5581749997422,
              30.3662670000892
            ],
            [
              -81.5579660004031,
              30.3660729997462
            ],
            [
              -81.5567040003796,
              30.3649910000268
            ],
            [
              -81.5544599998168,
              30.3630390003377
            ],
            [
              -81.55346800013,
              30.362145000241
            ],
            [
              -81.5533869999391,
              30.3620719996372
            ],
            [
              -81.5531869999226,
              30.3618909996678
            ],
            [
              -81.5529199999589,
              30.3627029998917
            ],
            [
              -81.5521049998241,
              30.3654179998517
            ],
            [
              -81.5520160001356,
              30.3657149997488
            ],
            [
              -81.5518839998912,
              30.3662150001789
            ],
            [
              -81.5517960000276,
              30.3666439997751
            ],
            [
              -81.5517900001799,
              30.3666770000835
            ],
            [
              -81.5517409997761,
              30.3669369996807
            ],
            [
              -81.5516500004378,
              30.3675740001124
            ],
            [
              -81.5516100002548,
              30.3679150000352
            ],
            [
              -81.5515759999196,
              30.3683070000909
            ],
            [
              -81.5515580003762,
              30.3686119998894
            ],
            [
              -81.5515390001096,
              30.3692819996896
            ],
            [
              -81.5515790002926,
              30.3704249998202
            ],
            [
              -81.5516500004378,
              30.3710589998306
            ],
            [
              -81.5517180002098,
              30.3714989999516
            ],
            [
              -81.5518289996396,
              30.372085000015
            ],
            [
              -81.5519590002342,
              30.3726680003155
            ],
            [
              -81.5520939999534,
              30.3732359997002
            ],
            [
              -81.5523459998485,
              30.3739980001646
            ],
            [
              -81.5526110001624,
              30.3746899996915
            ],
            [
              -81.5526279998808,
              30.3747300002715
            ],
            [
              -81.5536060002222,
              30.3773370002373
            ],
            [
              -81.5544790000834,
              30.379358000195
            ],
            [
              -81.5555800004484,
              30.3820790000055
            ],
            [
              -81.5562309996533,
              30.3836130003024
            ],
            [
              -81.5564990003403,
              30.3842519998974
            ],
            [
              -81.5568480003197,
              30.3850530002987
            ],
            [
              -81.5559279997046,
              30.3853959997776
            ],
            [
              -81.5555999996415,
              30.3853500002156
            ],
            [
              -81.5517270004306,
              30.385249000259
            ],
            [
              -81.5483849998758,
              30.3853770001632
            ],
            [
              -81.5452959999392,
              30.3855139998689
            ],
            [
              -81.5421059997202,
              30.3856479996553
            ],
            [
              -81.5393490000447,
              30.3857159999046
            ],
            [
              -81.538348999962,
              30.3857179999796
            ],
            [
              -81.5382130004179,
              30.387238999824
            ],
            [
              -81.5366130002856,
              30.3887390002654
            ],
            [
              -81.5218189998076,
              30.3912039996898
            ],
            [
              -81.5126120002724,
              30.3927389996612
            ],
            [
              -81.510022999928,
              30.3920390002958
            ],
            [
              -81.5073149997579,
              30.391308000018
            ],
            [
              -81.5052109998354,
              30.3907389999009
            ],
            [
              -81.5017179996678,
              30.391080999971
            ],
            [
              -81.4909110000002,
              30.392138999848
            ],
            [
              -81.4898640000618,
              30.3921330000173
            ],
            [
              -81.4708099998604,
              30.3920390002958
            ],
            [
              -81.4638489996395,
              30.3871360002242
            ],
            [
              -81.4593100002567,
              30.3839400000715
            ],
            [
              -81.4503089996875,
              30.3809400000869
            ],
            [
              -81.4390090001004,
              30.3865400002129
            ],
            [
              -81.4378159996738,
              30.3878089998063
            ],
            [
              -81.4271560003194,
              30.3991569997757
            ],
            [
              -81.4235550001967,
              30.4030009996492
            ],
            [
              -81.4091730003457,
              30.4023019997045
            ],
            [
              -81.3999590002394,
              30.3992999996935
            ],
            [
              -81.3998499995612,
              30.3992759998033
            ],
            [
              -81.3953610004071,
              30.3983099999032
            ],
            [
              -81.3944240000736,
              30.3981089998613
            ],
            [
              -81.3905309998729,
              30.3973200001503
            ],
            [
              -81.3887049997848,
              30.3969500000772
            ],
            [
              -81.3748069996325,
              30.396105000298
            ],
            [
              -81.317259999962,
              30.3961120002033
            ],
            [
              -81.3174609998034,
              30.3940770002915
            ],
            [
              -81.3179289996086,
              30.3927930001145
            ],
            [
              -81.3187510003144,
              30.3888759999065
            ],
            [
              -81.3207330000381,
              30.3816160003458
            ],
            [
              -81.3215630002415,
              30.3785740003331
            ],
            [
              -81.3235480003383,
              30.3752409999826
            ],
            [
              -81.3252820003649,
              30.3722319999572
            ],
            [
              -81.3294399999812,
              30.3667620000278
            ],
            [
              -81.3335990003207,
              30.3623860000528
            ],
            [
              -81.3353810000278,
              30.3612920002758
            ],
            [
              -81.3353810000278,
              30.3610250003053
            ],
            [
              -81.335380000203,
              30.3424079999319
            ],
            [
              -81.335380000203,
              30.3377710000825
            ],
            [
              -81.3341750000808,
              30.3244570002044
            ],
            [
              -81.3335979995974,
              30.3180789999025
            ],
            [
              -81.3331659997773,
              30.3153709998133
            ],
            [
              -81.3318739996165,
              30.307283999992
            ],
            [
              -81.3317709996844,
              30.3066409999516
            ],
            [
              -81.3308660000362,
              30.300976999741
            ],
            [
              -81.3306269996616,
              30.2994809999494
            ],
            [
              -81.330322999888,
              30.2981860000823
            ],
            [
              -81.3280659998046,
              30.2885710003495
            ],
            [
              -81.327037000308,
              30.284189999965
            ],
            [
              -81.3258749998435,
              30.2792420002278
            ],
            [
              -81.3179279997836,
              30.252938999853
            ],
            [
              -81.320184999867,
              30.2529200001419
            ],
            [
              -81.3186249999176,
              30.246181000343
            ],
            [
              -81.315985000418,
              30.236116000152
            ],
            [
              -81.3004789997374,
              30.1806199997108
            ],
            [
              -81.285314000437,
              30.1252440000711
            ],
            [
              -81.2627910003574,
              30.0319610002967
            ],
            [
              -81.2551339998274,
              30.0002449999311
            ],
            [
              -81.2497929998304,
              29.9828850001013
            ],
            [
              -81.2457430001692,
              29.9720460001032
            ],
            [
              -81.2421549995669,
              29.9624449996338
            ],
            [
              -81.2390909997448,
              29.9555969999701
            ],
            [
              -81.2370310002032,
              29.9479059998091
            ],
            [
              -81.2351680003051,
              29.9422719998838
            ],
            [
              -81.2325720002881,
              29.9373810000183
            ],
            [
              -81.2268389997555,
              29.9291170003511
            ],
            [
              -81.2262999998053,
              29.9277530001427
            ],
            [
              -81.2238529997511,
              29.9215599999941
            ],
            [
              -81.2208659999218,
              29.9119469996876
            ],
            [
              -81.2180310004284,
              29.9012190000311
            ],
            [
              -81.2149270004232,
              29.8909630003095
            ],
            [
              -81.2119050004338,
              29.8838109999693
            ],
            [
              -81.2093799996635,
              29.8756109999912
            ],
            [
              -81.2092680004088,
              29.8752469996634
            ],
            [
              -81.2090309996841,
              29.874180999797
            ],
            [
              -81.2081550003483,
              29.8680259996889
            ],
            [
              -81.2076289999185,
              29.8630100000927
            ],
            [
              -81.206514000208,
              29.8555670001243
            ],
            [
              -81.2062759996584,
              29.8479860003337
            ],
            [
              -81.2061960001907,
              29.838480999621
            ],
            [
              -81.2490239997263,
              29.8260380001703
            ],
            [
              -81.258262999947,
              29.8225769997437
            ],
            [
              -81.258262999947,
              29.8226599998107
            ],
            [
              -81.262402000195,
              29.8220549999965
            ],
            [
              -81.26240100037,
              29.8220360000976
            ],
            [
              -81.2624120002407,
              29.821859999714
            ],
            [
              -81.2624110004158,
              29.8216849997161
            ],
            [
              -81.2624049996697,
              29.8216130002649
            ],
            [
              -81.2623870001263,
              29.821377000098
            ],
            [
              -81.2623369998977,
              29.8210720000773
            ],
            [
              -81.2622940002399,
              29.8206780002676
            ],
            [
              -81.2622289999426,
              29.8202640002976
            ],
            [
              -81.2621960003306,
              29.8198250002448
            ],
            [
              -81.2621589996224,
              29.8195190002271
            ],
            [
              -81.2650779996797,
              29.8195060002538
            ],
            [
              -81.2698160001524,
              29.8194580000987
            ],
            [
              -81.2699729996129,
              29.8194479999336
            ],
            [
              -81.2702670002391,
              29.8204110000993
            ],
            [
              -81.2705199999591,
              29.8212359996828
            ],
            [
              -81.2706279999141,
              29.8215960001162
            ],
            [
              -81.2711800002831,
              29.821590999751
            ],
            [
              -81.271077000351,
              29.8212359996828
            ],
            [
              -81.2710179999015,
              29.8210590003062
            ],
            [
              -81.2712820003904,
              29.8210590003062
            ],
            [
              -81.2714120000867,
              29.8210539999142
            ],
            [
              -81.2719669999305,
              29.8210490003012
            ],
            [
              -81.2723860002301,
              29.8210439999086
            ],
            [
              -81.2725750003761,
              29.8210420000633
            ],
            [
              -81.2727650003469,
              29.8210410001406
            ],
            [
              -81.2729539995944,
              29.8210390002952
            ],
            [
              -81.2731429997403,
              29.8210369996704
            ],
            [
              -81.2733319998862,
              29.821034999825
            ],
            [
              -81.2735210000321,
              29.8210329999794
            ],
            [
              -81.2737110000029,
              29.8210310001339
            ],
            [
              -81.2739000001488,
              29.8210290002883
            ],
            [
              -81.2742840002883,
              29.8210249998176
            ],
            [
              -81.2743550004335,
              29.8210239998947
            ],
            [
              -81.2753229998308,
              29.8210100001944
            ],
            [
              -81.2758149999254,
              29.8210090002713
            ],
            [
              -81.2759179998575,
              29.8213609998287
            ],
            [
              -81.27598200033,
              29.8215789999647
            ],
            [
              -81.2759970003986,
              29.8216269998808
            ],
            [
              -81.2760119995689,
              29.8216790002185
            ],
            [
              -81.2760600001478,
              29.8218430003867
            ],
            [
              -81.2761089996533,
              29.822008000199
            ],
            [
              -81.2761570002321,
              29.8221719998274
            ],
            [
              -81.2762049999127,
              29.822336999876
            ],
            [
              -81.2762540003165,
              29.822500999744
            ],
            [
              -81.2763019999971,
              29.8226660000288
            ],
            [
              -81.2763499996777,
              29.8228300001364
            ],
            [
              -81.2763990000815,
              29.8229949998781
            ],
            [
              -81.276446999762,
              29.8231590002252
            ],
            [
              -81.2764960001658,
              29.823324000203
            ],
            [
              -81.2765439998464,
              29.8234880000103
            ],
            [
              -81.2765730001587,
              29.8235870000155
            ],
            [
              -81.2765840000294,
              29.8236509996519
            ],
            [
              -81.2765730001587,
              29.8236530002244
            ],
            [
              -81.2763370001572,
              29.8236550000175
            ],
            [
              -81.2763399996319,
              29.8238190000609
            ],
            [
              -81.2763470002029,
              29.823844999663
            ],
            [
              -81.2763379999821,
              29.8238819996545
            ],
            [
              -81.2763720003173,
              29.8239019998759
            ],
            [
              -81.2763580000736,
              29.8239089999135
            ],
            [
              -81.276274000408,
              29.8239309999171
            ],
            [
              -81.2761870003694,
              29.8239409996337
            ],
            [
              -81.2761399996154,
              29.8239570002693
            ],
            [
              -81.2761050003536,
              29.823988999974
            ],
            [
              -81.276082999714,
              29.8239989996849
            ],
            [
              -81.2759089996367,
              29.8240250000195
            ],
            [
              -81.2757310002598,
              29.8240789996735
            ],
            [
              -81.2756760000082,
              29.8241059998793
            ],
            [
              -81.2756550000918,
              29.8241330000777
            ],
            [
              -81.2756280003276,
              29.8241950003615
            ],
            [
              -81.2756369996501,
              29.8243050000161
            ],
            [
              -81.2756299999775,
              29.8243600001878
            ],
            [
              -81.2756390001983,
              29.8244360003326
            ],
            [
              -81.2756330003505,
              29.8244909996529
            ],
            [
              -81.2756330003505,
              29.8246279998258
            ],
            [
              -81.2755429999388,
              29.8246320001522
            ],
            [
              -81.2747849997054,
              29.824645000238
            ],
            [
              -81.2746249998719,
              29.8246470000112
            ],
            [
              -81.2743289995959,
              29.8246520002235
            ],
            [
              -81.2741369999752,
              29.8246559997697
            ],
            [
              -81.2739450003546,
              29.8246590002086
            ],
            [
              -81.2737400003152,
              29.824661999868
            ],
            [
              -81.2736530002766,
              29.824663999641
            ],
            [
              -81.2735720000857,
              29.8246569996563
            ],
            [
              -81.2734609997576,
              29.824645000238
            ],
            [
              -81.2732719996118,
              29.8246479998978
            ],
            [
              -81.2732580002664,
              29.8246479998978
            ],
            [
              -81.273161000182,
              29.8246489997844
            ],
            [
              -81.2731519999612,
              29.8246139998508
            ],
            [
              -81.2731479997632,
              29.8246040002015
            ],
            [
              -81.2731469999383,
              29.8245369999536
            ],
            [
              -81.2731460001133,
              29.8243520002923
            ],
            [
              -81.2731369998925,
              29.8242460002518
            ],
            [
              -81.2731390004407,
              29.824218000193
            ],
            [
              -81.2731350002427,
              29.8241030002031
            ],
            [
              -81.2731319998697,
              29.8239899998673
            ],
            [
              -81.2730959998846,
              29.8238530003786
            ],
            [
              -81.2729739996859,
              29.8238540002731
            ],
            [
              -81.2727839997151,
              29.8238560000622
            ],
            [
              -81.2724480001545,
              29.8238599996401
            ],
            [
              -81.2722680002294,
              29.8238620002085
            ],
            [
              -81.2722170001758,
              29.8236970003394
            ],
            [
              -81.2720840001064,
              29.8237000000277
            ],
            [
              -81.2713180003754,
              29.8237039996119
            ],
            [
              -81.2712749998194,
              29.8237039996119
            ],
            [
              -81.2713030003068,
              29.8237970000328
            ],
            [
              -81.2716210003241,
              29.8248300001364
            ],
            [
              -81.2719500002121,
              29.8258850000472
            ],
            [
              -81.2721419998327,
              29.8265020000335
            ],
            [
              -81.272576000201,
              29.8264969999138
            ],
            [
              -81.2729179996094,
              29.8264929996619
            ],
            [
              -81.2730039998231,
              29.826818999788
            ],
            [
              -81.2724849999643,
              29.8268239998916
            ],
            [
              -81.2723610001158,
              29.8268320003687
            ],
            [
              -81.2722409995669,
              29.8268330002334
            ],
            [
              -81.2726859998058,
              29.82826600032
            ],
            [
              -81.2731260000219,
              29.8296859999117
            ],
            [
              -81.2736519995534,
              29.8313810001289
            ],
            [
              -81.2736979995841,
              29.8315149999747
            ],
            [
              -81.2737639997063,
              29.8317090003055
            ],
            [
              -81.2741460001961,
              29.8327240000488
            ],
            [
              -81.2743150002505,
              29.8331939996232
            ],
            [
              -81.274403999939,
              29.8334609999287
            ],
            [
              -81.2744869997796,
              29.8337309996872
            ],
            [
              -81.2748990004066,
              29.8354549996714
            ],
            [
              -81.2749899997449,
              29.8358689998308
            ],
            [
              -81.275096999875,
              29.8362799997432
            ],
            [
              -81.2752209997235,
              29.8366880002249
            ],
            [
              -81.2753739998844,
              29.8371270002304
            ],
            [
              -81.2754550000753,
              29.8373940001547
            ],
            [
              -81.2755830001218,
              29.8378080000707
            ],
            [
              -81.2757150003662,
              29.8382379997367
            ],
            [
              -81.2762450000957,
              29.8399610001291
            ],
            [
              -81.2764969999908,
              29.8407799997001
            ],
            [
              -81.2765560004403,
              29.8409829998073
            ],
            [
              -81.2769709996437,
              29.8409749996843
            ],
            [
              -81.2770090001768,
              29.8409689997863
            ],
            [
              -81.2777609996641,
              29.8409599999387
            ],
            [
              -81.2779890001681,
              29.8409579997128
            ],
            [
              -81.2780129995592,
              29.8409579997128
            ],
            [
              -81.278466000194,
              29.8409519998138
            ],
            [
              -81.2785769996238,
              29.8409510000903
            ],
            [
              -81.2788469999606,
              29.8409480001407
            ],
            [
              -81.2788689997018,
              29.8409480001407
            ],
            [
              -81.2802930001071,
              29.8409450001909
            ],
            [
              -81.2807159997064,
              29.8409239997611
            ],
            [
              -81.2809099998751,
              29.8409209998106
            ],
            [
              -81.280946999685,
              29.840928999938
            ],
            [
              -81.2809879996929,
              29.8409379997885
            ],
            [
              -81.281059999663,
              29.8409540000399
            ],
            [
              -81.2810620002111,
              29.8409450001909
            ],
            [
              -81.281067000234,
              29.8409170001363
            ],
            [
              -81.2810990000211,
              29.8408750000396
            ],
            [
              -81.2814439998025,
              29.8405489998019
            ],
            [
              -81.2817900003072,
              29.8402349999435
            ],
            [
              -81.2821140001724,
              29.8399410000052
            ],
            [
              -81.2829510000484,
              29.8391909998688
            ],
            [
              -81.2833109998985,
              29.8388279996911
            ],
            [
              -81.2832749999136,
              29.8387280002346
            ],
            [
              -81.2831820000271,
              29.8386730001793
            ],
            [
              -81.2830430001099,
              29.838603999741
            ],
            [
              -81.2828790000785,
              29.8385100001064
            ],
            [
              -81.2827920000398,
              29.8383589998781
            ],
            [
              -81.2827700002985,
              29.8380959999829
            ],
            [
              -81.2828060002835,
              29.8378840001174
            ],
            [
              -81.2829069996675,
              29.837770999781
            ],
            [
              -81.2830370002622,
              29.8377590003791
            ],
            [
              -81.2832389999285,
              29.8377839997159
            ],
            [
              -81.2834049996099,
              29.8377400003491
            ],
            [
              -81.2836210004183,
              29.8375970001302
            ],
            [
              -81.2838380001533,
              29.837533000075
            ],
            [
              -81.2841119997896,
              29.8375529999019
            ],
            [
              -81.2844440000507,
              29.8374970002207
            ],
            [
              -81.2846130001051,
              29.837424999694
            ],
            [
              -81.2846330001965,
              29.8374740003286
            ],
            [
              -81.284753999672,
              29.8374170000652
            ],
            [
              -81.2847739997635,
              29.8372789997437
            ],
            [
              -81.2846900000979,
              29.8370420001865
            ],
            [
              -81.2848120002967,
              29.8369690003477
            ],
            [
              -81.2850659998416,
              29.8369440000277
            ],
            [
              -81.2852919997974,
              29.8369690003477
            ],
            [
              -81.2856109996396,
              29.8369030003621
            ],
            [
              -81.2858090000063,
              29.8366099997345
            ],
            [
              -81.2859689998399,
              29.8364780000247
            ],
            [
              -81.2859780000607,
              29.836291000332
            ],
            [
              -81.2859219999843,
              29.83593199962
            ],
            [
              -81.2859970003273,
              29.835638000264
            ],
            [
              -81.2860709999472,
              29.8348799999371
            ],
            [
              -81.2861470001151,
              29.8342909998328
            ],
            [
              -81.2860450000079,
              29.8340599997342
            ],
            [
              -81.2860659999243,
              29.8338000003742
            ],
            [
              -81.2860779996198,
              29.8337130002455
            ],
            [
              -81.2860679995741,
              29.8336809997581
            ],
            [
              -81.2860419996349,
              29.8336569999702
            ],
            [
              -81.2859939999542,
              29.8336220000747
            ],
            [
              -81.2859660003651,
              29.8335860003694
            ],
            [
              -81.2859660003651,
              29.8335640001535
            ],
            [
              -81.2859760004109,
              29.8335440003073
            ],
            [
              -81.2860149998707,
              29.8335149999388
            ],
            [
              -81.2860290001144,
              29.8334860003411
            ],
            [
              -81.2860409998099,
              29.8333980001398
            ],
            [
              -81.2860419996349,
              29.8332660000823
            ],
            [
              -81.2860180002437,
              29.8331809998703
            ],
            [
              -81.2859730000378,
              29.8331019999568
            ],
            [
              -81.2859310002051,
              29.8329639999088
            ],
            [
              -81.2859069999157,
              29.8328670002296
            ],
            [
              -81.2858690002808,
              29.8328329998618
            ],
            [
              -81.2858609998849,
              29.8328160000633
            ],
            [
              -81.2858969998699,
              29.8327710002615
            ],
            [
              -81.2859310002051,
              29.8326199999304
            ],
            [
              -81.2859210001593,
              29.8325889996794
            ],
            [
              -81.2858690002808,
              29.8325269999277
            ],
            [
              -81.2858669997326,
              29.8325050002579
            ],
            [
              -81.2858910000221,
              29.8324829998041
            ],
            [
              -81.2859160001365,
              29.8324829998041
            ],
            [
              -81.2859389997027,
              29.8324739999712
            ],
            [
              -81.2859629999921,
              29.8324480002763
            ],
            [
              -81.2860259997413,
              29.8323409996625
            ],
            [
              -81.2861799997271,
              29.8321389997281
            ],
            [
              -81.286292999705,
              29.8320360003721
            ],
            [
              -81.2863520001546,
              29.8319649996193
            ],
            [
              -81.2864359998201,
              29.8318979996309
            ],
            [
              -81.2864810000259,
              29.8318769996369
            ],
            [
              -81.2864950002697,
              29.8318599996756
            ],
            [
              -81.2865039995922,
              29.8318160000377
            ],
            [
              -81.2865039995922,
              29.8317390002347
            ],
            [
              -81.2865189996608,
              29.8317220002499
            ],
            [
              -81.2865539998209,
              29.8317130003485
            ],
            [
              -81.2865749997373,
              29.8317260002924
            ],
            [
              -81.2866059996994,
              29.8317600002577
            ],
            [
              -81.2866380003848,
              29.8318320001917
            ],
            [
              -81.2866810000425,
              29.8318719997862
            ],
            [
              -81.2867250004235,
              29.8318929997812
            ],
            [
              -81.2868760000362,
              29.8319490002658
            ],
            [
              -81.2869530000291,
              29.8319870001871
            ],
            [
              -81.287033000395,
              29.8320049999398
            ],
            [
              -81.2871070000149,
              29.8320660002031
            ],
            [
              -81.2871279999313,
              29.8320769996972
            ],
            [
              -81.2871530000456,
              29.8320769996972
            ],
            [
              -81.2871820003579,
              29.8320629999865
            ],
            [
              -81.2872400000843,
              29.8320200002507
            ],
            [
              -81.2872640003737,
              29.832013000002
            ],
            [
              -81.2872879997648,
              29.8320200002507
            ],
            [
              -81.2872960001607,
              29.8320399996227
            ],
            [
              -81.2872939996127,
              29.8320620001741
            ],
            [
              -81.2872440002822,
              29.832125999838
            ],
            [
              -81.2872340002365,
              29.832145999968
            ],
            [
              -81.2872350000614,
              29.8321679997168
            ],
            [
              -81.2872650001986,
              29.832216000002
            ],
            [
              -81.2873239997498,
              29.8322880003866
            ],
            [
              -81.2874090001387,
              29.8323529997152
            ],
            [
              -81.2874259998571,
              29.8323779996255
            ],
            [
              -81.2874600001923,
              29.8324650001375
            ],
            [
              -81.2874869999565,
              29.8325020000546
            ],
            [
              -81.2875420002081,
              29.8325210003016
            ],
            [
              -81.2876300000716,
              29.8325490003718
            ],
            [
              -81.2875780001931,
              29.8326009997023
            ],
            [
              -81.2875870004139,
              29.8326540003706
            ],
            [
              -81.2876099999801,
              29.8327169998494
            ],
            [
              -81.2876330004447,
              29.8327430002535
            ],
            [
              -81.2876889996228,
              29.8327680000663
            ],
            [
              -81.2877370002017,
              29.832817999673
            ],
            [
              -81.2877639999659,
              29.8328339996665
            ],
            [
              -81.2878059997987,
              29.8328720000306
            ],
            [
              -81.2878030003239,
              29.8328950002029
            ],
            [
              -81.2877830002325,
              29.832908999797
            ],
            [
              -81.2877430000495,
              29.832907999993
            ],
            [
              -81.2877260003311,
              29.8329230001683
            ],
            [
              -81.2877060002396,
              29.8329870000599
            ],
            [
              -81.2877000003918,
              29.8330309999616
            ],
            [
              -81.2877079998894,
              29.833106999746
            ],
            [
              -81.2877740000116,
              29.8334100000656
            ],
            [
              -81.2877969995779,
              29.8334729998469
            ],
            [
              -81.2878450001568,
              29.8335079997948
            ],
            [
              -81.2878660000731,
              29.8335600001846
            ],
            [
              -81.287907999906,
              29.8336009996637
            ],
            [
              -81.2879949999446,
              29.8336649999002
            ],
            [
              -81.288051999846,
              29.8336870000938
            ],
            [
              -81.2881399997096,
              29.8336929996498
            ],
            [
              -81.2885079999556,
              29.8338090000876
            ],
            [
              -81.2895160004342,
              29.8339590003869
            ],
            [
              -81.2902379997843,
              29.8341339999319
            ],
            [
              -81.2910739998354,
              29.834182999843
            ],
            [
              -81.2915640002802,
              29.8339830001021
            ],
            [
              -81.2915929996942,
              29.8336830001298
            ],
            [
              -81.2914789998913,
              29.8333230003765
            ],
            [
              -81.291449999579,
              29.833232999651
            ],
            [
              -81.2911309997369,
              29.8329569997262
            ],
            [
              -81.290872000169,
              29.8323329996266
            ],
            [
              -81.2909879996217,
              29.8321570002326
            ],
            [
              -81.2915070003788,
              29.8321059997039
            ],
            [
              -81.2927769998999,
              29.8322570000326
            ],
            [
              -81.2936410004385,
              29.8323329996266
            ],
            [
              -81.2938149996174,
              29.8322070001451
            ],
            [
              -81.2937860002035,
              29.8318820002667
            ],
            [
              -81.2936129999511,
              29.831355999969
            ],
            [
              -81.2935550002248,
              29.8306810003039
            ],
            [
              -81.2938439999298,
              29.8303299998916
            ],
            [
              -81.2942189998485,
              29.8301559997495
            ],
            [
              -81.2946799999809,
              29.8302050000532
            ],
            [
              -81.2951999996646,
              29.830480999787
            ],
            [
              -81.2960070003018,
              29.8307310001756
            ],
            [
              -81.2970459998442,
              29.8307310001756
            ],
            [
              -81.299728000075,
              29.8308309998442
            ],
            [
              -81.3002560001546,
              29.8308690001908
            ],
            [
              -81.30211200038,
              29.8310230002989
            ],
            [
              -81.3024649996591,
              29.8318060003296
            ],
            [
              -81.3025750001623,
              29.83251300028
            ],
            [
              -81.3026239996678,
              29.8328230002557
            ],
            [
              -81.3026169999951,
              29.8335090003721
            ],
            [
              -81.302553000421,
              29.8340339996727
            ],
            [
              -81.3024169999785,
              29.8348809997213
            ],
            [
              -81.3021990004187,
              29.8359390003734
            ],
            [
              -81.3019530003713,
              29.8371990001927
            ],
            [
              -81.3018269999747,
              29.8385229999451
            ],
            [
              -81.3018860004242,
              29.839782000163
            ],
            [
              -81.3019619996939,
              29.8406939999219
            ],
            [
              -81.3021969998705,
              29.8422599996487
            ],
            [
              -81.3025500000479,
              29.8431469998304
            ],
            [
              -81.3028759995629,
              29.8443410001435
            ],
            [
              -81.3029259997916,
              29.8445340000331
            ],
            [
              -81.3029369996622,
              29.8445349997207
            ],
            [
              -81.3079200003573,
              29.8446149996294
            ],
            [
              -81.3082369996514,
              29.8446030002705
            ],
            [
              -81.3091649997641,
              29.8445669998476
            ],
            [
              -81.3092440003051,
              29.8446519997213
            ],
            [
              -81.3096440003382,
              29.8449479999632
            ],
            [
              -81.3096650002546,
              29.8449640003514
            ],
            [
              -81.3101270002119,
              29.8452429996472
            ],
            [
              -81.3102000000069,
              29.8452880000638
            ],
            [
              -81.3102240002963,
              29.8452580003078
            ],
            [
              -81.3102610001063,
              29.8452320000443
            ],
            [
              -81.3103010002892,
              29.8452140003376
            ],
            [
              -81.3103409995739,
              29.8452039996333
            ],
            [
              -81.3108109999271,
              29.8451490000273
            ],
            [
              -81.3107640000715,
              29.8447979998028
            ],
            [
              -81.3107180000408,
              29.8445060002055
            ],
            [
              -81.3110810002639,
              29.8444090000463
            ],
            [
              -81.3115440000462,
              29.8445049997384
            ],
            [
              -81.3118799996068,
              29.8446189999348
            ],
            [
              -81.3123719997014,
              29.8445049997384
            ],
            [
              -81.3124439996714,
              29.8449590003764
            ],
            [
              -81.3125020002961,
              29.8449529999387
            ],
            [
              -81.3132660003772,
              29.8449309998888
            ],
            [
              -81.3146570002722,
              29.8449039998564
            ],
            [
              -81.3154740000568,
              29.844890000385
            ],
            [
              -81.3162990002374,
              29.8448730003007
            ],
            [
              -81.3162859998185,
              29.8443699997066
            ],
            [
              -81.3171009999533,
              29.844353000313
            ],
            [
              -81.3171090003492,
              29.8448560002136
            ],
            [
              -81.317848000316,
              29.8448429996409
            ],
            [
              -81.317993000081,
              29.8448369999752
            ],
            [
              -81.3180779995715,
              29.8448290001609
            ],
            [
              -81.3179999997537,
              29.8447180000407
            ],
            [
              -81.3179639997686,
              29.8446480001964
            ],
            [
              -81.3179389996543,
              29.8445739999958
            ],
            [
              -81.3179239995857,
              29.8444980003646
            ],
            [
              -81.3179189995628,
              29.8443189999588
            ],
            [
              -81.3198359998875,
              29.8442530001548
            ],
            [
              -81.3198340002377,
              29.8440960003277
            ],
            [
              -81.319819999994,
              29.8434769997313
            ],
            [
              -81.3198069995752,
              29.8433809998301
            ],
            [
              -81.3197830001841,
              29.843287000016
            ],
            [
              -81.3196169996044,
              29.842833000348
            ],
            [
              -81.3190209997528,
              29.8412719996358
            ],
            [
              -81.3193909996486,
              29.841167999845
            ],
            [
              -81.3200970000035,
              29.8409599999387
            ],
            [
              -81.3207780002439,
              29.8427159997747
            ],
            [
              -81.3208159998788,
              29.8428020001495
            ],
            [
              -81.320882000001,
              29.8429780002688
            ],
            [
              -81.3209330000546,
              29.8431610003253
            ],
            [
              -81.3209749998874,
              29.8431389998806
            ],
            [
              -81.3210390003598,
              29.8431229999792
            ],
            [
              -81.3214839997004,
              29.8431060003734
            ],
            [
              -81.3215520003708,
              29.8431060003734
            ],
            [
              -81.3216710001965,
              29.843094000054
            ],
            [
              -81.3217640000829,
              29.8430659998227
            ],
            [
              -81.3218729998629,
              29.8430189997784
            ],
            [
              -81.321944000008,
              29.8430570001641
            ],
            [
              -81.3220550003361,
              29.8430849996187
            ],
            [
              -81.3221709997887,
              29.8430969999392
            ],
            [
              -81.3222290004134,
              29.8430979996412
            ],
            [
              -81.3223979995695,
              29.8431090002582
            ],
            [
              -81.32257300037,
              29.8431090002582
            ],
            [
              -81.3225630003242,
              29.8424960003634
            ],
            [
              -81.3225390000348,
              29.8416930001919
            ],
            [
              -81.3225390000348,
              29.8411730000097
            ],
            [
              -81.3225099997225,
              29.8399790000035
            ],
            [
              -81.3224920001791,
              29.8394189997955
            ],
            [
              -81.3224739997374,
              29.8386390002291
            ],
            [
              -81.3224510001712,
              29.8378810000756
            ],
            [
              -81.322421000034,
              29.8364349998513
            ],
            [
              -81.3223990002927,
              29.8354920000396
            ],
            [
              -81.3223289999725,
              29.8335790002304
            ],
            [
              -81.3222999996601,
              29.8323340002155
            ],
            [
              -81.3222949996373,
              29.8317440000921
            ],
            [
              -81.3222889997895,
              29.8309520003848
            ],
            [
              -81.3222770000939,
              29.8306010001452
            ],
            [
              -81.3222539996294,
              29.8296189999537
            ],
            [
              -81.3222250002154,
              29.8286720003259
            ],
            [
              -81.3222159999946,
              29.8283340002556
            ],
            [
              -81.3221940002532,
              29.8276920003725
            ],
            [
              -81.3221730003368,
              29.8270989997502
            ],
            [
              -81.3221619995679,
              29.8265629997595
            ],
            [
              -81.3221490000474,
              29.8260529998183
            ],
            [
              -81.3221449998494,
              29.8258549999192
            ],
            [
              -81.3221619995679,
              29.8253920000487
            ],
            [
              -81.3221840002075,
              29.8249689996115
            ],
            [
              -81.3222269998652,
              29.8244500003324
            ],
            [
              -81.3222650003984,
              29.8239979997919
            ],
            [
              -81.3223139999038,
              29.8235780001608
            ],
            [
              -81.3224229996838,
              29.8229569996547
            ],
            [
              -81.3225049996996,
              29.8224399998768
            ],
            [
              -81.3225480002556,
              29.8221950001246
            ],
            [
              -81.3226300002714,
              29.8216559998026
            ],
            [
              -81.3227730003865,
              29.8214910001887
            ],
            [
              -81.323110999597,
              29.8216349999944
            ],
            [
              -81.3231759998943,
              29.8219149996723
            ],
            [
              -81.3231740002445,
              29.8219620002928
            ],
            [
              -81.323158000351,
              29.8219820001191
            ],
            [
              -81.3231230001908,
              29.8219910001175
            ],
            [
              -81.3231199998178,
              29.82194400029
            ],
            [
              -81.3230720001372,
              29.8218609996285
            ],
            [
              -81.3230319999542,
              29.8218219998384
            ],
            [
              -81.3229490001136,
              29.8217710002699
            ],
            [
              -81.3229030000828,
              29.8217219997278
            ],
            [
              -81.3228729999456,
              29.8217019998496
            ],
            [
              -81.3228090003714,
              29.8216349999944
            ],
            [
              -81.3227370004015,
              29.8216019996188
            ],
            [
              -81.3227049997161,
              29.821590999751
            ],
            [
              -81.3226689997311,
              29.821766999829
            ],
            [
              -81.3226620000584,
              29.8218260002773
            ],
            [
              -81.3226689997311,
              29.8218589997994
            ],
            [
              -81.3227020002413,
              29.8218849999113
            ],
            [
              -81.3227480002721,
              29.8219509996853
            ],
            [
              -81.3227709998383,
              29.8219959996833
            ],
            [
              -81.3227719996632,
              29.8220950003871
            ],
            [
              -81.3227519995718,
              29.8222030001927
            ],
            [
              -81.3226779999519,
              29.8224870002505
            ],
            [
              -81.3226899996475,
              29.8227679997852
            ],
            [
              -81.3227270003557,
              29.8229010003656
            ],
            [
              -81.3227540001199,
              29.8229740003511
            ],
            [
              -81.3227869997319,
              29.8230460003807
            ],
            [
              -81.3228679999227,
              29.8232829996246
            ],
            [
              -81.322893999862,
              29.8233199998242
            ],
            [
              -81.3229199998012,
              29.8233819998329
            ],
            [
              -81.3228410001586,
              29.8234139997218
            ],
            [
              -81.3228329997626,
              29.8234359998344
            ],
            [
              -81.3228140003943,
              29.8234490000757
            ],
            [
              -81.3227459997239,
              29.8234800000449
            ],
            [
              -81.3227220003329,
              29.8234780002483
            ],
            [
              -81.3227039998912,
              29.8234679997061
            ],
            [
              -81.3226789997769,
              29.8233969998796
            ],
            [
              -81.3226629998833,
              29.823410000126
            ],
            [
              -81.3226350002942,
              29.8234499999743
            ],
            [
              -81.3226389995938,
              29.823472000079
            ],
            [
              -81.3226980000434,
              29.8235209997631
            ],
            [
              -81.3227359996782,
              29.8235969997667
            ],
            [
              -81.3227380002264,
              29.823655999914
            ],
            [
              -81.3227619996175,
              29.8235940000752
            ],
            [
              -81.3227590001428,
              29.8235449996475
            ],
            [
              -81.3228110000213,
              29.8235129998004
            ],
            [
              -81.3228360001357,
              29.8234819998415
            ],
            [
              -81.3228860003644,
              29.8234579999421
            ],
            [
              -81.3228949996869,
              29.8234400002086
            ],
            [
              -81.3229089999306,
              29.8234260000673
            ],
            [
              -81.3229399998928,
              29.8234199998948
            ],
            [
              -81.3229780004259,
              29.823495999975
            ],
            [
              -81.3229449999156,
              29.8235729998948
            ],
            [
              -81.322897000235,
              29.8235840003238
            ],
            [
              -81.3228829999913,
              29.8236209996326
            ],
            [
              -81.3228910003873,
              29.8236590003829
            ],
            [
              -81.3228820001664,
              29.8236820003378
            ],
            [
              -81.3228670000978,
              29.8236959996639
            ],
            [
              -81.3228240004401,
              29.8237169998185
            ],
            [
              -81.3228770001436,
              29.8237159999225
            ],
            [
              -81.32289800006,
              29.8237200002855
            ],
            [
              -81.3229049997326,
              29.8237430002263
            ],
            [
              -81.3228849996412,
              29.8237829999414
            ],
            [
              -81.3229509997634,
              29.8237580002187
            ],
            [
              -81.3230110000378,
              29.8237679999527
            ],
            [
              -81.3230129996877,
              29.8237450000177
            ],
            [
              -81.3229959999692,
              29.8237159999225
            ],
            [
              -81.3229709998549,
              29.8237050002874
            ],
            [
              -81.3229580003344,
              29.8236910001832
            ],
            [
              -81.3229569996112,
              29.8236670003339
            ],
            [
              -81.3229840002737,
              29.8235969997667
            ],
            [
              -81.3229809999007,
              29.8235640000389
            ],
            [
              -81.3230029996419,
              29.8235369996867
            ],
            [
              -81.3230550004188,
              29.8236269997931
            ],
            [
              -81.3231569996277,
              29.8237529999617
            ],
            [
              -81.3232000001838,
              29.823799999718
            ],
            [
              -81.3232970002681,
              29.8238900003671
            ],
            [
              -81.3233809999337,
              29.8239860002945
            ],
            [
              -81.3234539997286,
              29.8240510003472
            ],
            [
              -81.3234849996908,
              29.8240699998631
            ],
            [
              -81.3236279998059,
              29.8240919998312
            ],
            [
              -81.3237249998903,
              29.8240960001791
            ],
            [
              -81.3238019998832,
              29.8241209998173
            ],
            [
              -81.323879999701,
              29.8241289997313
            ],
            [
              -81.3240000002499,
              29.8241209998173
            ],
            [
              -81.3240930001363,
              29.8241069997712
            ],
            [
              -81.3242029997412,
              29.8240479998901
            ],
            [
              -81.3244160001765,
              29.823871999932
            ],
            [
              -81.324428999697,
              29.8238499999154
            ],
            [
              -81.3245040000401,
              29.8237810001508
            ],
            [
              -81.3245140000858,
              29.8237559996484
            ],
            [
              -81.3245130002609,
              29.8237360001772
            ],
            [
              -81.3245180002838,
              29.823702999716
            ],
            [
              -81.3244830001237,
              29.8236939998716
            ],
            [
              -81.3244680000551,
              29.8236779999732
            ],
            [
              -81.3244439997656,
              29.8236140003542
            ],
            [
              -81.3244389997427,
              29.8235369996867
            ],
            [
              -81.3244460003137,
              29.823472000079
            ],
            [
              -81.324536999652,
              29.8232179998517
            ],
            [
              -81.3245569997435,
              29.8231929999877
            ],
            [
              -81.3246300004367,
              29.823169000019
            ],
            [
              -81.3246589998507,
              29.8231469998477
            ],
            [
              -81.3247890004454,
              29.8231069998781
            ],
            [
              -81.3248389997758,
              29.8230999997843
            ],
            [
              -81.3248720002861,
              29.8230849996931
            ],
            [
              -81.3249590003247,
              29.8230710002814
            ],
            [
              -81.3251729996867,
              29.8230570000884
            ],
            [
              -81.3252990000833,
              29.8230689996973
            ],
            [
              -81.3254210002821,
              29.8230960001758
            ],
            [
              -81.3255190001914,
              29.8231120001675
            ],
            [
              -81.3255219996661,
              29.8231340003464
            ],
            [
              -81.3255400001078,
              29.8231440001428
            ],
            [
              -81.3255610000242,
              29.8231629998311
            ],
            [
              -81.325566999872,
              29.82319499979
            ],
            [
              -81.3255769999177,
              29.8232150001489
            ],
            [
              -81.3256110002529,
              29.8232279996397
            ],
            [
              -81.3256249995982,
              29.8232470000913
            ],
            [
              -81.3256809996748,
              29.8232910003851
            ],
            [
              -81.3256969995683,
              29.8233080002455
            ],
            [
              -81.3257800003073,
              29.82335700001
            ],
            [
              -81.3258790000415,
              29.8234069996496
            ],
            [
              -81.3258909997371,
              29.8234250001684
            ],
            [
              -81.3258969995848,
              29.8234499999743
            ],
            [
              -81.3258909997371,
              29.8234679997061
            ],
            [
              -81.3258720003688,
              29.8234770003501
            ],
            [
              -81.3258439998814,
              29.823483999638
            ],
            [
              -81.3256799998499,
              29.8234909997048
            ],
            [
              -81.3255450001306,
              29.8235170001716
            ],
            [
              -81.3255230003893,
              29.8235289997252
            ],
            [
              -81.3254890000541,
              29.8235620002439
            ],
            [
              -81.3254820003814,
              29.82358199975
            ],
            [
              -81.3254880002293,
              29.8236489998587
            ],
            [
              -81.3255030002978,
              29.8236910001832
            ],
            [
              -81.3255330004351,
              29.8237109996634
            ],
            [
              -81.3255819999406,
              29.8237220000772
            ],
            [
              -81.3256699998041,
              29.8237229999731
            ],
            [
              -81.3256930002687,
              29.8237319998148
            ],
            [
              -81.3257080003373,
              29.8237450000177
            ],
            [
              -81.3257419997741,
              29.823764000371
            ],
            [
              -81.3257519998199,
              29.8237849997319
            ],
            [
              -81.3257560000178,
              29.823813999807
            ],
            [
              -81.325714000185,
              29.823846000337
            ],
            [
              -81.3256680001543,
              29.8238710000376
            ],
            [
              -81.3256310003444,
              29.8238760002887
            ],
            [
              -81.3255939996361,
              29.8238690002488
            ],
            [
              -81.3255500001535,
              29.8238690002488
            ],
            [
              -81.3255109997955,
              29.8238789999716
            ],
            [
              -81.3254809996582,
              29.8239080000195
            ],
            [
              -81.3254199995589,
              29.8239490003414
            ],
            [
              -81.3254289997797,
              29.8239880000809
            ],
            [
              -81.3254589999169,
              29.8240160002042
            ],
            [
              -81.3255140001685,
              29.8240460001048
            ],
            [
              -81.3255429995825,
              29.8240759999965
            ],
            [
              -81.325562999674,
              29.8240810002375
            ],
            [
              -81.325602999857,
              29.824018999883
            ],
            [
              -81.3256430000399,
              29.8239930003262
            ],
            [
              -81.3256770003751,
              29.824011999853
            ],
            [
              -81.3256999999413,
              29.8240469999975
            ],
            [
              -81.3257119996369,
              29.824018999883
            ],
            [
              -81.325634999644,
              29.8239169998445
            ],
            [
              -81.3256849998727,
              29.8239239998811
            ],
            [
              -81.3257059997892,
              29.8239179997384
            ],
            [
              -81.3257739995612,
              29.8238579998511
            ],
            [
              -81.325786000155,
              29.8238229996405
            ],
            [
              -81.3257800003073,
              29.8237849997319
            ],
            [
              -81.3257490003452,
              29.8237370000729
            ],
            [
              -81.3257259998806,
              29.8237109996634
            ],
            [
              -81.325638999842,
              29.8236670003339
            ],
            [
              -81.325602999857,
              29.823655999914
            ],
            [
              -81.3255419997576,
              29.823617000045
            ],
            [
              -81.3255319997119,
              29.8235969997667
            ],
            [
              -81.3255400001078,
              29.8235799999554
            ],
            [
              -81.3255710000699,
              29.8235540002845
            ],
            [
              -81.3256050004051,
              29.8235410000568
            ],
            [
              -81.3256920004437,
              29.8235289997252
            ],
            [
              -81.3258310003609,
              29.8235289997252
            ],
            [
              -81.3258799998664,
              29.8235230003382
            ],
            [
              -81.3259369997678,
              29.823495999975
            ],
            [
              -81.3259619998822,
              29.8234729999773
            ],
            [
              -81.3259650002552,
              29.82343900031
            ],
            [
              -81.3259540003846,
              29.8234189999958
            ],
            [
              -81.3259280004453,
              29.8233950000813
            ],
            [
              -81.3258709996456,
              29.8233729999598
            ],
            [
              -81.32578699998,
              29.8233230003031
            ],
            [
              -81.3257590003909,
              29.8232870000049
            ],
            [
              -81.3256780002,
              29.8232339998238
            ],
            [
              -81.3256160002758,
              29.8231799997132
            ],
            [
              -81.32560600023,
              29.8231479997493
            ],
            [
              -81.325610000428,
              29.8231260003527
            ],
            [
              -81.3256339998191,
              29.8231210000641
            ],
            [
              -81.3257090001622,
              29.8231280001564
            ],
            [
              -81.3257679997134,
              29.823145999946
            ],
            [
              -81.3258420002316,
              29.8231600001267
            ],
            [
              -81.3261819999902,
              29.8231809996144
            ],
            [
              -81.3265469998632,
              29.8231590002252
            ],
            [
              -81.3267479997047,
              29.8231619999296
            ],
            [
              -81.3268370002914,
              29.8231670002161
            ],
            [
              -81.3270359995847,
              29.8231900002843
            ],
            [
              -81.3272060003624,
              29.8232329999229
            ],
            [
              -81.3273679998457,
              29.8232559999758
            ],
            [
              -81.327505999938,
              29.8232669996605
            ],
            [
              -81.3275810002811,
              29.8232569998764
            ],
            [
              -81.3277169998252,
              29.8232559999758
            ],
            [
              -81.3277920001683,
              29.8232940000855
            ],
            [
              -81.327834999826,
              29.8233049997659
            ],
            [
              -81.3279000001233,
              29.8233100000455
            ],
            [
              -81.3279910003599,
              29.8233000002657
            ],
            [
              -81.3280420004135,
              29.8232860001047
            ],
            [
              -81.328050999736,
              29.8232669996605
            ],
            [
              -81.3280700000026,
              29.8232589996774
            ],
            [
              -81.3282149997675,
              29.8232620001582
            ],
            [
              -81.3282619996232,
              29.8232760003226
            ],
            [
              -81.328307999654,
              29.8233109999455
            ],
            [
              -81.3283460001872,
              29.82335700001
            ],
            [
              -81.3284039999135,
              29.8233909997054
            ],
            [
              -81.3285009999978,
              29.8234230003707
            ],
            [
              -81.3286349998921,
              29.8234460003799
            ],
            [
              -81.3286740002502,
              29.8234369997332
            ],
            [
              -81.3287510002431,
              29.8233989996778
            ],
            [
              -81.3287910004261,
              29.8233679996835
            ],
            [
              -81.328976000374,
              29.8230419999908
            ],
            [
              -81.3289910004426,
              29.8229830002603
            ],
            [
              -81.3290240000545,
              29.8229100002813
            ],
            [
              -81.3290619996894,
              29.8227140002022
            ],
            [
              -81.3290659998873,
              29.8226349998071
            ],
            [
              -81.3290619996894,
              29.8225970002262
            ],
            [
              -81.3289870002447,
              29.8226050002623
            ],
            [
              -81.3289599995822,
              29.8226019997617
            ],
            [
              -81.3289539997344,
              29.8225669998906
            ],
            [
              -81.32892899962,
              29.8225230000575
            ],
            [
              -81.328976000374,
              29.8224880001588
            ],
            [
              -81.3289629999552,
              29.8224499997426
            ],
            [
              -81.3289329998179,
              29.8224020002218
            ],
            [
              -81.3288719997186,
              29.8223389996954
            ],
            [
              -81.3286669996792,
              29.8222149999041
            ],
            [
              -81.3285939998843,
              29.8221989997691
            ],
            [
              -81.3285110000436,
              29.8221729997388
            ],
            [
              -81.3284759998835,
              29.8221510001277
            ],
            [
              -81.3284530003173,
              29.822143999967
            ],
            [
              -81.3283269999205,
              29.822141000232
            ],
            [
              -81.328126999904,
              29.8221140002748
            ],
            [
              -81.3279820001391,
              29.8220759997165
            ],
            [
              -81.3277879999703,
              29.8219970003759
            ],
            [
              -81.3275710002353,
              29.8218859998257
            ],
            [
              -81.3275400002732,
              29.8218499997891
            ],
            [
              -81.3273429997314,
              29.8217319996655
            ],
            [
              -81.3271290003694,
              29.8215300001079
            ],
            [
              -81.3269329996526,
              29.8213909997469
            ],
            [
              -81.3265789996502,
              29.8212000001916
            ],
            [
              -81.3264349997102,
              29.8210930000038
            ],
            [
              -81.3263639995651,
              29.8210310001339
            ],
            [
              -81.3263119996865,
              29.8209680003021
            ],
            [
              -81.326291999595,
              29.8208709998897
            ],
            [
              -81.3262980003412,
              29.8208270000895
            ],
            [
              -81.3263440003719,
              29.8207479997617
            ],
            [
              -81.3265369998174,
              29.820503999687
            ],
            [
              -81.3266029999397,
              29.8204530002255
            ],
            [
              -81.3266690000619,
              29.8204210001679
            ],
            [
              -81.3267200001155,
              29.8203890001002
            ],
            [
              -81.3267700003442,
              29.8203839996747
            ],
            [
              -81.3268070001541,
              29.8203740003816
            ],
            [
              -81.3268690000784,
              29.8203670000964
            ],
            [
              -81.3269949995769,
              29.8203670000964
            ],
            [
              -81.3270790001407,
              29.8203909999586
            ],
            [
              -81.3271600003316,
              29.8204220000969
            ],
            [
              -81.3272420003474,
              29.8204719996459
            ],
            [
              -81.3273870001123,
              29.8205779997918
            ],
            [
              -81.3274509996864,
              29.8206319997494
            ],
            [
              -81.3275150001588,
              29.8207259998369
            ],
            [
              -81.3275529997937,
              29.8207550000201
            ],
            [
              -81.3276039998473,
              29.8208189999111
            ],
            [
              -81.3276520004262,
              29.8208690000409
            ],
            [
              -81.3276890002361,
              29.8209390001806
            ],
            [
              -81.3277240003962,
              29.8209849997782
            ],
            [
              -81.327758999658,
              29.8210549998366
            ],
            [
              -81.3277879999703,
              29.8211620000652
            ],
            [
              -81.3278959999254,
              29.8212980002049
            ],
            [
              -81.3279570000247,
              29.8213529996931
            ],
            [
              -81.3281119998354,
              29.8214649999744
            ],
            [
              -81.3281600004143,
              29.8214779996927
            ],
            [
              -81.3282280001863,
              29.8215069996578
            ],
            [
              -81.3282469995546,
              29.8215210000679
            ],
            [
              -81.3283160000499,
              29.8215480001853
            ],
            [
              -81.3284010004387,
              29.8215670001769
            ],
            [
              -81.3284619996397,
              29.8215850002479
            ],
            [
              -81.3287470000452,
              29.8212970002848
            ],
            [
              -81.3289129997265,
              29.8209959997127
            ],
            [
              -81.3288719997186,
              29.8209029998031
            ],
            [
              -81.328824000038,
              29.8208130003615
            ],
            [
              -81.3287500004182,
              29.8207239999852
            ],
            [
              -81.3286259996713,
              29.8206140002863
            ],
            [
              -81.3284599999899,
              29.8204919997703
            ],
            [
              -81.3283749996011,
              29.8204709997176
            ],
            [
              -81.3283160000499,
              29.8204499996603
            ],
            [
              -81.3281190004064,
              29.8204120000281
            ],
            [
              -81.3280950001169,
              29.8204000001003
            ],
            [
              -81.328054999934,
              29.8203670000964
            ],
            [
              -81.3280380002155,
              29.8203420002987
            ],
            [
              -81.3280330001926,
              29.8202699998802
            ],
            [
              -81.3280390000405,
              29.8202070003481
            ],
            [
              -81.3280669996295,
              29.8201579998188
            ],
            [
              -81.3280969997668,
              29.8201229998712
            ],
            [
              -81.3281720001099,
              29.820102999673
            ],
            [
              -81.3283090003772,
              29.820123999803
            ],
            [
              -81.3285009999978,
              29.8201890000292
            ],
            [
              -81.3288519996271,
              29.8203560000927
            ],
            [
              -81.3289780000238,
              29.8204000001003
            ],
            [
              -81.3290430003211,
              29.8204120000281
            ],
            [
              -81.3291250003369,
              29.820415999744
            ],
            [
              -81.3291699996444,
              29.8204039998166
            ],
            [
              -81.3292369995916,
              29.8203719997434
            ],
            [
              -81.3293289996531,
              29.8202819998236
            ],
            [
              -81.3293660003613,
              29.8202249998845
            ],
            [
              -81.329373999859,
              29.8202009999824
            ],
            [
              -81.3293510002927,
              29.8200010003147
            ],
            [
              -81.3293239996302,
              29.819933000165
            ],
            [
              -81.3293470000947,
              29.8199269997827
            ],
            [
              -81.3293820002549,
              29.8199300003636
            ],
            [
              -81.3294099998439,
              29.8199369998999
            ],
            [
              -81.3294230002627,
              29.8199509997506
            ],
            [
              -81.3294240000877,
              29.8199839998919
            ],
            [
              -81.3294399999812,
              29.8200199998209
            ],
            [
              -81.3295229998219,
              29.8200449996991
            ],
            [
              -81.3296409998226,
              29.8200569996696
            ],
            [
              -81.3297289996862,
              29.8200549998045
            ],
            [
              -81.3297599996483,
              29.82007400008
            ],
            [
              -81.3298740003494,
              29.8201080001126
            ],
            [
              -81.3298979997406,
              29.8201099999766
            ],
            [
              -81.3299200003802,
              29.8200989999447
            ],
            [
              -81.3299200003802,
              29.8200689996386
            ],
            [
              -81.329890000243,
              29.8200309998616
            ],
            [
              -81.329889000418,
              29.8199709999792
            ],
            [
              -81.3298579995576,
              29.8199519996842
            ],
            [
              -81.3298070004023,
              29.8199300003636
            ],
            [
              -81.3296080002107,
              29.8199080002588
            ],
            [
              -81.3294630004457,
              29.8199139998627
            ],
            [
              -81.329413000217,
              29.8199059996113
            ],
            [
              -81.3293300003763,
              29.8199119999948
            ],
            [
              -81.3293079997367,
              29.8199059996113
            ],
            [
              -81.3292900001933,
              29.8198760000267
            ],
            [
              -81.3292690002769,
              29.8197959997918
            ],
            [
              -81.3292600000561,
              29.8197080000047
            ],
            [
              -81.3292709999268,
              29.8196660003448
            ],
            [
              -81.3293289996531,
              29.8195739999146
            ],
            [
              -81.3294630004457,
              29.819492000341
            ],
            [
              -81.3295670002028,
              29.8194399996449
            ],
            [
              -81.3296230002793,
              29.8194310001962
            ],
            [
              -81.3296929997011,
              29.8194070001034
            ],
            [
              -81.3297680000442,
              29.8193999997506
            ],
            [
              -81.3299200003802,
              29.8194070001034
            ],
            [
              -81.3300359998328,
              29.8194300002574
            ],
            [
              -81.3300929997342,
              29.8194560002217
            ],
            [
              -81.3301570002067,
              29.8195040003777
            ],
            [
              -81.3302090000852,
              29.8195850000044
            ],
            [
              -81.3302199999559,
              29.8196340000353
            ],
            [
              -81.3302340001995,
              29.819664999629
            ],
            [
              -81.3302860000781,
              29.8197229998234
            ],
            [
              -81.3303110001925,
              29.8197379996397
            ],
            [
              -81.3303859996372,
              29.8197790001135
            ],
            [
              -81.3305129998588,
              29.8198280000492
            ],
            [
              -81.3305859996537,
              29.8198439997845
            ],
            [
              -81.3306869999361,
              29.8198520000409
            ],
            [
              -81.3307489998604,
              29.8198419999152
            ],
            [
              -81.3308200000055,
              29.8197969997268
            ],
            [
              -81.3308950003485,
              29.8197209999516
            ],
            [
              -81.3309249995875,
              29.8196739998361
            ],
            [
              -81.3309389998312,
              29.8195970000301
            ],
            [
              -81.3309370001813,
              29.8195420003552
            ],
            [
              -81.3308939996253,
              29.8194749998315
            ],
            [
              -81.3308149999826,
              29.8194200000895
            ],
            [
              -81.3307549997081,
              29.8194030003473
            ],
            [
              -81.3307139997003,
              29.8193770003692
            ],
            [
              -81.3306650001948,
              29.819367000196
            ],
            [
              -81.3305210002547,
              29.819298999615
            ],
            [
              -81.3304810000718,
              29.8192719996696
            ],
            [
              -81.3304540003076,
              29.8192350003097
            ],
            [
              -81.3304369996908,
              29.8191929996717
            ],
            [
              -81.3304479995614,
              29.8191730000668
            ],
            [
              -81.3305010001633,
              29.8191450001456
            ],
            [
              -81.3306450001033,
              29.8191040001911
            ],
            [
              -81.3306819999132,
              29.8190979997592
            ],
            [
              -81.3307949998911,
              29.8190939999906
            ],
            [
              -81.3308450001199,
              29.8190760002507
            ],
            [
              -81.33091500044,
              29.819061000335
            ],
            [
              -81.3309620002957,
              29.8190439997523
            ],
            [
              -81.3310579996569,
              29.8190179996809
            ],
            [
              -81.331132000175,
              29.8190080002511
            ],
            [
              -81.3313430000622,
              29.8190060003651
            ],
            [
              -81.3314459999944,
              29.8189889997731
            ],
            [
              -81.3315599997972,
              29.8189420000928
            ],
            [
              -81.3316970000645,
              29.8188639997786
            ],
            [
              -81.3318069996694,
              29.8188099996453
            ],
            [
              -81.3318669999438,
              29.8187710002237
            ],
            [
              -81.3319149996244,
              29.8187570002078
            ],
            [
              -81.3319530001575,
              29.8187600000444
            ],
            [
              -81.331974000074,
              29.8187710002237
            ],
            [
              -81.3319840001197,
              29.818790999909
            ],
            [
              -81.3319830002948,
              29.8188349998261
            ],
            [
              -81.3319210003705,
              29.8189909996596
            ],
            [
              -81.3318950004313,
              29.8190289998319
            ],
            [
              -81.3318240002861,
              29.8191580001656
            ],
            [
              -81.331781999555,
              29.8192610003247
            ],
            [
              -81.3317399997222,
              29.8193999997506
            ],
            [
              -81.3317299996765,
              29.8194649996682
            ],
            [
              -81.33174599957,
              29.8195070001919
            ],
            [
              -81.3317740000575,
              29.8195440002304
            ],
            [
              -81.3318150000653,
              29.8195859999417
            ],
            [
              -81.3318750003397,
              29.8196019997157
            ],
            [
              -81.3319640000283,
              29.8196060002433
            ],
            [
              -81.3320259999525,
              29.8195989999044
            ],
            [
              -81.3320710001584,
              29.819577999664
            ],
            [
              -81.3321730002656,
              29.8194970000317
            ],
            [
              -81.3322209999462,
              29.8194849999939
            ],
            [
              -81.3322469998854,
              29.8194609999142
            ],
            [
              -81.3322560001063,
              29.8194180002117
            ],
            [
              -81.3322729998247,
              29.8193889996405
            ],
            [
              -81.3323459996196,
              29.8193329999113
            ],
            [
              -81.3324460000771,
              29.8192419998947
            ],
            [
              -81.3326150001315,
              29.8191180001584
            ],
            [
              -81.3327170002387,
              29.81906300022
            ],
            [
              -81.3327830003609,
              29.8190459996376
            ],
            [
              -81.3329060003846,
              29.8189889997731
            ],
            [
              -81.3329490000423,
              29.8189579999698
            ],
            [
              -81.3329800000044,
              29.8189159999949
            ],
            [
              -81.3330200001874,
              29.8188349998261
            ],
            [
              -81.3330300002332,
              29.8187980003046
            ],
            [
              -81.3330479997765,
              29.8187570002078
            ],
            [
              -81.3330539996243,
              29.8187130002563
            ],
            [
              -81.3330810002868,
              29.8186519996363
            ],
            [
              -81.3331299997923,
              29.8185869999695
            ],
            [
              -81.3331640001275,
              29.818555000094
            ],
            [
              -81.3332720000825,
              29.8184979999496
            ],
            [
              -81.3333340000068,
              29.8184879996884
            ],
            [
              -81.3333959999311,
              29.8184620002517
            ],
            [
              -81.3334639997031,
              29.8184490001411
            ],
            [
              -81.3335270003506,
              29.8184480001925
            ],
            [
              -81.3336079996431,
              29.8184589996268
            ],
            [
              -81.3336810003364,
              29.8184910003124
            ],
            [
              -81.3337950001392,
              29.8185230002084
            ],
            [
              -81.3339139999649,
              29.8185370002571
            ],
            [
              -81.3340140004223,
              29.8185380002047
            ],
            [
              -81.3341149998064,
              29.8185279999475
            ],
            [
              -81.3342989999294,
              29.8184559997812
            ],
            [
              -81.3343769997472,
              29.8184360000289
            ],
            [
              -81.3344289996258,
              29.8184150003236
            ],
            [
              -81.3345249998852,
              29.8183870001901
            ],
            [
              -81.3345969998552,
              29.8183449999751
            ],
            [
              -81.3346899997416,
              29.8182930002413
            ],
            [
              -81.3348040004428,
              29.8182460002337
            ],
            [
              -81.3348510002985,
              29.8182190000039
            ],
            [
              -81.3349869998426,
              29.8181680001559
            ],
            [
              -81.335083000102,
              29.8181520001524
            ],
            [
              -81.3351219995618,
              29.8181330002911
            ],
            [
              -81.3351600000949,
              29.8181229999935
            ],
            [
              -81.3353490002408,
              29.8181109997907
            ],
            [
              -81.3354720002644,
              29.8181180002339
            ],
            [
              -81.3355869998922,
              29.8181330002911
            ],
            [
              -81.3356599996871,
              29.8181390000015
            ],
            [
              -81.3358739999474,
              29.8182020000574
            ],
            [
              -81.3359219996279,
              29.818216000151
            ],
            [
              -81.3360120000396,
              29.8182569996902
            ],
            [
              -81.3360610004435,
              29.8182630001727
            ],
            [
              -81.3361240001926,
              29.8182579996408
            ],
            [
              -81.3361819999189,
              29.8182359999474
            ],
            [
              -81.3362089996831,
              29.8182140002491
            ],
            [
              -81.3362360003456,
              29.818175999767
            ],
            [
              -81.3362430000183,
              29.8181330002911
            ],
            [
              -81.3362379999954,
              29.8180670003343
            ],
            [
              -81.3361800002691,
              29.8178870001602
            ],
            [
              -81.3360999999032,
              29.8176669998537
            ],
            [
              -81.3360070000168,
              29.817563999611
            ],
            [
              -81.3359240001761,
              29.8175130002083
            ],
            [
              -81.3358949998638,
              29.8174770001558
            ],
            [
              -81.3358839999931,
              29.8174459998837
            ],
            [
              -81.335888000191,
              29.817412999684
            ],
            [
              -81.3358990000617,
              29.8173939996822
            ],
            [
              -81.336000000344,
              29.8173250001375
            ],
            [
              -81.3360220000854,
              29.8173200003381
            ],
            [
              -81.3360670002912,
              29.8173000003585
            ],
            [
              -81.3361169996216,
              29.8172959997386
            ],
            [
              -81.336177999721,
              29.8172810003352
            ],
            [
              -81.336429999616,
              29.8172789996352
            ],
            [
              -81.3365180003779,
              29.8172820002956
            ],
            [
              -81.3365879997998,
              29.8173080000391
            ],
            [
              -81.3366299996326,
              29.8173309998964
            ],
            [
              -81.3366570002951,
              29.8173689999205
            ],
            [
              -81.3366720003637,
              29.8174220000939
            ],
            [
              -81.336653999922,
              29.817563999611
            ],
            [
              -81.3365190002028,
              29.8178360001429
            ],
            [
              -81.336505999784,
              29.8179570000499
            ],
            [
              -81.3365049999591,
              29.818089000065
            ],
            [
              -81.3365209998526,
              29.8181419998566
            ],
            [
              -81.3365409999441,
              29.8181700000588
            ],
            [
              -81.3366070000664,
              29.8182209999057
            ],
            [
              -81.3366430000514,
              29.8182300002427
            ],
            [
              -81.3367450001586,
              29.8182379998489
            ],
            [
              -81.3367810001436,
              29.8182290002919
            ],
            [
              -81.3368120001058,
              29.8182099996658
            ],
            [
              -81.3368670003574,
              29.8181500002492
            ],
            [
              -81.3369359999544,
              29.8180449998196
            ],
            [
              -81.3369419998021,
              29.8179900000701
            ],
            [
              -81.3369579996956,
              29.8179370001978
            ],
            [
              -81.3369579996956,
              29.8177719999009
            ],
            [
              -81.3369679997414,
              29.8176960001449
            ],
            [
              -81.3369629997185,
              29.8175860002317
            ],
            [
              -81.3369800003353,
              29.8175569999085
            ],
            [
              -81.337027000191,
              29.8174550002905
            ],
            [
              -81.3370749998715,
              29.8173800002528
            ],
            [
              -81.3371479996664,
              29.8172280000871
            ],
            [
              -81.3371679997579,
              29.8171650001968
            ],
            [
              -81.3371889996743,
              29.8171379996749
            ],
            [
              -81.3372370002532,
              29.8170600002913
            ],
            [
              -81.3372819995608,
              29.817006999926
            ],
            [
              -81.3373130004212,
              29.8169879998471
            ],
            [
              -81.3373729997974,
              29.8169729996181
            ],
            [
              -81.3374799999275,
              29.8169719996548
            ],
            [
              -81.337575000362,
              29.8169790001776
            ],
            [
              -81.3376470003321,
              29.8170000001845
            ],
            [
              -81.337716999754,
              29.8170460000358
            ],
            [
              -81.3378489999984,
              29.8171099999631
            ],
            [
              -81.3379169997705,
              29.8172030002838
            ],
            [
              -81.3379259999913,
              29.8172349998126
            ],
            [
              -81.3379300001893,
              29.8173169996789
            ],
            [
              -81.3379179995954,
              29.8174040000528
            ],
            [
              -81.3378719995646,
              29.8175300002719
            ],
            [
              -81.3377800004015,
              29.8176859998035
            ],
            [
              -81.3377479997161,
              29.8177199998691
            ],
            [
              -81.3375469998746,
              29.8179730000847
            ],
            [
              -81.3375229995851,
              29.8180360002452
            ],
            [
              -81.3375159999125,
              29.8181020002223
            ],
            [
              -81.3375240003084,
              29.8181680001559
            ],
            [
              -81.3375490004227,
              29.8182310001935
            ],
            [
              -81.3375770000118,
              29.8182669999745
            ],
            [
              -81.3376220002177,
              29.8182879997109
            ],
            [
              -81.3377190003021,
              29.8183149999222
            ],
            [
              -81.3377689996325,
              29.8183169998221
            ],
            [
              -81.3379200001435,
              29.8183110001223
            ],
            [
              -81.3380620004337,
              29.8182650000737
            ],
            [
              -81.3381639996427,
              29.8182209999057
            ],
            [
              -81.338192999955,
              29.8182010001063
            ],
            [
              -81.3383300002223,
              29.81814399976
            ],
            [
              -81.3384520004211,
              29.8181190001858
            ],
            [
              -81.3384979995535,
              29.8181000003181
            ],
            [
              -81.3386990002933,
              29.8180809996675
            ],
            [
              -81.3389000001347,
              29.818093999826
            ],
            [
              -81.3390239999833,
              29.8181089998867
            ],
            [
              -81.3390470004478,
              29.8181190001858
            ],
            [
              -81.3391439996339,
              29.8181429998083
            ],
            [
              -81.3392199998019,
              29.818146999615
            ],
            [
              -81.3392700000306,
              29.8181419998566
            ],
            [
              -81.3393129996883,
              29.8181200001376
            ],
            [
              -81.3393450003737,
              29.8180860002083
            ],
            [
              -81.3393529998713,
              29.8180649996501
            ],
            [
              -81.3393489996733,
              29.8180210001734
            ],
            [
              -81.3393379998027,
              29.8180020002873
            ],
            [
              -81.3392239999999,
              29.8178840002974
            ],
            [
              -81.3391579998776,
              29.817852000197
            ],
            [
              -81.3391110000219,
              29.8178380000524
            ],
            [
              -81.3389090003556,
              29.8178459996899
            ],
            [
              -81.3388840002412,
              29.8178399999618
            ],
            [
              -81.3388669996245,
              29.8178249998607
            ],
            [
              -81.3388619996016,
              29.8178030000719
            ],
            [
              -81.3388680003477,
              29.8177820002337
            ],
            [
              -81.3389290004471,
              29.8177120002214
            ],
            [
              -81.3390259996332,
              29.8176410002034
            ],
            [
              -81.3392750000534,
              29.8174910003509
            ],
            [
              -81.3393479998484,
              29.8174299997646
            ],
            [
              -81.3393910004044,
              29.8173759996361
            ],
            [
              -81.3394559998035,
              29.8172820002956
            ],
            [
              -81.339507999682,
              29.8171579996869
            ],
            [
              -81.3395649995834,
              29.8170850001304
            ],
            [
              -81.3396080001394,
              29.8170640001413
            ],
            [
              -81.339659000193,
              29.8170620002163
            ],
            [
              -81.3396829995842,
              29.8170679999911
            ],
            [
              -81.3397899997143,
              29.8171260001334
            ],
            [
              -81.3398299998972,
              29.8171529998791
            ],
            [
              -81.3399789998602,
              29.8173020002787
            ],
            [
              -81.3401889999224,
              29.8174240000116
            ],
            [
              -81.3402869998317,
              29.8174930002673
            ],
            [
              -81.3404850001984,
              29.8175910000178
            ],
            [
              -81.3407599996598,
              29.8176999999694
            ],
            [
              -81.3408700001629,
              29.8177539999229
            ],
            [
              -81.3408850002316,
              29.8177719999009
            ],
            [
              -81.340893999554,
              29.8177919997861
            ],
            [
              -81.3408969999271,
              29.8178140003566
            ],
            [
              -81.340893999554,
              29.8178579999243
            ],
            [
              -81.3408719998128,
              29.817896999702
            ],
            [
              -81.3407100003294,
              29.818066000382
            ],
            [
              -81.3406600001006,
              29.8181360001463
            ],
            [
              -81.3406290001385,
              29.818216000151
            ],
            [
              -81.3406140000699,
              29.8182950001416
            ],
            [
              -81.3406159997197,
              29.8184020002069
            ],
            [
              -81.3406269995904,
              29.8184360000289
            ],
            [
              -81.3406530004279,
              29.8184569997298
            ],
            [
              -81.3407360002686,
              29.8184900003642
            ],
            [
              -81.3409320000872,
              29.818530999791
            ],
            [
              -81.3410569997607,
              29.8185690001382
            ],
            [
              -81.3411849998072,
              29.8186380003832
            ],
            [
              -81.3413620002575,
              29.8187939997445
            ],
            [
              -81.3414309998545,
              29.8188730000578
            ],
            [
              -81.3414939996037,
              29.8189680001839
            ],
            [
              -81.341554999703,
              29.8190380000962
            ],
            [
              -81.3416230003734,
              29.8191430002622
            ],
            [
              -81.3416650002062,
              29.8192289998856
            ],
            [
              -81.3417179999097,
              29.8193349997909
            ],
            [
              -81.341747000222,
              29.8193560000822
            ],
            [
              -81.341814999994,
              29.8193849998836
            ],
            [
              -81.341887999789,
              29.8194009996898
            ],
            [
              -81.3420269997062,
              29.8194009996898
            ],
            [
              -81.3421649997984,
              29.8193900003591
            ],
            [
              -81.3422660000807,
              29.8193900003591
            ],
            [
              -81.3423089997385,
              29.8194129997374
            ],
            [
              -81.3423220001573,
              29.8194310001962
            ],
            [
              -81.3423220001573,
              29.8194529996266
            ],
            [
              -81.3423060002638,
              29.8194700001397
            ],
            [
              -81.342252999662,
              29.8194989999079
            ],
            [
              -81.342180999692,
              29.8195210001028
            ],
            [
              -81.3418679996975,
              29.8195519997315
            ],
            [
              -81.3417670003135,
              29.819552999669
            ],
            [
              -81.3417060002141,
              29.8195399997004
            ],
            [
              -81.341667999681,
              29.8195359999494
            ],
            [
              -81.3416080003048,
              29.8195499998563
            ],
            [
              -81.3415510004034,
              29.8195739999146
            ],
            [
              -81.341526000289,
              29.8195979999673
            ],
            [
              -81.3415279999389,
              29.8196200001403
            ],
            [
              -81.3415449996573,
              29.8196609998831
            ],
            [
              -81.3415689999468,
              29.8196859998511
            ],
            [
              -81.3416330004191,
              29.8197219998875
            ],
            [
              -81.3417809996589,
              29.8198250002448
            ],
            [
              -81.3418650002227,
              29.819874000158
            ],
            [
              -81.3419570002843,
              29.8199090001928
            ],
            [
              -81.3419820003986,
              29.8199100001268
            ],
            [
              -81.3420309999041,
              29.8199000000069
            ],
            [
              -81.3420819999578,
              29.8198679997724
            ],
            [
              -81.3422100000043,
              29.8197310000894
            ],
            [
              -81.3422619998828,
              29.8196999997368
            ],
            [
              -81.3422979998678,
              29.8196910003115
            ],
            [
              -81.3423360004009,
              29.8196920002477
            ],
            [
              -81.3423690000129,
              29.8197070000687
            ],
            [
              -81.342396999602,
              29.8197290002178
            ],
            [
              -81.3424119996706,
              29.8197589998464
            ],
            [
              -81.3424169996935,
              29.8198470003679
            ],
            [
              -81.3423659996399,
              29.8200620001115
            ],
            [
              -81.3423389998757,
              29.8201119998406
            ],
            [
              -81.3422729997534,
              29.8201789999373
            ],
            [
              -81.342224000248,
              29.8202680000193
            ],
            [
              -81.3421949999356,
              29.8203039998462
            ],
            [
              -81.3421210003158,
              29.8203460000174
            ],
            [
              -81.3420939996533,
              29.8203829997454
            ],
            [
              -81.3420800003079,
              29.8204249998834
            ],
            [
              -81.3420839996076,
              29.8204909998421
            ],
            [
              -81.3421239997905,
              29.820560000319
            ],
            [
              -81.3421680001715,
              29.8206130003594
            ],
            [
              -81.342404000173,
              29.8207599996478
            ],
            [
              -81.3424279995642,
              29.8207669999054
            ],
            [
              -81.3425039997321,
              29.8207650000545
            ],
            [
              -81.3425499997629,
              29.8207520002435
            ],
            [
              -81.3425770004254,
              29.8207279996886
            ],
            [
              -81.3426050000145,
              29.8206560003273
            ],
            [
              -81.3426050000145,
              29.8205999997492
            ],
            [
              -81.3425709996793,
              29.8203939997461
            ],
            [
              -81.3425410004404,
              29.8202870002543
            ],
            [
              -81.3425389998922,
              29.820221000161
            ],
            [
              -81.3425509995878,
              29.8202029998446
            ],
            [
              -81.3425749998772,
              29.8201960003268
            ],
            [
              -81.3425999999916,
              29.8201990001202
            ],
            [
              -81.3426429996493,
              29.8202220000919
            ],
            [
              -81.3426800003575,
              29.820279999963
            ],
            [
              -81.3427339998859,
              29.820437999737
            ],
            [
              -81.3427670003962,
              29.8204970001904
            ],
            [
              -81.3428300001454,
              29.8206980003507
            ],
            [
              -81.3429079999632,
              29.8208240003149
            ],
            [
              -81.3429399997502,
              29.8208580000924
            ],
            [
              -81.3429909998039,
              29.8208919998584
            ],
            [
              -81.3430369998346,
              29.8209060003547
            ],
            [
              -81.3431389999419,
              29.8209029998031
            ],
            [
              -81.3432259999805,
              29.8208870002373
            ],
            [
              -81.3432939997525,
              29.820859000017
            ],
            [
              -81.3434090002786,
              29.8207920003762
            ],
            [
              -81.3434800004237,
              29.8207289996144
            ],
            [
              -81.343498999792,
              29.8207210002075
            ],
            [
              -81.3435189998835,
              29.8208119996571
            ],
            [
              -81.3435409996247,
              29.8208519997658
            ],
            [
              -81.3435869996555,
              29.8209039997272
            ],
            [
              -81.3436450002801,
              29.8209470003494
            ],
            [
              -81.3437110004024,
              29.8209790002385
            ],
            [
              -81.3437719996034,
              29.8209910000969
            ],
            [
              -81.3438610001902,
              29.8209869996247
            ],
            [
              -81.3439220002896,
              29.8209729999191
            ],
            [
              -81.3439769996429,
              29.8209470003494
            ],
            [
              -81.3440639996815,
              29.8208839996853
            ],
            [
              -81.3441299998037,
              29.8208509998412
            ],
            [
              -81.3441769996594,
              29.8208140002864
            ],
            [
              -81.344231999911,
              29.8207869999707
            ],
            [
              -81.3444050001633,
              29.8207559999457
            ],
            [
              -81.3444289995545,
              29.8207620002781
            ],
            [
              -81.3444660002627,
              29.8207920003762
            ],
            [
              -81.3445180001412,
              29.8208229996106
            ],
            [
              -81.3445659998218,
              29.8208350002671
            ],
            [
              -81.3446419999898,
              29.8208350002671
            ],
            [
              -81.344816999892,
              29.8208160001363
            ],
            [
              -81.3448520000521,
              29.8208270000895
            ],
            [
              -81.3448989999078,
              29.8208639996394
            ],
            [
              -81.3449009995576,
              29.8208970002585
            ],
            [
              -81.34485600025,
              29.8209759996891
            ],
            [
              -81.3448520000521,
              29.8210090002713
            ],
            [
              -81.34485600025,
              29.8211629999868
            ],
            [
              -81.3448729999685,
              29.821203999876
            ],
            [
              -81.3449020002808,
              29.8212259996956
            ],
            [
              -81.3449390000907,
              29.8212319999997
            ],
            [
              -81.3450140004338,
              29.8212220000121
            ],
            [
              -81.3450820002058,
              29.8211939998855
            ],
            [
              -81.3452400003896,
              29.8210849998468
            ],
            [
              -81.3452749996514,
              29.8210720000773
            ],
            [
              -81.3453159996593,
              29.8210700002325
            ],
            [
              -81.3453359997508,
              29.8210759997667
            ],
            [
              -81.3453600000402,
              29.8211030000044
            ],
            [
              -81.3453650000631,
              29.8212120000235
            ],
            [
              -81.3453490001696,
              29.8212980002049
            ],
            [
              -81.3453309997279,
              29.821473000101
            ],
            [
              -81.3453309997279,
              29.8216160000158
            ],
            [
              -81.345325999705,
              29.8217479998753
            ],
            [
              -81.3453349999258,
              29.8218029998952
            ],
            [
              -81.345333000276,
              29.8218360002044
            ],
            [
              -81.3453170003825,
              29.8218479999599
            ],
            [
              -81.3452679999787,
              29.8218689997234
            ],
            [
              -81.3452379998414,
              29.8218890003476
            ],
            [
              -81.3452090004275,
              29.8219250003699
            ],
            [
              -81.3451890003359,
              29.8219650000333
            ],
            [
              -81.345181999765,
              29.8220199999338
            ],
            [
              -81.3451869997879,
              29.8220859996186
            ],
            [
              -81.3452150002752,
              29.8221220003494
            ],
            [
              -81.3452379998414,
              29.8221320002471
            ],
            [
              -81.3452629999558,
              29.8221340000706
            ],
            [
              -81.3453869998043,
              29.8220800001451
            ],
            [
              -81.3454119999187,
              29.8220800001451
            ],
            [
              -81.3454300003604,
              29.8220970002114
            ],
            [
              -81.3454310001853,
              29.8221179999226
            ],
            [
              -81.3454000002231,
              29.8221539998624
            ],
            [
              -81.3452749996514,
              29.8222280003043
            ],
            [
              -81.3452060000544,
              29.8223060003316
            ],
            [
              -81.3451650000465,
              29.8223619999541
            ],
            [
              -81.3451590001987,
              29.8223940001696
            ],
            [
              -81.3451669996964,
              29.8224260003747
            ],
            [
              -81.3451890003359,
              29.8224530002477
            ],
            [
              -81.3452100002524,
              29.8224649999292
            ],
            [
              -81.3452589997578,
              29.8224729999757
            ],
            [
              -81.3452959995678,
              29.8224659998376
            ],
            [
              -81.3454239996143,
              29.8224200001422
            ],
            [
              -81.3456639998138,
              29.8223520000795
            ],
            [
              -81.3458250003706,
              29.8223230003595
            ],
            [
              -81.3459130002341,
              29.8223150003009
            ],
            [
              -81.3462649996884,
              29.8222970003616
            ],
            [
              -81.3463149999171,
              29.8223029998222
            ],
            [
              -81.346431000268,
              29.8223459998424
            ],
            [
              -81.3465059997128,
              29.8224180003244
            ],
            [
              -81.3465180003067,
              29.8224389999681
            ],
            [
              -81.3466349995842,
              29.8223909996627
            ],
            [
              -81.3466580000488,
              29.8224919997915
            ],
            [
              -81.3466720002925,
              29.8225900000967
            ],
            [
              -81.3466909996607,
              29.8226119996114
            ],
            [
              -81.3467009997064,
              29.8226599998107
            ],
            [
              -81.3467790004226,
              29.8228809999439
            ],
            [
              -81.3468120000345,
              29.8231210000641
            ],
            [
              -81.346832000126,
              29.8232199996536
            ],
            [
              -81.3469350000582,
              29.8237689998482
            ],
            [
              -81.3470089996781,
              29.8239360001652
            ],
            [
              -81.3471779997324,
              29.8242799996448
            ],
            [
              -81.3472449996795,
              29.8244339997759
            ],
            [
              -81.347269999794,
              29.8245420001715
            ],
            [
              -81.3473190001978,
              29.8246790002745
            ],
            [
              -81.3473700002513,
              29.8248599997927
            ],
            [
              -81.3473829997718,
              29.8249250000564
            ],
            [
              -81.347381000122,
              29.8250789999729
            ],
            [
              -81.3473560000077,
              29.8252319997713
            ],
            [
              -81.3473479996117,
              29.8253520001981
            ],
            [
              -81.3473629996803,
              29.8256270002106
            ],
            [
              -81.3474430000463,
              29.82589299982
            ],
            [
              -81.3475419997805,
              29.8261189999574
            ],
            [
              -81.3475920000092,
              29.8262670003703
            ],
            [
              -81.3476580001315,
              29.8264209997776
            ],
            [
              -81.3477729997592,
              29.8266410003005
            ],
            [
              -81.3479150000494,
              29.8269820002316
            ],
            [
              -81.3479789996235,
              29.8270900002117
            ],
            [
              -81.3480349997,
              29.8271489998557
            ],
            [
              -81.3481359999823,
              29.8273140002602
            ],
            [
              -81.3482399997394,
              29.8274100000161
            ],
            [
              -81.3483250001282,
              29.8275080001749
            ],
            [
              -81.3485770000233,
              29.8276330002698
            ],
            [
              -81.3487879999105,
              29.8278099996942
            ],
            [
              -81.3489870001021,
              29.8279770002726
            ],
            [
              -81.3494540000824,
              29.8277449997483
            ],
            [
              -81.3495999996722,
              29.8276540003764
            ],
            [
              -81.3496380002054,
              29.8276199997934
            ],
            [
              -81.349685000061,
              29.8275609996481
            ],
            [
              -81.3497190003962,
              29.8274949996822
            ],
            [
              -81.3497379997645,
              29.8274229997404
            ],
            [
              -81.3497400003126,
              29.8273700001939
            ],
            [
              -81.3497329997416,
              29.8273179996999
            ],
            [
              -81.3497040003276,
              29.8272439999094
            ],
            [
              -81.3495849996036,
              29.8270689999866
            ],
            [
              -81.3492399998221,
              29.8265410003353
            ],
            [
              -81.3491450002859,
              29.826345000363
            ],
            [
              -81.3490170002394,
              29.8260459999309
            ],
            [
              -81.3490020001707,
              29.8259900000347
            ],
            [
              -81.3489970001478,
              29.8259320003596
            ],
            [
              -81.3489999996226,
              29.8258749997458
            ],
            [
              -81.3490139998663,
              29.8258189997536
            ],
            [
              -81.3490359996076,
              29.8257650002604
            ],
            [
              -81.3490659997448,
              29.8257140003658
            ],
            [
              -81.3491050001029,
              29.8256669999509
            ],
            [
              -81.3491510001336,
              29.8256260003337
            ],
            [
              -81.3492030000122,
              29.8255909999629
            ],
            [
              -81.3493269998607,
              29.8255330000563
            ],
            [
              -81.3495219998544,
              29.8254290002467
            ],
            [
              -81.3498850000775,
              29.8260219998679
            ],
            [
              -81.3499620000705,
              29.8261550000148
            ],
            [
              -81.3500890002921,
              29.8263479999718
            ],
            [
              -81.350230999684,
              29.8265329998351
            ],
            [
              -81.3503770001721,
              29.8266979996979
            ],
            [
              -81.3505140004395,
              29.8268309997246
            ],
            [
              -81.3506609998543,
              29.8269550000235
            ],
            [
              -81.3508180002131,
              29.827069999849
            ],
            [
              -81.3520199999622,
              29.8278710001805
            ],
            [
              -81.3541309995574,
              29.829269000327
            ],
            [
              -81.3549520004383,
              29.8298120002344
            ],
            [
              -81.3556899996818,
              29.8303019999787
            ],
            [
              -81.3558889998734,
              29.8304439999009
            ],
            [
              -81.3560760003695,
              29.8305970000576
            ],
            [
              -81.3562500004468,
              29.8307599997937
            ],
            [
              -81.3564119999302,
              29.8309339996632
            ],
            [
              -81.3564980001439,
              29.8310389998006
            ],
            [
              -81.3565550000453,
              29.8311169999649
            ],
            [
              -81.3566179997945,
              29.8312129999636
            ],
            [
              -81.3567299999475,
              29.8314110001565
            ],
            [
              -81.3568229998339,
              29.8316160002341
            ],
            [
              -81.356894999804,
              29.8318280001533
            ],
            [
              -81.3569240001163,
              29.831934999758
            ],
            [
              -81.3569640002992,
              29.832145999968
            ],
            [
              -81.3569850002156,
              29.8323510000962
            ],
            [
              -81.3569860000405,
              29.8325010002466
            ],
            [
              -81.3570010001092,
              29.8338979997209
            ],
            [
              -81.35701000033,
              29.8343420000254
            ],
            [
              -81.3570110001549,
              29.8343860001095
            ],
            [
              -81.3570110001549,
              29.8348600003544
            ],
            [
              -81.3570119999798,
              29.8352639997216
            ],
            [
              -81.3570179998276,
              29.8356719996771
            ],
            [
              -81.3570250003986,
              29.8364070000909
            ],
            [
              -81.3579690004048,
              29.8363900001212
            ],
            [
              -81.3585240002486,
              29.836384999717
            ],
            [
              -81.3610850001056,
              29.8363660002049
            ],
            [
              -81.361803000156,
              29.8364319997661
            ],
            [
              -81.3628269996298,
              29.8364319997661
            ],
            [
              -81.3629770003159,
              29.8364279999119
            ],
            [
              -81.3651459996374,
              29.8363709998308
            ],
            [
              -81.3653659997455,
              29.836377000005
            ],
            [
              -81.365609000318,
              29.836384999717
            ],
            [
              -81.3659990003054,
              29.8364729996249
            ],
            [
              -81.3663490001097,
              29.8366399997505
            ],
            [
              -81.366555999799,
              29.8367740003353
            ],
            [
              -81.3667340000742,
              29.8370179996475
            ],
            [
              -81.3668849996869,
              29.8372540002805
            ],
            [
              -81.3669399999385,
              29.837450999652
            ],
            [
              -81.3670139995584,
              29.8378119998695
            ],
            [
              -81.3670139995584,
              29.8387359997585
            ],
            [
              -81.3670139995584,
              29.8388189996507
            ],
            [
              -81.3670090004338,
              29.8390060000655
            ],
            [
              -81.3671240000615,
              29.8392380001561
            ],
            [
              -81.3672339996664,
              29.8393700001149
            ],
            [
              -81.3674060000939,
              29.8394729997019
            ],
            [
              -81.3676119999582,
              29.8395879999247
            ],
            [
              -81.3676379998974,
              29.8395580000148
            ],
            [
              -81.3677109996924,
              29.8394740002193
            ],
            [
              -81.3688589999131,
              29.838080999805
            ],
            [
              -81.3695090001914,
              29.8373149996765
            ],
            [
              -81.3699300001409,
              29.8367970003885
            ],
            [
              -81.3703479997174,
              29.8362650000719
            ],
            [
              -81.3707439995524,
              29.8357449996845
            ],
            [
              -81.3709779999042,
              29.8354250000787
            ],
            [
              -81.371865000009,
              29.8343579997749
            ],
            [
              -81.3722700000649,
              29.8338829996919
            ],
            [
              -81.373030999773,
              29.8329719998942
            ],
            [
              -81.3732890004142,
              29.8326630001872
            ],
            [
              -81.3734309998061,
              29.8324819999958
            ],
            [
              -81.3737139996634,
              29.8321709999302
            ],
            [
              -81.3741630001002,
              29.8316439997788
            ],
            [
              -81.3744369997366,
              29.8313219998664
            ],
            [
              -81.3747699998226,
              29.8309019998443
            ],
            [
              -81.3751120001293,
              29.8305119999129
            ],
            [
              -81.3754569999108,
              29.8300989999865
            ],
            [
              -81.375707000156,
              29.8298310002135
            ],
            [
              -81.3764159999856,
              29.8289459999313
            ],
            [
              -81.376697000193,
              29.8286249997436
            ],
            [
              -81.3767459996985,
              29.8285679998865
            ],
            [
              -81.3769259996236,
              29.8283190001707
            ],
            [
              -81.3776100002371,
              29.8274379999599
            ],
            [
              -81.37819299967,
              29.8267130000262
            ],
            [
              -81.3786980001833,
              29.8261639996375
            ],
            [
              -81.3790150003757,
              29.8257939997609
            ],
            [
              -81.3790999998663,
              29.8256900002231
            ],
            [
              -81.3804480001035,
              29.8284230000898
            ],
            [
              -81.3807590004481,
              29.8290409998351
            ],
            [
              -81.3821789997571,
              29.8319360003509
            ],
            [
              -81.3822430002295,
              29.832046000057
            ],
            [
              -81.3833479998942,
              29.8342900000426
            ],
            [
              -81.3859849999191,
              29.839614000099
            ],
            [
              -81.3866900004491,
              29.8410460002672
            ],
            [
              -81.3871470003835,
              29.8419740002604
            ],
            [
              -81.3873449998519,
              29.8423660000585
            ],
            [
              -81.3875930004474,
              29.8428760001047
            ],
            [
              -81.3877769996721,
              29.8432350000145
            ],
            [
              -81.3879890002825,
              29.8436699997322
            ],
            [
              -81.3904239997428,
              29.848592999813
            ],
            [
              -81.3904349996134,
              29.8486089996172
            ],
            [
              -81.3904620002759,
              29.8486710002949
            ],
            [
              -81.3908770003776,
              29.8495130003591
            ],
            [
              -81.3911700002806,
              29.8501280000746
            ],
            [
              -81.3913769999698,
              29.8505889998057
            ],
            [
              -81.3914520003129,
              29.850761999791
            ],
            [
              -81.3915350001536,
              29.8509540001128
            ],
            [
              -81.3918260004067,
              29.8516710001566
            ],
            [
              -81.3919929999129,
              29.8521050001315
            ],
            [
              -81.3921379996779,
              29.8525040002661
            ],
            [
              -81.392365000357,
              29.853172000165
            ],
            [
              -81.3927300002299,
              29.8543440002716
            ],
            [
              -81.3929160000028,
              29.8549770001205
            ],
            [
              -81.393238000218,
              29.856016000125
            ],
            [
              -81.3934120002953,
              29.8566069997871
            ],
            [
              -81.3937300003127,
              29.857652999975
            ],
            [
              -81.3943189995933,
              29.8595909999583
            ],
            [
              -81.3944580004088,
              29.8600610000803
            ],
            [
              -81.3945069999143,
              29.8602259998717
            ],
            [
              -81.3948600000917,
              29.8613819996411
            ],
            [
              -81.3950059996816,
              29.8613680001432
            ],
            [
              -81.395137999926,
              29.8613539998642
            ],
            [
              -81.3973299997121,
              29.861123000042
            ],
            [
              -81.3991440001046,
              29.8609389998853
            ],
            [
              -81.4025000000049,
              29.8605909999994
            ],
            [
              -81.4031079995521,
              29.8605360003003
            ],
            [
              -81.4069179999122,
              29.8601270003412
            ],
            [
              -81.4087199997108,
              29.8599499997555
            ],
            [
              -81.4099380002518,
              29.8598209998967
            ],
            [
              -81.4111729996128,
              29.8597000000527
            ],
            [
              -81.4112620001996,
              29.8596869998548
            ],
            [
              -81.4127750002933,
              29.8595280002924
            ],
            [
              -81.4140430001646,
              29.8593980003495
            ],
            [
              -81.415558999733,
              29.8592369996879
            ],
            [
              -81.4176740004245,
              29.8590139998765
            ],
            [
              -81.4207409997214,
              29.8586929997169
            ],
            [
              -81.4233789995713,
              29.8584119999554
            ],
            [
              -81.424522999594,
              29.8582970003766
            ],
            [
              -81.4254339999883,
              29.8582149998643
            ],
            [
              -81.427055000037,
              29.8580670000423
            ],
            [
              -81.4280040000661,
              29.857997000208
            ],
            [
              -81.4366750000242,
              29.8573099996739
            ],
            [
              -81.4367400003215,
              29.8573050003173
            ],
            [
              -81.4399270001673,
              29.8570500000733
            ],
            [
              -81.4409359995726,
              29.8569739998104
            ],
            [
              -81.4437059996669,
              29.8567509996174
            ],
            [
              -81.4447290002142,
              29.8566740003399
            ],
            [
              -81.4480259996649,
              29.8564110003766
            ],
            [
              -81.4487780000504,
              29.8563480002617
            ],
            [
              -81.4495250004131,
              29.8562929997827
            ],
            [
              -81.452749000069,
              29.8560349997942
            ],
            [
              -81.4533900001264,
              29.8559839997719
            ],
            [
              -81.455196999948,
              29.8558289996205
            ],
            [
              -81.4566139997823,
              29.8557169996881
            ],
            [
              -81.4580719996244,
              29.8555749998574
            ],
            [
              -81.4590480003159,
              29.8554580001907
            ],
            [
              -81.4600240001092,
              29.855334999794
            ],
            [
              -81.4612219996603,
              29.8551740003696
            ],
            [
              -81.4677660001297,
              29.8543020003685
            ],
            [
              -81.4730090002174,
              29.8536019999023
            ],
            [
              -81.4737370003136,
              29.8534999996828
            ],
            [
              -81.4754000001951,
              29.8532799998782
            ],
            [
              -81.481736000252,
              29.8524319996509
            ],
            [
              -81.4830779997432,
              29.8522630002212
            ],
            [
              -81.4852689997042,
              29.8520000003232
            ],
            [
              -81.4877629996141,
              29.8516950002906
            ],
            [
              -81.4891209998971,
              29.8515330000528
            ],
            [
              -81.4905650003938,
              29.8513550001905
            ],
            [
              -81.4916850001271,
              29.8512280001517
            ],
            [
              -81.4920700000916,
              29.851195999822
            ],
            [
              -81.4924559998809,
              29.8511770000109
            ],
            [
              -81.4928430003936,
              29.8511709999468
            ],
            [
              -81.4939730001726,
              29.8511740003685
            ],
            [
              -81.4972989999357,
              29.851187999738
            ],
            [
              -81.4986959996784,
              29.851187999738
            ],
            [
              -81.5023119998697,
              29.8511999998638
            ],
            [
              -81.5062639996216,
              29.8512050003053
            ],
            [
              -81.5104890000833,
              29.8512099999676
            ],
            [
              -81.5105259998932,
              29.8512130003881
            ],
            [
              -81.5195879996636,
              29.8512260001315
            ],
            [
              -81.5199090000539,
              29.8512260001315
            ],
            [
              -81.5201290001619,
              29.8512220000906
            ],
            [
              -81.520348000445,
              29.8512090003467
            ],
            [
              -81.5205669998299,
              29.851187999738
            ],
            [
              -81.5207839995648,
              29.8511580001963
            ],
            [
              -81.5210000003732,
              29.8511199997769
            ],
            [
              -81.5212129999102,
              29.8510740000291
            ],
            [
              -81.5214249996223,
              29.8510209997853
            ],
            [
              -81.5216330000348,
              29.8509589997876
            ],
            [
              -81.5218380000742,
              29.8508889996435
            ],
            [
              -81.5220389999156,
              29.8508110001153
            ],
            [
              -81.5235810003217,
              29.8502610000735
            ],
            [
              -81.5267079998931,
              29.8491379999278
            ],
            [
              -81.527008000367,
              29.8490299996296
            ],
            [
              -81.5282999996295,
              29.8485700001387
            ],
            [
              -81.5311519997396,
              29.84753999981
            ],
            [
              -81.5337879999396,
              29.8465939998759
            ],
            [
              -81.5350750000775,
              29.8461369998648
            ],
            [
              -81.5354750001106,
              29.8460139996717
            ],
            [
              -81.5361069999473,
              29.8458310001683
            ],
            [
              -81.536513999653,
              29.8457239998647
            ],
            [
              -81.5370989996341,
              29.845584999656
            ],
            [
              -81.5376869999881,
              29.8454580000697
            ],
            [
              -81.5381530001435,
              29.8453700002861
            ],
            [
              -81.5387780003074,
              29.8452649996283
            ],
            [
              -81.5392479997624,
              29.8451959998484
            ],
            [
              -81.5397530002758,
              29.8451349998111
            ],
            [
              -81.5402610002639,
              29.8450850001361
            ],
            [
              -81.5407879996202,
              29.8450430002339
            ],
            [
              -81.5414720002338,
              29.8450079996526
            ],
            [
              -81.5418830001375,
              29.8449970000238
            ],
            [
              -81.5463989999541,
              29.8449979997068
            ],
            [
              -81.5525240001238,
              29.845012999625
            ],
            [
              -81.5580829996807,
              29.8450219998865
            ],
            [
              -81.5585070000032,
              29.8450260001757
            ],
            [
              -81.5587799998147,
              29.8450539998574
            ],
            [
              -81.5605869996363,
              29.8450219998865
            ],
            [
              -81.564627999975,
              29.8449500001092
            ],
            [
              -81.5740119999606,
              29.8447120003677
            ],
            [
              -81.5812030003352,
              29.8445760001494
            ],
            [
              -81.5834570000455,
              29.8445560001705
            ],
            [
              -81.5843340001046,
              29.8462760000844
            ],
            [
              -81.5852100003388,
              29.8479950003273
            ],
            [
              -81.5855800002346,
              29.8487209997327
            ],
            [
              -81.5891419999992,
              29.8557400000531
            ],
            [
              -81.5912760000589,
              29.8598770003028
            ],
            [
              -81.5915000003649,
              29.8603080002899
            ],
            [
              -81.5925709996944,
              29.8623689998055
            ],
            [
              -81.5944989998897,
              29.8661929997113
            ],
            [
              -81.5950799996728,
              29.8673459997526
            ],
            [
              -81.5956610003542,
              29.8684980002648
            ],
            [
              -81.59614000003,
              29.8694479999151
            ],
            [
              -81.5975610000622,
              29.872285999968
            ],
            [
              -81.5988249997355,
              29.8750310001505
            ],
            [
              -81.5990130000565,
              29.8754220000618
            ],
            [
              -81.5990890002245,
              29.8757740002445
            ],
            [
              -81.5992339999894,
              29.876285999709
            ],
            [
              -81.5993479997922,
              29.8765939998003
            ],
            [
              -81.5995689997252,
              29.8773199999241
            ],
            [
              -81.5997779999625,
              29.8779750002453
            ],
            [
              -81.5998659998261,
              29.8783100001441
            ],
            [
              -81.5999479998419,
              29.8785740001527
            ],
            [
              -81.6000619996447,
              29.8789150003303
            ],
            [
              -81.6002009995619,
              29.8793989998617
            ],
            [
              -81.6004790002945,
              29.880224999865
            ],
            [
              -81.6005549995642,
              29.8804720000043
            ],
            [
              -81.6006940003797,
              29.8808739999636
            ],
            [
              -81.6007889999159,
              29.8813030001787
            ],
            [
              -81.600972000214,
              29.8818359996923
            ],
            [
              -81.6011370000705,
              29.882347999969
            ],
            [
              -81.601224999934,
              29.8826670001827
            ],
            [
              -81.6013329998891,
              29.8829919998637
            ],
            [
              -81.6014910000728,
              29.8834369999854
            ],
            [
              -81.6016169995712,
              29.8838330000163
            ],
            [
              -81.6016989995869,
              29.8842569996198
            ],
            [
              -81.6018190001358,
              29.8845810002837
            ],
            [
              -81.6019200004182,
              29.8849059999569
            ],
            [
              -81.6019709995735,
              29.8851040003671
            ],
            [
              -81.6019780001445,
              29.8851189997096
            ],
            [
              -81.6020219996271,
              29.8852139999059
            ],
            [
              -81.6020600001603,
              29.8853550003339
            ],
            [
              -81.6022750002455,
              29.8861550003398
            ],
            [
              -81.6025270001405,
              29.8869849998404
            ],
            [
              -81.6027299996318,
              29.8876120003455
            ],
            [
              -81.6028819999678,
              29.8881729996683
            ],
            [
              -81.6030080003644,
              29.88859200016
            ],
            [
              -81.6031470002816,
              29.8890979998914
            ],
            [
              -81.6033430001002,
              29.8897359997183
            ],
            [
              -81.6034760001696,
              29.8902309997787
            ],
            [
              -81.6035899999724,
              29.8906049999768
            ],
            [
              -81.6037540000039,
              29.8911710003648
            ],
            [
              -81.6039559996703,
              29.8917649996906
            ],
            [
              -81.604113999854,
              29.8922609997877
            ],
            [
              -81.6042720000378,
              29.8926730003408
            ],
            [
              -81.6044119997799,
              29.8931850002578
            ],
            [
              -81.604595000078,
              29.8936409997705
            ],
            [
              -81.6046960003603,
              29.8940210002368
            ],
            [
              -81.6047969997444,
              29.8943010001862
            ],
            [
              -81.6048729999124,
              29.8946040000991
            ],
            [
              -81.6050000001339,
              29.8948839999681
            ],
            [
              -81.6051070002641,
              29.8951979999925
            ],
            [
              -81.6052589997017,
              29.8956989999075
            ],
            [
              -81.6053630003571,
              29.8960279997376
            ],
            [
              -81.6053979996189,
              29.8961389996317
            ],
            [
              -81.6055180001678,
              29.8964909998814
            ],
            [
              -81.6056260001228,
              29.8969310000027
            ],
            [
              -81.6057199998341,
              29.8972770001636
            ],
            [
              -81.6058529999035,
              29.89781600031
            ],
            [
              -81.6059859999729,
              29.8983999997035
            ],
            [
              -81.6060999997757,
              29.8988729997279
            ],
            [
              -81.6062200003247,
              29.8993289996919
            ],
            [
              -81.6063399999752,
              29.8999119996515
            ],
            [
              -81.6064730000446,
              29.900643999944
            ],
            [
              -81.6065750001519,
              29.901150000009
            ],
            [
              -81.606674999711,
              29.9016080002438
            ],
            [
              -81.6068339997197,
              29.9022390002016
            ],
            [
              -81.6069550000935,
              29.9027560002243
            ],
            [
              -81.6070170000178,
              29.9030200001292
            ],
            [
              -81.6071059997063,
              29.9035920001185
            ],
            [
              -81.6072260002552,
              29.9039499997425
            ],
            [
              -81.6073779996928,
              29.9045990003398
            ],
            [
              -81.607448000013,
              29.9049900003146
            ],
            [
              -81.6075049999144,
              29.905247999824
            ],
            [
              -81.6076060001968,
              29.9056550003659
            ],
            [
              -81.6076949998852,
              29.906189000334
            ],
            [
              -81.6077579996344,
              29.9066400002997
            ],
            [
              -81.6078210002819,
              29.9069870000695
            ],
            [
              -81.6078909997038,
              29.9074490000683
            ],
            [
              -81.608029999621,
              29.9082569996683
            ],
            [
              -81.6081130003599,
              29.9089559998534
            ],
            [
              -81.6081819999569,
              29.9094460003616
            ],
            [
              -81.6082330000106,
              29.9102829999842
            ],
            [
              -81.6082360003836,
              29.9103159998531
            ],
            [
              -81.608289999912,
              29.9108480001477
            ],
            [
              -81.6083540003844,
              29.9117120003143
            ],
            [
              -81.6083540003844,
              29.9120860000896
            ],
            [
              -81.6083610000571,
              29.9125699997294
            ],
            [
              -81.6083550002093,
              29.9130099996967
            ],
            [
              -81.6083929998441,
              29.9140059998954
            ],
            [
              -81.6083869999964,
              29.9145340001071
            ],
            [
              -81.6083679997298,
              29.9148920001151
            ],
            [
              -81.6083750003008,
              29.9152879997382
            ],
            [
              -81.6083560000342,
              29.915694999743
            ],
            [
              -81.6083059998055,
              29.9160750001856
            ],
            [
              -81.6082430000563,
              29.916497999903
            ],
            [
              -81.6081230004057,
              29.9171810001633
            ],
            [
              -81.6080720003521,
              29.9174159998673
            ],
            [
              -81.60804100039,
              29.9175599998723
            ],
            [
              -81.607965000222,
              29.9178300001964
            ],
            [
              -81.6078649997645,
              29.918214999695
            ],
            [
              -81.6077380004412,
              29.9186280000928
            ],
            [
              -81.6076060001968,
              29.9189739996407
            ],
            [
              -81.6074670002795,
              29.919304000182
            ],
            [
              -81.6073280003624,
              29.9196890002098
            ],
            [
              -81.6072089996384,
              29.9199810000631
            ],
            [
              -81.6070320000864,
              29.9204490003029
            ],
            [
              -81.6068930001693,
              29.9207620002406
            ],
            [
              -81.6066279998554,
              29.9214170000199
            ],
            [
              -81.6064710003948,
              29.92185199981
            ],
            [
              -81.6059969998436,
              29.9230680000291
            ],
            [
              -81.6057580003673,
              29.9235409997001
            ],
            [
              -81.6055619996504,
              29.9240249997166
            ],
            [
              -81.6053220003492,
              29.9245479998623
            ],
            [
              -81.6051459997238,
              29.9249000001564
            ],
            [
              -81.6046980000102,
              29.9258570001378
            ],
            [
              -81.604414000328,
              29.9264520001636
            ],
            [
              -81.6041420003415,
              29.9271060002352
            ],
            [
              -81.6041029999834,
              29.9271799999274
            ],
            [
              -81.6036689996151,
              29.927997999993
            ],
            [
              -81.6034419998344,
              29.9284599998269
            ],
            [
              -81.6032090002059,
              29.9289609998265
            ],
            [
              -81.6027859997083,
              29.9298190000748
            ],
            [
              -81.6026030003085,
              29.9302920003623
            ],
            [
              -81.6022240001918,
              29.9310789997544
            ],
            [
              -81.6018080002652,
              29.9321080002315
            ],
            [
              -81.6015739999134,
              29.9325809997599
            ],
            [
              -81.6013720002471,
              29.9330269998462
            ],
            [
              -81.6011329998725,
              29.9334829999066
            ],
            [
              -81.600892999673,
              29.9341000001169
            ],
            [
              -81.6007019998773,
              29.9345610000845
            ],
            [
              -81.6006659998923,
              29.9346500001312
            ],
            [
              -81.6005389996707,
              29.9349690002567
            ],
            [
              -81.6003820002101,
              29.9354039999828
            ],
            [
              -81.6002240000264,
              29.935750000381
            ],
            [
              -81.6000659998427,
              29.9361299997783
            ],
            [
              -81.5998640001763,
              29.9365540002279
            ],
            [
              -81.5997190004113,
              29.9369389997025
            ],
            [
              -81.5996120002812,
              29.9373129996785
            ],
            [
              -81.5993410001196,
              29.9381000003683
            ],
            [
              -81.599245999685,
              29.9384459999536
            ],
            [
              -81.599145000301,
              29.9389080003227
            ],
            [
              -81.5990630002852,
              29.9392499998104
            ],
            [
              -81.5989750004217,
              29.9395250003643
            ],
            [
              -81.5988609997205,
              29.9400529998883
            ],
            [
              -81.598772999857,
              29.9405589997541
            ],
            [
              -81.5987350002221,
              29.9410379996909
            ],
            [
              -81.5987100001078,
              29.9416370003282
            ],
            [
              -81.5987109999327,
              29.942951999988
            ],
            [
              -81.5987810002529,
              29.9435569999504
            ],
            [
              -81.5988380001543,
              29.9442060000225
            ],
            [
              -81.5989140003223,
              29.9450040001629
            ],
            [
              -81.5990280001251,
              29.9459669996466
            ],
            [
              -81.5991739997149,
              29.9474679996278
            ],
            [
              -81.5992630003017,
              29.9483270000488
            ],
            [
              -81.5995600004027,
              29.9504610000386
            ],
            [
              -81.5998580003285,
              29.9522379997235
            ],
            [
              -81.6004530003552,
              29.954536999926
            ],
            [
              -81.6006619996943,
              29.955153000167
            ],
            [
              -81.6008390001446,
              29.9555930002261
            ],
            [
              -81.6009899997574,
              29.9560170002096
            ],
            [
              -81.6017050003331,
              29.9574859998049
            ],
            [
              -81.6020080002817,
              29.9581459996299
            ],
            [
              -81.6020149999545,
              29.9581580001096
            ],
            [
              -81.6022230003669,
              29.9585140001954
            ],
            [
              -81.60276700034,
              29.9595430001635
            ],
            [
              -81.6029759996791,
              29.9599939996427
            ],
            [
              -81.6038229996009,
              29.9615339999994
            ],
            [
              -81.6040569999526,
              29.9619790001644
            ],
            [
              -81.60426600019,
              29.9624089997427
            ],
            [
              -81.6045880004053,
              29.9629479997973
            ],
            [
              -81.6048670000645,
              29.9634979998259
            ],
            [
              -81.6051010004163,
              29.9638990000336
            ],
            [
              -81.6053659998318,
              29.9643279998231
            ],
            [
              -81.6055750000692,
              29.9646859996793
            ],
            [
              -81.6059230002237,
              29.9651309997397
            ],
            [
              -81.6059859999729,
              29.9652439996966
            ],
            [
              -81.6061309997379,
              29.9655050003112
            ],
            [
              -81.6064410002576,
              29.9659839999302
            ],
            [
              -81.6067640002978,
              29.9664299996475
            ],
            [
              -81.6068079997804,
              29.9664900001441
            ],
            [
              -81.6071679996305,
              29.9668690003562
            ],
            [
              -81.6074709995792,
              29.9672050000973
            ],
            [
              -81.6078570002669,
              29.967700000224
            ],
            [
              -81.6082110002693,
              29.9680629996315
            ],
            [
              -81.6085340003094,
              29.9684360000619
            ],
            [
              -81.6089000000073,
              29.9688489997666
            ],
            [
              -81.6092349997431,
              29.9691729998898
            ],
            [
              -81.6094690000948,
              29.9694979997255
            ],
            [
              -81.6095839997226,
              29.9696190000798
            ],
            [
              -81.6097729998684,
              29.9698170001298
            ],
            [
              -81.6101460001373,
              29.9702350002364
            ],
            [
              -81.6104929995687,
              29.9705260003856
            ],
            [
              -81.6105889998281,
              29.9706210000279
            ],
            [
              -81.6107589997074,
              29.9707900002892
            ],
            [
              -81.6110180001735,
              29.9710379998896
            ],
            [
              -81.611258000373,
              29.9712579996322
            ],
            [
              -81.6113400003888,
              29.9713500002148
            ],
            [
              -81.6120480003934,
              29.9719980002137
            ],
            [
              -81.6123980001978,
              29.9723020001594
            ],
            [
              -81.6125220000464,
              29.9724129998207
            ],
            [
              -81.6129890000266,
              29.9728319998573
            ],
            [
              -81.6140800003459,
              29.9737450000901
            ],
            [
              -81.6145930003569,
              29.9741610001248
            ],
            [
              -81.6152159999727,
              29.9746910000213
            ],
            [
              -81.6156510001659,
              29.9750289996385
            ],
            [
              -81.6160009999703,
              29.9752709999564
            ],
            [
              -81.6165590001871,
              29.9756419999262
            ],
            [
              -81.6177020003849,
              29.9766049998731
            ],
            [
              -81.6186229999266,
              29.9772519999207
            ],
            [
              -81.6190890000819,
              29.9775710003282
            ],
            [
              -81.6193309999313,
              29.9777369999374
            ],
            [
              -81.6198049995842,
              29.9781199996601
            ],
            [
              -81.6201340003705,
              29.9783150001808
            ],
            [
              -81.620363999626,
              29.9784509999781
            ],
            [
              -81.6209019997513,
              29.9788340000601
            ],
            [
              -81.6213510001882,
              29.9791670001197
            ],
            [
              -81.6217260001069,
              29.9794260001724
            ],
            [
              -81.622058000368,
              29.9796730001132
            ],
            [
              -81.6223689998142,
              29.9798930001859
            ],
            [
              -81.6227970003347,
              29.9801799997462
            ],
            [
              -81.6234609999585,
              29.9806439996915
            ],
            [
              -81.6238030002652,
              29.9808829999292
            ],
            [
              -81.6241609995672,
              29.9811259998646
            ],
            [
              -81.624349999713,
              29.9812640002259
            ],
            [
              -81.6246819999741,
              29.9814950000127
            ],
            [
              -81.6247000004158,
              29.9815050002675
            ],
            [
              -81.6247670003629,
              29.9815420001123
            ],
            [
              -81.6248119996705,
              29.9815720000816
            ],
            [
              -81.6298570002898,
              29.9843090002529
            ],
            [
              -81.6302330000334,
              29.9845129996275
            ],
            [
              -81.6313610001627,
              29.9851249999052
            ],
            [
              -81.6317379997312,
              29.985329999769
            ],
            [
              -81.6317710002415,
              29.9853479998431
            ],
            [
              -81.6318730003487,
              29.9854020000458
            ],
            [
              -81.6319069997856,
              29.9854209999372
            ],
            [
              -81.632228000176,
              29.9855949998386
            ],
            [
              -81.6331939999235,
              29.9861200002959
            ],
            [
              -81.6335169999637,
              29.9862950003502
            ],
            [
              -81.633610999675,
              29.9863459997967
            ],
            [
              -81.6350099999659,
              29.987136000021
            ],
            [
              -81.6351609995786,
              29.9872209996607
            ],
            [
              -81.6373619995855,
              29.988463999719
            ],
            [
              -81.6397149999283,
              29.989790999763
            ],
            [
              -81.6400930002201,
              29.9900039999381
            ],
            [
              -81.6407259998817,
              29.990361999853
            ],
            [
              -81.641736999835,
              29.990932999771
            ],
            [
              -81.6427300002451,
              29.9914929997217
            ],
            [
              -81.6437229997568,
              29.9920540001673
            ],
            [
              -81.6449930001762,
              29.9927700002594
            ],
            [
              -81.6476059999117,
              29.9942460000391
            ],
            [
              -81.6514890000666,
              29.9964379997418
            ],
            [
              -81.6547610003013,
              29.9982849996119
            ],
            [
              -81.6580169997442,
              30.0001240003256
            ],
            [
              -81.658058999577,
              30.0001479996997
            ],
            [
              -81.6581859997986,
              30.0002200001212
            ],
            [
              -81.6582290003546,
              30.00024400025
            ],
            [
              -81.6598579999009,
              30.0010680001166
            ],
            [
              -81.6629540004085,
              30.002768999985
            ],
            [
              -81.6631369998083,
              30.0028630002462
            ],
            [
              -81.6665250003939,
              30.0046180003244
            ],
            [
              -81.6710880000661,
              30.0072419996131
            ],
            [
              -81.6745829998836,
              30.0095810001569
            ],
            [
              -81.6773429999322,
              30.011580000049
            ],
            [
              -81.6782429995575,
              30.0122329997767
            ],
            [
              -81.6797670004201,
              30.013656999724
            ],
            [
              -81.680209000286,
              30.0140700003623
            ],
            [
              -81.680942000405,
              30.0146919996566
            ],
            [
              -81.6814889998529,
              30.0152770000153
            ],
            [
              -81.682180999964,
              30.0160180002868
            ],
            [
              -81.6828069999529,
              30.0166940000993
            ],
            [
              -81.6836920004079,
              30.017959999936
            ],
            [
              -81.6845319997587,
              30.0191860001207
            ],
            [
              -81.6845889996601,
              30.0192689997769
            ],
            [
              -81.6849429996624,
              30.0197700001535
            ],
            [
              -81.685069999884,
              30.0200000002905
            ],
            [
              -81.68540299997,
              30.020600999845
            ],
            [
              -81.6867260000929,
              30.0229819999092
            ],
            [
              -81.6878070003664,
              30.0255290001408
            ],
            [
              -81.6888760000461,
              30.0285660001219
            ],
            [
              -81.6894130003465,
              30.0312339999004
            ],
            [
              -81.6900009998023,
              30.0355530003058
            ],
            [
              -81.6901120001304,
              30.0369020000707
            ],
            [
              -81.6903680002234,
              30.039975999789
            ],
            [
              -81.6904579997368,
              30.0428339998881
            ],
            [
              -81.6904689996074,
              30.0432100001262
            ],
            [
              -81.690375999721,
              30.0454300002485
            ],
            [
              -81.6902979999032,
              30.0473199999507
            ],
            [
              -81.6899580001446,
              30.052431000028
            ],
            [
              -81.6899260003575,
              30.0532110003114
            ],
            [
              -81.6898230004253,
              30.0558079999525
            ],
            [
              -81.6898130003796,
              30.0560449996994
            ],
            [
              -81.6897890000902,
              30.0571870003433
            ],
            [
              -81.6897559995799,
              30.0588230000248
            ],
            [
              -81.6895849998757,
              30.0608800002071
            ],
            [
              -81.6895289997992,
              30.0613160002694
            ],
            [
              -81.6893549997219,
              30.0626860001194
            ],
            [
              -81.6893530000721,
              30.0626969997923
            ],
            [
              -81.6893480000493,
              30.0627329998443
            ],
            [
              -81.6893470002243,
              30.0627450001178
            ],
            [
              -81.6893199995618,
              30.0629600003019
            ],
            [
              -81.6890159997882,
              30.0642420000923
            ],
            [
              -81.6888829997188,
              30.0648630003446
            ],
            [
              -81.6885549996557,
              30.0657599996185
            ],
            [
              -81.6882130002473,
              30.0666020000285
            ],
            [
              -81.6878209997118,
              30.0675419997431
            ],
            [
              -81.6874290000746,
              30.0681530002119
            ],
            [
              -81.6870750000723,
              30.0686870000049
            ],
            [
              -81.6860249997609,
              30.0703149997481
            ],
            [
              -81.6858530002318,
              30.0706120002481
            ],
            [
              -81.684893000332,
              30.0722789998602
            ],
            [
              -81.6841950003731,
              30.0736860000038
            ],
            [
              -81.6833180003141,
              30.0754530002794
            ],
            [
              -81.6817430002961,
              30.0789130001565
            ],
            [
              -81.6813850000958,
              30.08004500005
            ],
            [
              -81.6805599999153,
              30.0826540000894
            ],
            [
              -81.6800729998435,
              30.0866210002217
            ],
            [
              -81.6802369998751,
              30.0898769998477
            ],
            [
              -81.6804350002418,
              30.0913980003094
            ],
            [
              -81.680610000144,
              30.0927379997289
            ],
            [
              -81.6810970002157,
              30.0954559996206
            ],
            [
              -81.6811669996376,
              30.0958409998312
            ],
            [
              -81.6816029996557,
              30.099322999663
            ],
            [
              -81.6817700000603,
              30.1028110000541
            ],
            [
              -81.681780000106,
              30.1030309996425
            ],
            [
              -81.6817650000374,
              30.1041170000503
            ],
            [
              -81.6817630003876,
              30.1042350003304
            ],
            [
              -81.6817580003647,
              30.1045880001429
            ],
            [
              -81.6817569996415,
              30.104707000042
            ],
            [
              -81.6817459997708,
              30.105452000268
            ],
            [
              -81.6817359997251,
              30.1061770000974
            ],
            [
              -81.6815829995642,
              30.1076819999062
            ],
            [
              -81.6815080001195,
              30.1084249999517
            ],
            [
              -81.6814500003931,
              30.1089840002524
            ],
            [
              -81.6811399998734,
              30.110986000033
            ],
            [
              -81.6809599999484,
              30.1121579998742
            ],
            [
              -81.680610000144,
              30.1143370000836
            ],
            [
              -81.6802169997836,
              30.1170390002956
            ],
            [
              -81.6801900000195,
              30.1172249997641
            ],
            [
              -81.6800240003381,
              30.118669999838
            ],
            [
              -81.6799730002845,
              30.1191179996727
            ],
            [
              -81.6801110003767,
              30.1207079998384
            ],
            [
              -81.6802150001338,
              30.1212400001902
            ],
            [
              -81.6803520004012,
              30.1214840002051
            ],
            [
              -81.6804879999453,
              30.1217279996169
            ],
            [
              -81.682798999557,
              30.1258660002683
            ],
            [
              -81.6864139999233,
              30.1323389999
            ],
            [
              -81.6904460000412,
              30.1398050000522
            ],
            [
              -81.6918150001949,
              30.1423389996867
            ],
            [
              -81.6921159995954,
              30.1447399998649
            ],
            [
              -81.6918960003857,
              30.146656000279
            ]
          ]
        ]
      },
      "properties": {
        "AREALAND": 1533520750,
        "AREAWATER": 613650703,
        "BASENAME": "5",
        "CDSESSN": "119",
        "CDTYP": "O",
        "CENTLAT": "+30.1020293",
        "CENTLON": "-081.4606396",
        "FUNCSTAT": "N",
        "GEOID": "1205",
        "HU100": null,
        "INTPTLAT": "+30.1016127",
        "INTPTLON": "-081.4596712",
        "LSADC": "C2",
        "MTFCC": "G5200",
        "NAME": "Congressional District 5",
        "OBJECTID": 134,
        "POP100": null,
        "STATE": "12",
        "Shape__Area": 2878448407.763672,
        "Shape__Length": 262630.62575656106,
        "congressional_member_name": "John H. Rutherford",
        "congressional_member_party": "Republican",
        "congressional_member_photo_url": "https://ziplook.house.gov/zip/pictures/fl05_rutherford.jpg",
        "congressional_member_source_url": "https://www.house.gov/htbin/findrep?ZIP=32207",
        "congressional_member_website_url": "https://rutherford.house.gov"
      }
    },
    {
      "type": "Feature",
      "id": 227,
      "geometry": {
        "type": "Polygon",
        "coordinates": [
          [
            [
              -82.0503309996447,
              30.6757370000482
            ],
            [
              -82.0502550003751,
              30.6761150000151
            ],
            [
              -82.0500939998182,
              30.6765230003549
            ],
            [
              -82.0498579998167,
              30.676881999702
            ],
            [
              -82.0490789996669,
              30.6776790001997
            ],
            [
              -82.0485680002041,
              30.6782019998574
            ],
            [
              -82.0483990001497,
              30.6784770000335
            ],
            [
              -82.0483010002404,
              30.6786370003374
            ],
            [
              -82.0480650002389,
              30.6790890003821
            ],
            [
              -82.0480440003224,
              30.6791189998829
            ],
            [
              -82.047691000145,
              30.6796260000802
            ],
            [
              -82.0476380004416,
              30.6797490003807
            ],
            [
              -82.0475460003801,
              30.67982100022
            ],
            [
              -82.0473019999826,
              30.6799179998973
            ],
            [
              -82.0466840003896,
              30.680507999786
            ],
            [
              -82.0465599996428,
              30.6806519998245
            ],
            [
              -82.0464319995963,
              30.6808009997348
            ],
            [
              -82.0462950002272,
              30.6811239999904
            ],
            [
              -82.0463029997248,
              30.6813300000172
            ],
            [
              -82.0463859995655,
              30.6814939998069
            ],
            [
              -82.0465239996578,
              30.6815930002941
            ],
            [
              -82.0466800001917,
              30.6816639998319
            ],
            [
              -82.0467069999558,
              30.6816769997851
            ],
            [
              -82.0469200003912,
              30.6817359997886
            ],
            [
              -82.047142000149,
              30.6817550002405
            ],
            [
              -82.0475920004108,
              30.6816839999969
            ],
            [
              -82.0479279999715,
              30.6816880003385
            ],
            [
              -82.0481410004068,
              30.6817420002976
            ],
            [
              -82.0483170001339,
              30.6818600001892
            ],
            [
              -82.0483820004312,
              30.6819690003536
            ],
            [
              -82.0484769999675,
              30.6821270001186
            ],
            [
              -82.0484920000361,
              30.6823060001267
            ],
            [
              -82.0484309999367,
              30.6824319999505
            ],
            [
              -82.0480729997365,
              30.6828710002112
            ],
            [
              -82.0478669998722,
              30.6830389999871
            ],
            [
              -82.0476149999771,
              30.6831839997977
            ],
            [
              -82.0471110001869,
              30.6833929998822
            ],
            [
              -82.0467830001238,
              30.6834949997814
            ],
            [
              -82.0463410002579,
              30.6835710001815
            ],
            [
              -82.045791000437,
              30.6835769998039
            ],
            [
              -82.0456990003756,
              30.6835889998203
            ],
            [
              -82.0449749995791,
              30.6836870000264
            ],
            [
              -82.0443040002826,
              30.6837429997684
            ],
            [
              -82.043952999755,
              30.68382600003
            ],
            [
              -82.0436859997914,
              30.6839470002647
            ],
            [
              -82.0435939997298,
              30.6840570000657
            ],
            [
              -82.0435410000264,
              30.684199999774
            ],
            [
              -82.0435410000264,
              30.68473399986
            ],
            [
              -82.0434189998277,
              30.6852610001309
            ],
            [
              -82.0433500002306,
              30.685461000325
            ],
            [
              -82.0431970000698,
              30.6857760000998
            ],
            [
              -82.0431059998332,
              30.6861109996401
            ],
            [
              -82.0430909997646,
              30.6863569997868
            ],
            [
              -82.0431290002977,
              30.6876050000517
            ],
            [
              -82.0429989997031,
              30.6882689998522
            ],
            [
              -82.0428690000068,
              30.6886939996614
            ],
            [
              -82.0427700002726,
              30.6889130002849
            ],
            [
              -82.0427400001353,
              30.6890639998258
            ],
            [
              -82.042746999808,
              30.6892009997984
            ],
            [
              -82.0427850003411,
              30.689332999932
            ],
            [
              -82.0429230004334,
              30.6895299997899
            ],
            [
              -82.0429529996723,
              30.6895730003445
            ],
            [
              -82.0429989997031,
              30.6896880003147
            ],
            [
              -82.0430139997717,
              30.6899719998355
            ],
            [
              -82.0429839996345,
              30.6900650001362
            ],
            [
              -82.0429069996415,
              30.6901509999773
            ],
            [
              -82.0427929998388,
              30.6901989998553
            ],
            [
              -82.0422439998428,
              30.6901989998553
            ],
            [
              -82.0420299995825,
              30.6902500000858
            ],
            [
              -82.0418320001141,
              30.6903379997537
            ],
            [
              -82.0416329999225,
              30.6904739998551
            ],
            [
              -82.0414580000203,
              30.6906360003508
            ],
            [
              -82.0413049998594,
              30.6908659999389
            ],
            [
              -82.0412370000874,
              30.6910319997311
            ],
            [
              -82.0412139996228,
              30.6913339996726
            ],
            [
              -82.0413740003547,
              30.6919249996944
            ],
            [
              -82.0414730000889,
              30.6926899997764
            ],
            [
              -82.0414880001575,
              30.692991000356
            ],
            [
              -82.0414200003855,
              30.6935919998959
            ],
            [
              -82.0414119999896,
              30.6945479998322
            ],
            [
              -82.041504000051,
              30.6949390000311
            ],
            [
              -82.0417319996567,
              30.6954100003169
            ],
            [
              -82.0417319996567,
              30.6955449998962
            ],
            [
              -82.0416639998846,
              30.695771999942
            ],
            [
              -82.041648999816,
              30.6959630001657
            ],
            [
              -82.0416789999532,
              30.6961520001405
            ],
            [
              -82.0417480004485,
              30.6962909999633
            ],
            [
              -82.0418620002514,
              30.696357999773
            ],
            [
              -82.0420299995825,
              30.696333000276
            ],
            [
              -82.0423049999421,
              30.6961969999327
            ],
            [
              -82.0425259998751,
              30.6959739998637
            ],
            [
              -82.042602000043,
              30.6959270000918
            ],
            [
              -82.0427400001353,
              30.6958960000817
            ],
            [
              -82.0429300001061,
              30.6959270000918
            ],
            [
              -82.0432129999633,
              30.6960699999843
            ],
            [
              -82.043479999927,
              30.696289000095
            ],
            [
              -82.0435929999049,
              30.6964440001869
            ],
            [
              -82.0437770000279,
              30.6966950003013
            ],
            [
              -82.0439219997929,
              30.6969589999758
            ],
            [
              -82.0440370003189,
              30.6973690001449
            ],
            [
              -82.0440520003875,
              30.6975650002887
            ],
            [
              -82.0440210004254,
              30.6977140003602
            ],
            [
              -82.0439369998615,
              30.6978780001264
            ],
            [
              -82.0438079999901,
              30.6980319996814
            ],
            [
              -82.0436549998292,
              30.6981510000469
            ],
            [
              -82.0434720004294,
              30.6982399997636
            ],
            [
              -82.0432530001463,
              30.6982479998468
            ],
            [
              -82.0430139997717,
              30.6982570002295
            ],
            [
              -82.0424499997071,
              30.6981750003171
            ],
            [
              -82.0422890000486,
              30.6981850002348
            ],
            [
              -82.0421829997434,
              30.6982189996381
            ],
            [
              -82.0420610004429,
              30.6983390000723
            ],
            [
              -82.0420089996661,
              30.6985340002662
            ],
            [
              -82.0419690003815,
              30.6986829996141
            ],
            [
              -82.0418999998861,
              30.6988050000597
            ],
            [
              -82.0417860000833,
              30.6989039997888
            ],
            [
              -82.0415650001504,
              30.6989939998756
            ],
            [
              -82.0414270000582,
              30.6990850001701
            ],
            [
              -82.0413230003011,
              30.6992050002996
            ],
            [
              -82.0413130002554,
              30.6992169999181
            ],
            [
              -82.0412439997601,
              30.699384999828
            ],
            [
              -82.0412289996914,
              30.6995349996935
            ],
            [
              -82.0412520001559,
              30.6996420001863
            ],
            [
              -82.041328000324,
              30.6997489997879
            ],
            [
              -82.0414730000889,
              30.6998670000703
            ],
            [
              -82.0416329999225,
              30.6999300001292
            ],
            [
              -82.0419690003815,
              30.6999740001948
            ],
            [
              -82.0422589999114,
              30.7000519997706
            ],
            [
              -82.0425789995785,
              30.7001860003007
            ],
            [
              -82.0427700002726,
              30.7003249997203
            ],
            [
              -82.0429069996415,
              30.700525000373
            ],
            [
              -82.042967999741,
              30.7007389998169
            ],
            [
              -82.0429459999996,
              30.7008859998492
            ],
            [
              -82.0428310003719,
              30.701001999743
            ],
            [
              -82.0426559995714,
              30.7010559997125
            ],
            [
              -82.0420830001843,
              30.7010589997529
            ],
            [
              -82.0418849998176,
              30.7010150001818
            ],
            [
              -82.041648999816,
              30.7009070001666
            ],
            [
              -82.04102799985,
              30.7004859996256
            ],
            [
              -82.0408699996663,
              30.7003779997907
            ],
            [
              -82.0407559998634,
              30.7003309998463
            ],
            [
              -82.040618999596,
              30.7002999997061
            ],
            [
              -82.0404279998004,
              30.700310000176
            ],
            [
              -82.0400849996687,
              30.7004130002439
            ],
            [
              -82.0398100002074,
              30.7005289999339
            ],
            [
              -82.0395659998099,
              30.7006780000635
            ],
            [
              -82.0395340000229,
              30.700706000031
            ],
            [
              -82.0392219998534,
              30.7009829999897
            ],
            [
              -82.0390770000884,
              30.7010819998014
            ],
            [
              -82.0390240003849,
              30.7011789997449
            ],
            [
              -82.0390090003163,
              30.7013019996205
            ],
            [
              -82.0390770000884,
              30.7014879999258
            ],
            [
              -82.0391459996853,
              30.7015739996301
            ],
            [
              -82.0392300002492,
              30.7016179997187
            ],
            [
              -82.0395120002816,
              30.7016960002827
            ],
            [
              -82.0395869997263,
              30.7017510001276
            ],
            [
              -82.0397180001459,
              30.7018469999082
            ],
            [
              -82.039817999705,
              30.7020190001451
            ],
            [
              -82.039817999705,
              30.7021029996285
            ],
            [
              -82.0397790002452,
              30.7021920003347
            ],
            [
              -82.0396799996127,
              30.7022949999385
            ],
            [
              -82.0395349998478,
              30.7023530002144
            ],
            [
              -82.0394210000449,
              30.7023579999569
            ],
            [
              -82.0392989998462,
              30.7023299996963
            ],
            [
              -82.0391470004086,
              30.702329000211
            ],
            [
              -82.0387570004213,
              30.7023260002101
            ],
            [
              -82.0386200001539,
              30.7023620002142
            ],
            [
              -82.0385280000924,
              30.7024349996661
            ],
            [
              -82.0384440004268,
              30.7025529997534
            ],
            [
              -82.0384059998936,
              30.7026839999102
            ],
            [
              -82.0384059998936,
              30.7028079996649
            ],
            [
              -82.0384750003889,
              30.7030539997406
            ],
            [
              -82.0384820000616,
              30.7032320000887
            ],
            [
              -82.0384739996657,
              30.7032799996404
            ],
            [
              -82.0384440004268,
              30.703448999674
            ],
            [
              -82.0383530001902,
              30.7036509997464
            ],
            [
              -82.0380400001957,
              30.7040480000327
            ],
            [
              -82.0378109998669,
              30.7042200002079
            ],
            [
              -82.0374910001998,
              30.7043359999555
            ],
            [
              -82.0370710000752,
              30.7043570002943
            ],
            [
              -82.0369339998078,
              30.7044469999294
            ],
            [
              -82.0368950003481,
              30.7045210003562
            ],
            [
              -82.0368879997771,
              30.7046169996979
            ],
            [
              -82.0371549997407,
              30.7054120001815
            ],
            [
              -82.0371470002432,
              30.7055740003188
            ],
            [
              -82.0370629996792,
              30.7057040000132
            ],
            [
              -82.0369179999143,
              30.7058069997295
            ],
            [
              -82.0366740004151,
              30.7058830003272
            ],
            [
              -82.0364069995531,
              30.7059140002185
            ],
            [
              -82.0362090000847,
              30.7059140002185
            ],
            [
              -82.0360709999925,
              30.7059569996524
            ],
            [
              -82.0359649996873,
              30.706072000182
            ],
            [
              -82.0359270000525,
              30.706204999858
            ],
            [
              -82.0360939995587,
              30.706757000194
            ],
            [
              -82.0362469997196,
              30.7073839996702
            ],
            [
              -82.0363589998726,
              30.708071000031
            ],
            [
              -82.0363689999183,
              30.7081199996898
            ],
            [
              -82.0364679996525,
              30.708598999742
            ],
            [
              -82.036523999729,
              30.7090390001254
            ],
            [
              -82.0365630000871,
              30.7097760000559
            ],
            [
              -82.0365019999877,
              30.7100920002033
            ],
            [
              -82.036495000315,
              30.7101299999802
            ],
            [
              -82.036491999942,
              30.7101390000268
            ],
            [
              -82.0364819998962,
              30.7104379998959
            ],
            [
              -82.0365249995539,
              30.711155999883
            ],
            [
              -82.0367320001415,
              30.7127969999527
            ],
            [
              -82.0368040001115,
              30.7130330001207
            ],
            [
              -82.0369070000436,
              30.7132329999158
            ],
            [
              -82.0370560000065,
              30.7134230001866
            ],
            [
              -82.0372269997108,
              30.7135820003488
            ],
            [
              -82.0373990001382,
              30.7136989997909
            ],
            [
              -82.0376009998046,
              30.7138030003773
            ],
            [
              -82.0382179995727,
              30.7140049996212
            ],
            [
              -82.038390999825,
              30.7141039999718
            ],
            [
              -82.0385620004276,
              30.7142409999225
            ],
            [
              -82.0387339999567,
              30.7144170002164
            ],
            [
              -82.0388970001633,
              30.7146340001277
            ],
            [
              -82.0389890002248,
              30.7147960002237
            ],
            [
              -82.0390090003163,
              30.7148299999518
            ],
            [
              -82.0390389995552,
              30.7149520000588
            ],
            [
              -82.0390319998825,
              30.7151300000774
            ],
            [
              -82.0389780003542,
              30.7152879996192
            ],
            [
              -82.03853599959,
              30.7159180003699
            ],
            [
              -82.0384820000616,
              30.7160469999091
            ],
            [
              -82.0384589995971,
              30.7161830000749
            ],
            [
              -82.0384750003889,
              30.7163029997892
            ],
            [
              -82.0385210004197,
              30.7164339998089
            ],
            [
              -82.0385840001689,
              30.7165249998711
            ],
            [
              -82.038795999881,
              30.7168260002372
            ],
            [
              -82.0389020001862,
              30.7169760000152
            ],
            [
              -82.0389630002856,
              30.717089000327
            ],
            [
              -82.0389940002477,
              30.7172789999514
            ],
            [
              -82.0389480002169,
              30.7175500003775
            ],
            [
              -82.0388939997903,
              30.7176510003756
            ],
            [
              -82.0388100001247,
              30.7177350001482
            ],
            [
              -82.0384820000616,
              30.7179280003324
            ],
            [
              -82.0382309999915,
              30.7180060000651
            ],
            [
              -82.037917999997,
              30.7180419996234
            ],
            [
              -82.037521000337,
              30.7181339998067
            ],
            [
              -82.0374069996358,
              30.7181800002514
            ],
            [
              -82.0371549997407,
              30.71845099969
            ],
            [
              -82.037117000106,
              30.718537999807
            ],
            [
              -82.037117000106,
              30.7186200001739
            ],
            [
              -82.037184999878,
              30.7187749999141
            ],
            [
              -82.0373380000389,
              30.7189480001718
            ],
            [
              -82.0375129999411,
              30.7190650000542
            ],
            [
              -82.0377730002321,
              30.7191749999857
            ],
            [
              -82.0379330000656,
              30.7191909997687
            ],
            [
              -82.0385280000924,
              30.719141000245
            ],
            [
              -82.0387420003526,
              30.719146999973
            ],
            [
              -82.0390620000198,
              30.7190670002225
            ],
            [
              -82.0392829999527,
              30.7190670002225
            ],
            [
              -82.0394589996798,
              30.7191490001396
            ],
            [
              -82.0395659998099,
              30.7192990001652
            ],
            [
              -82.0395959999471,
              30.7195010002532
            ],
            [
              -82.0395430002437,
              30.719670999747
            ],
            [
              -82.0394059999763,
              30.7199060000074
            ],
            [
              -82.0392219998534,
              30.7201140000361
            ],
            [
              -82.038863999653,
              30.720440000218
            ],
            [
              -82.0387570004213,
              30.7205940000532
            ],
            [
              -82.0386879999259,
              30.7207450002144
            ],
            [
              -82.0386429997201,
              30.7209759999165
            ],
            [
              -82.0386579997887,
              30.7212219999937
            ],
            [
              -82.0387339999567,
              30.7214369999175
            ],
            [
              -82.0389020001862,
              30.7216869998188
            ],
            [
              -82.0389249997524,
              30.7218489996497
            ],
            [
              -82.0389099996838,
              30.7219410000616
            ],
            [
              -82.0388029995537,
              30.7221409999157
            ],
            [
              -82.0385509996586,
              30.7224449998878
            ],
            [
              -82.0385509996586,
              30.7225480002605
            ],
            [
              -82.0385130000237,
              30.722636999864
            ],
            [
              -82.0393669996183,
              30.7235740001016
            ],
            [
              -82.0394739997484,
              30.7236669996762
            ],
            [
              -82.0397340000394,
              30.7241969997825
            ],
            [
              -82.0400389996379,
              30.7245850002043
            ],
            [
              -82.0409240000929,
              30.7251469998055
            ],
            [
              -82.0411299999572,
              30.7252450002798
            ],
            [
              -82.0413740003547,
              30.7253170001551
            ],
            [
              -82.0433650002993,
              30.725582000284
            ],
            [
              -82.0435100000643,
              30.7255860003503
            ],
            [
              -82.0436470003316,
              30.7256240001996
            ],
            [
              -82.0444559997202,
              30.7261520003363
            ],
            [
              -82.0450359996784,
              30.7264309998243
            ],
            [
              -82.0452879995735,
              30.7267110000539
            ],
            [
              -82.0453429998251,
              30.7267949996554
            ],
            [
              -82.0455010000088,
              30.7270360003211
            ],
            [
              -82.045535000344,
              30.7271099996323
            ],
            [
              -82.0456009995679,
              30.7272529996327
            ],
            [
              -82.045608000139,
              30.7275519997202
            ],
            [
              -82.0455269999481,
              30.7278810002118
            ],
            [
              -82.0455090004048,
              30.7279529996625
            ],
            [
              -82.0454020002746,
              30.7281490002117
            ],
            [
              -82.0451810003417,
              30.7283289997817
            ],
            [
              -82.0447920001792,
              30.7284810001695
            ],
            [
              -82.0444180000855,
              30.7286910001989
            ],
            [
              -82.0443739997045,
              30.7287330003043
            ],
            [
              -82.0438609996935,
              30.7292189997519
            ],
            [
              -82.0436020001257,
              30.7294219998807
            ],
            [
              -82.0432349997046,
              30.7296389999983
            ],
            [
              -82.0428849999003,
              30.7297859999996
            ],
            [
              -82.0425490003396,
              30.72987000001
            ],
            [
              -82.0420449996511,
              30.7299369996625
            ],
            [
              -82.0419309998483,
              30.7300089998941
            ],
            [
              -82.0418620002514,
              30.7301290001605
            ],
            [
              -82.0418749997718,
              30.7303200003085
            ],
            [
              -82.0418849998176,
              30.7304630001797
            ],
            [
              -82.0419230003507,
              30.7305740001981
            ],
            [
              -82.0420150004122,
              30.7306820001975
            ],
            [
              -82.0421829997434,
              30.730785000263
            ],
            [
              -82.0423280004067,
              30.7308389997735
            ],
            [
              -82.0425030003089,
              30.7308670002514
            ],
            [
              -82.0437009998599,
              30.7309270002552
            ],
            [
              -82.0439910002882,
              30.7310120000037
            ],
            [
              -82.0440590000603,
              30.7310709999575
            ],
            [
              -82.0440900000224,
              30.7311630000623
            ],
            [
              -82.0440709997558,
              30.7312629997408
            ],
            [
              -82.0440409996186,
              30.7313189996699
            ],
            [
              -82.044028999923,
              30.7313400003106
            ],
            [
              -82.0438230000587,
              30.731497000359
            ],
            [
              -82.0434640000335,
              30.7316319996257
            ],
            [
              -82.042967999741,
              30.7317010002761
            ],
            [
              -82.0428389998695,
              30.7317710000572
            ],
            [
              -82.0427319997394,
              30.7318780003084
            ],
            [
              -82.042610000439,
              30.732128000158
            ],
            [
              -82.0425789995785,
              30.7322770001182
            ],
            [
              -82.042534000271,
              30.732493999985
            ],
            [
              -82.042534000271,
              30.7327689998793
            ],
            [
              -82.0426249996093,
              30.7332319997255
            ],
            [
              -82.042610000439,
              30.7333549996477
            ],
            [
              -82.0425409999437,
              30.7334819999234
            ],
            [
              -82.0424499997071,
              30.7335889998193
            ],
            [
              -82.0423200000108,
              30.7336709997384
            ],
            [
              -82.0421600001771,
              30.7337249999484
            ],
            [
              -82.0415979997624,
              30.7338519997365
            ],
            [
              -82.0414270000582,
              30.7338910001183
            ],
            [
              -82.0412589998286,
              30.7339690000622
            ],
            [
              -82.0408549995976,
              30.7342109997041
            ],
            [
              -82.0407249999013,
              30.7343310001435
            ],
            [
              -82.0406260001671,
              30.7344699997707
            ],
            [
              -82.0405109996411,
              30.734758999876
            ],
            [
              -82.0403819997696,
              30.735078999668
            ],
            [
              -82.040257999921,
              30.7352520000082
            ],
            [
              -82.0401990003698,
              30.7353340000565
            ],
            [
              -82.0399929996072,
              30.7355060000252
            ],
            [
              -82.0397719996742,
              30.735640999853
            ],
            [
              -82.039084999586,
              30.7359220002607
            ],
            [
              -82.0389709997831,
              30.7360189999089
            ],
            [
              -82.0388939997903,
              30.7361529998831
            ],
            [
              -82.0388329996909,
              30.7364900003547
            ],
            [
              -82.0388329996909,
              30.7366830000528
            ],
            [
              -82.038863999653,
              30.7368029997301
            ],
            [
              -82.0389549998897,
              30.7369329997911
            ],
            [
              -82.0390999996546,
              30.73703799992
            ],
            [
              -82.0394210000449,
              30.7371940000549
            ],
            [
              -82.0400999997373,
              30.7374060001897
            ],
            [
              -82.0402140004385,
              30.7375029998883
            ],
            [
              -82.0403059996016,
              30.7376459999106
            ],
            [
              -82.0404129997317,
              30.737812000275
            ],
            [
              -82.0404510002649,
              30.7379720002531
            ],
            [
              -82.0404279998004,
              30.7381360002832
            ],
            [
              -82.0400920002397,
              30.7388309998549
            ],
            [
              -82.0400539997065,
              30.738955000229
            ],
            [
              -82.0400689997752,
              30.739200999976
            ],
            [
              -82.0401909999739,
              30.7394659997634
            ],
            [
              -82.040519000037,
              30.7398889997376
            ],
            [
              -82.040558000395,
              30.7400360003177
            ],
            [
              -82.0405419996032,
              30.7401999999229
            ],
            [
              -82.0404129997317,
              30.7404039999462
            ],
            [
              -82.0402069998674,
              30.7405700001914
            ],
            [
              -82.039970000041,
              30.7406600000001
            ],
            [
              -82.0396650004425,
              30.7407020002938
            ],
            [
              -82.0395280001751,
              30.7407699999952
            ],
            [
              -82.0394360001136,
              30.740859999617
            ],
            [
              -82.0392910003486,
              30.741089000043
            ],
            [
              -82.0392450003178,
              30.7412640001095
            ],
            [
              -82.0392610002114,
              30.74143999971
            ],
            [
              -82.0396570000465,
              30.742309999865
            ],
            [
              -82.0396949996813,
              30.7424719997769
            ],
            [
              -82.0396880000087,
              30.7425960000973
            ],
            [
              -82.039633999582,
              30.7427390002812
            ],
            [
              -82.0395430002437,
              30.7428490002188
            ],
            [
              -82.039200000112,
              30.7430530000372
            ],
            [
              -82.0390319998825,
              30.743216999911
            ],
            [
              -82.0389099996838,
              30.7434540003323
            ],
            [
              -82.0388560001555,
              30.7436979997432
            ],
            [
              -82.0388710002241,
              30.7439039997328
            ],
            [
              -82.0389330001483,
              30.7441019999149
            ],
            [
              -82.0393900000828,
              30.7448249999659
            ],
            [
              -82.0395049997105,
              30.74512699979
            ],
            [
              -82.0397180001459,
              30.7463489999591
            ],
            [
              -82.0398019998114,
              30.7471200002463
            ],
            [
              -82.0397950001388,
              30.7472969997476
            ],
            [
              -82.0395120002816,
              30.7485309998373
            ],
            [
              -82.0394360001136,
              30.7489910002774
            ],
            [
              -82.039344999877,
              30.7493079998088
            ],
            [
              -82.0393289999835,
              30.7493630002884
            ],
            [
              -82.0389740001562,
              30.7502849998085
            ],
            [
              -82.0386650003597,
              30.7510870002742
            ],
            [
              -82.038466999993,
              30.7515220002281
            ],
            [
              -82.0382059998771,
              30.7519700002775
            ],
            [
              -82.0381790001129,
              30.7520150002708
            ],
            [
              -82.0381160003637,
              30.7521230001686
            ],
            [
              -82.0380550002644,
              30.7523019999899
            ],
            [
              -82.0372910001832,
              30.7535100001846
            ],
            [
              -82.0370099999758,
              30.7539539998167
            ],
            [
              -82.0367859996698,
              30.7544079999803
            ],
            [
              -82.0367730001494,
              30.75443400035
            ],
            [
              -82.0366069995697,
              30.7545810003483
            ],
            [
              -82.0361379999396,
              30.7547749997977
            ],
            [
              -82.0358190000974,
              30.7548129997157
            ],
            [
              -82.0355839999208,
              30.754795000244
            ],
            [
              -82.0353400004216,
              30.7547339999506
            ],
            [
              -82.0347999997481,
              30.7544489999662
            ],
            [
              -82.0346199998231,
              30.754314000248
            ],
            [
              -82.0345860003862,
              30.7542890003366
            ],
            [
              -82.0344109995857,
              30.754116000216
            ],
            [
              -82.0338060004115,
              30.7533600001384
            ],
            [
              -82.0334230000969,
              30.752809999771
            ],
            [
              -82.0329030004132,
              30.7519809997632
            ],
            [
              -82.0327410000315,
              30.7516029998055
            ],
            [
              -82.0322349996931,
              30.7507759997255
            ],
            [
              -82.0320820004306,
              30.750610000084
            ],
            [
              -82.0318840000639,
              30.750476000146
            ],
            [
              -82.0316790000245,
              30.7503879997627
            ],
            [
              -82.0314659995892,
              30.7503440003129
            ],
            [
              -82.0312460003794,
              30.7503459998321
            ],
            [
              -82.0310489998377,
              30.7503870000035
            ],
            [
              -82.0308739999354,
              30.750458999622
            ],
            [
              -82.0307380003913,
              30.750547999698
            ],
            [
              -82.0306100003448,
              30.750671999658
            ],
            [
              -82.0305040000396,
              30.7508519996148
            ],
            [
              -82.0304370000924,
              30.7509130000513
            ],
            [
              -82.030240000449,
              30.7510739996383
            ],
            [
              -82.03001299977,
              30.7512170003597
            ],
            [
              -82.0297929996619,
              30.7512999996931
            ],
            [
              -82.0295509998125,
              30.7513549998073
            ],
            [
              -82.0292629999325,
              30.7513870002663
            ],
            [
              -82.0290799996343,
              30.7513709996521
            ],
            [
              -82.0289059995571,
              30.7513089997561
            ],
            [
              -82.0284389995769,
              30.7510489996578
            ],
            [
              -82.0283880004215,
              30.751020999641
            ],
            [
              -82.0282119997962,
              30.7509509999493
            ],
            [
              -82.0280379997189,
              30.7509120002975
            ],
            [
              -82.0278629998167,
              30.7509069999847
            ],
            [
              -82.0276810002418,
              30.7509350000346
            ],
            [
              -82.0275980004012,
              30.7509660001081
            ],
            [
              -82.0271409995683,
              30.7511280001301
            ],
            [
              -82.0267730002206,
              30.7513279996289
            ],
            [
              -82.0260550001702,
              30.7518419999247
            ],
            [
              -82.0253820003256,
              30.7524089998277
            ],
            [
              -82.0247300003975,
              30.7530690000153
            ],
            [
              -82.0245320000308,
              30.7532200002445
            ],
            [
              -82.0243179997705,
              30.7533409998945
            ],
            [
              -82.0240440001341,
              30.7534459998949
            ],
            [
              -82.0237310001397,
              30.7535070002323
            ],
            [
              -82.0223539995901,
              30.7535350002983
            ],
            [
              -82.0219569999301,
              30.7535830002821
            ],
            [
              -82.0218439999522,
              30.7536260000704
            ],
            [
              -82.0217589995634,
              30.7537070001941
            ],
            [
              -82.0217279996012,
              30.7537990002994
            ],
            [
              -82.0217150000808,
              30.7546650003569
            ],
            [
              -82.021636000438,
              30.7549450003707
            ],
            [
              -82.0215519998741,
              30.755066000169
            ],
            [
              -82.0213679997511,
              30.7551929996149
            ],
            [
              -82.0211619998868,
              30.7552550000981
            ],
            [
              -82.0209729997409,
              30.7552529999089
            ],
            [
              -82.0207750002726,
              30.7551929996149
            ],
            [
              -82.0206840000359,
              30.7551400003406
            ],
            [
              -82.0203519997749,
              30.7547829998223
            ],
            [
              -82.0201700002,
              30.7546570003224
            ],
            [
              -82.019913000282,
              30.7545449997707
            ],
            [
              -82.0196310002497,
              30.7545009999044
            ],
            [
              -82.0192510003081,
              30.7545309998857
            ],
            [
              -82.0188389996812,
              30.7545950002261
            ],
            [
              -82.0182970002562,
              30.7547300003223
            ],
            [
              -82.0179320003832,
              30.7548200000241
            ],
            [
              -82.0175890002516,
              30.754991000229
            ],
            [
              -82.0173280001356,
              30.7552330003297
            ],
            [
              -82.0172660002114,
              30.7554379998721
            ],
            [
              -82.0172870001278,
              30.7556680000819
            ],
            [
              -82.0173780003644,
              30.7558570003733
            ],
            [
              -82.0175509997184,
              30.7560349997286
            ],
            [
              -82.0177790002224,
              30.7561579998715
            ],
            [
              -82.0178009999636,
              30.7561670002522
            ],
            [
              -82.0188639997956,
              30.7565739996985
            ],
            [
              -82.019172999592,
              30.7566680003123
            ],
            [
              -82.0192820002703,
              30.7567010002433
            ],
            [
              -82.0197819998625,
              30.7569429999057
            ],
            [
              -82.0198610004035,
              30.7569900000441
            ],
            [
              -82.0200170000391,
              30.7570829997901
            ],
            [
              -82.0202129998577,
              30.7572400003446
            ],
            [
              -82.0202809996298,
              30.7574230002055
            ],
            [
              -82.0202639999113,
              30.7576549996727
            ],
            [
              -82.0201640003522,
              30.7578389999706
            ],
            [
              -82.0201479995604,
              30.7578530001467
            ],
            [
              -82.0200120000163,
              30.7579729996976
            ],
            [
              -82.0197059996945,
              30.7581079996892
            ],
            [
              -82.0194389997308,
              30.7581649999033
            ],
            [
              -82.0190270000022,
              30.7581980000931
            ],
            [
              -82.0186839998705,
              30.7581939998369
            ],
            [
              -82.0182190004384,
              30.7581559997093
            ],
            [
              -82.0179359996829,
              30.7581670000322
            ],
            [
              -82.0176240004116,
              30.7582240002113
            ],
            [
              -82.0173719996182,
              30.7583349998945
            ],
            [
              -82.0171659997539,
              30.758486000357
            ],
            [
              -82.0168839997216,
              30.7587829998955
            ],
            [
              -82.0166469998952,
              30.7591089997195
            ],
            [
              -82.016403000396,
              30.7595650003777
            ],
            [
              -82.0162200000979,
              30.7597330001162
            ],
            [
              -82.0160600002643,
              30.7598170002616
            ],
            [
              -82.0158610000727,
              30.7598819998367
            ],
            [
              -82.0150600001816,
              30.7600420002071
            ],
            [
              -82.0148769998836,
              30.7600479997044
            ],
            [
              -82.0146939995855,
              30.760087999946
            ],
            [
              -82.0144800002235,
              30.7601780000426
            ],
            [
              -82.0143050003213,
              30.7602939996144
            ],
            [
              -82.0141289996959,
              30.760471000375
            ],
            [
              -82.0139999998245,
              30.7606769999958
            ],
            [
              -82.0139229998315,
              30.7609020002471
            ],
            [
              -82.013907999763,
              30.7612649998833
            ],
            [
              -82.0138769998008,
              30.7613179996455
            ],
            [
              -82.0138230002725,
              30.7614259999154
            ],
            [
              -82.0135949997685,
              30.7615920002083
            ],
            [
              -82.0133789998585,
              30.7616879998379
            ],
            [
              -82.013142000032,
              30.761691999949
            ],
            [
              -82.0126969997931,
              30.7615180003642
            ],
            [
              -82.0123360001181,
              30.7614809996489
            ],
            [
              -82.0121939998278,
              30.7615019998897
            ],
            [
              -82.0121389995762,
              30.7615069996524
            ],
            [
              -82.0121009999414,
              30.761510999771
            ],
            [
              -82.0119050001228,
              30.7615839999775
            ],
            [
              -82.0118180000842,
              30.7616460002047
            ],
            [
              -82.0117310000455,
              30.7617069999783
            ],
            [
              -82.011602999999,
              30.7618780003019
            ],
            [
              -82.0113750003934,
              30.7626000000345
            ],
            [
              -82.0113510001039,
              30.7626810003275
            ],
            [
              -82.0112120001868,
              30.7631210000699
            ],
            [
              -82.0111810002246,
              30.763417999975
            ],
            [
              -82.0112049996157,
              30.7637169997489
            ],
            [
              -82.0113870000889,
              30.7642510003158
            ],
            [
              -82.0114859998232,
              30.7643910003789
            ],
            [
              -82.0116080000219,
              30.7644919999122
            ],
            [
              -82.0117739997033,
              30.7645739997685
            ],
            [
              -82.0119400002829,
              30.7646239996467
            ],
            [
              -82.0125610002489,
              30.7647080001555
            ],
            [
              -82.0129439996653,
              30.764801999774
            ],
            [
              -82.0129839998483,
              30.7648110001186
            ],
            [
              -82.0132800001243,
              30.7649679996481
            ],
            [
              -82.013506999905,
              30.7651900003156
            ],
            [
              -82.0136280002788,
              30.7653829996246
            ],
            [
              -82.0137119999444,
              30.7655740001154
            ],
            [
              -82.0137420000816,
              30.7657630002563
            ],
            [
              -82.0137350004089,
              30.7659670001634
            ],
            [
              -82.0136969998757,
              30.7661129999373
            ],
            [
              -82.0136070003624,
              30.7662400002479
            ],
            [
              -82.0135620001566,
              30.7662740003513
            ],
            [
              -82.0135010000572,
              30.7663209997934
            ],
            [
              -82.0130630003893,
              30.766474999627
            ],
            [
              -82.0127910004027,
              30.7665289999716
            ],
            [
              -82.0126549999603,
              30.766591999692
            ],
            [
              -82.0125269999138,
              30.7667499997648
            ],
            [
              -82.0125129996701,
              30.7668430001164
            ],
            [
              -82.0125200002411,
              30.7669530003084
            ],
            [
              -82.0138170004247,
              30.7690320002835
            ],
            [
              -82.0145139996604,
              30.7700990001257
            ],
            [
              -82.0148710000358,
              30.7708859997992
            ],
            [
              -82.0149320001351,
              30.7711230000423
            ],
            [
              -82.0149859996635,
              30.7715039999329
            ],
            [
              -82.0150529996106,
              30.7717399998884
            ],
            [
              -82.0151599997408,
              30.7719710000463
            ],
            [
              -82.0152340002589,
              30.7720870000701
            ],
            [
              -82.0152900003354,
              30.7721760002197
            ],
            [
              -82.0154700002605,
              30.7723890000616
            ],
            [
              -82.0156869999954,
              30.7726009999036
            ],
            [
              -82.0158769999662,
              30.7726959998305
            ],
            [
              -82.0160989997241,
              30.7727330000934
            ],
            [
              -82.0164419998558,
              30.7727139998142
            ],
            [
              -82.0167849999874,
              30.772635000075
            ],
            [
              -82.0170219998139,
              30.7725289998641
            ],
            [
              -82.0173730003415,
              30.7723130001939
            ],
            [
              -82.0176019997721,
              30.7722179998889
            ],
            [
              -82.0177919997428,
              30.7722079999327
            ],
            [
              -82.0179680003682,
              30.7722600003116
            ],
            [
              -82.0181359996994,
              30.7723660000471
            ],
            [
              -82.0182200002633,
              30.7724560002406
            ],
            [
              -82.0183650000283,
              30.772610999819
            ],
            [
              -82.0184489996938,
              30.7727590001446
            ],
            [
              -82.0186470000606,
              30.7735969998114
            ],
            [
              -82.0187609998634,
              30.774593999722
            ],
            [
              -82.0185549999991,
              30.7747239997085
            ],
            [
              -82.0184539997167,
              30.7747689998706
            ],
            [
              -82.0182579998982,
              30.7748570003498
            ],
            [
              -82.0179599999723,
              30.7749430001967
            ],
            [
              -82.0176019997721,
              30.7749969996484
            ],
            [
              -82.0174489996112,
              30.775070999934
            ],
            [
              -82.017349999877,
              30.7751760001583
            ],
            [
              -82.0172970001735,
              30.7753060001301
            ],
            [
              -82.01728100028,
              30.7754850000652
            ],
            [
              -82.0173120002421,
              30.7756600001366
            ],
            [
              -82.0173800000142,
              30.7757999998103
            ],
            [
              -82.0174870001443,
              30.7759389997865
            ],
            [
              -82.0178379997736,
              30.7762040003506
            ],
            [
              -82.0184489996938,
              30.7765589996275
            ],
            [
              -82.0190739998578,
              30.7768490002604
            ],
            [
              -82.019653999816,
              30.7772019997394
            ],
            [
              -82.0197679996188,
              30.7773810000057
            ],
            [
              -82.0197679996188,
              30.7775029996341
            ],
            [
              -82.0197230003113,
              30.7775749998103
            ],
            [
              -82.0195700001504,
              30.7776880000534
            ],
            [
              -82.0194859995865,
              30.7777910000159
            ],
            [
              -82.0192720002245,
              30.7781290001144
            ],
            [
              -82.0192720002245,
              30.7782909999599
            ],
            [
              -82.0194239996622,
              30.7784999999722
            ],
            [
              -82.0196220000289,
              30.7786530001438
            ],
            [
              -82.0197669997939,
              30.7787029996527
            ],
            [
              -82.020210000383,
              30.7787499999701
            ],
            [
              -82.0204849998443,
              30.7788230002204
            ],
            [
              -82.020751999808,
              30.7789410001697
            ],
            [
              -82.0211409999704,
              30.7791830002538
            ],
            [
              -82.0212630001691,
              30.7792939996901
            ],
            [
              -82.0213240002685,
              30.7794179996667
            ],
            [
              -82.0213929998655,
              30.7796870000436
            ],
            [
              -82.0214539999649,
              30.7800800003352
            ],
            [
              -82.0214690000334,
              30.7804379998572
            ],
            [
              -82.0215369998055,
              30.7806100003007
            ],
            [
              -82.0232690001824,
              30.7826930000087
            ],
            [
              -82.0235439996436,
              30.7829269999144
            ],
            [
              -82.0236430002762,
              30.7830820003729
            ],
            [
              -82.0236780004363,
              30.7831629996318
            ],
            [
              -82.0237269999418,
              30.7832760002562
            ],
            [
              -82.0238259996759,
              30.7836380002014
            ],
            [
              -82.0238800001026,
              30.7840330001477
            ],
            [
              -82.0238869997753,
              30.7844049997918
            ],
            [
              -82.0238490001405,
              30.7847999996749
            ],
            [
              -82.0237589997288,
              30.7852630001688
            ],
            [
              -82.0235520000396,
              30.7863199997803
            ],
            [
              -82.023384999635,
              30.7867219998183
            ],
            [
              -82.0231469999836,
              30.7872919999631
            ],
            [
              -82.0230249997848,
              30.7875250001095
            ],
            [
              -82.0228800000199,
              30.7877059999728
            ],
            [
              -82.0226900000491,
              30.7878889997781
            ],
            [
              -82.0224909998575,
              30.7880269998944
            ],
            [
              -82.0222699999245,
              30.7881359996504
            ],
            [
              -82.0219719999987,
              30.7882329999455
            ],
            [
              -82.0216599998292,
              30.7883030003045
            ],
            [
              -82.0209500001747,
              30.7883779997505
            ],
            [
              -82.0201869999185,
              30.7883430003764
            ],
            [
              -82.0194239996622,
              30.7882099998606
            ],
            [
              -82.0191990004296,
              30.7881400002056
            ],
            [
              -82.0187530003658,
              30.7880020002514
            ],
            [
              -82.0183409997389,
              30.7878270002541
            ],
            [
              -82.0181800000804,
              30.7877419997217
            ],
            [
              -82.0181039999124,
              30.7877030003147
            ],
            [
              -82.0179139999416,
              30.7876430001869
            ],
            [
              -82.0176079996198,
              30.7876299998585
            ],
            [
              -82.0172960003486,
              30.7876760003004
            ],
            [
              -82.0169749999583,
              30.7877979999902
            ],
            [
              -82.0169060003612,
              30.7878700001772
            ],
            [
              -82.0168839997216,
              30.7879489997523
            ],
            [
              -82.0173110004172,
              30.7888679996826
            ],
            [
              -82.0175950000993,
              30.7895880003759
            ],
            [
              -82.0176999996813,
              30.7898520002568
            ],
            [
              -82.0177380002145,
              30.7902070000939
            ],
            [
              -82.0177149997499,
              30.7905770003225
            ],
            [
              -82.0176930000086,
              30.7906300001448
            ],
            [
              -82.0176079996198,
              30.7908360000213
            ],
            [
              -82.017417999649,
              30.7910710002854
            ],
            [
              -82.0171120002256,
              30.7912880003838
            ],
            [
              -82.0167230000632,
              30.7914790003779
            ],
            [
              -82.0166109999102,
              30.7915080003035
            ],
            [
              -82.0163270002281,
              30.7915800000276
            ],
            [
              -82.0158679997454,
              30.7915909996163
            ],
            [
              -82.0134559998513,
              30.7912099998002
            ],
            [
              -82.0131729999941,
              30.7910920002416
            ],
            [
              -82.0129739998025,
              30.7909309996883
            ],
            [
              -82.0129510002363,
              30.7908549998078
            ],
            [
              -82.012957999909,
              30.7907709997483
            ],
            [
              -82.0130879996053,
              30.7905519997992
            ],
            [
              -82.0132170003751,
              30.790431999975
            ],
            [
              -82.0134390001329,
              30.7902750003261
            ],
            [
              -82.0137830000895,
              30.7900950000151
            ],
            [
              -82.0140099998702,
              30.7899759997401
            ],
            [
              -82.0143069999711,
              30.7897899996833
            ],
            [
              -82.0143759995681,
              30.7897029998694
            ],
            [
              -82.0144140001012,
              30.7895980000688
            ],
            [
              -82.014420999774,
              30.7895000002545
            ],
            [
              -82.0143899998118,
              30.7893950002323
            ],
            [
              -82.0142989995752,
              30.7892809997256
            ],
            [
              -82.0141839999475,
              30.789209999951
            ],
            [
              -82.0138170004247,
              30.7891489998637
            ],
            [
              -82.0132369995682,
              30.7892010003454
            ],
            [
              -82.0131150002678,
              30.7892240001933
            ],
            [
              -82.0125050001724,
              30.789333000136
            ],
            [
              -82.0120430002151,
              30.789457999642
            ],
            [
              -82.0116659997482,
              30.7895599999953
            ],
            [
              -82.0105679997562,
              30.7899530000721
            ],
            [
              -82.0104459995575,
              30.789979000099
            ],
            [
              -82.0103319997547,
              30.7900339997174
            ],
            [
              -82.0102399996932,
              30.7901249997044
            ],
            [
              -82.0101789995938,
              30.7902359996313
            ],
            [
              -82.0101409999589,
              30.7903829997337
            ],
            [
              -82.0101419997839,
              30.7905340000667
            ],
            [
              -82.0101719999211,
              30.7906380002756
            ],
            [
              -82.0101879998146,
              30.7906939996292
            ],
            [
              -82.010316999686,
              30.7908829998115
            ],
            [
              -82.0104559996032,
              30.7909529997845
            ],
            [
              -82.010509000205,
              30.7910179999344
            ],
            [
              -82.0105319997712,
              30.791098000118
            ],
            [
              -82.0105169997026,
              30.7911920001908
            ],
            [
              -82.0103950004022,
              30.7913140000497
            ],
            [
              -82.010172999746,
              30.791389000234
            ],
            [
              -82.0099519998131,
              30.7913800000607
            ],
            [
              -82.0097540003447,
              30.791293000142
            ],
            [
              -82.0096849998494,
              30.791236000259
            ],
            [
              -82.0095810000923,
              30.7911899999767
            ],
            [
              -82.0093719998549,
              30.7911000003341
            ],
            [
              -82.009119000135,
              30.7909350001271
            ],
            [
              -82.0089590003013,
              30.7908819997011
            ],
            [
              -82.0088139996381,
              30.7908780000318
            ],
            [
              -82.0087430003913,
              30.7908979999201
            ],
            [
              -82.008425000374,
              30.790987999752
            ],
            [
              -82.0082880001066,
              30.7910640002989
            ],
            [
              -82.0082119999386,
              30.7911509996532
            ],
            [
              -82.0081659999079,
              30.7912539998601
            ],
            [
              -82.0080599996027,
              30.791682999775
            ],
            [
              -82.00805299993,
              30.7920529997256
            ],
            [
              -82.0081230002502,
              30.7924059997359
            ],
            [
              -82.0080799996942,
              30.7928790000003
            ],
            [
              -82.0080780000444,
              30.7929009996507
            ],
            [
              -82.0080250003409,
              30.7929850001644
            ],
            [
              -82.0079259997084,
              30.7930460001332
            ],
            [
              -82.0078260001493,
              30.7930589997294
            ],
            [
              -82.0076739998133,
              30.793037000115
            ],
            [
              -82.007428999591,
              30.7929590001786
            ],
            [
              -82.0072229997266,
              30.7928370000922
            ],
            [
              -82.0070699995658,
              30.7926969997514
            ],
            [
              -82.006886000341,
              30.7924569999057
            ],
            [
              -82.0068560002038,
              30.7923669999056
            ],
            [
              -82.0068479998079,
              30.7922070000403
            ],
            [
              -82.0068240004167,
              30.7917219998827
            ],
            [
              -82.0067159995634,
              30.7913479997804
            ],
            [
              -82.0066079996084,
              30.791135000248
            ],
            [
              -82.0064629998434,
              30.7909360002366
            ],
            [
              -82.0062949996139,
              30.7907569997312
            ],
            [
              -82.006081000252,
              30.7905880000259
            ],
            [
              -82.006005000084,
              30.7904849998772
            ],
            [
              -82.0058519999232,
              30.7903860000798
            ],
            [
              -82.0056679998001,
              30.7903489996617
            ],
            [
              -82.0054619999358,
              30.7903720000067
            ],
            [
              -82.0052639995691,
              30.7904559996431
            ],
            [
              -82.0051349996976,
              30.7905540000265
            ],
            [
              -82.0050359999634,
              30.7906800003726
            ],
            [
              -82.0049749998641,
              30.7908189996811
            ],
            [
              -82.0049520002979,
              30.7909990001801
            ],
            [
              -82.0047539999312,
              30.791389000234
            ],
            [
              -82.0045940000976,
              30.7915740001812
            ],
            [
              -82.0044040001268,
              30.7917059998009
            ],
            [
              -82.0041830001938,
              30.791783999982
            ],
            [
              -82.0039849998271,
              30.7918049997825
            ],
            [
              -82.0037780001379,
              30.7917679999104
            ],
            [
              -82.0035870003422,
              30.7916749997311
            ],
            [
              -82.0034619997704,
              30.791559000178
            ],
            [
              -82.0034350000062,
              30.7915329998066
            ],
            [
              -82.0033739999069,
              30.7914069998065
            ],
            [
              -82.0033520001655,
              30.7913269998801
            ],
            [
              -82.0033420001198,
              30.7912870002777
            ],
            [
              -82.0027970003217,
              30.7904379998926
            ],
            [
              -82.0023849996948,
              30.7897979998841
            ],
            [
              -82.0021539997161,
              30.7897120001997
            ],
            [
              -82.00209400034,
              30.7896839998552
            ],
            [
              -82.0020690002256,
              30.7896719999256
            ],
            [
              -82.0019129996917,
              30.7896490001848
            ],
            [
              -82.0018099997595,
              30.7896509996591
            ],
            [
              -82.0016480002762,
              30.789667000083
            ],
            [
              -82.0014719996507,
              30.7896079997608
            ],
            [
              -82.0013810003124,
              30.7895149998073
            ],
            [
              -82.0010180000893,
              30.7889010001474
            ],
            [
              -82.0009689996855,
              30.7888180000559
            ],
            [
              -82.0005050000783,
              30.7885640002235
            ],
            [
              -82.0007229996382,
              30.7886309999406
            ],
            [
              -82.0006730003078,
              30.7885990002889
            ],
            [
              -81.9999540004325,
              30.7884069998397
            ],
            [
              -81.9993200000476,
              30.7883370003281
            ],
            [
              -81.9988630001132,
              30.7883109998572
            ],
            [
              -81.9986949998837,
              30.7882690002688
            ],
            [
              -81.9985419997228,
              30.7881970003804
            ],
            [
              -81.9984780001487,
              30.7881369997892
            ],
            [
              -81.9983359998585,
              30.7880080003207
            ],
            [
              -81.9980399995825,
              30.7875370003072
            ],
            [
              -81.9979330003506,
              30.7873229999025
            ],
            [
              -81.9978360002663,
              30.7870259996985
            ],
            [
              -81.9978470001369,
              30.7868519996206
            ],
            [
              -81.9977349999839,
              30.786660999696
            ],
            [
              -81.997582999648,
              30.786502999908
            ],
            [
              -81.997406000096,
              30.7863910001454
            ],
            [
              -81.9971929996606,
              30.7863299998131
            ],
            [
              -81.9969879996212,
              30.7863239996392
            ],
            [
              -81.9968219999399,
              30.786356000048
            ],
            [
              -81.9966779999998,
              30.7864139998936
            ],
            [
              -81.9966219999234,
              30.7864529998234
            ],
            [
              -81.9963149997767,
              30.7866600003136
            ],
            [
              -81.9961120002854,
              30.7868439999466
            ],
            [
              -81.9960069998051,
              30.7868999999662
            ],
            [
              -81.9958930000023,
              30.7869220002132
            ],
            [
              -81.9957709998036,
              30.7869170002277
            ],
            [
              -81.9955730003352,
              30.786838999957
            ],
            [
              -81.9953210004401,
              30.786628000006
            ],
            [
              -81.9951060003549,
              30.7864100000384
            ],
            [
              -81.994913999836,
              30.7861610000445
            ],
            [
              -81.9948290003455,
              30.7860260000478
            ],
            [
              -81.994737000284,
              30.7858840002699
            ],
            [
              -81.9939809997004,
              30.7851239997747
            ],
            [
              -81.9934040001153,
              30.7845430002773
            ],
            [
              -81.9926359998362,
              30.7836420001718
            ],
            [
              -81.9923510003292,
              30.7832430001763
            ],
            [
              -81.9920990004341,
              30.7829960000846
            ],
            [
              -81.9917310001881,
              30.7827359999121
            ],
            [
              -81.9913589997441,
              30.7825610003649
            ],
            [
              -81.989643999984,
              30.7811629998933
            ],
            [
              -81.9889550002459,
              30.7805479999429
            ],
            [
              -81.9887119996734,
              30.7803629996215
            ],
            [
              -81.9884659996261,
              30.7802050002917
            ],
            [
              -81.9881910001648,
              30.7800690002017
            ],
            [
              -81.9879330004219,
              30.7799709999381
            ],
            [
              -81.9876580000623,
              30.7798990000116
            ],
            [
              -81.9871109997162,
              30.7798340000638
            ],
            [
              -81.9866320000404,
              30.7797260003859
            ],
            [
              -81.9863800001453,
              30.7796449997762
            ],
            [
              -81.9861590002123,
              30.7795350002013
            ],
            [
              -81.9850899996343,
              30.7788969998786
            ],
            [
              -81.9834229995548,
              30.7781239996719
            ],
            [
              -81.981265000104,
              30.7770919996865
            ],
            [
              -81.9810199998816,
              30.7769760002943
            ],
            [
              -81.9790249997391,
              30.776607999966
            ],
            [
              -81.978884999997,
              30.7765820001832
            ],
            [
              -81.9782330000688,
              30.7765460001162
            ],
            [
              -81.9780420002731,
              30.7765520001283
            ],
            [
              -81.9777219997077,
              30.7766360002587
            ],
            [
              -81.977386000147,
              30.7768420000105
            ],
            [
              -81.9767609999831,
              30.7774620002065
            ],
            [
              -81.9763709999957,
              30.7779659997516
            ],
            [
              -81.9760660003972,
              30.7782229997436
            ],
            [
              -81.9758300003956,
              30.7783660002676
            ],
            [
              -81.9755859999981,
              30.7784669997973
            ],
            [
              -81.9754239996164,
              30.7785140002301
            ],
            [
              -81.9750520000707,
              30.7786219997251
            ],
            [
              -81.9745170003185,
              30.7786809998411
            ],
            [
              -81.9742500003548,
              30.7786809998411
            ],
            [
              -81.9740439995921,
              30.7786500002032
            ],
            [
              -81.97386899969,
              30.7786619999647
            ],
            [
              -81.9736400002594,
              30.7787190003545
            ],
            [
              -81.9734419998927,
              30.778827999855
            ],
            [
              -81.9732820000591,
              30.7789540001291
            ],
            [
              -81.9730600003013,
              30.779253000254
            ],
            [
              -81.9727120001467,
              30.7796139996772
            ],
            [
              -81.9726939997051,
              30.7796330001374
            ],
            [
              -81.9724579997035,
              30.7799259998939
            ],
            [
              -81.9721980003109,
              30.780352000292
            ],
            [
              -81.9720069996168,
              30.7807829998799
            ],
            [
              -81.9718009997525,
              30.7814899997491
            ],
            [
              -81.9716640003835,
              30.7823869999261
            ],
            [
              -81.9715880002154,
              30.7830219996774
            ],
            [
              -81.9715120000475,
              30.7832470001633
            ],
            [
              -81.9713210002518,
              30.7835619999592
            ],
            [
              -81.9712219996193,
              30.7836689997752
            ],
            [
              -81.970826999609,
              30.7838560002786
            ],
            [
              -81.9703310002148,
              30.7840930002125
            ],
            [
              -81.9702679995673,
              30.7841220000503
            ],
            [
              -81.9701760004041,
              30.7842139996376
            ],
            [
              -81.9701229998024,
              30.7843569997443
            ],
            [
              -81.9701079997337,
              30.78464499967
            ],
            [
              -81.9702299999325,
              30.7850630001822
            ],
            [
              -81.9703289996667,
              30.7855220002895
            ],
            [
              -81.9703420000855,
              30.785643999625
            ],
            [
              -81.9703670001998,
              30.7858690001506
            ],
            [
              -81.9704430003678,
              30.7865679999792
            ],
            [
              -81.970389999766,
              30.7871990000847
            ],
            [
              -81.9702679995673,
              30.7878220003157
            ],
            [
              -81.9702299999325,
              30.7880149997579
            ],
            [
              -81.9699549995728,
              30.7890759997336
            ],
            [
              -81.9695510002401,
              30.7902639998151
            ],
            [
              -81.9690239999854,
              30.7912769999886
            ],
            [
              -81.9684669995935,
              30.7921559997379
            ],
            [
              -81.9679100000999,
              30.7926870003807
            ],
            [
              -81.9666210003122,
              30.7939149998996
            ],
            [
              -81.9661710000504,
              30.7942890000479
            ],
            [
              -81.9656830001538,
              30.7947559998886
            ],
            [
              -81.9653159997327,
              30.7949940000334
            ],
            [
              -81.9648050002698,
              30.7951830002508
            ],
            [
              -81.9641109996105,
              30.795383000023
            ],
            [
              -81.9634629998803,
              30.7955249996628
            ],
            [
              -81.9631339999924,
              30.7956639996831
            ],
            [
              -81.9628979999908,
              30.7958469997751
            ],
            [
              -81.9624779998663,
              30.7962910000686
            ],
            [
              -81.9624300001857,
              30.7963609999625
            ],
            [
              -81.9623489999948,
              30.7964759998428
            ],
            [
              -81.9622569999333,
              30.7966820003111
            ],
            [
              -81.9621730002677,
              30.7969779999639
            ],
            [
              -81.962127000237,
              30.797276000336
            ],
            [
              -81.9620279996045,
              30.7991429997805
            ],
            [
              -81.9619139998016,
              30.7996859998641
            ],
            [
              -81.9617539999681,
              30.8002739997692
            ],
            [
              -81.9616920000438,
              30.8007910002254
            ],
            [
              -81.9617230000059,
              30.8009929999139
            ],
            [
              -81.9617530001432,
              30.8010640002459
            ],
            [
              -81.9618450002047,
              30.8012770001557
            ],
            [
              -81.9620050000383,
              30.8015460003417
            ],
            [
              -81.9621880003363,
              30.8017879998658
            ],
            [
              -81.9623869996297,
              30.8021680002036
            ],
            [
              -81.9624860002622,
              30.8023919998776
            ],
            [
              -81.9626310000271,
              30.8027190000693
            ],
            [
              -81.9628219998228,
              30.8032570001038
            ],
            [
              -81.9629480002195,
              30.8034890001587
            ],
            [
              -81.9632720000846,
              30.8040809998363
            ],
            [
              -81.9638210000807,
              30.8047829998627
            ],
            [
              -81.964286000411,
              30.8053150001557
            ],
            [
              -81.9645080001689,
              30.8055020002234
            ],
            [
              -81.9646830000711,
              30.8057140003715
            ],
            [
              -81.9648210001633,
              30.8059439999888
            ],
            [
              -81.9648510003005,
              30.8059939999669
            ],
            [
              -81.9650339997004,
              30.8064779999226
            ],
            [
              -81.9650420000963,
              30.8068069999881
            ],
            [
              -81.9650039995631,
              30.8069670002412
            ],
            [
              -81.9648660003692,
              30.8071540001802
            ],
            [
              -81.964615000299,
              30.8073789997441
            ],
            [
              -81.9645009995979,
              30.8074519998632
            ],
            [
              -81.9643700000766,
              30.8075369999425
            ],
            [
              -81.9640960004402,
              30.8076719998232
            ],
            [
              -81.9630679998701,
              30.808051000109
            ],
            [
              -81.9623709997362,
              30.8083079999327
            ],
            [
              -81.962195999834,
              30.8084240001053
            ],
            [
              -81.9620429996731,
              30.8085669996932
            ],
            [
              -81.9619439999389,
              30.80870799999
            ],
            [
              -81.9618600002733,
              30.8088860003212
            ],
            [
              -81.9619520003348,
              30.8096899997884
            ],
            [
              -81.9620970000997,
              30.8100949998161
            ],
            [
              -81.9622190002985,
              30.810287000153
            ],
            [
              -81.9622500002606,
              30.8103290001513
            ],
            [
              -81.9634620000555,
              30.8119470002934
            ],
            [
              -81.9636450003535,
              30.8121559996706
            ],
            [
              -81.9637070002779,
              30.8122270002415
            ],
            [
              -81.9638439996469,
              30.8124600001272
            ],
            [
              -81.9639049997462,
              30.8127000001737
            ],
            [
              -81.96388200018,
              30.8129459996762
            ],
            [
              -81.9637680003772,
              30.8131600001298
            ],
            [
              -81.9635769996832,
              30.8133410003289
            ],
            [
              -81.963112000251,
              30.8135739998272
            ],
            [
              -81.9627830003631,
              30.8136729996583
            ],
            [
              -81.9622879998955,
              30.8137660001547
            ],
            [
              -81.961830999961,
              30.8137929997843
            ],
            [
              -81.9617230000059,
              30.8137989997866
            ],
            [
              -81.9614789996085,
              30.8138639999168
            ],
            [
              -81.9613189997749,
              30.8139460001131
            ],
            [
              -81.9612190002158,
              30.8140369998352
            ],
            [
              -81.9616819999981,
              30.8145399998977
            ],
            [
              -81.9634710002763,
              30.8159530003341
            ],
            [
              -81.9638729999592,
              30.8161920002931
            ],
            [
              -81.9642010000222,
              30.8164380001108
            ],
            [
              -81.9644129997343,
              30.8166840000701
            ],
            [
              -81.9644770002068,
              30.8169440002328
            ],
            [
              -81.9645080001689,
              30.8171210001248
            ],
            [
              -81.9644849997044,
              30.8172969998554
            ],
            [
              -81.9642179997407,
              30.8177740003748
            ],
            [
              -81.9639280002108,
              30.8181000000786
            ],
            [
              -81.9629470003947,
              30.8188500000994
            ],
            [
              -81.9615260003625,
              30.8198179999588
            ],
            [
              -81.9597780000921,
              30.8211869996728
            ],
            [
              -81.9594039999983,
              30.8213970003386
            ],
            [
              -81.9557049999664,
              30.8227510001518
            ],
            [
              -81.9552420001841,
              30.8231310001213
            ],
            [
              -81.9535220004012,
              30.8247169998766
            ],
            [
              -81.9514369998469,
              30.8259490002284
            ],
            [
              -81.9498750002478,
              30.8277120001498
            ],
            [
              -81.9498059997525,
              30.8277639998214
            ],
            [
              -81.9496380004213,
              30.8278449999954
            ],
            [
              -81.9495010001539,
              30.8278670001261
            ],
            [
              -81.9490890004253,
              30.8278050001656
            ],
            [
              -81.9486690003008,
              30.8276750002179
            ],
            [
              -81.9483939999411,
              30.8275450000944
            ],
            [
              -81.948065999878,
              30.8273429999208
            ],
            [
              -81.9477689997771,
              30.8271939998069
            ],
            [
              -81.9470060004192,
              30.8268850002522
            ],
            [
              -81.9466230001046,
              30.8267729997212
            ],
            [
              -81.9464640000959,
              30.8267270002504
            ],
            [
              -81.9461800004137,
              30.8266620003402
            ],
            [
              -81.945289000111,
              30.8264599998518
            ],
            [
              -81.9441069995551,
              30.8261090002262
            ],
            [
              -81.9436949998265,
              30.8259809997864
            ],
            [
              -81.9431380003329,
              30.8257619998495
            ],
            [
              -81.9429569996846,
              30.825675999949
            ],
            [
              -81.9428169999425,
              30.8256089998296
            ],
            [
              -81.9425730004433,
              30.8255499999737
            ],
            [
              -81.9423139999772,
              30.8255289998331
            ],
            [
              -81.9420240004474,
              30.8255539997427
            ],
            [
              -81.9418260000806,
              30.825607000332
            ],
            [
              -81.9417199997754,
              30.8256609998688
            ],
            [
              -81.9416650004221,
              30.8256889997595
            ],
            [
              -81.9415359996524,
              30.8258090003008
            ],
            [
              -81.9414519999868,
              30.8259599997401
            ],
            [
              -81.9414210000247,
              30.8261339999849
            ],
            [
              -81.9414670000554,
              30.8263469998553
            ],
            [
              -81.9416650004221,
              30.8266620003402
            ],
            [
              -81.9418560002178,
              30.8268809997672
            ],
            [
              -81.9422600004489,
              30.8272700002615
            ],
            [
              -81.9426949997438,
              30.8277869996968
            ],
            [
              -81.9428670001712,
              30.8280809997319
            ],
            [
              -81.9428560003006,
              30.8283540001155
            ],
            [
              -81.9428150002927,
              30.8285039996906
            ],
            [
              -81.9425550000017,
              30.8285790001616
            ],
            [
              -81.9421929996034,
              30.8285930000682
            ],
            [
              -81.9418179996847,
              30.8284830001962
            ],
            [
              -81.9414560001847,
              30.8282650002877
            ],
            [
              -81.9411830003733,
              30.8280049999193
            ],
            [
              -81.9407730002945,
              30.8276980001148
            ],
            [
              -81.9403359995531,
              30.8274050001797
            ],
            [
              -81.939943000091,
              30.8272240002575
            ],
            [
              -81.939574999845,
              30.8271470000336
            ],
            [
              -81.93932299995,
              30.8271520002404
            ],
            [
              -81.9390789995525,
              30.8272109998834
            ],
            [
              -81.9388500001219,
              30.8273160002436
            ],
            [
              -81.9387909996724,
              30.827362999934
            ],
            [
              -81.9386590003262,
              30.8274689998574
            ],
            [
              -81.9385220000589,
              30.8276229997268
            ],
            [
              -81.9384459998909,
              30.8277869996968
            ],
            [
              -81.9384230003247,
              30.8280070001385
            ],
            [
              -81.9384529995636,
              30.8282380000982
            ],
            [
              -81.9385449996251,
              30.8284699999926
            ],
            [
              -81.939178000185,
              30.8294259997071
            ],
            [
              -81.9392240002158,
              30.8295549998901
            ],
            [
              -81.9392390002844,
              30.8297060003805
            ],
            [
              -81.9392099999721,
              30.8297809999125
            ],
            [
              -81.9388340002284,
              30.8298489999107
            ],
            [
              -81.9383830001417,
              30.8295899996827
            ],
            [
              -81.9380480004059,
              30.8293440003857
            ],
            [
              -81.9376869998326,
              30.8291459997598
            ],
            [
              -81.9371789998445,
              30.8288629998511
            ],
            [
              -81.9369760003532,
              30.8285110000353
            ],
            [
              -81.9367779999865,
              30.8283130000057
            ],
            [
              -81.9364709998398,
              30.8279639996605
            ],
            [
              -81.9362940002878,
              30.8277660000455
            ],
            [
              -81.9361910003557,
              30.8275549996947
            ],
            [
              -81.936136999929,
              30.8272070001834
            ],
            [
              -81.9361160000126,
              30.8267759997027
            ],
            [
              -81.9361160000126,
              30.8266060003467
            ],
            [
              -81.9361160000126,
              30.8263319998799
            ],
            [
              -81.9361489996246,
              30.8258839997914
            ],
            [
              -81.9362099997239,
              30.8254170000346
            ],
            [
              -81.9362259996174,
              30.8249510000762
            ],
            [
              -81.9361799995867,
              30.8247069999805
            ],
            [
              -81.936064999959,
              30.8244820001175
            ],
            [
              -81.9359510001562,
              30.8243520002991
            ],
            [
              -81.9355849995599,
              30.8241120000534
            ],
            [
              -81.9353019997027,
              30.824063999778
            ],
            [
              -81.934822000202,
              30.8240739997409
            ],
            [
              -81.934494000139,
              30.824033999883
            ],
            [
              -81.9341350001138,
              30.823921000117
            ],
            [
              -81.9338070000507,
              30.8237480002588
            ],
            [
              -81.933684999852,
              30.8236410003152
            ],
            [
              -81.9335860001178,
              30.8235149999838
            ],
            [
              -81.9335169996225,
              30.8233760001365
            ],
            [
              -81.9334870003836,
              30.8230499998276
            ],
            [
              -81.9335090001249,
              30.8228300003707
            ],
            [
              -81.9335710000491,
              30.8226150000816
            ],
            [
              -81.9336470002171,
              30.8224350001689
            ],
            [
              -81.9337769999135,
              30.8223110001357
            ],
            [
              -81.9340050004174,
              30.8221860001579
            ],
            [
              -81.9343769999631,
              30.8220670002747
            ],
            [
              -81.93489800037,
              30.8218989998708
            ],
            [
              -81.9352640000679,
              30.8217639999257
            ],
            [
              -81.9353410000608,
              30.8217160000196
            ],
            [
              -81.9354320002974,
              30.8215849997516
            ],
            [
              -81.9354389999701,
              30.8214039996586
            ],
            [
              -81.935439999795,
              30.821394000189
            ],
            [
              -81.9353789996956,
              30.8212239997903
            ],
            [
              -81.9352570003952,
              30.8210659997308
            ],
            [
              -81.9351269998006,
              30.8209800002533
            ],
            [
              -81.9349900004315,
              30.8209190002722
            ],
            [
              -81.934822000202,
              30.8208850002026
            ],
            [
              -81.9344559996058,
              30.8207679998486
            ],
            [
              -81.9337769999135,
              30.8205509999686
            ],
            [
              -81.9333650001848,
              30.8204589996724
            ],
            [
              -81.9330940000232,
              30.820434999782
            ],
            [
              -81.9328079997929,
              30.8204100000824
            ],
            [
              -81.9315559998151,
              30.8204309997995
            ],
            [
              -81.9306179996567,
              30.8203219996381
            ],
            [
              -81.930130999585,
              30.8201880003672
            ],
            [
              -81.9300920001253,
              30.8201770001943
            ],
            [
              -81.9298510001008,
              30.8200799997365
            ],
            [
              -81.9298319998342,
              30.8200719997421
            ],
            [
              -81.9295270002358,
              30.8198949998881
            ],
            [
              -81.929328999869,
              30.8197150002774
            ],
            [
              -81.9291149996088,
              30.8193819996453
            ],
            [
              -81.9289549997752,
              30.8189489998929
            ],
            [
              -81.9289699998438,
              30.8184340003504
            ],
            [
              -81.9290309999432,
              30.8179799999329
            ],
            [
              -81.928923999813,
              30.8176589997514
            ],
            [
              -81.9288479996451,
              30.817571999705
            ],
            [
              -81.9287410004133,
              30.8175109998735
            ],
            [
              -81.9287210003218,
              30.817505000103
            ],
            [
              -81.9284359999165,
              30.81743000024
            ],
            [
              -81.9281150004244,
              30.8174189997512
            ],
            [
              -81.9275709995529,
              30.8174960000609
            ],
            [
              -81.926475000109,
              30.8176499997237
            ],
            [
              -81.9255749995855,
              30.8177390001325
            ],
            [
              -81.9249059999389,
              30.8178330003796
            ],
            [
              -81.9247429997323,
              30.8178560003193
            ],
            [
              -81.9240950000021,
              30.8179020001822
            ],
            [
              -81.9238659996732,
              30.8178369996986
            ],
            [
              -81.9236749998775,
              30.8177390001325
            ],
            [
              -81.9235450001812,
              30.8176359997645
            ],
            [
              -81.9233860001725,
              30.817476000307
            ],
            [
              -81.9232249996157,
              30.8173140001411
            ],
            [
              -81.9228279999557,
              30.8170659998055
            ],
            [
              -81.9225540003193,
              30.8169559998435
            ],
            [
              -81.9222789999596,
              30.8168830000026
            ],
            [
              -81.921935999828,
              30.8168369996516
            ],
            [
              -81.9217979997357,
              30.8168530001788
            ],
            [
              -81.9214939999621,
              30.816935000138
            ],
            [
              -81.9213099998391,
              30.816983999958
            ],
            [
              -81.9210560002942,
              30.8170859996447
            ],
            [
              -81.919923999967,
              30.8175420000963
            ],
            [
              -81.9194329996974,
              30.8177390001325
            ],
            [
              -81.9191130000302,
              30.8178060003426
            ],
            [
              -81.9186469998749,
              30.8178179998457
            ],
            [
              -81.918349999774,
              30.8177760000355
            ],
            [
              -81.9180679997417,
              30.8176779996359
            ],
            [
              -81.9178230004176,
              30.8175510001341
            ],
            [
              -81.9173899998742,
              30.817271000275
            ],
            [
              -81.9173539998892,
              30.8172470003593
            ],
            [
              -81.9173120000564,
              30.8172209999938
            ],
            [
              -81.916778000129,
              30.8170029999759
            ],
            [
              -81.9164349999974,
              30.8169119999777
            ],
            [
              -81.9164159997308,
              30.8169089996881
            ],
            [
              -81.9157860004423,
              30.8168200000531
            ],
            [
              -81.9150039999194,
              30.8168069998135
            ],
            [
              -81.9140769996316,
              30.8167919998909
            ],
            [
              -81.9129560000735,
              30.8168159999201
            ],
            [
              -81.9126199996145,
              30.8167839996225
            ],
            [
              -81.9123150000159,
              30.8167170002425
            ],
            [
              -81.9120170000901,
              30.8166200001476
            ],
            [
              -81.9109159997251,
              30.8161249997287
            ],
            [
              -81.9104379998742,
              30.8159099998586
            ],
            [
              -81.9101559998419,
              30.8158110000186
            ],
            [
              -81.9098510002434,
              30.8157370002274
            ],
            [
              -81.9095530003175,
              30.8156910000992
            ],
            [
              -81.9091109995533,
              30.8156800001825
            ],
            [
              -81.9088670000542,
              30.8157389999306
            ],
            [
              -81.9085690001283,
              30.8158489997433
            ],
            [
              -81.908363000264,
              30.8159919998515
            ],
            [
              -81.9082100001031,
              30.8162020003042
            ],
            [
              -81.9080579997672,
              30.8164920001747
            ],
            [
              -81.9079849999722,
              30.8166880002085
            ],
            [
              -81.907954999835,
              30.8167710001495
            ],
            [
              -81.9078760001923,
              30.8169849997966
            ],
            [
              -81.9078369998342,
              30.8170930000504
            ],
            [
              -81.9078259999636,
              30.8171110002094
            ],
            [
              -81.9077449997727,
              30.8172570002605
            ],
            [
              -81.907553999977,
              30.817437999683
            ],
            [
              -81.907302000082,
              30.817525999684
            ],
            [
              -81.9070510000118,
              30.817505000103
            ],
            [
              -81.9067070000552,
              30.8173520000426
            ],
            [
              -81.9064459999393,
              30.8171770002495
            ],
            [
              -81.9063560004259,
              30.8171179998418
            ],
            [
              -81.9060740003936,
              30.8168390001035
            ],
            [
              -81.9059599996925,
              30.8167689996963
            ],
            [
              -81.9058070004299,
              30.8167130001052
            ],
            [
              -81.9056850002311,
              30.8167020003058
            ],
            [
              -81.9055399995679,
              30.8167210003795
            ],
            [
              -81.9054099998716,
              30.8167689996963
            ],
            [
              -81.9052650001066,
              30.8168770001929
            ],
            [
              -81.9050750001358,
              30.8170179998655
            ],
            [
              -81.9048230002407,
              30.8172990002976
            ],
            [
              -81.9045329998125,
              30.8177430002271
            ],
            [
              -81.9043269999482,
              30.8182050003724
            ],
            [
              -81.9042130001454,
              30.818589999696
            ],
            [
              -81.9041500003962,
              30.8190070001298
            ],
            [
              -81.9041289995815,
              30.819149000349
            ],
            [
              -81.9040750000531,
              30.8199020000891
            ],
            [
              -81.9040909999466,
              30.8204100000824
            ],
            [
              -81.904220999643,
              30.8207449998348
            ],
            [
              -81.9042349998866,
              30.8207820001226
            ],
            [
              -81.9044569996446,
              30.8211350002967
            ],
            [
              -81.9047239996082,
              30.821631999933
            ],
            [
              -81.9049219999749,
              30.8219450001116
            ],
            [
              -81.9051589998014,
              30.8222479998896
            ],
            [
              -81.9052810000001,
              30.82235099994
            ],
            [
              -81.9059670002635,
              30.8226719998679
            ],
            [
              -81.9063229999156,
              30.8229289999187
            ],
            [
              -81.906524999582,
              30.8231319998959
            ],
            [
              -81.9066650002224,
              30.8233189999967
            ],
            [
              -81.9067179999258,
              30.8233900000304
            ],
            [
              -81.9068739995614,
              30.8236510003222
            ],
            [
              -81.9069749998438,
              30.8239159997421
            ],
            [
              -81.907261999899,
              30.825233000192
            ],
            [
              -81.9072669999218,
              30.8254220003315
            ],
            [
              -81.9072700002949,
              30.8255550002635
            ],
            [
              -81.9072150000433,
              30.825859999714
            ],
            [
              -81.9070760001261,
              30.8262869999396
            ],
            [
              -81.906968999996,
              30.8264899997603
            ],
            [
              -81.9066280004125,
              30.8269649998904
            ],
            [
              -81.906572000336,
              30.8270300003668
            ],
            [
              -81.9063100003951,
              30.8273330002984
            ],
            [
              -81.9059849998068,
              30.8276449999084
            ],
            [
              -81.9056059996901,
              30.8279599999918
            ],
            [
              -81.9055289996973,
              30.8280230003473
            ],
            [
              -81.9052190000758,
              30.828199000154
            ],
            [
              -81.9050480003717,
              30.8282650002877
            ],
            [
              -81.9048550000278,
              30.828340000174
            ],
            [
              -81.9048600000506,
              30.8283049999257
            ],
            [
              -81.9048690002715,
              30.8282529997758
            ],
            [
              -81.9048230002407,
              30.8282760003054
            ],
            [
              -81.9047930001035,
              30.8282930001903
            ],
            [
              -81.904773000012,
              30.8283019999921
            ],
            [
              -81.9047139995624,
              30.8283329998168
            ],
            [
              -81.9046950001942,
              30.8283439998269
            ],
            [
              -81.904588999889,
              30.8283980001386
            ],
            [
              -81.9042740002447,
              30.8285630000456
            ],
            [
              -81.9041689997644,
              30.8286189996689
            ],
            [
              -81.9038070002645,
              30.8288070003699
            ],
            [
              -81.903679000218,
              30.8288750002866
            ],
            [
              -81.903338999561,
              30.8290679998219
            ],
            [
              -81.9027419998845,
              30.829406999833
            ],
            [
              -81.9025589995863,
              30.8295120001056
            ],
            [
              -81.902388999707,
              30.829609000292
            ],
            [
              -81.9020310004051,
              30.8298129997362
            ],
            [
              -81.9018170001448,
              30.82989300002
            ],
            [
              -81.9016489999154,
              30.8299240001024
            ],
            [
              -81.901443000051,
              30.8299219999233
            ],
            [
              -81.9012449996843,
              30.8298800000074
            ],
            [
              -81.9010620002845,
              30.8297980003024
            ],
            [
              -81.9009729996977,
              30.8297309999739
            ],
            [
              -81.900894000055,
              30.8296720003368
            ],
            [
              -81.9006799997948,
              30.8294649999243
            ],
            [
              -81.9005049998926,
              30.8292869999318
            ],
            [
              -81.9000549996308,
              30.8286990001764
            ],
            [
              -81.8997979997129,
              30.8283989998584
            ],
            [
              -81.8995740003052,
              30.8281380001304
            ],
            [
              -81.8991840003179,
              30.8277970000434
            ],
            [
              -81.8985759998723,
              30.8272680000271
            ],
            [
              -81.8983549999393,
              30.8270819996364
            ],
            [
              -81.8981549999228,
              30.8269239999588
            ],
            [
              -81.8978119997912,
              30.826663999816
            ],
            [
              -81.8971940001982,
              30.8262479999743
            ],
            [
              -81.8968650003102,
              30.8260569996583
            ],
            [
              -81.8962209998796,
              30.8256840002479
            ],
            [
              -81.8955770003474,
              30.8253119999119
            ],
            [
              -81.8955379999893,
              30.825289000215
            ],
            [
              -81.8952020004287,
              30.8251800001678
            ],
            [
              -81.8948509999011,
              30.8251670002884
            ],
            [
              -81.8947320000754,
              30.8251890002613
            ],
            [
              -81.8942059996456,
              30.825286000187
            ],
            [
              -81.8939720001922,
              30.8253540002833
            ],
            [
              -81.8937649996047,
              30.8254100002356
            ],
            [
              -81.8934530003334,
              30.825485000038
            ],
            [
              -81.8933639997467,
              30.8255090002092
            ],
            [
              -81.8931729999509,
              30.8255270003337
            ],
            [
              -81.8929820001552,
              30.8255210002926
            ],
            [
              -81.8929059999873,
              30.8255129999801
            ],
            [
              -81.8927529998264,
              30.8254720001999
            ],
            [
              -81.8926569995669,
              30.8254260001059
            ],
            [
              -81.892546999962,
              30.8253730001881
            ],
            [
              -81.8921639996474,
              30.8250800001006
            ],
            [
              -81.892142999731,
              30.8250640001728
            ],
            [
              -81.8919750003998,
              30.8248819999382
            ],
            [
              -81.891822000239,
              30.8246249997144
            ],
            [
              -81.8911510000443,
              30.8229180000597
            ],
            [
              -81.8910670003786,
              30.8227669996937
            ],
            [
              -81.8910289998455,
              30.8226070002984
            ],
            [
              -81.8910210003479,
              30.8224700002426
            ],
            [
              -81.8910520003101,
              30.8223080000147
            ],
            [
              -81.8913290003195,
              30.8217000003026
            ],
            [
              -81.8914330000765,
              30.8211990002963
            ],
            [
              -81.8914559996427,
              30.8206789999323
            ],
            [
              -81.8910980003408,
              30.8192059998782
            ],
            [
              -81.8910599998076,
              30.8188779996617
            ],
            [
              -81.8910439999141,
              30.8185119996692
            ],
            [
              -81.891188999679,
              30.8180770001973
            ],
            [
              -81.8913710001522,
              30.8177589998317
            ],
            [
              -81.8914720004346,
              30.8175749999738
            ],
            [
              -81.8915169997421,
              30.817437999683
            ],
            [
              -81.8915200001152,
              30.8173069997515
            ],
            [
              -81.8915309999858,
              30.8169119999777
            ],
            [
              -81.891521999765,
              30.8168879999723
            ],
            [
              -81.8915080004196,
              30.8168200000531
            ],
            [
              -81.8914950000008,
              30.8167520000857
            ],
            [
              -81.8914339999014,
              30.8165860000991
            ],
            [
              -81.8913689996042,
              30.8164830000376
            ],
            [
              -81.8913190002737,
              30.8164130001425
            ],
            [
              -81.8912099995954,
              30.8162770003546
            ],
            [
              -81.890796000217,
              30.8157509996919
            ],
            [
              -81.89038399959,
              30.81522699972
            ],
            [
              -81.8903269996886,
              30.8151549999656
            ],
            [
              -81.8902709996121,
              30.8150840000159
            ],
            [
              -81.8902580000917,
              30.8150670001071
            ],
            [
              -81.8901440002889,
              30.814862000334
            ],
            [
              -81.8897319996619,
              30.8141170001471
            ],
            [
              -81.889433999736,
              30.8138310003073
            ],
            [
              -81.8892360002676,
              30.8136709999121
            ],
            [
              -81.8890990000003,
              30.8135600000456
            ],
            [
              -81.888155999819,
              30.8129560000253
            ],
            [
              -81.8878550004184,
              30.8127629997393
            ],
            [
              -81.8877640001818,
              30.8126699998149
            ],
            [
              -81.8873819996921,
              30.8123759996607
            ],
            [
              -81.8869320003286,
              30.8121720002059
            ],
            [
              -81.8867799999927,
              30.8121339997981
            ],
            [
              -81.8866419999004,
              30.8120989998154
            ],
            [
              -81.8863900000053,
              30.81207099982
            ],
            [
              -81.8858719999715,
              30.8119599996477
            ],
            [
              -81.8853759996789,
              30.8119029996763
            ],
            [
              -81.8852610000512,
              30.8118649999337
            ],
            [
              -81.8851539999211,
              30.8118060001208
            ],
            [
              -81.8848190001853,
              30.8115290001751
            ],
            [
              -81.8847189997279,
              30.8114219997343
            ],
            [
              -81.8847020000094,
              30.8113720002662
            ],
            [
              -81.8846579996285,
              30.8112660003201
            ],
            [
              -81.8845970004274,
              30.81080200017
            ],
            [
              -81.8846509999558,
              30.8101629998668
            ],
            [
              -81.8846540003289,
              30.8101430001292
            ],
            [
              -81.8847420001924,
              30.8094959999685
            ],
            [
              -81.884758000086,
              30.8090950001848
            ],
            [
              -81.8847189997279,
              30.8087270001018
            ],
            [
              -81.8845289997571,
              30.807597999935
            ],
            [
              -81.8843610004259,
              30.807210999883
            ],
            [
              -81.884344999634,
              30.8071869997686
            ],
            [
              -81.8841170000284,
              30.8068409996397
            ],
            [
              -81.8838650001334,
              30.8065780000687
            ],
            [
              -81.8834380003361,
              30.8062480000404
            ],
            [
              -81.8829029996855,
              30.8058769999927
            ],
            [
              -81.8826840003007,
              30.8056870000147
            ],
            [
              -81.8824650000176,
              30.8054979996192
            ],
            [
              -81.8824280002077,
              30.805459999658
            ],
            [
              -81.8822249998181,
              30.8051279997242
            ],
            [
              -81.8821410001524,
              30.8048339996385
            ],
            [
              -81.8821410001524,
              30.8045749998466
            ],
            [
              -81.8822089999245,
              30.8043329996247
            ],
            [
              -81.8824230001848,
              30.8030720002638
            ],
            [
              -81.8824919997817,
              30.8019699998781
            ],
            [
              -81.8828199998448,
              30.8008850000798
            ],
            [
              -81.8828430003093,
              30.8008100003595
            ],
            [
              -81.8828270004158,
              30.8006629999969
            ],
            [
              -81.882809999799,
              30.8005210002311
            ],
            [
              -81.8827400003772,
              30.8004029997554
            ],
            [
              -81.8826669996839,
              30.8002819998691
            ],
            [
              -81.8825150002463,
              30.8001649998852
            ],
            [
              -81.8822089999245,
              30.8000509998034
            ],
            [
              -81.8818580002952,
              30.7999609999683
            ],
            [
              -81.881491999699,
              30.7999170000354
            ],
            [
              -81.8811260000011,
              30.7999150000029
            ],
            [
              -81.8801340003143,
              30.7999899996501
            ],
            [
              -81.8794310003326,
              30.7999820002975
            ],
            [
              -81.879295999715,
              30.7999810002819
            ],
            [
              -81.8791889995849,
              30.7999790002507
            ],
            [
              -81.8777390001387,
              30.7999629999999
            ],
            [
              -81.8775280002515,
              30.7999569999051
            ],
            [
              -81.8772269999527,
              30.7999479997623
            ],
            [
              -81.8767089999188,
              30.799895999692
            ],
            [
              -81.876671000284,
              30.7998890003482
            ],
            [
              -81.87619000006,
              30.7998049996943
            ],
            [
              -81.8757470003693,
              30.7996919999758
            ],
            [
              -81.8745509995696,
              30.7992270002412
            ],
            [
              -81.8744929998433,
              30.7991930002105
            ],
            [
              -81.8731990000327,
              30.7984370000981
            ],
            [
              -81.8718940003515,
              30.7982520002398
            ],
            [
              -81.8715889998547,
              30.798188999648
            ],
            [
              -81.8713720001197,
              30.7981170002436
            ],
            [
              -81.8711389995929,
              30.7980399998351
            ],
            [
              -81.870852000436,
              30.7978889997167
            ],
            [
              -81.8707200001916,
              30.7978190001638
            ],
            [
              -81.8704980004336,
              30.7976610001922
            ],
            [
              -81.8703529997704,
              30.7974829999032
            ],
            [
              -81.8702620004321,
              30.7972530000994
            ],
            [
              -81.8702120002035,
              30.7969739997765
            ],
            [
              -81.8702010003327,
              30.7969109998904
            ],
            [
              -81.8701889997389,
              30.7963709997226
            ],
            [
              -81.8701850004392,
              30.7962149997953
            ],
            [
              -81.8703229996332,
              30.7958950002603
            ],
            [
              -81.8704980004336,
              30.7955840002122
            ],
            [
              -81.8705290003958,
              30.7954499996183
            ],
            [
              -81.8705290003958,
              30.79532600025
            ],
            [
              -81.8704070001971,
              30.7948189996438
            ],
            [
              -81.8703000000669,
              30.7945609999434
            ],
            [
              -81.870155000302,
              30.794314999674
            ],
            [
              -81.8696899999716,
              30.7939259999928
            ],
            [
              -81.8689269997154,
              30.7932279997213
            ],
            [
              -81.8685149999867,
              30.7929060000968
            ],
            [
              -81.8683700002218,
              30.7928499997165
            ],
            [
              -81.8682630000917,
              30.7928499997165
            ],
            [
              -81.8679500000972,
              30.7929269996522
            ],
            [
              -81.8677600001264,
              30.7929879996578
            ],
            [
              -81.8674870003149,
              30.7930759996735
            ],
            [
              -81.8672139996051,
              30.7931640003803
            ],
            [
              -81.8664319999806,
              30.7934170003239
            ],
            [
              -81.8659659998253,
              30.7935090002786
            ],
            [
              -81.865795999946,
              30.7935329999504
            ],
            [
              -81.8652260000336,
              30.7936120002744
            ],
            [
              -81.8645780003034,
              30.7939380001632
            ],
            [
              -81.864521000402,
              30.7939719997377
            ],
            [
              -81.8642419998444,
              30.7941360000579
            ],
            [
              -81.8640059998428,
              30.7942219996434
            ],
            [
              -81.8637389998792,
              30.7942749997715
            ],
            [
              -81.8634109998161,
              30.7942890000479
            ],
            [
              -81.8619610003699,
              30.7941929997648
            ],
            [
              -81.8614449999859,
              30.7941500003545
            ],
            [
              -81.860273000374,
              30.7940539999326
            ],
            [
              -81.8599999996642,
              30.7940309996968
            ],
            [
              -81.8595810002629,
              30.7939549999519
            ],
            [
              -81.8593999996146,
              30.7939390002417
            ],
            [
              -81.8592580002227,
              30.7939249999142
            ],
            [
              -81.8591150001076,
              30.7939110003565
            ],
            [
              -81.8590079999775,
              30.7939029997262
            ],
            [
              -81.8584509995855,
              30.7939129997422
            ],
            [
              -81.8569330003673,
              30.7942469999841
            ],
            [
              -81.8566660004036,
              30.7942729996216
            ],
            [
              -81.8564570001662,
              30.7942620003397
            ],
            [
              -81.856102000339,
              30.7942429996831
            ],
            [
              -81.8551249998225,
              30.7940499996237
            ],
            [
              -81.8548770001254,
              30.794026000081
            ],
            [
              -81.854820000224,
              30.7940199996156
            ],
            [
              -81.8546290004283,
              30.7940290003135
            ],
            [
              -81.8544460001302,
              30.7940709997008
            ],
            [
              -81.8542779999007,
              30.794143999897
            ],
            [
              -81.8535079999717,
              30.7946280001116
            ],
            [
              -81.8532939997115,
              30.794727000171
            ],
            [
              -81.8528970000515,
              30.7948569999539
            ],
            [
              -81.8527620003323,
              30.7948830001981
            ],
            [
              -81.8526910001871,
              30.7948969996143
            ],
            [
              -81.8525620003157,
              30.7948950002491
            ],
            [
              -81.8523559995531,
              30.7948339999101
            ],
            [
              -81.8519510003954,
              30.7945630000873
            ],
            [
              -81.8509389997188,
              30.7936069998652
            ],
            [
              -81.8508399999846,
              30.7935139999213
            ],
            [
              -81.8507410002504,
              30.7934199998038
            ],
            [
              -81.8505930001124,
              30.793280000312
            ],
            [
              -81.850464000241,
              30.7931960000561
            ],
            [
              -81.8492020002175,
              30.7923989998466
            ],
            [
              -81.8485639996347,
              30.7919960002932
            ],
            [
              -81.8481140002712,
              30.7917369998607
            ],
            [
              -81.8471519998234,
              30.7913020003235
            ],
            [
              -81.8467500001404,
              30.7910710002854
            ],
            [
              -81.846541999728,
              30.7909529997845
            ],
            [
              -81.8462220000608,
              30.7908339997998
            ],
            [
              -81.8458710004315,
              30.7907499997219
            ],
            [
              -81.8456379999048,
              30.7907210003395
            ],
            [
              -81.8454589998046,
              30.7907089997675
            ],
            [
              -81.8451330002897,
              30.7907089997675
            ],
            [
              -81.8449630004104,
              30.7907200002275
            ],
            [
              -81.844710999617,
              30.790749000382
            ],
            [
              -81.8438179996644,
              30.7909220002436
            ],
            [
              -81.8433010003538,
              30.7911340001404
            ],
            [
              -81.8430550003064,
              30.7912350001524
            ],
            [
              -81.8422700003089,
              30.7916200002798
            ],
            [
              -81.8417580001228,
              30.7919059998615
            ],
            [
              -81.8414269996867,
              30.7921229996186
            ],
            [
              -81.8412619998303,
              30.792231000037
            ],
            [
              -81.8411849998374,
              30.7922689998267
            ],
            [
              -81.840583000138,
              30.7925760001966
            ],
            [
              -81.8404099998856,
              30.7925840001655
            ],
            [
              -81.8402709999684,
              30.7925910000413
            ],
            [
              -81.8401370000742,
              30.7925410000356
            ],
            [
              -81.840025999746,
              30.7925000000732
            ],
            [
              -81.8398359997753,
              30.7923319996684
            ],
            [
              -81.8396530003755,
              30.7920779998585
            ],
            [
              -81.8396070003447,
              30.7918909999099
            ],
            [
              -81.8396530003755,
              30.7913839997091
            ],
            [
              -81.8396910000103,
              30.791196999954
            ],
            [
              -81.8397680000032,
              30.7910299996961
            ],
            [
              -81.8398049998131,
              30.7909529997845
            ],
            [
              -81.8400650001041,
              30.7904829996485
            ],
            [
              -81.8413999999226,
              30.7884310000132
            ],
            [
              -81.8416209998555,
              30.7881280000832
            ],
            [
              -81.8417740000163,
              30.7878530000843
            ],
            [
              -81.8418800003216,
              30.7875690003122
            ],
            [
              -81.8418640004281,
              30.7874739996388
            ],
            [
              -81.8417699998184,
              30.7872859998491
            ],
            [
              -81.8415830002207,
              30.7871070002661
            ],
            [
              -81.8413460003942,
              30.7869690003729
            ],
            [
              -81.8410640003619,
              30.7868770003342
            ],
            [
              -81.8409909996687,
              30.7868639999023
            ],
            [
              -81.8409789999731,
              30.7868610002178
            ],
            [
              -81.8409659995543,
              30.7868579997616
            ],
            [
              -81.8404180002815,
              30.7867600002417
            ],
            [
              -81.8398449999961,
              30.786655999697
            ],
            [
              -81.83947699975,
              30.7865890001471
            ],
            [
              -81.8392430002966,
              30.7866000003069
            ],
            [
              -81.8386209996074,
              30.7867569997823
            ],
            [
              -81.8384010003977,
              30.7868140000053
            ],
            [
              -81.8381789997415,
              30.7869049999526
            ],
            [
              -81.838166000221,
              30.7869110000904
            ],
            [
              -81.8381190003653,
              30.7869299998807
            ],
            [
              -81.8379390004403,
              30.7869780001874
            ],
            [
              -81.8378549998764,
              30.7869969999646
            ],
            [
              -81.8376189998748,
              30.7870440000878
            ],
            [
              -81.8374959998512,
              30.7870729998075
            ],
            [
              -81.8372509996288,
              30.7871289996939
            ],
            [
              -81.8370969996431,
              30.7871649996587
            ],
            [
              -81.836771999953,
              30.7872720000964
            ],
            [
              -81.8367080003789,
              30.7872940002582
            ],
            [
              -81.8363569998513,
              30.7874529996642
            ],
            [
              -81.8361950003679,
              30.7875470002134
            ],
            [
              -81.8360289997883,
              30.7876430001869
            ],
            [
              -81.8356170000596,
              30.7879219998072
            ],
            [
              -81.8353800002331,
              30.7880340001019
            ],
            [
              -81.8351590003002,
              30.7880900002003
            ],
            [
              -81.834800000275,
              30.7882269998903
            ],
            [
              -81.8340939999202,
              30.7884229996988
            ],
            [
              -81.8337929996213,
              30.7885060001312
            ],
            [
              -81.8337540001615,
              30.7885149998019
            ],
            [
              -81.8331399998683,
              30.7886649998484
            ],
            [
              -81.8317790001105,
              30.7890150003328
            ],
            [
              -81.8307639999592,
              30.7892339999241
            ],
            [
              -81.8300090000989,
              30.789359999685
            ],
            [
              -81.8295210002022,
              30.7893849997466
            ],
            [
              -81.8284909999823,
              30.7893559999523
            ],
            [
              -81.8283980000959,
              30.789345000108
            ],
            [
              -81.8280480002915,
              30.7893030001995
            ],
            [
              -81.8276130000983,
              30.7892089998234
            ],
            [
              -81.826850999667,
              30.7889540001219
            ],
            [
              -81.8266520003737,
              30.788886999858
            ],
            [
              -81.8264609996797,
              30.7888409999955
            ],
            [
              -81.8261180004463,
              30.7887589999845
            ],
            [
              -81.8259989997223,
              30.7887080001683
            ],
            [
              -81.8258820004447,
              30.7886579996868
            ],
            [
              -81.8256980003217,
              30.7885439998498
            ],
            [
              -81.825568999552,
              30.7884200000631
            ],
            [
              -81.8254849998864,
              30.7882709997718
            ],
            [
              -81.825099000097,
              30.7877340001216
            ],
            [
              -81.8248289997603,
              30.7873589997947
            ],
            [
              -81.824622999896,
              30.7871359999668
            ],
            [
              -81.824473999933,
              30.7870200003397
            ],
            [
              -81.8242260002359,
              30.7868860001573
            ],
            [
              -81.8241729996342,
              30.7868700000424
            ],
            [
              -81.8240200003716,
              30.7868250001392
            ],
            [
              -81.8237990004387,
              30.7868119997001
            ],
            [
              -81.8237020003543,
              30.7868310002818
            ],
            [
              -81.8236229998133,
              30.786846000251
            ],
            [
              -81.8234939999419,
              30.786926000047
            ],
            [
              -81.8233190000396,
              30.7871110000922
            ],
            [
              -81.8225859999206,
              30.7878910000608
            ],
            [
              -81.8222119998268,
              30.788235000221
            ],
            [
              -81.8216400002646,
              30.788651999658
            ],
            [
              -81.8213439999886,
              30.7889200003163
            ],
            [
              -81.821184000155,
              30.7890649998572
            ],
            [
              -81.820960999674,
              30.7892679996187
            ],
            [
              -81.8205179999832,
              30.7895370002276
            ],
            [
              -81.820383000264,
              30.7895949996981
            ],
            [
              -81.8200450001551,
              30.7897409998865
            ],
            [
              -81.8197480000542,
              30.789833000272
            ],
            [
              -81.8194879997632,
              30.7898859997327
            ],
            [
              -81.8192130003019,
              30.7899109996574
            ],
            [
              -81.8188550001016,
              30.7899059998273
            ],
            [
              -81.8173219999165,
              30.7897659998489
            ],
            [
              -81.8172159996112,
              30.7897599998895
            ],
            [
              -81.8171720001286,
              30.7897560001736
            ],
            [
              -81.8164850000403,
              30.7896899998195
            ],
            [
              -81.8155669999734,
              30.7896060002855
            ],
            [
              -81.8151860002069,
              30.7895980000688
            ],
            [
              -81.8146820004167,
              30.7895889997278
            ],
            [
              -81.8137889995659,
              30.7896139997299
            ],
            [
              -81.8134689998987,
              30.7896500003078
            ],
            [
              -81.8131480004067,
              30.7897209997575
            ],
            [
              -81.8116989998871,
              30.7901989999271
            ],
            [
              -81.8113399998619,
              30.7902639998151
            ],
            [
              -81.8109580002705,
              30.7902930001071
            ],
            [
              -81.81049299994,
              30.7902680002817
            ],
            [
              -81.8089599997549,
              30.7902530000746
            ],
            [
              -81.8074490002093,
              30.7901189997673
            ],
            [
              -81.8066020002875,
              30.7899819996862
            ],
            [
              -81.8064249998371,
              30.7898999998765
            ],
            [
              -81.8060830004287,
              30.7897399997644
            ],
            [
              -81.8053739997008,
              30.789250999773
            ],
            [
              -81.805115000133,
              30.7890570003671
            ],
            [
              -81.8050549998586,
              30.7890119999439
            ],
            [
              -81.8048780003066,
              30.7888790003533
            ],
            [
              -81.8044430001134,
              30.7885070002662
            ],
            [
              -81.8036439998722,
              30.7878989996478
            ],
            [
              -81.803320999832,
              30.7876530000822
            ],
            [
              -81.8028639998975,
              30.7873880001911
            ],
            [
              -81.8023979997422,
              30.7871969997876
            ],
            [
              -81.8019790003408,
              30.7869320001834
            ],
            [
              -81.8018870002793,
              30.7868750000305
            ],
            [
              -81.8017729995782,
              30.7867429999525
            ],
            [
              -81.8017039999812,
              30.7866209996961
            ],
            [
              -81.8016849997147,
              30.7865550002772
            ],
            [
              -81.8016470000798,
              30.7864060001831
            ],
            [
              -81.8013680004206,
              30.7857439998378
            ],
            [
              -81.8012889998795,
              30.785605000139
            ],
            [
              -81.8008660002803,
              30.7848539997674
            ],
            [
              -81.80079599996,
              30.7847310000272
            ],
            [
              -81.8004529998283,
              30.7842080001035
            ],
            [
              -81.7998810002661,
              30.7835329999525
            ],
            [
              -81.7992700003459,
              30.7829440001064
            ],
            [
              -81.7980650002238,
              30.7819230000469
            ],
            [
              -81.7978469997655,
              30.7817749999273
            ],
            [
              -81.7978019995597,
              30.7817439997431
            ],
            [
              -81.7977639999248,
              30.7817179998049
            ],
            [
              -81.7977520002293,
              30.7817099997038
            ],
            [
              -81.7976760000613,
              30.7816680003195
            ],
            [
              -81.797470000197,
              30.7815550001213
            ],
            [
              -81.7972729996552,
              30.7814979998685
            ],
            [
              -81.7971720002711,
              30.7814690000112
            ],
            [
              -81.7971310002633,
              30.7814679998031
            ],
            [
              -81.7968519997057,
              30.7814620000976
            ],
            [
              -81.7964779996119,
              30.7815759998403
            ],
            [
              -81.7962259997168,
              30.7817170003711
            ],
            [
              -81.7960950001956,
              30.7818609997639
            ],
            [
              -81.7960509998146,
              30.7819099997171
            ],
            [
              -81.7959899997152,
              30.7820209998652
            ],
            [
              -81.795967000149,
              30.7821290000534
            ],
            [
              -81.7959739998217,
              30.7822380003203
            ],
            [
              -81.7960349999211,
              30.78234900009
            ],
            [
              -81.7962030001506,
              30.7825640001834
            ],
            [
              -81.7962430003336,
              30.7825979999209
            ],
            [
              -81.7966299999478,
              30.7829280001074
            ],
            [
              -81.7967499995984,
              30.783054999833
            ],
            [
              -81.7972480004392,
              30.7835670001191
            ],
            [
              -81.7973930002041,
              30.7838249999933
            ],
            [
              -81.7974319996639,
              30.7841090000177
            ],
            [
              -81.7974159997703,
              30.7842579998119
            ],
            [
              -81.7972869998989,
              30.7847050001248
            ],
            [
              -81.7972480004392,
              30.784844999754
            ],
            [
              -81.7971260002404,
              30.7850299999438
            ],
            [
              -81.7968669997743,
              30.7853569997718
            ],
            [
              -81.7966080002065,
              30.7856200002993
            ],
            [
              -81.7962719997476,
              30.7859099998536
            ],
            [
              -81.7961029996932,
              30.7860280003692
            ],
            [
              -81.7959360001869,
              30.7861459999684
            ],
            [
              -81.7955699995907,
              30.7863649999199
            ],
            [
              -81.7950280001657,
              30.7866519998519
            ],
            [
              -81.7947079996002,
              30.7868519996206
            ],
            [
              -81.7944170002454,
              30.7870040002471
            ],
            [
              -81.7939679998085,
              30.7872389998442
            ],
            [
              -81.7938280000665,
              30.7872680002769
            ],
            [
              -81.7937540004466,
              30.7872820000303
            ],
            [
              -81.7936699998827,
              30.7873000003716
            ],
            [
              -81.7935309999656,
              30.7873030000423
            ],
            [
              -81.7934570003457,
              30.7873050003372
            ],
            [
              -81.7933879998504,
              30.7873059997128
            ],
            [
              -81.793074999856,
              30.7872510000775
            ],
            [
              -81.7929290002661,
              30.787186999845
            ],
            [
              -81.7928840000602,
              30.7871669999565
            ],
            [
              -81.792862000319,
              30.7871570000107
            ],
            [
              -81.7927700002574,
              30.7870640000019
            ],
            [
              -81.7926170000966,
              30.786776999756
            ],
            [
              -81.7925789995634,
              30.7863309999707
            ],
            [
              -81.7926170000966,
              30.7858510003132
            ],
            [
              -81.7925829997614,
              30.7854769997554
            ],
            [
              -81.7925640003931,
              30.7852519998561
            ],
            [
              -81.7924349996234,
              30.7849069996571
            ],
            [
              -81.7923429995619,
              30.7846599999801
            ],
            [
              -81.7920909996668,
              30.7841220000503
            ],
            [
              -81.7917929997409,
              30.7836319998596
            ],
            [
              -81.7916029997701,
              30.7833189998988
            ],
            [
              -81.791350999875,
              30.7828040000251
            ],
            [
              -81.7909240000778,
              30.7822420003491
            ],
            [
              -81.7894629998627,
              30.7801800001591
            ],
            [
              -81.7893950000906,
              30.7800820000086
            ],
            [
              -81.7893259995953,
              30.7799820000829
            ],
            [
              -81.7892069997696,
              30.7798180003193
            ],
            [
              -81.7890009999053,
              30.7794829998956
            ],
            [
              -81.7889549998745,
              30.7794070002292
            ],
            [
              -81.7889010003461,
              30.7793460000981
            ],
            [
              -81.7887780003225,
              30.7792079998738
            ],
            [
              -81.7886539995756,
              30.7790689999902
            ],
            [
              -81.7885969996742,
              30.7790049997154
            ],
            [
              -81.7885399997729,
              30.7789410001697
            ],
            [
              -81.7884860002445,
              30.778879999743
            ],
            [
              -81.7884319998178,
              30.7788200002852
            ],
            [
              -81.7880860002114,
              30.7784309996638
            ],
            [
              -81.7879649998376,
              30.7783140001017
            ],
            [
              -81.7877909997603,
              30.7781439998973
            ],
            [
              -81.7870509999686,
              30.7774199997393
            ],
            [
              -81.7868269996626,
              30.7772010002586
            ],
            [
              -81.7865520002013,
              30.7769009996746
            ],
            [
              -81.7862769998417,
              30.7765599998866
            ],
            [
              -81.7857510003102,
              30.7757969997809
            ],
            [
              -81.7850340000847,
              30.774663999974
            ],
            [
              -81.7843570000422,
              30.7740179997944
            ],
            [
              -81.7841319999113,
              30.7738029998957
            ],
            [
              -81.7840719996369,
              30.7737450001639
            ],
            [
              -81.7838969997347,
              30.7735309999457
            ],
            [
              -81.7837899996046,
              30.7733330000775
            ],
            [
              -81.7837140003349,
              30.7731360000965
            ],
            [
              -81.7836759998018,
              30.7728789996364
            ],
            [
              -81.7836599999082,
              30.7726040000327
            ],
            [
              -81.7836919996953,
              30.7723890000616
            ],
            [
              -81.7837129996117,
              30.7723260002771
            ],
            [
              -81.7837269998553,
              30.7722620001474
            ],
            [
              -81.7837350002513,
              30.7722290001484
            ],
            [
              -81.7837439995738,
              30.7721999998124
            ],
            [
              -81.7838359996353,
              30.7720240000878
            ],
            [
              -81.7839729999027,
              30.7718519997302
            ],
            [
              -81.7841639996984,
              30.7716869996904
            ],
            [
              -81.7844459997307,
              30.7715109997992
            ],
            [
              -81.7854490001864,
              30.7710709998208
            ],
            [
              -81.7856829996399,
              30.7709680003825
            ],
            [
              -81.7856979997085,
              30.7709620000222
            ],
            [
              -81.7860559999087,
              30.7707860003487
            ],
            [
              -81.7862469997045,
              30.770660000183
            ],
            [
              -81.786334999568,
              30.7705730000458
            ],
            [
              -81.7864760000333,
              30.7704370002326
            ],
            [
              -81.7865110001934,
              30.7703879998385
            ],
            [
              -81.7866509999355,
              30.7701910000029
            ],
            [
              -81.7867120000349,
              30.7700059998332
            ],
            [
              -81.7866969999663,
              30.7698019999972
            ],
            [
              -81.7866440002628,
              30.76963400008
            ],
            [
              -81.786482999706,
              30.7694210003145
            ],
            [
              -81.7861859996051,
              30.7691350002504
            ],
            [
              -81.7859489997786,
              30.7689910003336
            ],
            [
              -81.7857279998457,
              30.7688979997421
            ],
            [
              -81.7840270003294,
              30.767899999897
            ],
            [
              -81.783669000129,
              30.767615000296
            ],
            [
              -81.7832180000424,
              30.767255999787
            ],
            [
              -81.7828980003752,
              30.7668630003713
            ],
            [
              -81.7827600002829,
              30.7666130003614
            ],
            [
              -81.7826609996504,
              30.7663669996191
            ],
            [
              -81.7825850003808,
              30.7660729998839
            ],
            [
              -81.7825469998476,
              30.7657300003442
            ],
            [
              -81.7825689995889,
              30.7651539998459
            ],
            [
              -81.7826380000842,
              30.7649539997349
            ],
            [
              -81.782684000115,
              30.7646809998621
            ],
            [
              -81.7827910002451,
              30.7644059999877
            ],
            [
              -81.7829050000479,
              30.7642139998792
            ],
            [
              -81.7831949995778,
              30.7638509997851
            ],
            [
              -81.7834699999375,
              30.7633080003743
            ],
            [
              -81.783553999603,
              30.7629739999885
            ],
            [
              -81.7835689996717,
              30.7626929997646
            ],
            [
              -81.7835229996409,
              30.7624650001669
            ],
            [
              -81.7834540000439,
              30.7622549996532
            ],
            [
              -81.7833400002411,
              30.7620540000559
            ],
            [
              -81.7832099996464,
              30.7618850000966
            ],
            [
              -81.783012000178,
              30.7617090000336
            ],
            [
              -81.7828359995526,
              30.7615909997935
            ],
            [
              -81.7826299996883,
              30.7614539999942
            ],
            [
              -81.7824780002506,
              30.761382999751
            ],
            [
              -81.7823100000211,
              30.761347000173
            ],
            [
              -81.7821500001876,
              30.7613409999848
            ],
            [
              -81.7814170000686,
              30.7613959997668
            ],
            [
              -81.7805709999717,
              30.7615700003441
            ],
            [
              -81.7802570001523,
              30.7616839997265
            ],
            [
              -81.7773969996463,
              30.7624259997753
            ],
            [
              -81.7766660000754,
              30.7626089998132
            ],
            [
              -81.7765349996558,
              30.7626429996553
            ],
            [
              -81.7763739999974,
              30.7626819999589
            ],
            [
              -81.7762130003389,
              30.7627219998779
            ],
            [
              -81.7739479998596,
              30.7632869997556
            ],
            [
              -81.7723450002525,
              30.7636360003278
            ],
            [
              -81.7721629997793,
              30.7636970003842
            ],
            [
              -81.7719669999607,
              30.7638010002773
            ],
            [
              -81.7719490004174,
              30.7638110003353
            ],
            [
              -81.7717429996547,
              30.7639659999439
            ],
            [
              -81.7715679997525,
              30.764143000128
            ],
            [
              -81.7714530001248,
              30.7643050003643
            ],
            [
              -81.7713769999569,
              30.7644730003214
            ],
            [
              -81.7713469998196,
              30.7646480003509
            ],
            [
              -81.771367999736,
              30.764797999792
            ],
            [
              -81.7713700002841,
              30.7648110001186
            ],
            [
              -81.7714380000562,
              30.7649630000652
            ],
            [
              -81.7715689995775,
              30.7651579998129
            ],
            [
              -81.7716079999356,
              30.7652670000103
            ],
            [
              -81.771664999837,
              30.765325999825
            ],
            [
              -81.7718029999292,
              30.7654670002427
            ],
            [
              -81.7720270002352,
              30.7656969996489
            ],
            [
              -81.7720909998093,
              30.7657400002019
            ],
            [
              -81.772257000389,
              30.7658509997092
            ],
            [
              -81.7724449998116,
              30.766015999721
            ],
            [
              -81.7732159995655,
              30.7665649999271
            ],
            [
              -81.7733129996499,
              30.7666629999522
            ],
            [
              -81.7733529998328,
              30.7667029997605
            ],
            [
              -81.7733789997721,
              30.7667519997152
            ],
            [
              -81.773427000351,
              30.7668390002194
            ],
            [
              -81.7734830004275,
              30.7669960003001
            ],
            [
              -81.7735899996593,
              30.7677079998117
            ],
            [
              -81.7735589996971,
              30.7680070001523
            ],
            [
              -81.7734290000008,
              30.7683049999907
            ],
            [
              -81.7731870001514,
              30.7686369997186
            ],
            [
              -81.7731009999377,
              30.768754999811
            ],
            [
              -81.7727429997375,
              30.7691749998032
            ],
            [
              -81.7726780003385,
              30.7692750001559
            ],
            [
              -81.7724909998424,
              30.7695749998188
            ],
            [
              -81.772429999743,
              30.7698549996896
            ],
            [
              -81.772505999911,
              30.7705669996607
            ],
            [
              -81.7724969996901,
              30.7707139997229
            ],
            [
              -81.7724680002762,
              30.7712399998593
            ],
            [
              -81.7722470003432,
              30.7715529997587
            ],
            [
              -81.7720489999765,
              30.772052999705
            ],
            [
              -81.7718649998534,
              30.7723160003321
            ],
            [
              -81.7717359999821,
              30.7724330002421
            ],
            [
              -81.7716099995854,
              30.772540000088
            ],
            [
              -81.7714699998433,
              30.7726280002905
            ],
            [
              -81.7713600002384,
              30.7726929997041
            ],
            [
              -81.7709240002203,
              30.7728550002131
            ],
            [
              -81.7707550001659,
              30.7729779997027
            ],
            [
              -81.7706880002187,
              30.7730619998662
            ],
            [
              -81.7703559999578,
              30.7734820003554
            ],
            [
              -81.7702639998963,
              30.7736700001127
            ],
            [
              -81.7702029997969,
              30.7738719996642
            ],
            [
              -81.7701869999034,
              30.7739959996833
            ],
            [
              -81.770201999972,
              30.7741049999041
            ],
            [
              -81.7703569997827,
              30.7744049999449
            ],
            [
              -81.7704079998363,
              30.7745059997741
            ],
            [
              -81.7709119996264,
              30.775191999903
            ],
            [
              -81.7712570003063,
              30.7757230000536
            ],
            [
              -81.7713610000633,
              30.7759980000044
            ],
            [
              -81.7713710001091,
              30.776023999945
            ],
            [
              -81.7713710001091,
              30.776162000106
            ],
            [
              -81.7713560000405,
              30.7762019998247
            ],
            [
              -81.7713090001848,
              30.7763159996268
            ],
            [
              -81.7713019996138,
              30.7763240001766
            ],
            [
              -81.7711409999553,
              30.7765010000134
            ],
            [
              -81.7707059997621,
              30.7768199997734
            ],
            [
              -81.7704320001257,
              30.7769619998126
            ],
            [
              -81.7700560003821,
              30.7770690000243
            ],
            [
              -81.769873000084,
              30.7770929999401
            ],
            [
              -81.7697159997252,
              30.7771079998844
            ],
            [
              -81.7696370000824,
              30.7771160003683
            ],
            [
              -81.7693469996542,
              30.777101999907
            ],
            [
              -81.7685399999154,
              30.7769870000098
            ],
            [
              -81.7678600003981,
              30.7767550000605
            ],
            [
              -81.7676090003279,
              30.7766690002898
            ],
            [
              -81.7668689996379,
              30.7764469998623
            ],
            [
              -81.7661360004172,
              30.7762599996192
            ],
            [
              -81.7661039997318,
              30.7762540003606
            ],
            [
              -81.7658369997682,
              30.7761989998079
            ],
            [
              -81.7655709996294,
              30.7761450002591
            ],
            [
              -81.7653589999173,
              30.7761010002326
            ],
            [
              -81.7641160001603,
              30.7758940001715
            ],
            [
              -81.7636809999671,
              30.7759550001762
            ],
            [
              -81.763397000285,
              30.7759490001268
            ],
            [
              -81.7632149998118,
              30.7759449998364
            ],
            [
              -81.7631450003899,
              30.7759320002422
            ],
            [
              -81.7622540000872,
              30.7757679997485
            ],
            [
              -81.7620220002836,
              30.7757380002115
            ],
            [
              -81.7617200001598,
              30.7756980002998
            ],
            [
              -81.7612320002631,
              30.7755250000654
            ],
            [
              -81.7609109998728,
              30.7753380003456
            ],
            [
              -81.760873000238,
              30.7753000000403
            ],
            [
              -81.7607390003437,
              30.7751620001864
            ],
            [
              -81.7606029999012,
              30.7750259999132
            ],
            [
              -81.7605610000684,
              30.7749839999261
            ],
            [
              -81.7605250000834,
              30.7749249998583
            ],
            [
              -81.7603779997703,
              30.7746810000826
            ],
            [
              -81.7603190002191,
              30.7744679999119
            ],
            [
              -81.7597929997893,
              30.7729389997121
            ],
            [
              -81.7595340002215,
              30.7723629999106
            ],
            [
              -81.7593280003572,
              30.77203700021
            ],
            [
              -81.7590239996853,
              30.7716010000206
            ],
            [
              -81.7585290001159,
              30.7710829997557
            ],
            [
              -81.7582689998249,
              30.7708109998351
            ],
            [
              -81.758232000015,
              30.7707839997102
            ],
            [
              -81.7570109999994,
              30.7699430000321
            ],
            [
              -81.7564539996075,
              30.7696149999605
            ],
            [
              -81.7559430001447,
              30.769344000084
            ],
            [
              -81.7552100000256,
              30.7690090002384
            ],
            [
              -81.7545639999452,
              30.7687509999934
            ],
            [
              -81.7539289997355,
              30.7684969996568
            ],
            [
              -81.7527849997128,
              30.768000000031
            ],
            [
              -81.7522349998918,
              30.7677609998856
            ],
            [
              -81.7508480001948,
              30.7673279999125
            ],
            [
              -81.7508239999054,
              30.767320999742
            ],
            [
              -81.7500380000829,
              30.7671109997887
            ],
            [
              -81.7498010002565,
              30.7670919999431
            ],
            [
              -81.7494029998732,
              30.7670959998296
            ],
            [
              -81.7485269996391,
              30.7671049999597
            ],
            [
              -81.7480079997803,
              30.7670840001695
            ],
            [
              -81.7478510003198,
              30.7670650003185
            ],
            [
              -81.7466429998247,
              30.7669219999793
            ],
            [
              -81.746443999633,
              30.7668909996403
            ],
            [
              -81.7454300002049,
              30.7667329997988
            ],
            [
              -81.7446440003825,
              30.7665629999727
            ],
            [
              -81.7445349997042,
              30.7665329998815
            ],
            [
              -81.743994999929,
              30.7663860003797
            ],
            [
              -81.7438200000268,
              30.7663280000366
            ],
            [
              -81.7433849998336,
              30.7661839997791
            ],
            [
              -81.7420120003804,
              30.7656289997945
            ],
            [
              -81.7419739998472,
              30.7656119996304
            ],
            [
              -81.7409589996959,
              30.7651419999435
            ],
            [
              -81.7407529998316,
              30.7650069997816
            ],
            [
              -81.7405999996707,
              30.7648540002954
            ],
            [
              -81.7403939998064,
              30.7645450002132
            ],
            [
              -81.7402800000035,
              30.7642459999238
            ],
            [
              -81.7402800000035,
              30.7640129997411
            ],
            [
              -81.7403870001337,
              30.7635989996548
            ],
            [
              -81.7405700004318,
              30.7632710003471
            ],
            [
              -81.7408139999309,
              30.763001999617
            ],
            [
              -81.7421410002518,
              30.7619530002803
            ],
            [
              -81.7422709999481,
              30.7618160002242
            ],
            [
              -81.7425069999497,
              30.7614569996989
            ],
            [
              -81.742712999814,
              30.7608470001827
            ],
            [
              -81.7427439997762,
              30.7605880000189
            ],
            [
              -81.7427289997075,
              30.7603280002741
            ],
            [
              -81.7426519997147,
              30.7600459996147
            ],
            [
              -81.7425300004142,
              30.7597479996789
            ],
            [
              -81.7423849997509,
              30.759488999646
            ],
            [
              -81.7421949997802,
              30.7592540001935
            ],
            [
              -81.7419959995885,
              30.7590709999532
            ],
            [
              -81.7416990003859,
              30.7588500002834
            ],
            [
              -81.7410809998946,
              30.7584589998622
            ],
            [
              -81.740408999875,
              30.7581199996966
            ],
            [
              -81.7397410000533,
              30.7578580000987
            ],
            [
              -81.739683000327,
              30.7578349996993
            ],
            [
              -81.7387689995597,
              30.7574759997671
            ],
            [
              -81.7378549996907,
              30.7571170000401
            ],
            [
              -81.73755599994,
              30.7570000000377
            ],
            [
              -81.7372580000141,
              30.756882999893
            ],
            [
              -81.7369149998825,
              30.7567479997277
            ],
            [
              -81.7366909995765,
              30.7566740000199
            ],
            [
              -81.7362820002208,
              30.7565390003334
            ],
            [
              -81.7361580003723,
              30.7564979996936
            ],
            [
              -81.7356250002698,
              30.7563230002869
            ],
            [
              -81.7354989998732,
              30.7562820003271
            ],
            [
              -81.7353730003747,
              30.7562410003497
            ],
            [
              -81.7353590001311,
              30.7562349998432
            ],
            [
              -81.7343089998196,
              30.7559640001206
            ],
            [
              -81.7341609996816,
              30.7559259998848
            ],
            [
              -81.734013000442,
              30.7558869999321
            ],
            [
              -81.7339089997866,
              30.7558609999548
            ],
            [
              -81.7333029998892,
              30.7556709999668
            ],
            [
              -81.73313100036,
              30.7556169997068
            ],
            [
              -81.7328889996124,
              30.7555030000878
            ],
            [
              -81.7325120000438,
              30.7553589998478
            ],
            [
              -81.7324259998301,
              30.7553279996447
            ],
            [
              -81.7323399996164,
              30.7552959997233
            ],
            [
              -81.7321470001709,
              30.7552029997953
            ],
            [
              -81.7318569997426,
              30.7549949998464
            ],
            [
              -81.7316430003807,
              30.7547779997106
            ],
            [
              -81.7314750001512,
              30.7545259997608
            ],
            [
              -81.7314249999225,
              30.7543990002069
            ],
            [
              -81.731368999846,
              30.7542529996498
            ],
            [
              -81.7313529999525,
              30.7540069997439
            ],
            [
              -81.7314070003791,
              30.7538069996332
            ],
            [
              -81.7314829996488,
              30.7536870002938
            ],
            [
              -81.7319410003065,
              30.7531170002315
            ],
            [
              -81.7324600001653,
              30.7525859996446
            ],
            [
              -81.7329549997346,
              30.752016000013
            ],
            [
              -81.7330850003293,
              30.7518119998777
            ],
            [
              -81.7331689999948,
              30.751590999758
            ],
            [
              -81.7332150000256,
              30.7512760002933
            ],
            [
              -81.7331899999113,
              30.7511109997212
            ],
            [
              -81.7331770003908,
              30.7510169998585
            ],
            [
              -81.7330929998269,
              30.7508259998218
            ],
            [
              -81.7328409999318,
              30.7504860000441
            ],
            [
              -81.7324900003025,
              30.7501410002574
            ],
            [
              -81.7324140001345,
              30.7500839999253
            ],
            [
              -81.7320550001093,
              30.7498150001781
            ],
            [
              -81.7318190001078,
              30.7496749997627
            ],
            [
              -81.7316509998783,
              30.7495749998929
            ],
            [
              -81.731300000249,
              30.7494159996543
            ],
            [
              -81.7309179997593,
              30.7492420002724
            ],
            [
              -81.7308419995913,
              30.7492080003298
            ],
            [
              -81.7307429998571,
              30.7491529997615
            ],
            [
              -81.7301939998611,
              30.7488519999833
            ],
            [
              -81.7296990002917,
              30.7485209997362
            ],
            [
              -81.7293009999085,
              30.7482550003716
            ],
            [
              -81.7284680002304,
              30.7476259999933
            ],
            [
              -81.7284470003139,
              30.7476100002983
            ],
            [
              -81.7282559996199,
              30.7474919997637
            ],
            [
              -81.7282289998558,
              30.7474820003268
            ],
            [
              -81.7276149995625,
              30.7472529996577
            ],
            [
              -81.7271800002676,
              30.7470279999365
            ],
            [
              -81.7264320000799,
              30.7467349996147
            ],
            [
              -81.7263940004451,
              30.7467210001382
            ],
            [
              -81.7257690002811,
              30.7465720001248
            ],
            [
              -81.7251349998963,
              30.7465100002274
            ],
            [
              -81.7250250002915,
              30.7465149999966
            ],
            [
              -81.7248789998033,
              30.746518999966
            ],
            [
              -81.7247330002134,
              30.7465229999353
            ],
            [
              -81.7245940002962,
              30.7465269999045
            ],
            [
              -81.7244570000289,
              30.7465459999486
            ],
            [
              -81.7239380001701,
              30.7466159997537
            ],
            [
              -81.7236019997111,
              30.7466370001486
            ],
            [
              -81.7233330000977,
              30.746627999649
            ],
            [
              -81.7231359995558,
              30.7466220000877
            ],
            [
              -81.7228240002846,
              30.7465549996837
            ],
            [
              -81.7226409999865,
              30.7464750002927
            ],
            [
              -81.7224569998635,
              30.7463630002617
            ],
            [
              -81.7220529996324,
              30.7459960000399
            ],
            [
              -81.7212900002745,
              30.7453750003845
            ],
            [
              -81.7209320000742,
              30.7451189997353
            ],
            [
              -81.7203460002683,
              30.7448079999886
            ],
            [
              -81.720321000154,
              30.7447919998255
            ],
            [
              -81.7201300003582,
              30.7447190000128
            ],
            [
              -81.7199549995577,
              30.7446890000632
            ],
            [
              -81.7197160000815,
              30.7446460001447
            ],
            [
              -81.719551000225,
              30.7446169999915
            ],
            [
              -81.7192149997661,
              30.7446059996648
            ],
            [
              -81.718886999703,
              30.7446210000397
            ],
            [
              -81.7185589996399,
              30.7446710002433
            ],
            [
              -81.7183269998363,
              30.7447400000492
            ],
            [
              -81.7181090002765,
              30.7448060003543
            ],
            [
              -81.7179150001077,
              30.7449120002117
            ],
            [
              -81.7175440003869,
              30.7451149997077
            ],
            [
              -81.7172840000959,
              30.7452450001338
            ],
            [
              -81.7167970000242,
              30.7454900002224
            ],
            [
              -81.7162470002033,
              30.7457659998909
            ],
            [
              -81.7157309998192,
              30.746000000031
            ],
            [
              -81.7157130002759,
              30.7460080000125
            ],
            [
              -81.7150720002184,
              30.7462519999024
            ],
            [
              -81.7140679999377,
              30.7465779996894
            ],
            [
              -81.7138510002028,
              30.7466490000413
            ],
            [
              -81.7129930004103,
              30.7470169998852
            ],
            [
              -81.7126870000885,
              30.7471470000604
            ],
            [
              -81.7124629997826,
              30.7472439999878
            ],
            [
              -81.7119039997408,
              30.747425999755
            ],
            [
              -81.7117480001052,
              30.7474760000465
            ],
            [
              -81.7116679997392,
              30.7475019999716
            ],
            [
              -81.7114319997377,
              30.7475780001284
            ],
            [
              -81.7114099999964,
              30.7475850001906
            ],
            [
              -81.7103039996084,
              30.747835000204
            ],
            [
              -81.7096860000155,
              30.7479509999775
            ],
            [
              -81.7091139995549,
              30.7479759999902
            ],
            [
              -81.7085260000992,
              30.7479210002625
            ],
            [
              -81.7079770001032,
              30.7477890000156
            ],
            [
              -81.7075340004124,
              30.7476269997811
            ],
            [
              -81.7071150001128,
              30.7474079996746
            ],
            [
              -81.7061250000758,
              30.7467109998492
            ],
            [
              -81.7057340002636,
              30.7464349998003
            ],
            [
              -81.705306999568,
              30.7461699998818
            ],
            [
              -81.7049169995807,
              30.7459809998792
            ],
            [
              -81.7035819997622,
              30.7455369997743
            ],
            [
              -81.7032889998592,
              30.7454919998424
            ],
            [
              -81.7030400003372,
              30.7454490002825
            ],
            [
              -81.702709999726,
              30.745439999672
            ],
            [
              -81.702605000144,
              30.7454429998757
            ],
            [
              -81.7025320003491,
              30.7454410002546
            ],
            [
              -81.7024679998767,
              30.745439999672
            ],
            [
              -81.7020870001102,
              30.7454700001598
            ],
            [
              -81.7017130000163,
              30.745532999764
            ],
            [
              -81.7015220002206,
              30.7455840000752
            ],
            [
              -81.7013470003184,
              30.7456299997726
            ],
            [
              -81.7009959997908,
              30.7457560002748
            ],
            [
              -81.7006069996284,
              30.7459360001548
            ],
            [
              -81.7000640003785,
              30.7461859998161
            ],
            [
              -81.6997399996151,
              30.7463320002507
            ],
            [
              -81.6995220000552,
              30.7464360003725
            ],
            [
              -81.698065999863,
              30.7471079996402
            ],
            [
              -81.6977250002794,
              30.7472800002066
            ],
            [
              -81.6976070002787,
              30.7473400000266
            ],
            [
              -81.6974890002778,
              30.7473990000191
            ],
            [
              -81.6965560001423,
              30.7478689998593
            ],
            [
              -81.6961989997669,
              30.7480220000894
            ],
            [
              -81.6959610001155,
              30.7481229998104
            ],
            [
              -81.6953350001267,
              30.748338999722
            ],
            [
              -81.6947779997348,
              30.7484910001987
            ],
            [
              -81.694474999786,
              30.7485169998498
            ],
            [
              -81.6943509999375,
              30.7485279997299
            ],
            [
              -81.6938930001781,
              30.7484719997662
            ],
            [
              -81.6933509998548,
              30.7483120002421
            ],
            [
              -81.6929929996545,
              30.7481399999747
            ],
            [
              -81.6926649995914,
              30.7479019997176
            ],
            [
              -81.6924129996963,
              30.7476369999752
            ],
            [
              -81.6922140004031,
              30.7472920000191
            ],
            [
              -81.69188600034,
              30.746378000363
            ],
            [
              -81.6917549999204,
              30.7456379997849
            ],
            [
              -81.6916799995773,
              30.7452089999265
            ],
            [
              -81.6916419999425,
              30.7447300003265
            ],
            [
              -81.6915740001705,
              30.7444320000859
            ],
            [
              -81.6914210000096,
              30.7440279997541
            ],
            [
              -81.6910469999157,
              30.7432800002167
            ],
            [
              -81.6907039997841,
              30.7428020001275
            ],
            [
              -81.6902920000554,
              30.7423670001653
            ],
            [
              -81.6899499997487,
              30.7420910000229
            ],
            [
              -81.6898490003646,
              30.7420100001667
            ],
            [
              -81.6893759996383,
              30.7417339997734
            ],
            [
              -81.6891549997054,
              30.7416319996798
            ],
            [
              -81.6886519997401,
              30.7415140003147
            ],
            [
              -81.6885399995871,
              30.741499000228
            ],
            [
              -81.6884259997843,
              30.7414819996637
            ],
            [
              -81.6881939999807,
              30.7414489999223
            ],
            [
              -81.6880840003759,
              30.74143999971
            ],
            [
              -81.6879699996747,
              30.7414320001212
            ],
            [
              -81.6877360002213,
              30.741425000384
            ],
            [
              -81.6871250003011,
              30.7414489999223
            ],
            [
              -81.6860730003398,
              30.7414900000205
            ],
            [
              -81.6850210003786,
              30.7415300002501
            ],
            [
              -81.6848060002934,
              30.7415379998309
            ],
            [
              -81.6845900003834,
              30.7415470000339
            ],
            [
              -81.6845069996443,
              30.7415489997358
            ],
            [
              -81.6834210002463,
              30.741588999941
            ],
            [
              -81.6831810000467,
              30.7416020003129
            ],
            [
              -81.682618999632,
              30.7416020003129
            ],
            [
              -81.6800910002852,
              30.7415999998401
            ],
            [
              -81.6794700003192,
              30.7415279997758
            ],
            [
              -81.6794200000905,
              30.7415200001943
            ],
            [
              -81.6788779997672,
              30.7414050002493
            ],
            [
              -81.6783289997712,
              30.7412260002499
            ],
            [
              -81.6778409998746,
              30.7409970001497
            ],
            [
              -81.6771539997863,
              30.7406020003732
            ],
            [
              -81.6764900001626,
              30.7401290002223
            ],
            [
              -81.6755520000042,
              30.7395689997055
            ],
            [
              -81.6750330001454,
              30.739324999874
            ],
            [
              -81.675012000229,
              30.7393189998578
            ],
            [
              -81.6747030004325,
              30.7391849996538
            ],
            [
              -81.6746060003481,
              30.7391430002429
            ],
            [
              -81.6743240003158,
              30.7390250001457
            ],
            [
              -81.6737739995966,
              30.7388340002643
            ],
            [
              -81.6735230004247,
              30.7387890002897
            ],
            [
              -81.673036000353,
              30.7387890002897
            ],
            [
              -81.6724940000297,
              30.7387900001693
            ],
            [
              -81.6722479999824,
              30.7388670001294
            ],
            [
              -81.6721609999438,
              30.7388949998189
            ],
            [
              -81.6720350004454,
              30.738940999622
            ],
            [
              -81.6714100002814,
              30.739262999945
            ],
            [
              -81.6712720001891,
              30.7393340002839
            ],
            [
              -81.6706610002689,
              30.7397649997933
            ],
            [
              -81.6699819996782,
              30.740374000197
            ],
            [
              -81.6696929999733,
              30.7407130002942
            ],
            [
              -81.6692920001153,
              30.7412700000046
            ],
            [
              -81.6692729998487,
              30.7412969999142
            ],
            [
              -81.669194000206,
              30.7414699998995
            ],
            [
              -81.6690970001216,
              30.7416800001915
            ],
            [
              -81.6688379996555,
              30.7425140000528
            ],
            [
              -81.6688379996555,
              30.7427649999408
            ],
            [
              -81.6688169997391,
              30.7429309999782
            ],
            [
              -81.6687539999899,
              30.7434199998906
            ],
            [
              -81.6687539999899,
              30.7439980003614
            ],
            [
              -81.6687919996247,
              30.7442840002146
            ],
            [
              -81.6688529997241,
              30.7445109998095
            ],
            [
              -81.6690750003802,
              30.7449859996933
            ],
            [
              -81.669153000198,
              30.7452040000895
            ],
            [
              -81.6693490000167,
              30.7456720002157
            ],
            [
              -81.6696009999117,
              30.7461189998809
            ],
            [
              -81.6697220002856,
              30.7462860001165
            ],
            [
              -81.6697809998368,
              30.7463659996644
            ],
            [
              -81.6698300002406,
              30.7464330001998
            ],
            [
              -81.6703039998935,
              30.746885999739
            ],
            [
              -81.6704880000165,
              30.7470619998766
            ],
            [
              -81.6706710003146,
              30.7472369999008
            ],
            [
              -81.670836999996,
              30.7473959998764
            ],
            [
              -81.6709349999053,
              30.7474760000465
            ],
            [
              -81.6711950001963,
              30.7476879999443
            ],
            [
              -81.6715769997877,
              30.7479570002282
            ],
            [
              -81.6719259997672,
              30.7481680000571
            ],
            [
              -81.6719659999501,
              30.7481920002316
            ],
            [
              -81.6723929997474,
              30.7484089997682
            ],
            [
              -81.6724680000905,
              30.7484350002136
            ],
            [
              -81.6728510004051,
              30.7485680001252
            ],
            [
              -81.6730799998357,
              30.748610000059
            ],
            [
              -81.6732549997378,
              30.7486079997318
            ],
            [
              -81.6734840000667,
              30.7485500002582
            ],
            [
              -81.6736690000146,
              30.7484649997684
            ],
            [
              -81.6742170001857,
              30.7482130002828
            ],
            [
              -81.6745219997842,
              30.7479949997486
            ],
            [
              -81.6747810002503,
              30.7477069997595
            ],
            [
              -81.6750249997494,
              30.7474860002562
            ],
            [
              -81.6753410001169,
              30.7471990000813
            ],
            [
              -81.6754599999426,
              30.7470910000658
            ],
            [
              -81.676362999941,
              30.7463790001637
            ],
            [
              -81.6767050002478,
              30.7461109999086
            ],
            [
              -81.6770700001207,
              30.7458229996904
            ],
            [
              -81.6774440002145,
              30.7455670002318
            ],
            [
              -81.6778559999432,
              30.7453289997932
            ],
            [
              -81.6778960001261,
              30.7453089996971
            ],
            [
              -81.6782829997405,
              30.7451149997077
            ],
            [
              -81.6788159998429,
              30.7449019997349
            ],
            [
              -81.6789000004069,
              30.7448679998043
            ],
            [
              -81.679030999928,
              30.744816000069
            ],
            [
              -81.6793060002877,
              30.7447449999101
            ],
            [
              -81.6796030003886,
              30.7447029998349
            ],
            [
              -81.6799079999871,
              30.7446920002901
            ],
            [
              -81.6800889997371,
              30.7447170003767
            ],
            [
              -81.6805409996487,
              30.7447850003324
            ],
            [
              -81.6810899996447,
              30.7449170000637
            ],
            [
              -81.6812589996991,
              30.7449590000456
            ],
            [
              -81.6818060000453,
              30.7451469999238
            ],
            [
              -81.681892000259,
              30.7451780003162
            ],
            [
              -81.6821509998268,
              30.7453140003006
            ],
            [
              -81.6822360002156,
              30.7453840002291
            ],
            [
              -81.6823569996911,
              30.7454849996281
            ],
            [
              -81.6827769998157,
              30.7459680000982
            ],
            [
              -81.683058999848,
              30.7463950000632
            ],
            [
              -81.6832580000396,
              30.7468449996213
            ],
            [
              -81.683310999743,
              30.747117999888
            ],
            [
              -81.6833259998117,
              30.7475569999387
            ],
            [
              -81.6833009996973,
              30.7478009997648
            ],
            [
              -81.6832880001768,
              30.747926999743
            ],
            [
              -81.6832479999938,
              30.7481170003421
            ],
            [
              -81.6832120000088,
              30.7482910002125
            ],
            [
              -81.6830959996579,
              30.7484919999775
            ],
            [
              -81.6829919999008,
              30.74864499999
            ],
            [
              -81.6826599996398,
              30.748944999869
            ],
            [
              -81.6823640002621,
              30.7492129999588
            ],
            [
              -81.6819669997038,
              30.7495549999064
            ],
            [
              -81.6814989998986,
              30.749884000159
            ],
            [
              -81.6810600004058,
              30.7502020003724
            ],
            [
              -81.6805900000525,
              30.7503679999451
            ],
            [
              -81.6801620004304,
              30.7505189997777
            ],
            [
              -81.6790689995629,
              30.7509060002309
            ],
            [
              -81.6788739995692,
              30.7509560002598
            ],
            [
              -81.6784350000764,
              30.751069999858
            ],
            [
              -81.6778159997602,
              30.7511949996688
            ],
            [
              -81.6776269996143,
              30.7512180001104
            ],
            [
              -81.6767760003929,
              30.7513230001097
            ],
            [
              -81.6756359996697,
              30.7514629996733
            ],
            [
              -81.6751779999104,
              30.7514989998591
            ],
            [
              -81.675115999986,
              30.7515049998887
            ],
            [
              -81.6747200001509,
              30.7515370002979
            ],
            [
              -81.6743589995776,
              30.7515470000858
            ],
            [
              -81.6742549998205,
              30.7515620001518
            ],
            [
              -81.6740590000019,
              30.7515900000113
            ],
            [
              -81.6736349996794,
              30.7516509999804
            ],
            [
              -81.6735900003719,
              30.7516449999599
            ],
            [
              -81.6734580001274,
              30.7516279996422
            ],
            [
              -81.6731590003767,
              30.7515900000113
            ],
            [
              -81.6728589999027,
              30.7515520003654
            ],
            [
              -81.6728010001764,
              30.7515359997787
            ],
            [
              -81.67256400035,
              30.7514689997052
            ],
            [
              -81.672403999618,
              30.7514249999772
            ],
            [
              -81.6721280003318,
              30.7514580001611
            ],
            [
              -81.6716579999786,
              30.75151499968
            ],
            [
              -81.6713550000298,
              30.7515520003654
            ],
            [
              -81.6707819997444,
              30.7515900000113
            ],
            [
              -81.6702269999006,
              30.7516269998959
            ],
            [
              -81.669843999586,
              30.7516690000399
            ],
            [
              -81.669554999881,
              30.7517009996225
            ],
            [
              -81.6690860002509,
              30.7518320001674
            ],
            [
              -81.6690650003345,
              30.7518389999204
            ],
            [
              -81.6689520003566,
              30.7518710002186
            ],
            [
              -81.6685459995774,
              30.7520229997527
            ],
            [
              -81.668168000184,
              30.7521940002928
            ],
            [
              -81.6677890000673,
              30.7523649997572
            ],
            [
              -81.6676860001351,
              30.7524110000761
            ],
            [
              -81.6675840000279,
              30.7524679998028
            ],
            [
              -81.6675220001036,
              30.7525020001385
            ],
            [
              -81.6674109997755,
              30.752564999775
            ],
            [
              -81.6662440001866,
              30.7533209999182
            ],
            [
              -81.6655649995959,
              30.753676999956
            ],
            [
              -81.6654039999374,
              30.7537460002579
            ],
            [
              -81.6647110000014,
              30.7540449999649
            ],
            [
              -81.6645429997719,
              30.7540990003345
            ],
            [
              -81.6644049996796,
              30.7541440001049
            ],
            [
              -81.6638640000795,
              30.7543200001022
            ],
            [
              -81.6637889997365,
              30.7543369999446
            ],
            [
              -81.6635660001537,
              30.7543869997359
            ],
            [
              -81.6634559996506,
              30.7543940000753
            ],
            [
              -81.6633450002208,
              30.7544020001315
            ],
            [
              -81.6630509995946,
              30.7543459997237
            ],
            [
              -81.6626580001325,
              30.7542719997137
            ],
            [
              -81.6625049999716,
              30.7542279997226
            ],
            [
              -81.6623230003967,
              30.7541770001288
            ],
            [
              -81.6620020000064,
              30.7540550002644
            ],
            [
              -81.661792999769,
              30.7539539998167
            ],
            [
              -81.6616970004079,
              30.753908000235
            ],
            [
              -81.6615419996988,
              30.7538140000147
            ],
            [
              -81.6613989995838,
              30.7537270000901
            ],
            [
              -81.661063999848,
              30.7534560002566
            ],
            [
              -81.6608350004174,
              30.7531929998171
            ],
            [
              -81.6603390001248,
              30.7524660003276
            ],
            [
              -81.6603280002542,
              30.7524389996887
            ],
            [
              -81.6601559998268,
              30.7520070000161
            ],
            [
              -81.660033999628,
              30.7518479999329
            ],
            [
              -81.6599790002748,
              30.7517459997413
            ],
            [
              -81.6599190000003,
              30.7516359999283
            ],
            [
              -81.6599009995586,
              30.7515770002154
            ],
            [
              -81.6598050001975,
              30.7512649999551
            ],
            [
              -81.659789000304,
              30.7509160000844
            ],
            [
              -81.6597750000603,
              30.7507710001776
            ],
            [
              -81.6597359997022,
              30.7503260000058
            ],
            [
              -81.6597349998773,
              30.7502280003336
            ],
            [
              -81.6597290000295,
              30.7497160002197
            ],
            [
              -81.6597740002354,
              30.7494410000589
            ],
            [
              -81.6598960004341,
              30.7491610002532
            ],
            [
              -81.660045000397,
              30.7489759998109
            ],
            [
              -81.6601330002605,
              30.7488690000189
            ],
            [
              -81.6604079997219,
              30.7486079997318
            ],
            [
              -81.6605309997455,
              30.748510999634
            ],
            [
              -81.6608050002802,
              30.7482950001082
            ],
            [
              -81.6612310002526,
              30.7479610001378
            ],
            [
              -81.6616039996231,
              30.7476669997786
            ],
            [
              -81.6616270000877,
              30.7476479999556
            ],
            [
              -81.6616539998519,
              30.747628000341
            ],
            [
              -81.6617030002556,
              30.7475899999039
            ],
            [
              -81.6617729996775,
              30.7475340001669
            ],
            [
              -81.6618899998534,
              30.7474189996812
            ],
            [
              -81.6622689999701,
              30.7470490002415
            ],
            [
              -81.6624599997658,
              30.7468809999892
            ],
            [
              -81.6626320001932,
              30.7467290000598
            ],
            [
              -81.6628489999282,
              30.7465370002126
            ],
            [
              -81.6629939996932,
              30.7464100001596
            ],
            [
              -81.6632459995883,
              30.7461229998668
            ],
            [
              -81.6633540004416,
              30.746000000031
            ],
            [
              -81.6634609996734,
              30.7458770000382
            ],
            [
              -81.6634819995898,
              30.7458530000589
            ],
            [
              -81.6635440004124,
              30.7457280002632
            ],
            [
              -81.6635579997578,
              30.745702999667
            ],
            [
              -81.6636199996821,
              30.7454910000324
            ],
            [
              -81.6636580002152,
              30.7451460001103
            ],
            [
              -81.6636499998193,
              30.7447890003737
            ],
            [
              -81.6635970001159,
              30.7444289998509
            ],
            [
              -81.6632530001593,
              30.7438319998465
            ],
            [
              -81.6630089997618,
              30.743492000085
            ],
            [
              -81.6629319997689,
              30.7434109998626
            ],
            [
              -81.6626580001325,
              30.7431199997887
            ],
            [
              -81.6623230003967,
              30.7428649999325
            ],
            [
              -81.6619030002722,
              30.7426399999983
            ],
            [
              -81.6616820003392,
              30.7425579999912
            ],
            [
              -81.6614370001169,
              30.7424679996394
            ],
            [
              -81.6608350004174,
              30.7423399997834
            ],
            [
              -81.6603619996911,
              30.7424139996968
            ],
            [
              -81.6596789998008,
              30.7426390001588
            ],
            [
              -81.6587449998403,
              30.7429459998419
            ],
            [
              -81.658691000312,
              30.742963999984
            ],
            [
              -81.6579359995533,
              30.7432520002575
            ],
            [
              -81.6566839995755,
              30.7437720001574
            ],
            [
              -81.6565370001608,
              30.7438210002022
            ],
            [
              -81.6561210002342,
              30.7439580003845
            ],
            [
              -81.6551129997555,
              30.7442909997441
            ],
            [
              -81.6550769997705,
              30.7442980000452
            ],
            [
              -81.6549189995868,
              30.7443289999387
            ],
            [
              -81.6548680004314,
              30.744337999881
            ],
            [
              -81.6547599995781,
              30.7443599998222
            ],
            [
              -81.6546320004299,
              30.744384999995
            ],
            [
              -81.654511999881,
              30.744376000057
            ],
            [
              -81.654435999713,
              30.7443700003553
            ],
            [
              -81.6543040003669,
              30.7443599998222
            ],
            [
              -81.6542680003819,
              30.7443509998819
            ],
            [
              -81.6540740002131,
              30.7443060001681
            ],
            [
              -81.6539849996263,
              30.7442859998595
            ],
            [
              -81.6539069998085,
              30.7442559997752
            ],
            [
              -81.6537339995562,
              30.7441880002181
            ],
            [
              -81.6533190003527,
              30.7439799996403
            ],
            [
              -81.6531889997581,
              30.7439150001397
            ],
            [
              -81.6528659997179,
              30.7436919999992
            ],
            [
              -81.652604999602,
              30.7434510000667
            ],
            [
              -81.6523279995926,
              30.7431009998408
            ],
            [
              -81.6523050000264,
              30.7430650003763
            ],
            [
              -81.652067000375,
              30.7426880000078
            ],
            [
              -81.6518280000004,
              30.7422080003812
            ],
            [
              -81.6517269997181,
              30.7419190002279
            ],
            [
              -81.6516449997022,
              30.7415629999639
            ],
            [
              -81.6515919999988,
              30.741336000371
            ],
            [
              -81.6515400001203,
              30.7411090002431
            ],
            [
              -81.6515040001353,
              30.740949999927
            ],
            [
              -81.6515040001353,
              30.7406769999373
            ],
            [
              -81.6516460004255,
              30.7402459998751
            ],
            [
              -81.6516689999917,
              30.7401760000735
            ],
            [
              -81.6517369997638,
              30.7399680000983
            ],
            [
              -81.6517610000533,
              30.7398989999627
            ],
            [
              -81.6518630001605,
              30.7395900000925
            ],
            [
              -81.6521739996068,
              30.7390380000916
            ],
            [
              -81.6521829998276,
              30.7390229996194
            ],
            [
              -81.6524809997535,
              30.7383990001442
            ],
            [
              -81.6525739996398,
              30.7381760003612
            ],
            [
              -81.6529229996193,
              30.7373369997636
            ],
            [
              -81.6531369998795,
              30.7369230000301
            ],
            [
              -81.6533350002463,
              30.7364580003514
            ],
            [
              -81.6533469999419,
              30.7364149998477
            ],
            [
              -81.6536080000577,
              30.7355629997182
            ],
            [
              -81.6536270003243,
              30.7354989998575
            ],
            [
              -81.6537550003709,
              30.735078999668
            ],
            [
              -81.6540139999386,
              30.7338599999548
            ],
            [
              -81.6540669996421,
              30.7334790001195
            ],
            [
              -81.6540900001066,
              30.7330929998569
            ],
            [
              -81.6540449999007,
              30.7321740001029
            ],
            [
              -81.6539660002581,
              30.7317200001554
            ],
            [
              -81.6539379997706,
              30.731556000016
            ],
            [
              -81.6536940002715,
              30.7309060002967
            ],
            [
              -81.6535789997454,
              30.7306749996793
            ],
            [
              -81.6535079996003,
              30.7303930002207
            ],
            [
              -81.6534950000799,
              30.7303430003292
            ],
            [
              -81.6533660002084,
              30.7301060000889
            ],
            [
              -81.653229999766,
              30.7299230000617
            ],
            [
              -81.6531329996816,
              30.7297989996476
            ],
            [
              -81.6528389999537,
              30.7294370003031
            ],
            [
              -81.6527000000365,
              30.7293219998364
            ],
            [
              -81.6526509996328,
              30.7292809999658
            ],
            [
              -81.6524409995705,
              30.7291069997373
            ],
            [
              -81.6522310004065,
              30.7289339999487
            ],
            [
              -81.6521529996904,
              30.7288700003187
            ],
            [
              -81.6513669998679,
              30.7283799999335
            ],
            [
              -81.6512699997835,
              30.7283389996623
            ],
            [
              -81.6501690003168,
              30.7278710002837
            ],
            [
              -81.6501149998901,
              30.7278519996456
            ],
            [
              -81.6496599996055,
              30.7276909998584
            ],
            [
              -81.6495809999627,
              30.7276630000022
            ],
            [
              -81.6490239995708,
              30.7274989999093
            ],
            [
              -81.6485359996742,
              30.7274230001294
            ],
            [
              -81.647482999888,
              30.7273940001976
            ],
            [
              -81.646942000288,
              30.7274270001193
            ],
            [
              -81.6464150000333,
              30.7274989999093
            ],
            [
              -81.6444769997922,
              30.7279209999132
            ],
            [
              -81.6444390001573,
              30.7279299998438
            ],
            [
              -81.6441589997748,
              30.7280199998754
            ],
            [
              -81.6439489997126,
              30.7280870000416
            ],
            [
              -81.6437389996503,
              30.7281540001613
            ],
            [
              -81.6435849996645,
              30.7282029996547
            ],
            [
              -81.6423560001513,
              30.7287749996193
            ],
            [
              -81.6419150001103,
              30.7289220001661
            ],
            [
              -81.6418260004218,
              30.7289720000226
            ],
            [
              -81.6413719999621,
              30.7293090001242
            ],
            [
              -81.6410670003635,
              30.7295879997406
            ],
            [
              -81.6405860001396,
              30.7302540001183
            ],
            [
              -81.6405650002232,
              30.7302879998008
            ],
            [
              -81.640539000284,
              30.730331999917
            ],
            [
              -81.6402799998178,
              30.7307579997241
            ],
            [
              -81.6400689999306,
              30.7311359996294
            ],
            [
              -81.639829999556,
              30.7315289996933
            ],
            [
              -81.6396079997982,
              30.7317739999143
            ],
            [
              -81.6393480004055,
              30.7320879998859
            ],
            [
              -81.6390889999394,
              30.7323999997148
            ],
            [
              -81.63895599987,
              30.732562000074
            ],
            [
              -81.6384699996232,
              30.7329980002314
            ],
            [
              -81.6380579998946,
              30.7333680003585
            ],
            [
              -81.6375420004089,
              30.7337049997597
            ],
            [
              -81.6374219998599,
              30.7337519996559
            ],
            [
              -81.6371230001092,
              30.7338700000336
            ],
            [
              -81.6368710002141,
              30.7339210003418
            ],
            [
              -81.636619000319,
              30.7339379999237
            ],
            [
              -81.6363830003175,
              30.733926999922
            ],
            [
              -81.636219000286,
              30.7338949998398
            ],
            [
              -81.6361310004224,
              30.7338790001808
            ],
            [
              -81.635887000025,
              30.7337969996664
            ],
            [
              -81.6354209998696,
              30.7335360002394
            ],
            [
              -81.6350469997758,
              30.7332760000422
            ],
            [
              -81.6346960001465,
              30.7329689996605
            ],
            [
              -81.6342769998469,
              30.7322959998841
            ],
            [
              -81.6342159997475,
              30.7321610000032
            ],
            [
              -81.6340169995559,
              30.7317200001554
            ],
            [
              -81.6338340001561,
              30.7311230001619
            ],
            [
              -81.6337499995922,
              30.7304820003032
            ],
            [
              -81.6336590002539,
              30.7302889997685
            ],
            [
              -81.6334910000244,
              30.7297709996315
            ],
            [
              -81.6332619996956,
              30.7293490000053
            ],
            [
              -81.6328430002942,
              30.7287619998332
            ],
            [
              -81.6326819997374,
              30.7285960000951
            ],
            [
              -81.6324530003069,
              30.7284429999019
            ],
            [
              -81.6322089999094,
              30.7283460003501
            ],
            [
              -81.6319269998771,
              30.72819299976
            ],
            [
              -81.6318759998235,
              30.7281809998853
            ],
            [
              -81.63160700021,
              30.7281209997164
            ],
            [
              -81.6306919996178,
              30.7280949999662
            ],
            [
              -81.6304320002251,
              30.7280880000323
            ],
            [
              -81.6298749998332,
              30.7282489999285
            ],
            [
              -81.6295309998766,
              30.7283879998337
            ],
            [
              -81.6294220000967,
              30.728459999678
            ],
            [
              -81.6293180003396,
              30.7285290002827
            ],
            [
              -81.6291419997141,
              30.7287249996605
            ],
            [
              -81.6289209997812,
              30.7290709996775
            ],
            [
              -81.6288289997197,
              30.7293070001683
            ],
            [
              -81.6287729996432,
              30.7297319998991
            ],
            [
              -81.6287700001684,
              30.7297599999265
            ],
            [
              -81.6287529995517,
              30.7300149997179
            ],
            [
              -81.6287760000162,
              30.730334999819
            ],
            [
              -81.628898000215,
              30.7308640003661
            ],
            [
              -81.6291350000414,
              30.7321450000563
            ],
            [
              -81.6291960001408,
              30.7328089998688
            ],
            [
              -81.6291960001408,
              30.7334670001307
            ],
            [
              -81.6290890000107,
              30.7340760001894
            ],
            [
              -81.6290720002922,
              30.7341249997605
            ],
            [
              -81.6289819998806,
              30.734395999933
            ],
            [
              -81.6288749997505,
              30.7346360002016
            ],
            [
              -81.6286999998483,
              30.7348610002966
            ],
            [
              -81.6286310002513,
              30.7349739997206
            ],
            [
              -81.6283309997773,
              30.7353940003677
            ],
            [
              -81.6282420000888,
              30.7354999997711
            ],
            [
              -81.6279600000566,
              30.7357600001448
            ],
            [
              -81.6278699996449,
              30.735822999922
            ],
            [
              -81.6276160001,
              30.7360060003278
            ],
            [
              -81.6272810003642,
              30.7361949998251
            ],
            [
              -81.6269599999738,
              30.7363130002998
            ],
            [
              -81.6267580003075,
              30.7363550001721
            ],
            [
              -81.6267159995764,
              30.7363640000872
            ],
            [
              -81.626113999877,
              30.7364399997658
            ],
            [
              -81.6257239998896,
              30.7364900003547
            ],
            [
              -81.6254860002382,
              30.7364990002572
            ],
            [
              -81.6253849999559,
              30.7365029998704
            ],
            [
              -81.6252440003889,
              30.7365090000621
            ],
            [
              -81.625083999657,
              30.7364869998723
            ],
            [
              -81.6249840000979,
              30.7364740003544
            ],
            [
              -81.6248090001957,
              30.7364500003489
            ],
            [
              -81.6247260003551,
              30.7364290000497
            ],
            [
              -81.6243659996066,
              30.7363400000544
            ],
            [
              -81.6240149999773,
              30.7362080001529
            ],
            [
              -81.6238540003189,
              30.7361049997063
            ],
            [
              -81.6237709995799,
              30.7360519999659
            ],
            [
              -81.623484000423,
              30.7357809998178
            ],
            [
              -81.6225579999602,
              30.7349069997091
            ],
            [
              -81.6221989999349,
              30.7344860001038
            ],
            [
              -81.6219479998647,
              30.7341019998704
            ],
            [
              -81.621533999588,
              30.7333960001015
            ],
            [
              -81.6213369999445,
              30.7330589996197
            ],
            [
              -81.6212170002939,
              30.732810999752
            ],
            [
              -81.6211770001109,
              30.7327289998733
            ],
            [
              -81.6211419999508,
              30.7326099996992
            ],
            [
              -81.621096999745,
              30.7324579996459
            ],
            [
              -81.6210520004374,
              30.7323060001251
            ],
            [
              -81.6208230001086,
              30.731620000179
            ],
            [
              -81.6207849995754,
              30.7314429996728
            ],
            [
              -81.6207400002679,
              30.7312340001922
            ],
            [
              -81.62069900026,
              30.7310820002853
            ],
            [
              -81.6206809998184,
              30.7309589997787
            ],
            [
              -81.6206780003436,
              30.7308890001799
            ],
            [
              -81.6206509996811,
              30.7303280000478
            ],
            [
              -81.6206850000163,
              30.7300270001367
            ],
            [
              -81.6207040002829,
              30.7298620002328
            ],
            [
              -81.62073600007,
              30.7297780002154
            ],
            [
              -81.6208540000707,
              30.7294730002262
            ],
            [
              -81.6209720000715,
              30.7291690000234
            ],
            [
              -81.6211269998822,
              30.7288320002046
            ],
            [
              -81.621284000241,
              30.7284930000069
            ],
            [
              -81.6214750000368,
              30.7281889998019
            ],
            [
              -81.6215949996874,
              30.7280670002274
            ],
            [
              -81.6217489996731,
              30.7279109999895
            ],
            [
              -81.6219849996747,
              30.7275800003809
            ],
            [
              -81.6220089999641,
              30.7275469997394
            ],
            [
              -81.6226280002803,
              30.726804999695
            ],
            [
              -81.6227389997101,
              30.7266439997034
            ],
            [
              -81.6231210001998,
              30.726089999654
            ],
            [
              -81.6232679996146,
              30.7258780001087
            ],
            [
              -81.6233689998969,
              30.7257409997028
            ],
            [
              -81.6234340001942,
              30.7255549998321
            ],
            [
              -81.6235270000807,
              30.7252269999164
            ],
            [
              -81.6235580000428,
              30.7249530001485
            ],
            [
              -81.6235420001493,
              30.7246799996276
            ],
            [
              -81.6233589998512,
              30.7240559999469
            ],
            [
              -81.6229780000847,
              30.7234669998989
            ],
            [
              -81.6227260001896,
              30.723206000299
            ],
            [
              -81.6223830000579,
              30.7229899996431
            ],
            [
              -81.621978000002,
              30.7227950002334
            ],
            [
              -81.6215660002734,
              30.7226489996569
            ],
            [
              -81.6211389995778,
              30.7225399998756
            ],
            [
              -81.62095199998,
              30.7225089999224
            ],
            [
              -81.6207119997805,
              30.7224709996174
            ],
            [
              -81.6192849999005,
              30.7223509998566
            ],
            [
              -81.6187340002547,
              30.7224259997246
            ],
            [
              -81.6186530000639,
              30.7224370002666
            ],
            [
              -81.6185169996214,
              30.7224550003788
            ],
            [
              -81.6181380004031,
              30.7225069998254
            ],
            [
              -81.6171259997265,
              30.7226450002409
            ],
            [
              -81.6156150001809,
              30.7227400000315
            ],
            [
              -81.6150660001849,
              30.722691000078
            ],
            [
              -81.6146109999003,
              30.722564000256
            ],
            [
              -81.6145320002575,
              30.7225419999719
            ],
            [
              -81.6141659996613,
              30.7223529999568
            ],
            [
              -81.6138529996669,
              30.7220779996899
            ],
            [
              -81.6137310003665,
              30.721918000353
            ],
            [
              -81.6136109998176,
              30.7216910000468
            ],
            [
              -81.6133339998081,
              30.7211650003142
            ],
            [
              -81.6130440002782,
              30.7204510002144
            ],
            [
              -81.612793000208,
              30.7197389996151
            ],
            [
              -81.6126169995826,
              30.7192420001212
            ],
            [
              -81.6125029997798,
              30.7185760001175
            ],
            [
              -81.6123350004486,
              30.7179430002264
            ],
            [
              -81.6121589998232,
              30.7175620000311
            ],
            [
              -81.6119300003927,
              30.7172009996306
            ],
            [
              -81.6117470000946,
              30.7169760000152
            ],
            [
              -81.6112879996119,
              30.7165640003127
            ],
            [
              -81.6112740002666,
              30.7165509996524
            ],
            [
              -81.6112159996419,
              30.7165189999799
            ],
            [
              -81.6106559997752,
              30.7162170000863
            ],
            [
              -81.6102819996815,
              30.7160630002112
            ],
            [
              -81.6101229996728,
              30.7160129998378
            ],
            [
              -81.6098699999528,
              30.7159329998043
            ],
            [
              -81.6095879999205,
              30.7158809999013
            ],
            [
              -81.6092590000326,
              30.715840999838
            ],
            [
              -81.6090849999553,
              30.7158199996824
            ],
            [
              -81.6086270001959,
              30.7158029999943
            ],
            [
              -81.6084060002629,
              30.7158789996668
            ],
            [
              -81.6080620003064,
              30.7160609999805
            ],
            [
              -81.6076200004404,
              30.7163729999397
            ],
            [
              -81.607151999737,
              30.7168050002961
            ],
            [
              -81.606903000215,
              30.7170350000647
            ],
            [
              -81.6066970003506,
              30.7173100000415
            ],
            [
              -81.606421999991,
              30.7177849996288
            ],
            [
              -81.6062010000581,
              30.7182560003674
            ],
            [
              -81.6060479998972,
              30.7186759997251
            ],
            [
              -81.6060090004375,
              30.7188279998876
            ],
            [
              -81.6059180002009,
              30.7191850000434
            ],
            [
              -81.6058269999643,
              30.7196899996809
            ],
            [
              -81.6057369995526,
              30.7214349997983
            ],
            [
              -81.6057120003366,
              30.7219219997991
            ],
            [
              -81.6057199998341,
              30.7224850003005
            ],
            [
              -81.6057659998649,
              30.7231029998571
            ],
            [
              -81.6058160000936,
              30.7234700000144
            ],
            [
              -81.6059180002009,
              30.7242150003381
            ],
            [
              -81.6059340000944,
              30.7245449998906
            ],
            [
              -81.6060000002167,
              30.7258599998635
            ],
            [
              -81.60601799976,
              30.7262190002566
            ],
            [
              -81.6060239996078,
              30.726663999813
            ],
            [
              -81.606025000331,
              30.7267280001355
            ],
            [
              -81.6059840003231,
              30.7268970000106
            ],
            [
              -81.6059559998357,
              30.72701100028
            ],
            [
              -81.605833999637,
              30.727263999624
            ],
            [
              -81.6052620000747,
              30.727980000215
            ],
            [
              -81.6051940003027,
              30.7280650002458
            ],
            [
              -81.6048889998059,
              30.7283959997333
            ],
            [
              -81.6046369999108,
              30.7286699997532
            ],
            [
              -81.6042929999542,
              30.7289389998577
            ],
            [
              -81.6039039997918,
              30.72915700027
            ],
            [
              -81.6037590000268,
              30.7292380001205
            ],
            [
              -81.6035189998273,
              30.7293249997697
            ],
            [
              -81.6032829998257,
              30.7294120001126
            ],
            [
              -81.6031949999622,
              30.7294460000921
            ],
            [
              -81.6029849998999,
              30.729482999988
            ],
            [
              -81.6028869999906,
              30.7295000003528
            ],
            [
              -81.6027880002564,
              30.7295169999424
            ],
            [
              -81.602615000004,
              30.7295469999832
            ],
            [
              -81.6022919999639,
              30.7295640003367
            ],
            [
              -81.6021480000238,
              30.7295720001387
            ],
            [
              -81.6020040000838,
              30.7295799999399
            ],
            [
              -81.6018819998851,
              30.7295859997906
            ],
            [
              -81.6018040000673,
              30.7295750000642
            ],
            [
              -81.6008769997795,
              30.729444000139
            ],
            [
              -81.6003489996999,
              30.729370000303
            ],
            [
              -81.5996549999389,
              30.7292249996248
            ],
            [
              -81.5990139998814,
              30.7290569999508
            ],
            [
              -81.5983660001512,
              30.7288499998948
            ],
            [
              -81.5982969996559,
              30.7288280002729
            ],
            [
              -81.5978690000337,
              30.7286530000142
            ],
            [
              -81.5975409999707,
              30.7284619996514
            ],
            [
              -81.5972510004407,
              30.7282390000388
            ],
            [
              -81.5970449996781,
              30.7280309997791
            ],
            [
              -81.5967629996458,
              30.727683999895
            ],
            [
              -81.5965340002153,
              30.7274719999943
            ],
            [
              -81.5964520001995,
              30.7272499996349
            ],
            [
              -81.5961829996877,
              30.7265279997587
            ],
            [
              -81.5961230003115,
              30.72608699962
            ],
            [
              -81.5961190001136,
              30.7260540000118
            ],
            [
              -81.5960980001972,
              30.725898000377
            ],
            [
              -81.5960770002808,
              30.7257429997325
            ],
            [
              -81.5960229998541,
              30.7253399998251
            ],
            [
              -81.5960310002501,
              30.7250799999122
            ],
            [
              -81.5960920003494,
              30.7246150002354
            ],
            [
              -81.5962370001144,
              30.7239910001339
            ],
            [
              -81.5963009996885,
              30.7237710003231
            ],
            [
              -81.5963819998794,
              30.7234990003545
            ],
            [
              -81.5965149999487,
              30.7231209998448
            ],
            [
              -81.5965910001167,
              30.722905999815
            ],
            [
              -81.5970070000433,
              30.7217240003762
            ],
            [
              -81.5972899999005,
              30.7209969997215
            ],
            [
              -81.5973679997183,
              30.7202689996915
            ],
            [
              -81.5973729997412,
              30.7202259996876
            ],
            [
              -81.597342999604,
              30.7200069998547
            ],
            [
              -81.5972360003722,
              30.7195929998166
            ],
            [
              -81.5971059997775,
              30.7193260000524
            ],
            [
              -81.5969390002713,
              30.7190780003755
            ],
            [
              -81.596837000164,
              30.7190130002956
            ],
            [
              -81.5965750002232,
              30.7188439997282
            ],
            [
              -81.5964050003439,
              30.7187639997265
            ],
            [
              -81.596176000015,
              30.7186659996146
            ],
            [
              -81.5957940004236,
              30.7185729998497
            ],
            [
              -81.5956780000726,
              30.7185569999641
            ],
            [
              -81.5953390001389,
              30.7185119997891
            ],
            [
              -81.5950000002052,
              30.7184660002749
            ],
            [
              -81.5945809999056,
              30.7184089997385
            ],
            [
              -81.5942860003528,
              30.7184380000563
            ],
            [
              -81.5941220003212,
              30.718452999871
            ],
            [
              -81.5939580002897,
              30.7184679996834
            ],
            [
              -81.5938410001138,
              30.7184810000853
            ],
            [
              -81.5936310000516,
              30.7185260002748
            ],
            [
              -81.5934369998828,
              30.718567000086
            ],
            [
              -81.59307000036,
              30.7186970000311
            ],
            [
              -81.592657999733,
              30.7189079998362
            ],
            [
              -81.5923709996778,
              30.7191050003247
            ],
            [
              -81.5923380000659,
              30.719127999932
            ],
            [
              -81.5921630001637,
              30.7193049998834
            ],
            [
              -81.5920100000028,
              30.719512999664
            ],
            [
              -81.5915749998096,
              30.7199690001081
            ],
            [
              -81.5910790004154,
              30.7206939998847
            ],
            [
              -81.5906490002451,
              30.72124599993
            ],
            [
              -81.5904779996425,
              30.7214660000969
            ],
            [
              -81.5903069999383,
              30.7216849997049
            ],
            [
              -81.5898280002625,
              30.7223000003763
            ],
            [
              -81.589291999787,
              30.7228389999089
            ],
            [
              -81.5891949997027,
              30.7229369996406
            ],
            [
              -81.588850999746,
              30.7231860002443
            ],
            [
              -81.5885079996144,
              30.7233750001708
            ],
            [
              -81.5883269998644,
              30.7234459998596
            ],
            [
              -81.5881269998479,
              30.7235239997618
            ],
            [
              -81.5876840001571,
              30.7236350000487
            ],
            [
              -81.5872339998953,
              30.7237030002098
            ],
            [
              -81.5867689995649,
              30.7237339997791
            ],
            [
              -81.5852429999507,
              30.7236860003672
            ],
            [
              -81.5844780000446,
              30.7235810003633
            ],
            [
              -81.5836479998412,
              30.7234669998989
            ],
            [
              -81.5836329997726,
              30.7234639997832
            ],
            [
              -81.5833549999383,
              30.7234009996495
            ],
            [
              -81.5830760002791,
              30.7233380002471
            ],
            [
              -81.5820229995945,
              30.7231009997725
            ],
            [
              -81.5815580001625,
              30.7230149999547
            ],
            [
              -81.5809580001128,
              30.722905999815
            ],
            [
              -81.5807410003779,
              30.7228660003492
            ],
            [
              -81.5796500000586,
              30.7227519998115
            ],
            [
              -81.577690999901,
              30.7227630003163
            ],
            [
              -81.5769140002994,
              30.7227679997731
            ],
            [
              -81.5761369997994,
              30.7227719999563
            ],
            [
              -81.5758809997064,
              30.722773000002
            ],
            [
              -81.5753769999162,
              30.7227169997413
            ],
            [
              -81.5752329999762,
              30.7227019998176
            ],
            [
              -81.5742179998249,
              30.7225039996799
            ],
            [
              -81.5734210001318,
              30.7222729997775
            ],
            [
              -81.573379000299,
              30.722260999938
            ],
            [
              -81.573159000191,
              30.7221790003509
            ],
            [
              -81.5724450003385,
              30.7219150001892
            ],
            [
              -81.5723950001098,
              30.7218969999763
            ],
            [
              -81.5716610001659,
              30.7215320001263
            ],
            [
              -81.5716009998914,
              30.7215019999079
            ],
            [
              -81.5715060003552,
              30.7214390000368
            ],
            [
              -81.5709449997653,
              30.7210709998072
            ],
            [
              -81.5704419998001,
              30.7206709998785
            ],
            [
              -81.5702450001566,
              30.720488999771
            ],
            [
              -81.5698009997426,
              30.7200789997805
            ],
            [
              -81.5694650001819,
              30.7198070002075
            ],
            [
              -81.5690819998673,
              30.7194259996544
            ],
            [
              -81.5690070004225,
              30.7193509997696
            ],
            [
              -81.5687399995605,
              30.7191539997838
            ],
            [
              -81.5684120003957,
              30.7189789997254
            ],
            [
              -81.5682490001892,
              30.7189130002652
            ],
            [
              -81.5681870002648,
              30.7188879996623
            ],
            [
              -81.568038000302,
              30.7188279998876
            ],
            [
              -81.5678680004226,
              30.7187850000133
            ],
            [
              -81.5676259996749,
              30.7187250001746
            ],
            [
              -81.5673360001451,
              30.7186849997465
            ],
            [
              -81.5668709998146,
              30.7186519999214
            ],
            [
              -81.5665369999038,
              30.7186290002004
            ],
            [
              -81.5659629997934,
              30.7185879996434
            ],
            [
              -81.565281999553,
              30.7184199999666
            ],
            [
              -81.5651910002147,
              30.7183990003726
            ],
            [
              -81.5650780002368,
              30.7183739996364
            ],
            [
              -81.5647500001737,
              30.7182640003355
            ],
            [
              -81.5644070000421,
              30.7181169997542
            ],
            [
              -81.5641020004435,
              30.7179490000291
            ],
            [
              -81.5637960001218,
              30.7177489999746
            ],
            [
              -81.5635070004168,
              30.7175100002343
            ],
            [
              -81.5634019999365,
              30.7173839998677
            ],
            [
              -81.5632849997606,
              30.7172430001082
            ],
            [
              -81.5631709999578,
              30.7170049999916
            ],
            [
              -81.5631559998892,
              30.7169159998232
            ],
            [
              -81.563124999927,
              30.716732000134
            ],
            [
              -81.563124999927,
              30.7164990000827
            ],
            [
              -81.5631829996534,
              30.7161100002142
            ],
            [
              -81.5631940004224,
              30.7160339999514
            ],
            [
              -81.5632529999736,
              30.7159129997855
            ],
            [
              -81.5633219995705,
              30.7156860000155
            ],
            [
              -81.5633290001416,
              30.7156659999456
            ],
            [
              -81.5634680000587,
              30.7152839998979
            ],
            [
              -81.5636210002196,
              30.714546000219
            ],
            [
              -81.5636360002882,
              30.7142579998859
            ],
            [
              -81.5636210002196,
              30.7139949997986
            ],
            [
              -81.5635600001202,
              30.7137279999806
            ],
            [
              -81.563461000386,
              30.7134230001866
            ],
            [
              -81.5632930001565,
              30.7130409997498
            ],
            [
              -81.5631009996376,
              30.7127310001232
            ],
            [
              -81.5629109996668,
              30.7124920003037
            ],
            [
              -81.5626980001297,
              30.7122860003622
            ],
            [
              -81.5624229997702,
              30.7120760001265
            ],
            [
              -81.5620949997071,
              30.7118910003123
            ],
            [
              -81.5619170003302,
              30.7118199998385
            ],
            [
              -81.56177500004,
              30.7117630000078
            ],
            [
              -81.5614240004107,
              30.7116720000862
            ],
            [
              -81.560708999835,
              30.7116889997301
            ],
            [
              -81.5604410000464,
              30.7116960000823
            ],
            [
              -81.560240000205,
              30.711701000113
            ],
            [
              -81.5600200000969,
              30.7117060001433
            ],
            [
              -81.5599780002641,
              30.7117210002328
            ],
            [
              -81.5598180004306,
              30.7117780000884
            ],
            [
              -81.5596579996987,
              30.7118339997512
            ],
            [
              -81.5583110001847,
              30.7123090000514
            ],
            [
              -81.5581339997344,
              30.7124260002654
            ],
            [
              -81.5574509998441,
              30.7128829996161
            ],
            [
              -81.5567999997408,
              30.7133160003036
            ],
            [
              -81.5561489996375,
              30.7137499999589
            ],
            [
              -81.5561069998047,
              30.7137779999941
            ],
            [
              -81.5560659997969,
              30.7138180001406
            ],
            [
              -81.5560270003371,
              30.7138570001325
            ],
            [
              -81.5559229996818,
              30.713959000274
            ],
            [
              -81.5558010003814,
              30.7140789996666
            ],
            [
              -81.5556389999996,
              30.7142519998537
            ],
            [
              -81.5555729998774,
              30.7143230000818
            ],
            [
              -81.5554029999981,
              30.7145150000125
            ],
            [
              -81.5551600003238,
              30.7147730003554
            ],
            [
              -81.5551200001408,
              30.7148169998301
            ],
            [
              -81.5549460000636,
              30.7150039996904
            ],
            [
              -81.5545140002434,
              30.7155099997207
            ],
            [
              -81.5544959998018,
              30.7155320000647
            ],
            [
              -81.5544589999918,
              30.7155720002562
            ],
            [
              -81.5542229999903,
              30.715836000022
            ],
            [
              -81.5541450001725,
              30.7159230001816
            ],
            [
              -81.5534430000156,
              30.7165449997629
            ],
            [
              -81.5533250000148,
              30.7166350003833
            ],
            [
              -81.5531380004171,
              30.7167799999188
            ],
            [
              -81.5526420001245,
              30.717111999643
            ],
            [
              -81.5521309997634,
              30.717386000071
            ],
            [
              -81.5512079996736,
              30.7178519999578
            ],
            [
              -81.5507880004473,
              30.7180189997571
            ],
            [
              -81.5503990002849,
              30.7181300002034
            ],
            [
              -81.5500999996358,
              30.7181860000393
            ],
            [
              -81.5499950000538,
              30.7182060003588
            ],
            [
              -81.5493010002929,
              30.7182919998324
            ],
            [
              -81.5489049995595,
              30.7183030000739
            ],
            [
              -81.5488379996123,
              30.718304000166
            ],
            [
              -81.5487720003884,
              30.7183050002581
            ],
            [
              -81.5487589999696,
              30.7183069996699
            ],
            [
              -81.5483999999444,
              30.7182800002697
            ],
            [
              -81.5483770003782,
              30.7182790001773
            ],
            [
              -81.5480040001092,
              30.7182140003311
            ],
            [
              -81.5476219996195,
              30.7181050001698
            ],
            [
              -81.5472709999903,
              30.7179529996398
            ],
            [
              -81.5469889999579,
              30.7177959999281
            ],
            [
              -81.5469789999122,
              30.7177879999212
            ],
            [
              -81.5468259997513,
              30.7176570001963
            ],
            [
              -81.5467110001236,
              30.7175579996318
            ],
            [
              -81.5465959995975,
              30.7174589997379
            ],
            [
              -81.5464580004036,
              30.7173410001217
            ],
            [
              -81.5463200003113,
              30.7172230003612
            ],
            [
              -81.5460960000053,
              30.7170300003106
            ],
            [
              -81.5460199998374,
              30.7169420002713
            ],
            [
              -81.5459739998066,
              30.7168540001517
            ],
            [
              -81.545958999738,
              30.7167359997952
            ],
            [
              -81.5456459997435,
              30.7161139999012
            ],
            [
              -81.545341000145,
              30.7154010003644
            ],
            [
              -81.5451789997633,
              30.7149819999982
            ],
            [
              -81.5446919996916,
              30.7137199996363
            ],
            [
              -81.5441810002287,
              30.7128259996412
            ],
            [
              -81.5437689996018,
              30.7122060003264
            ],
            [
              -81.5434489999346,
              30.7117819999551
            ],
            [
              -81.5428310003417,
              30.7111340000854
            ],
            [
              -81.54248800021,
              30.7108389999626
            ],
            [
              -81.5415950002574,
              30.7100620002875
            ],
            [
              -81.5406560002741,
              30.7094590002341
            ],
            [
              -81.5398860003451,
              30.7090779997326
            ],
            [
              -81.5393449998468,
              30.7088829999943
            ],
            [
              -81.5392410000897,
              30.7088459999164
            ],
            [
              -81.5391230000889,
              30.7088030002255
            ],
            [
              -81.5386579997585,
              30.7086909996651
            ],
            [
              -81.5383909997948,
              30.7086559998977
            ],
            [
              -81.538169000037,
              30.7086730000732
            ],
            [
              -81.537656000026,
              30.7086530000936
            ],
            [
              -81.5375969995764,
              30.7086509997092
            ],
            [
              -81.5371089996798,
              30.7086980002349
            ],
            [
              -81.5370629996491,
              30.7087079998344
            ],
            [
              -81.5365670002548,
              30.708820000375
            ],
            [
              -81.5364850002391,
              30.7088510000948
            ],
            [
              -81.536040999825,
              30.709016999845
            ],
            [
              -81.5358390001587,
              30.7091180002836
            ],
            [
              -81.5357810004324,
              30.7091479997206
            ],
            [
              -81.535684000348,
              30.7092130002709
            ],
            [
              -81.5355300003622,
              30.7093160001027
            ],
            [
              -81.5353310001706,
              30.70949399971
            ],
            [
              -81.5351479998724,
              30.7097019997984
            ],
            [
              -81.5344819997006,
              30.7106870003376
            ],
            [
              -81.5341789997519,
              30.711135999646
            ],
            [
              -81.5341040003071,
              30.7112759996737
            ],
            [
              -81.5340110004207,
              30.7114469999284
            ],
            [
              -81.5338890002219,
              30.7117730000618
            ],
            [
              -81.533813000054,
              30.7120549999233
            ],
            [
              -81.533813000054,
              30.7120989998657
            ],
            [
              -81.533813000054,
              30.7131750000024
            ],
            [
              -81.5338740001534,
              30.7140519998549
            ],
            [
              -81.5339629998418,
              30.7147269998298
            ],
            [
              -81.5340800000177,
              30.7155989996423
            ],
            [
              -81.5341179996525,
              30.7158869998322
            ],
            [
              -81.5342549999199,
              30.7167310000257
            ],
            [
              -81.5342979995776,
              30.7169940003744
            ],
            [
              -81.534326000065,
              30.7172060001481
            ],
            [
              -81.5343410001336,
              30.7173120002463
            ],
            [
              -81.5343839997913,
              30.7175630001308
            ],
            [
              -81.5344769996777,
              30.7180919997171
            ],
            [
              -81.5345679999143,
              30.7189500003426
            ],
            [
              -81.5345529998457,
              30.7195280000838
            ],
            [
              -81.5344940002945,
              30.7200589998494
            ],
            [
              -81.5344919997463,
              30.7200740001842
            ],
            [
              -81.5344730003781,
              30.7201659999732
            ],
            [
              -81.5343930000121,
              30.7205510001941
            ],
            [
              -81.5342480002472,
              30.7209700003024
            ],
            [
              -81.5341939998205,
              30.7212959999066
            ],
            [
              -81.5341560001856,
              30.7217900002291
            ],
            [
              -81.5341100001549,
              30.7220170003022
            ],
            [
              -81.534064999949,
              30.7222480000457
            ],
            [
              -81.5339119997882,
              30.7226539998917
            ],
            [
              -81.5336909998553,
              30.7230639997435
            ],
            [
              -81.5333660001653,
              30.7234330001272
            ],
            [
              -81.5332659997078,
              30.7235200003822
            ],
            [
              -81.5332389999436,
              30.7235429997087
            ],
            [
              -81.5331669999736,
              30.7236069997866
            ],
            [
              -81.5331419998593,
              30.7236289998276
            ],
            [
              -81.5328220001921,
              30.7238259999368
            ],
            [
              -81.5327729997883,
              30.7238570002388
            ],
            [
              -81.5326770004272,
              30.7239119998033
            ],
            [
              -81.5323920000218,
              30.7240450003618
            ],
            [
              -81.5322949999374,
              30.7240910003031
            ],
            [
              -81.5320349996464,
              30.7241529999545
            ],
            [
              -81.5318890000565,
              30.7241719997773
            ],
            [
              -81.5318480000487,
              30.7241769999333
            ],
            [
              -81.5314859996504,
              30.7242259999037
            ],
            [
              -81.5314699997569,
              30.7242249998731
            ],
            [
              -81.5311559999376,
              30.7242189996889
            ],
            [
              -81.5306470001245,
              30.7242070000915
            ],
            [
              -81.5301280002658,
              30.7241420003804
            ],
            [
              -81.5281149996815,
              30.7237870001157
            ],
            [
              -81.5273360004301,
              30.7236499998271
            ],
            [
              -81.5262450001108,
              30.7233920000684
            ],
            [
              -81.5251539997915,
              30.723084999866
            ],
            [
              -81.5247420000628,
              30.7230400002599
            ],
            [
              -81.524408000152,
              30.7230210002139
            ],
            [
              -81.524039999906,
              30.7230010001208
            ],
            [
              -81.5226740001254,
              30.7228810002473
            ],
            [
              -81.521258999941,
              30.7228169996875
            ],
            [
              -81.5209879997793,
              30.7228049999156
            ],
            [
              -81.5189840003142,
              30.7227679997731
            ],
            [
              -81.5183590001503,
              30.7227570000411
            ],
            [
              -81.5181499999129,
              30.7227519998115
            ],
            [
              -81.5179409996756,
              30.7227470003539
            ],
            [
              -81.5173699999382,
              30.7227359998472
            ],
            [
              -81.5167990002009,
              30.7227260001577
            ],
            [
              -81.5164870000314,
              30.7226920001246
            ],
            [
              -81.5159139997459,
              30.7226410000526
            ],
            [
              -81.51547199988,
              30.7226009997045
            ],
            [
              -81.5153179998943,
              30.7225920000487
            ],
            [
              -81.5144879996909,
              30.7225460001643
            ],
            [
              -81.5136559998377,
              30.7225280000693
            ],
            [
              -81.5135260001414,
              30.7225290001175
            ],
            [
              -81.5129289995665,
              30.7225340003587
            ],
            [
              -81.5127789997786,
              30.7225349996348
            ],
            [
              -81.5126289999908,
              30.7225359996829
            ],
            [
              -81.5125059999672,
              30.7225359996829
            ],
            [
              -81.5123820001186,
              30.7225379997793
            ],
            [
              -81.5112370002709,
              30.7225729999144
            ],
            [
              -81.5108149995982,
              30.7225859997629
            ],
            [
              -81.5100930002482,
              30.7226069999895
            ],
            [
              -81.5098870003839,
              30.7226140003215
            ],
            [
              -81.5079490001427,
              30.7228240000042
            ],
            [
              -81.5079380002721,
              30.7228250000495
            ],
            [
              -81.507458999698,
              30.7229010003654
            ],
            [
              -81.5073420004204,
              30.7229199996628
            ],
            [
              -81.5072250002445,
              30.7229379996846
            ],
            [
              -81.5068949996333,
              30.7229899996431
            ],
            [
              -81.5059079999694,
              30.7231450000805
            ],
            [
              -81.5055790000815,
              30.7231979999687
            ],
            [
              -81.505446999837,
              30.7232190000621
            ],
            [
              -81.5044469997543,
              30.7234950002016
            ],
            [
              -81.5041990000572,
              30.7235709999893
            ],
            [
              -81.5028759999342,
              30.7239799997692
            ],
            [
              -81.5016780003832,
              30.7242789999699
            ],
            [
              -81.5001629997413,
              30.7244700001265
            ],
            [
              -81.5000199996262,
              30.7244869998312
            ],
            [
              -81.4999769999685,
              30.7244929999987
            ],
            [
              -81.4995259998818,
              30.724624999729
            ],
            [
              -81.4986139996626,
              30.7247179998341
            ],
            [
              -81.4979009996351,
              30.7247910001279
            ],
            [
              -81.4972599995776,
              30.7248019996279
            ],
            [
              -81.496626999916,
              30.7248570001978
            ],
            [
              -81.496298000028,
              30.724911999964
            ],
            [
              -81.4958670000328,
              30.7249860001337
            ],
            [
              -81.494170999641,
              30.725273000066
            ],
            [
              -81.4908819996879,
              30.7259310000387
            ],
            [
              -81.489898000397,
              30.7261560003789
            ],
            [
              -81.4894780002725,
              30.726233999633
            ],
            [
              -81.4894470003103,
              30.7262369996625
            ],
            [
              -81.4889900003758,
              30.7262880001488
            ],
            [
              -81.4884639999461,
              30.7263090003412
            ],
            [
              -81.487991000118,
              30.7262880001488
            ],
            [
              -81.4875629995975,
              30.7262310003757
            ],
            [
              -81.4871430003713,
              30.7261220000111
            ],
            [
              -81.4865869998043,
              30.7259789998773
            ],
            [
              -81.4861619996568,
              30.7258290002056
            ],
            [
              -81.4860679999455,
              30.7257959997369
            ],
            [
              -81.485426999888,
              30.7254920002927
            ],
            [
              -81.4848250001886,
              30.725112999854
            ],
            [
              -81.484549999829,
              30.7248649996181
            ],
            [
              -81.4839549998022,
              30.724182000089
            ],
            [
              -81.4837589999836,
              30.7239859999684
            ],
            [
              -81.4833139997447,
              30.7235409996331
            ],
            [
              -81.4830810001162,
              30.7232230002264
            ],
            [
              -81.482978000184,
              30.7230819997385
            ],
            [
              -81.4822309998213,
              30.7222099996378
            ],
            [
              -81.4815899997638,
              30.72131200011
            ],
            [
              -81.4803190004178,
              30.7197609997666
            ],
            [
              -81.4796289999565,
              30.7189179999217
            ],
            [
              -81.4772179998873,
              30.7162949996585
            ],
            [
              -81.4758899997415,
              30.715016999787
            ],
            [
              -81.4754860004088,
              30.714684999801
            ],
            [
              -81.475036000147,
              30.7143990001483
            ],
            [
              -81.4745780003876,
              30.7141439999831
            ],
            [
              -81.4741130000572,
              30.7139130001328
            ],
            [
              -81.4735859998025,
              30.713686000289
            ],
            [
              -81.4724190002135,
              30.7132739996604
            ],
            [
              -81.4718090001182,
              30.7130220000504
            ],
            [
              -81.47009199981,
              30.7124770003341
            ],
            [
              -81.4699589997406,
              30.7124410002431
            ],
            [
              -81.469686999754,
              30.7123500001888
            ],
            [
              -81.4686199997242,
              30.7119959999165
            ],
            [
              -81.4653979997182,
              30.7112579997918
            ],
            [
              -81.4651199998839,
              30.7112029999604
            ],
            [
              -81.4646660003224,
              30.7111129996772
            ],
            [
              -81.4642889998555,
              30.711038000278
            ],
            [
              -81.464012999671,
              30.7109830003211
            ],
            [
              -81.4624000000182,
              30.7107640003504
            ],
            [
              -81.4607880001903,
              30.7105439997097
            ],
            [
              -81.4599760004286,
              30.7104339999736
            ],
            [
              -81.4548420001208,
              30.7098729997542
            ],
            [
              -81.4525220002882,
              30.7096219999364
            ],
            [
              -81.4512409999981,
              30.7094840001921
            ],
            [
              -81.4504889996126,
              30.7094439997928
            ],
            [
              -81.4487150003012,
              30.7093519998155
            ],
            [
              -81.4469910003204,
              30.7094189998244
            ],
            [
              -81.4448229999255,
              30.7096379997596
            ],
            [
              -81.4446110002133,
              30.7096599998984
            ],
            [
              -81.4419020002184,
              30.7099650000069
            ],
            [
              -81.440482999836,
              30.7099819999517
            ],
            [
              -81.440414000239,
              30.7099700001273
            ],
            [
              -81.4392169996145,
              30.7097690003366
            ],
            [
              -81.4391449996446,
              30.709756000305
            ],
            [
              -81.4381639998284,
              30.709590999692
            ],
            [
              -81.4364320003499,
              30.7091580000458
            ],
            [
              -81.4340899998777,
              30.7088619998684
            ],
            [
              -81.4315409997163,
              30.7087399997814
            ],
            [
              -81.4299620003987,
              30.7088219999835
            ],
            [
              -81.4244079999663,
              30.7090320003526
            ],
            [
              -81.4098090003803,
              30.7095829997768
            ],
            [
              -81.403701999754,
              30.7098139999573
            ],
            [
              -81.404174999582,
              30.7124389999372
            ],
            [
              -81.3993409997481,
              30.7124339999448
            ],
            [
              -81.3947239996492,
              30.7124289999522
            ],
            [
              -81.3808759997256,
              30.7124139999727
            ],
            [
              -81.3763430001907,
              30.7124100001323
            ],
            [
              -81.37626000035,
              30.712408999979
            ],
            [
              -81.3759719995716,
              30.7124069996726
            ],
            [
              -81.375631999813,
              30.7124060002917
            ],
            [
              -81.3751079999313,
              30.7124019996786
            ],
            [
              -81.3750030003493,
              30.7124019996786
            ],
            [
              -81.3749120001128,
              30.7124019996786
            ],
            [
              -81.3748209998761,
              30.7124010002976
            ],
            [
              -81.3746400001262,
              30.7123989999909
            ],
            [
              -81.374096999978,
              30.7123960003033
            ],
            [
              -81.3739170000529,
              30.7123950001499
            ],
            [
              -81.37369600012,
              30.7123950001499
            ],
            [
              -81.373034999971,
              30.7123960003033
            ],
            [
              -81.372814999863,
              30.7123969996843
            ],
            [
              -81.3724349999214,
              30.7123969996843
            ],
            [
              -81.3718490001154,
              30.7123989999909
            ],
            [
              -81.3712979995713,
              30.7123989999909
            ],
            [
              -81.3709190003529,
              30.7124000001443
            ],
            [
              -81.3661380002225,
              30.7124079998258
            ],
            [
              -81.3517949998313,
              30.7124350000978
            ],
            [
              -81.3470150004241,
              30.7124439999293
            ],
            [
              -81.3469719998681,
              30.7121700001341
            ],
            [
              -81.3467950003161,
              30.7110849996405
            ],
            [
              -81.3463579995747,
              30.7062789997086
            ],
            [
              -81.3463890004352,
              30.7014379997212
            ],
            [
              -81.3467640003539,
              30.6992939998167
            ],
            [
              -81.3472010001969,
              30.6967980003655
            ],
            [
              -81.3492590000887,
              30.6905770003782
            ],
            [
              -81.3515529999819,
              30.6856659999396
            ],
            [
              -81.3549390000195,
              30.6801490000107
            ],
            [
              -81.3581690004214,
              30.6759759997291
            ],
            [
              -81.3628419996984,
              30.6713309998192
            ],
            [
              -81.3678350004392,
              30.6666969998093
            ],
            [
              -81.368138000388,
              30.6664160001798
            ],
            [
              -81.3733980001941,
              30.6627790000424
            ],
            [
              -81.3748100000055,
              30.6565249998471
            ],
            [
              -81.3748100000055,
              30.6545580000321
            ],
            [
              -81.3749990001514,
              30.6537070003151
            ],
            [
              -81.3756789996687,
              30.6506509998956
            ],
            [
              -81.3779330002773,
              30.6405259998503
            ],
            [
              -81.3795700002195,
              30.6331710000227
            ],
            [
              -81.3808670004032,
              30.627345000163
            ],
            [
              -81.3811469998873,
              30.6252379996514
            ],
            [
              -81.3811689996286,
              30.6250019998314
            ],
            [
              -81.3812509996444,
              30.6241110003772
            ],
            [
              -81.3820149997255,
              30.6159129998515
            ],
            [
              -81.3820580002815,
              30.6143779998909
            ],
            [
              -81.3821519999929,
              30.6111230001138
            ],
            [
              -81.3821980000236,
              30.6095170000865
            ],
            [
              -81.382335000291,
              30.604699000258
            ],
            [
              -81.3823820001467,
              30.6030940001456
            ],
            [
              -81.3824490000938,
              30.6007409998365
            ],
            [
              -81.3824380002231,
              30.6003199997852
            ],
            [
              -81.3824340000252,
              30.6001799998
            ],
            [
              -81.3824309996522,
              30.6000389998423
            ],
            [
              -81.3823729999258,
              30.5977789997273
            ],
            [
              -81.3820149997255,
              30.5835789998471
            ],
            [
              -81.3818659997627,
              30.5818399997855
            ],
            [
              -81.3814149996759,
              30.5765430001942
            ],
            [
              -81.3806609996405,
              30.5677119998389
            ],
            [
              -81.3802780002242,
              30.5632249999649
            ],
            [
              -81.3776739998112,
              30.5444599996734
            ],
            [
              -81.3769740002024,
              30.5413979999366
            ],
            [
              -81.3750019996261,
              30.5327580003632
            ],
            [
              -81.3716149997638,
              30.5265489999117
            ],
            [
              -81.3696499997585,
              30.5229449999304
            ],
            [
              -81.3680470001514,
              30.5187780001753
            ],
            [
              -81.366443999646,
              30.514779999667
            ],
            [
              -81.364255000233,
              30.51014399996
            ],
            [
              -81.362388000137,
              30.5075299999418
            ],
            [
              -81.3622640002884,
              30.5073570000116
            ],
            [
              -81.3616390001244,
              30.5063830000251
            ],
            [
              -81.359999999634,
              30.5043020002679
            ],
            [
              -81.3591800003747,
              30.5026220001355
            ],
            [
              -81.3587929998621,
              30.5015039999442
            ],
            [
              -81.358036000352,
              30.5002389996709
            ],
            [
              -81.3548829999429,
              30.4927539999814
            ],
            [
              -81.3524450001097,
              30.4821189999886
            ],
            [
              -81.3517940000064,
              30.4734070001962
            ],
            [
              -81.3534400001695,
              30.462666999837
            ],
            [
              -81.3538700003398,
              30.4603030002964
            ],
            [
              -81.3539170001955,
              30.4533460000674
            ],
            [
              -81.3543480001907,
              30.4497319999743
            ],
            [
              -81.3535740000638,
              30.4466600000643
            ],
            [
              -81.3499600004206,
              30.4450090003611
            ],
            [
              -81.3386569995622,
              30.4382309996811
            ],
            [
              -81.3322900004415,
              30.4330359997332
            ],
            [
              -81.324877000309,
              30.4247350000423
            ],
            [
              -81.3197990000776,
              30.4164650000534
            ],
            [
              -81.3168969997388,
              30.4077209998687
            ],
            [
              -81.3167119997909,
              30.4016759999285
            ],
            [
              -81.317259999962,
              30.3961120002033
            ],
            [
              -81.3748069996325,
              30.396105000298
            ],
            [
              -81.3887049997848,
              30.3969500000772
            ],
            [
              -81.3905309998729,
              30.3973200001503
            ],
            [
              -81.3944240000736,
              30.3981089998613
            ],
            [
              -81.3953610004071,
              30.3983099999032
            ],
            [
              -81.3998499995612,
              30.3992759998033
            ],
            [
              -81.3999590002394,
              30.3992999996935
            ],
            [
              -81.4091730003457,
              30.4023019997045
            ],
            [
              -81.4235550001967,
              30.4030009996492
            ],
            [
              -81.4271560003194,
              30.3991569997757
            ],
            [
              -81.4378159996738,
              30.3878089998063
            ],
            [
              -81.4390090001004,
              30.3865400002129
            ],
            [
              -81.4503089996875,
              30.3809400000869
            ],
            [
              -81.4593100002567,
              30.3839400000715
            ],
            [
              -81.4638489996395,
              30.3871360002242
            ],
            [
              -81.4708099998604,
              30.3920390002958
            ],
            [
              -81.4898640000618,
              30.3921330000173
            ],
            [
              -81.4909110000002,
              30.392138999848
            ],
            [
              -81.5017179996678,
              30.391080999971
            ],
            [
              -81.5052109998354,
              30.3907389999009
            ],
            [
              -81.5073149997579,
              30.391308000018
            ],
            [
              -81.510022999928,
              30.3920390002958
            ],
            [
              -81.5126120002724,
              30.3927389996612
            ],
            [
              -81.5218189998076,
              30.3912039996898
            ],
            [
              -81.5366130002856,
              30.3887390002654
            ],
            [
              -81.5382130004179,
              30.387238999824
            ],
            [
              -81.538348999962,
              30.3857179999796
            ],
            [
              -81.5393490000447,
              30.3857159999046
            ],
            [
              -81.5421059997202,
              30.3856479996553
            ],
            [
              -81.5452959999392,
              30.3855139998689
            ],
            [
              -81.5483849998758,
              30.3853770001632
            ],
            [
              -81.5517270004306,
              30.385249000259
            ],
            [
              -81.5555999996415,
              30.3853500002156
            ],
            [
              -81.5559279997046,
              30.3853959997776
            ],
            [
              -81.5568480003197,
              30.3850530002987
            ],
            [
              -81.5564990003403,
              30.3842519998974
            ],
            [
              -81.5562309996533,
              30.3836130003024
            ],
            [
              -81.5555800004484,
              30.3820790000055
            ],
            [
              -81.5544790000834,
              30.379358000195
            ],
            [
              -81.5536060002222,
              30.3773370002373
            ],
            [
              -81.5526279998808,
              30.3747300002715
            ],
            [
              -81.5526110001624,
              30.3746899996915
            ],
            [
              -81.5523459998485,
              30.3739980001646
            ],
            [
              -81.5520939999534,
              30.3732359997002
            ],
            [
              -81.5519590002342,
              30.3726680003155
            ],
            [
              -81.5518289996396,
              30.372085000015
            ],
            [
              -81.5517180002098,
              30.3714989999516
            ],
            [
              -81.5516500004378,
              30.3710589998306
            ],
            [
              -81.5515790002926,
              30.3704249998202
            ],
            [
              -81.5515390001096,
              30.3692819996896
            ],
            [
              -81.5515580003762,
              30.3686119998894
            ],
            [
              -81.5515759999196,
              30.3683070000909
            ],
            [
              -81.5516100002548,
              30.3679150000352
            ],
            [
              -81.5516500004378,
              30.3675740001124
            ],
            [
              -81.5517409997761,
              30.3669369996807
            ],
            [
              -81.5517900001799,
              30.3666770000835
            ],
            [
              -81.5517960000276,
              30.3666439997751
            ],
            [
              -81.5518839998912,
              30.3662150001789
            ],
            [
              -81.5520160001356,
              30.3657149997488
            ],
            [
              -81.5521049998241,
              30.3654179998517
            ],
            [
              -81.5529199999589,
              30.3627029998917
            ],
            [
              -81.5531869999226,
              30.3618909996678
            ],
            [
              -81.5533869999391,
              30.3620719996372
            ],
            [
              -81.55346800013,
              30.362145000241
            ],
            [
              -81.5544599998168,
              30.3630390003377
            ],
            [
              -81.5567040003796,
              30.3649910000268
            ],
            [
              -81.5579660004031,
              30.3660729997462
            ],
            [
              -81.5581749997422,
              30.3662670000892
            ],
            [
              -81.5583279999031,
              30.3663930003536
            ],
            [
              -81.5586509999433,
              30.3665910002196
            ],
            [
              -81.5589239997548,
              30.3667089997612
            ],
            [
              -81.5590340002579,
              30.3667500003502
            ],
            [
              -81.5592250000537,
              30.3668050002816
            ],
            [
              -81.5594019996056,
              30.3668400002218
            ],
            [
              -81.5596200000639,
              30.3668540003494
            ],
            [
              -81.5602619999462,
              30.3668529997314
            ],
            [
              -81.5609950000653,
              30.3668529997314
            ],
            [
              -81.5640990000705,
              30.3667800003165
            ],
            [
              -81.5656559996468,
              30.3667339997443
            ],
            [
              -81.5661460000916,
              30.3667370000519
            ],
            [
              -81.5675589997278,
              30.3667350003635
            ],
            [
              -81.5678089999731,
              30.3667350003635
            ],
            [
              -81.5683680000148,
              30.3667279999039
            ],
            [
              -81.5684419996347,
              30.3667270000597
            ],
            [
              -81.568879000376,
              30.3667279999039
            ],
            [
              -81.5692070004391,
              30.366712999914
            ],
            [
              -81.5697050003814,
              30.3667020000747
            ],
            [
              -81.5703509995634,
              30.3666929999236
            ],
            [
              -81.5704490003711,
              30.3666929999236
            ],
            [
              -81.5706879998474,
              30.366692000079
            ],
            [
              -81.5711720004444,
              30.3666820000823
            ],
            [
              -81.5716460000973,
              30.3666660002403
            ],
            [
              -81.5719590000917,
              30.3666629999305
            ],
            [
              -81.5726050001721,
              30.3666639997754
            ],
            [
              -81.5736360002169,
              30.3666560002409
            ],
            [
              -81.5741829996648,
              30.3666429999301
            ],
            [
              -81.5743640003131,
              30.3666420000849
            ],
            [
              -81.5762869995873,
              30.3666279999269
            ],
            [
              -81.5769960003152,
              30.3666089997647
            ],
            [
              -81.5779860003521,
              30.3665839997497
            ],
            [
              -81.5790990004127,
              30.3665679998917
            ],
            [
              -81.5793620001785,
              30.3665660001999
            ],
            [
              -81.5801100003661,
              30.3665529998771
            ],
            [
              -81.5806340002478,
              30.3665429998661
            ],
            [
              -81.5816450002011,
              30.3665250003088
            ],
            [
              -81.5820760001963,
              30.3665179998342
            ],
            [
              -81.5824030004344,
              30.3665119999806
            ],
            [
              -81.5834749995888,
              30.3665069999731
            ],
            [
              -81.5837909999564,
              30.3665010001188
            ],
            [
              -81.5843519996479,
              30.3664900002559
            ],
            [
              -81.5847149998711,
              30.3664819999319
            ],
            [
              -81.584863999834,
              30.3664789996165
            ],
            [
              -81.5852439997756,
              30.3664710000669
            ],
            [
              -81.5858959997038,
              30.3664700002199
            ],
            [
              -81.5861340002535,
              30.3664610000475
            ],
            [
              -81.5862480000563,
              30.3664550001904
            ],
            [
              -81.587019999635,
              30.36645000018
            ],
            [
              -81.5871400001839,
              30.3664469998636
            ],
            [
              -81.5874060003227,
              30.3664510000271
            ],
            [
              -81.587909000288,
              30.3664469998636
            ],
            [
              -81.5881750004267,
              30.366437999689
            ],
            [
              -81.5887760003013,
              30.3664279996662
            ],
            [
              -81.5896049997814,
              30.3664119997827
            ],
            [
              -81.5901909995873,
              30.3663969997442
            ],
            [
              -81.590289000395,
              30.3663990002145
            ],
            [
              -81.5916750002671,
              30.366395000049
            ],
            [
              -81.5921749998593,
              30.3663850000218
            ],
            [
              -81.5951089999852,
              30.3663440000549
            ],
            [
              -81.5960770002808,
              30.3663239999891
            ],
            [
              -81.5967099999424,
              30.3663049997678
            ],
            [
              -81.5971080003256,
              30.3662910003367
            ],
            [
              -81.5972890000756,
              30.3662629999182
            ],
            [
              -81.5974120000993,
              30.366231999944
            ],
            [
              -81.5979590004454,
              30.3660989997426
            ],
            [
              -81.5984020001362,
              30.3659899996816
            ],
            [
              -81.5987300001993,
              30.3659149999176
            ],
            [
              -81.5988690001164,
              30.3658849996857
            ],
            [
              -81.5993970001961,
              30.3657569998337
            ],
            [
              -81.5996700000076,
              30.3656910001351
            ],
            [
              -81.6006559998466,
              30.3654569997174
            ],
            [
              -81.6009620001683,
              30.3653789999705
            ],
            [
              -81.6021930002297,
              30.3650769997475
            ],
            [
              -81.604550999697,
              30.3645009997601
            ],
            [
              -81.6068449995903,
              30.3639419996436
            ],
            [
              -81.6068160001763,
              30.3638869996522
            ],
            [
              -81.606750999879,
              30.3636740000562
            ],
            [
              -81.6067219995667,
              30.3636050000984
            ],
            [
              -81.6066289996802,
              30.3633349998296
            ],
            [
              -81.6065990004414,
              30.3632490001272
            ],
            [
              -81.6065829996495,
              30.3631919999853
            ],
            [
              -81.6064019998995,
              30.3626759998819
            ],
            [
              -81.6063879996559,
              30.3626310003657
            ],
            [
              -81.6063209997087,
              30.3624099997025
            ],
            [
              -81.6062820002489,
              30.3623119997396
            ],
            [
              -81.6061680004461,
              30.3619440002203
            ],
            [
              -81.6061099998215,
              30.3617890003812
            ],
            [
              -81.6060100002624,
              30.361493000086
            ],
            [
              -81.6059640002317,
              30.3613499998739
            ],
            [
              -81.6057829995833,
              30.3608459997574
            ],
            [
              -81.6057659998649,
              30.3607949999701
            ],
            [
              -81.6057120003366,
              30.3606290001133
            ],
            [
              -81.6056729999785,
              30.3605329997312
            ],
            [
              -81.6055730004194,
              30.360248000077
            ],
            [
              -81.6053780004257,
              30.3596589998652
            ],
            [
              -81.6052820001663,
              30.3594259996618
            ],
            [
              -81.6051619996174,
              30.3590450003656
            ],
            [
              -81.6050810003248,
              30.3588450001004
            ],
            [
              -81.6050219998753,
              30.3586419996457
            ],
            [
              -81.6048219998587,
              30.3580869998794
            ],
            [
              -81.6040390004093,
              30.3560710002982
            ],
            [
              -81.6037079999732,
              30.3552419999342
            ],
            [
              -81.6035430001168,
              30.3548270002357
            ],
            [
              -81.6035049995836,
              30.3547320003279
            ],
            [
              -81.6032829998257,
              30.3541990002527
            ],
            [
              -81.6031539999543,
              30.3539149999489
            ],
            [
              -81.603096000228,
              30.3537720002863
            ],
            [
              -81.6030250000829,
              30.3536129999879
            ],
            [
              -81.6029609996104,
              30.3534450003863
            ],
            [
              -81.6028510000056,
              30.353069000196
            ],
            [
              -81.6027480000734,
              30.3527930003819
            ],
            [
              -81.602727999982,
              30.3527179998007
            ],
            [
              -81.6027149995632,
              30.3525809998724
            ],
            [
              -81.6027050004158,
              30.3525319996309
            ],
            [
              -81.6027010002178,
              30.3524820001501
            ],
            [
              -81.6026850003243,
              30.3523830003273
            ],
            [
              -81.6026719999055,
              30.3523339999866
            ],
            [
              -81.6026290002478,
              30.3520289998133
            ],
            [
              -81.6026390002935,
              30.3517700001193
            ],
            [
              -81.6026560000119,
              30.3516019996789
            ],
            [
              -81.6026250000498,
              30.3514849997417
            ],
            [
              -81.6026230003999,
              30.3513160003604
            ],
            [
              -81.6026230003999,
              30.3511990000813
            ],
            [
              -81.602615000004,
              30.3509819999682
            ],
            [
              -81.602615999829,
              30.3507009996533
            ],
            [
              -81.6026340002706,
              30.350105000003
            ],
            [
              -81.6026640004079,
              30.3494369998889
            ],
            [
              -81.6026760001035,
              30.349300000018
            ],
            [
              -81.6027260003322,
              30.3483319999126
            ],
            [
              -81.6027589999441,
              30.3479800003192
            ],
            [
              -81.6027580001192,
              30.3475039999126
            ],
            [
              -81.6027499997232,
              30.347164000198
            ],
            [
              -81.6027410004008,
              30.346350000355
            ],
            [
              -81.6027370002028,
              30.3462450002091
            ],
            [
              -81.6027210003093,
              30.3458089998963
            ],
            [
              -81.6027179999362,
              30.3452839997888
            ],
            [
              -81.6027060002406,
              30.345022999941
            ],
            [
              -81.6040090002721,
              30.3450010000348
            ],
            [
              -81.6039759997618,
              30.34299700011
            ],
            [
              -81.6026450001413,
              30.3430009996818
            ],
            [
              -81.6026330004457,
              30.3426599997391
            ],
            [
              -81.602615000004,
              30.3417999997568
            ],
            [
              -81.602615999829,
              30.3415519996925
            ],
            [
              -81.6025840000419,
              30.340104000078
            ],
            [
              -81.6025720003464,
              30.339756000058
            ],
            [
              -81.6025659996003,
              30.339414999665
            ],
            [
              -81.6025680001484,
              30.3391340002513
            ],
            [
              -81.6025480000569,
              30.3386419996913
            ],
            [
              -81.6025480000569,
              30.3385599997452
            ],
            [
              -81.6025530000798,
              30.3384369996974
            ],
            [
              -81.6025589999276,
              30.3383840003665
            ],
            [
              -81.6025589999276,
              30.3383130001355
            ],
            [
              -81.6025730001713,
              30.3380680001771
            ],
            [
              -81.6025709996231,
              30.3377600000903
            ],
            [
              -81.6025699997982,
              30.3376670001782
            ],
            [
              -81.6025780001941,
              30.3369799999668
            ],
            [
              -81.602583000217,
              30.3367569999871
            ],
            [
              -81.6029430000671,
              30.3367580001376
            ],
            [
              -81.6031139997713,
              30.3367520000095
            ],
            [
              -81.6034329996136,
              30.336703000371
            ],
            [
              -81.6035780002768,
              30.3366720003339
            ],
            [
              -81.6038429996924,
              30.3366240000319
            ],
            [
              -81.6042629998169,
              30.336531999969
            ],
            [
              -81.6043359996119,
              30.336514999695
            ],
            [
              -81.6048570000188,
              30.336422000151
            ],
            [
              -81.6051370004013,
              30.3363780003442
            ],
            [
              -81.6052679999225,
              30.3363649998865
            ],
            [
              -81.6055399999091,
              30.336358000355
            ],
            [
              -81.6055840002901,
              30.3363630003527
            ],
            [
              -81.6056250002979,
              30.3363630003527
            ],
            [
              -81.6057549999943,
              30.3363760000353
            ],
            [
              -81.6059990003917,
              30.3363889997162
            ],
            [
              -81.60601799976,
              30.336022999929
            ],
            [
              -81.6060529999201,
              30.3351159996906
            ],
            [
              -81.6060460002474,
              30.3349980000351
            ],
            [
              -81.6059909999958,
              30.3338789996778
            ],
            [
              -81.6069199999334,
              30.3338770000932
            ],
            [
              -81.6078320001525,
              30.3338489997021
            ],
            [
              -81.6087510000444,
              30.3338510000627
            ],
            [
              -81.6096930004008,
              30.3338470001169
            ],
            [
              -81.610601000422,
              30.3338510000627
            ],
            [
              -81.6105910003762,
              30.3337070003646
            ],
            [
              -81.6105889998281,
              30.3332249999853
            ],
            [
              -81.6105870001783,
              30.3327639997031
            ],
            [
              -81.6105779999574,
              30.3323709997031
            ],
            [
              -81.6102049996885,
              30.3323730000938
            ],
            [
              -81.6097810002643,
              30.3323810001054
            ],
            [
              -81.6096430001721,
              30.3323839999158
            ],
            [
              -81.6096339999513,
              30.3319970003614
            ],
            [
              -81.6096230000806,
              30.3318619997422
            ],
            [
              -81.609603999814,
              30.3317600001675
            ],
            [
              -81.6095460000877,
              30.3316180001267
            ],
            [
              -81.6094039997975,
              30.3313539996672
            ],
            [
              -81.6092060003291,
              30.3309929999399
            ],
            [
              -81.6091000000239,
              30.3307569998542
            ],
            [
              -81.6090869996051,
              30.3307129998279
            ],
            [
              -81.6090480001453,
              30.3305760001127
            ],
            [
              -81.6090249996808,
              30.3304629999374
            ],
            [
              -81.6090049995893,
              30.3303289997458
            ],
            [
              -81.6089979999166,
              30.3302359997538
            ],
            [
              -81.608990000419,
              30.329944000264
            ],
            [
              -81.6090249996808,
              30.3294469996959
            ],
            [
              -81.609018999833,
              30.3289750000335
            ],
            [
              -81.6090079999623,
              30.3288180002346
            ],
            [
              -81.6086470002873,
              30.3288199999224
            ],
            [
              -81.6080870004207,
              30.3288310001435
            ],
            [
              -81.6069760000099,
              30.3288420003633
            ],
            [
              -81.6064510003034,
              30.3288420003633
            ],
            [
              -81.6058629999493,
              30.3288420003633
            ],
            [
              -81.6060570001181,
              30.3285120002095
            ],
            [
              -81.6080060002298,
              30.3273509999027
            ],
            [
              -81.6111019998391,
              30.3273330001142
            ],
            [
              -81.6143690000509,
              30.3273150003225
            ],
            [
              -81.6148310000082,
              30.3273120003568
            ],
            [
              -81.6162339995988,
              30.3273039999311
            ],
            [
              -81.6164920002399,
              30.3273029996839
            ],
            [
              -81.6183679996585,
              30.3272920000666
            ],
            [
              -81.6184079998415,
              30.3271890001363
            ],
            [
              -81.6207269998491,
              30.3210829997066
            ],
            [
              -81.6217410001755,
              30.318704000296
            ],
            [
              -81.6269239999888,
              30.3149239998278
            ],
            [
              -81.6270579998831,
              30.3148880003335
            ],
            [
              -81.6298160002819,
              30.3141389997136
            ],
            [
              -81.6333250003431,
              30.3153369996709
            ],
            [
              -81.6368159999625,
              30.3165289998996
            ],
            [
              -81.6377580003189,
              30.3168510003701
            ],
            [
              -81.6421159999517,
              30.3183389998929
            ],
            [
              -81.6476169997824,
              30.3200390001844
            ],
            [
              -81.6512949998979,
              30.3204069998595
            ],
            [
              -81.6539479998164,
              30.3212120001454
            ],
            [
              -81.6559019999511,
              30.3218059998478
            ],
            [
              -81.6564710000385,
              30.3219159997995
            ],
            [
              -81.6582479997229,
              30.3222599999935
            ],
            [
              -81.658610999946,
              30.322287000298
            ],
            [
              -81.6587120002284,
              30.3222940000598
            ],
            [
              -81.6597020002653,
              30.3223689999133
            ],
            [
              -81.6605929996698,
              30.3222240000929
            ],
            [
              -81.6608939999686,
              30.3221399997565
            ],
            [
              -81.6617750002257,
              30.3218970002608
            ],
            [
              -81.6628110002934,
              30.3214060002511
            ],
            [
              -81.6636079999865,
              30.3209800002262
            ],
            [
              -81.6638659997293,
              30.3208199998547
            ],
            [
              -81.6640930004084,
              30.3206800000908
            ],
            [
              -81.6641269998453,
              30.3206040001795
            ],
            [
              -81.6641810002719,
              30.3205260003521
            ],
            [
              -81.6644349998169,
              30.3201120003478
            ],
            [
              -81.6673200004372,
              30.3147419999227
            ],
            [
              -81.6674679996769,
              30.3144070000061
            ],
            [
              -81.6675199995555,
              30.3143249999308
            ],
            [
              -81.6676040001194,
              30.31421199962
            ],
            [
              -81.6676600001959,
              30.3141739998773
            ],
            [
              -81.6677420002116,
              30.3140980003479
            ],
            [
              -81.6679060002431,
              30.3139529999189
            ],
            [
              -81.6677439998615,
              30.3106970002343
            ],
            [
              -81.6680169996729,
              30.3013389996721
            ],
            [
              -81.6681720003819,
              30.2959809997169
            ],
            [
              -81.6682169996895,
              30.2944390000764
            ],
            [
              -81.6739169997117,
              30.2904389997023
            ],
            [
              -81.6766170003842,
              30.2887390003137
            ],
            [
              -81.6774030002067,
              30.2881619997004
            ],
            [
              -81.6813680003774,
              30.2852549998895
            ],
            [
              -81.6841180003802,
              30.283238999719
            ],
            [
              -81.680317000241,
              30.2731390000416
            ],
            [
              -81.6702450003423,
              30.2623139998991
            ],
            [
              -81.6696169998053,
              30.2616390000532
            ],
            [
              -81.6671329999411,
              30.2593289998721
            ],
            [
              -81.6653160000738,
              30.2576399997396
            ],
            [
              -81.6581160003767,
              30.2501399997881
            ],
            [
              -81.6530160004041,
              30.2439400002943
            ],
            [
              -81.6518410004191,
              30.2418129999499
            ],
            [
              -81.6491330002491,
              30.2281620000245
            ],
            [
              -81.6507149999398,
              30.2235400002064
            ],
            [
              -81.6747300001967,
              30.1963269997694
            ],
            [
              -81.6795730002514,
              30.1908379998638
            ],
            [
              -81.6796259999549,
              30.190494999616
            ],
            [
              -81.6804539996101,
              30.1869099999428
            ],
            [
              -81.6812739997677,
              30.1833559997952
            ],
            [
              -81.6813619996313,
              30.1829720001304
            ],
            [
              -81.6816269999452,
              30.1818229996737
            ],
            [
              -81.6817159996336,
              30.1814399996496
            ],
            [
              -81.6834759995995,
              30.1795400003819
            ],
            [
              -81.684160000213,
              30.1788020001015
            ],
            [
              -81.6866030000692,
              30.1761639998135
            ],
            [
              -81.6885599996786,
              30.1740520002012
            ],
            [
              -81.6887560003955,
              30.1738400001847
            ],
            [
              -81.6905160003614,
              30.1719400003682
            ],
            [
              -81.6904999995695,
              30.1713719999031
            ],
            [
              -81.690451999889,
              30.1696709999593
            ],
            [
              -81.6904359999955,
              30.1691039999264
            ],
            [
              -81.6903840001169,
              30.1672920002714
            ],
            [
              -81.6902300001311,
              30.1618560002887
            ],
            [
              -81.6902159998874,
              30.1613399997782
            ],
            [
              -81.6903630002005,
              30.1600529999187
            ],
            [
              -81.6907130000049,
              30.1569900001009
            ],
            [
              -81.6910200001516,
              30.1543130002459
            ],
            [
              -81.6916770001026,
              30.1485719999922
            ],
            [
              -81.6917640001412,
              30.1478019997422
            ],
            [
              -81.6918960003857,
              30.146656000279
            ],
            [
              -81.6921159995954,
              30.1447399998649
            ],
            [
              -81.6918150001949,
              30.1423389996867
            ],
            [
              -81.6904460000412,
              30.1398050000522
            ],
            [
              -81.6864139999233,
              30.1323389999
            ],
            [
              -81.682798999557,
              30.1258660002683
            ],
            [
              -81.6804879999453,
              30.1217279996169
            ],
            [
              -81.6803520004012,
              30.1214840002051
            ],
            [
              -81.6802150001338,
              30.1212400001902
            ],
            [
              -81.6801110003767,
              30.1207079998384
            ],
            [
              -81.6799730002845,
              30.1191179996727
            ],
            [
              -81.6800240003381,
              30.118669999838
            ],
            [
              -81.6801900000195,
              30.1172249997641
            ],
            [
              -81.6802169997836,
              30.1170390002956
            ],
            [
              -81.680610000144,
              30.1143370000836
            ],
            [
              -81.6809599999484,
              30.1121579998742
            ],
            [
              -81.6811399998734,
              30.110986000033
            ],
            [
              -81.6814500003931,
              30.1089840002524
            ],
            [
              -81.6815080001195,
              30.1084249999517
            ],
            [
              -81.6815829995642,
              30.1076819999062
            ],
            [
              -81.6817359997251,
              30.1061770000974
            ],
            [
              -81.6817459997708,
              30.105452000268
            ],
            [
              -81.6817569996415,
              30.104707000042
            ],
            [
              -81.6817580003647,
              30.1045880001429
            ],
            [
              -81.6817630003876,
              30.1042350003304
            ],
            [
              -81.6817650000374,
              30.1041170000503
            ],
            [
              -81.681780000106,
              30.1030309996425
            ],
            [
              -81.6817700000603,
              30.1028110000541
            ],
            [
              -81.6816029996557,
              30.099322999663
            ],
            [
              -81.6811669996376,
              30.0958409998312
            ],
            [
              -81.6810970002157,
              30.0954559996206
            ],
            [
              -81.680610000144,
              30.0927379997289
            ],
            [
              -81.6804350002418,
              30.0913980003094
            ],
            [
              -81.6802369998751,
              30.0898769998477
            ],
            [
              -81.6800729998435,
              30.0866210002217
            ],
            [
              -81.6805599999153,
              30.0826540000894
            ],
            [
              -81.6813850000958,
              30.08004500005
            ],
            [
              -81.6817430002961,
              30.0789130001565
            ],
            [
              -81.6833180003141,
              30.0754530002794
            ],
            [
              -81.6841950003731,
              30.0736860000038
            ],
            [
              -81.684893000332,
              30.0722789998602
            ],
            [
              -81.6858530002318,
              30.0706120002481
            ],
            [
              -81.6860249997609,
              30.0703149997481
            ],
            [
              -81.6870750000723,
              30.0686870000049
            ],
            [
              -81.6874290000746,
              30.0681530002119
            ],
            [
              -81.6878209997118,
              30.0675419997431
            ],
            [
              -81.6882130002473,
              30.0666020000285
            ],
            [
              -81.6885549996557,
              30.0657599996185
            ],
            [
              -81.6888829997188,
              30.0648630003446
            ],
            [
              -81.6890159997882,
              30.0642420000923
            ],
            [
              -81.6893199995618,
              30.0629600003019
            ],
            [
              -81.6893470002243,
              30.0627450001178
            ],
            [
              -81.6893480000493,
              30.0627329998443
            ],
            [
              -81.6893530000721,
              30.0626969997923
            ],
            [
              -81.6893549997219,
              30.0626860001194
            ],
            [
              -81.6895289997992,
              30.0613160002694
            ],
            [
              -81.6895849998757,
              30.0608800002071
            ],
            [
              -81.6897559995799,
              30.0588230000248
            ],
            [
              -81.6897890000902,
              30.0571870003433
            ],
            [
              -81.6898130003796,
              30.0560449996994
            ],
            [
              -81.6898230004253,
              30.0558079999525
            ],
            [
              -81.6899260003575,
              30.0532110003114
            ],
            [
              -81.6899580001446,
              30.052431000028
            ],
            [
              -81.6902979999032,
              30.0473199999507
            ],
            [
              -81.690375999721,
              30.0454300002485
            ],
            [
              -81.6904689996074,
              30.0432100001262
            ],
            [
              -81.6904579997368,
              30.0428339998881
            ],
            [
              -81.6903680002234,
              30.039975999789
            ],
            [
              -81.6901120001304,
              30.0369020000707
            ],
            [
              -81.6900009998023,
              30.0355530003058
            ],
            [
              -81.6894130003465,
              30.0312339999004
            ],
            [
              -81.6888760000461,
              30.0285660001219
            ],
            [
              -81.6878070003664,
              30.0255290001408
            ],
            [
              -81.6867260000929,
              30.0229819999092
            ],
            [
              -81.68540299997,
              30.020600999845
            ],
            [
              -81.685069999884,
              30.0200000002905
            ],
            [
              -81.6849429996624,
              30.0197700001535
            ],
            [
              -81.6845889996601,
              30.0192689997769
            ],
            [
              -81.6845319997587,
              30.0191860001207
            ],
            [
              -81.6836920004079,
              30.017959999936
            ],
            [
              -81.6828069999529,
              30.0166940000993
            ],
            [
              -81.682180999964,
              30.0160180002868
            ],
            [
              -81.6814889998529,
              30.0152770000153
            ],
            [
              -81.680942000405,
              30.0146919996566
            ],
            [
              -81.680209000286,
              30.0140700003623
            ],
            [
              -81.6797670004201,
              30.013656999724
            ],
            [
              -81.6782429995575,
              30.0122329997767
            ],
            [
              -81.6773429999322,
              30.011580000049
            ],
            [
              -81.6745829998836,
              30.0095810001569
            ],
            [
              -81.6710880000661,
              30.0072419996131
            ],
            [
              -81.6665250003939,
              30.0046180003244
            ],
            [
              -81.6631369998083,
              30.0028630002462
            ],
            [
              -81.6629540004085,
              30.002768999985
            ],
            [
              -81.6598579999009,
              30.0010680001166
            ],
            [
              -81.6582290003546,
              30.00024400025
            ],
            [
              -81.6581859997986,
              30.0002200001212
            ],
            [
              -81.658058999577,
              30.0001479996997
            ],
            [
              -81.6580169997442,
              30.0001240003256
            ],
            [
              -81.6547610003013,
              29.9982849996119
            ],
            [
              -81.6514890000666,
              29.9964379997418
            ],
            [
              -81.6476059999117,
              29.9942460000391
            ],
            [
              -81.6449930001762,
              29.9927700002594
            ],
            [
              -81.6437229997568,
              29.9920540001673
            ],
            [
              -81.6427300002451,
              29.9914929997217
            ],
            [
              -81.641736999835,
              29.990932999771
            ],
            [
              -81.6407259998817,
              29.990361999853
            ],
            [
              -81.6400930002201,
              29.9900039999381
            ],
            [
              -81.6397149999283,
              29.989790999763
            ],
            [
              -81.6373619995855,
              29.988463999719
            ],
            [
              -81.6351609995786,
              29.9872209996607
            ],
            [
              -81.6350099999659,
              29.987136000021
            ],
            [
              -81.633610999675,
              29.9863459997967
            ],
            [
              -81.6335169999637,
              29.9862950003502
            ],
            [
              -81.6331939999235,
              29.9861200002959
            ],
            [
              -81.632228000176,
              29.9855949998386
            ],
            [
              -81.6319069997856,
              29.9854209999372
            ],
            [
              -81.6318730003487,
              29.9854020000458
            ],
            [
              -81.6317710002415,
              29.9853479998431
            ],
            [
              -81.6317379997312,
              29.985329999769
            ],
            [
              -81.6313610001627,
              29.9851249999052
            ],
            [
              -81.6302330000334,
              29.9845129996275
            ],
            [
              -81.6298570002898,
              29.9843090002529
            ],
            [
              -81.6248119996705,
              29.9815720000816
            ],
            [
              -81.6247670003629,
              29.9815420001123
            ],
            [
              -81.6247000004158,
              29.9815050002675
            ],
            [
              -81.6246819999741,
              29.9814950000127
            ],
            [
              -81.624349999713,
              29.9812640002259
            ],
            [
              -81.6241609995672,
              29.9811259998646
            ],
            [
              -81.6238030002652,
              29.9808829999292
            ],
            [
              -81.6234609999585,
              29.9806439996915
            ],
            [
              -81.6227970003347,
              29.9801799997462
            ],
            [
              -81.6223689998142,
              29.9798930001859
            ],
            [
              -81.622058000368,
              29.9796730001132
            ],
            [
              -81.6217260001069,
              29.9794260001724
            ],
            [
              -81.6213510001882,
              29.9791670001197
            ],
            [
              -81.6209019997513,
              29.9788340000601
            ],
            [
              -81.620363999626,
              29.9784509999781
            ],
            [
              -81.6201340003705,
              29.9783150001808
            ],
            [
              -81.6198049995842,
              29.9781199996601
            ],
            [
              -81.6193309999313,
              29.9777369999374
            ],
            [
              -81.6190890000819,
              29.9775710003282
            ],
            [
              -81.6186229999266,
              29.9772519999207
            ],
            [
              -81.6177020003849,
              29.9766049998731
            ],
            [
              -81.6165590001871,
              29.9756419999262
            ],
            [
              -81.6160009999703,
              29.9752709999564
            ],
            [
              -81.6156510001659,
              29.9750289996385
            ],
            [
              -81.6152159999727,
              29.9746910000213
            ],
            [
              -81.6145930003569,
              29.9741610001248
            ],
            [
              -81.6140800003459,
              29.9737450000901
            ],
            [
              -81.6129890000266,
              29.9728319998573
            ],
            [
              -81.6125220000464,
              29.9724129998207
            ],
            [
              -81.6123980001978,
              29.9723020001594
            ],
            [
              -81.6120480003934,
              29.9719980002137
            ],
            [
              -81.6113400003888,
              29.9713500002148
            ],
            [
              -81.611258000373,
              29.9712579996322
            ],
            [
              -81.6110180001735,
              29.9710379998896
            ],
            [
              -81.6107589997074,
              29.9707900002892
            ],
            [
              -81.6105889998281,
              29.9706210000279
            ],
            [
              -81.6104929995687,
              29.9705260003856
            ],
            [
              -81.6101460001373,
              29.9702350002364
            ],
            [
              -81.6097729998684,
              29.9698170001298
            ],
            [
              -81.6095839997226,
              29.9696190000798
            ],
            [
              -81.6094690000948,
              29.9694979997255
            ],
            [
              -81.6092349997431,
              29.9691729998898
            ],
            [
              -81.6089000000073,
              29.9688489997666
            ],
            [
              -81.6085340003094,
              29.9684360000619
            ],
            [
              -81.6082110002693,
              29.9680629996315
            ],
            [
              -81.6078570002669,
              29.967700000224
            ],
            [
              -81.6074709995792,
              29.9672050000973
            ],
            [
              -81.6071679996305,
              29.9668690003562
            ],
            [
              -81.6068079997804,
              29.9664900001441
            ],
            [
              -81.6067640002978,
              29.9664299996475
            ],
            [
              -81.6064410002576,
              29.9659839999302
            ],
            [
              -81.6061309997379,
              29.9655050003112
            ],
            [
              -81.6059859999729,
              29.9652439996966
            ],
            [
              -81.6059230002237,
              29.9651309997397
            ],
            [
              -81.6055750000692,
              29.9646859996793
            ],
            [
              -81.6053659998318,
              29.9643279998231
            ],
            [
              -81.6051010004163,
              29.9638990000336
            ],
            [
              -81.6048670000645,
              29.9634979998259
            ],
            [
              -81.6045880004053,
              29.9629479997973
            ],
            [
              -81.60426600019,
              29.9624089997427
            ],
            [
              -81.6040569999526,
              29.9619790001644
            ],
            [
              -81.6038229996009,
              29.9615339999994
            ],
            [
              -81.6029759996791,
              29.9599939996427
            ],
            [
              -81.60276700034,
              29.9595430001635
            ],
            [
              -81.6022230003669,
              29.9585140001954
            ],
            [
              -81.6020149999545,
              29.9581580001096
            ],
            [
              -81.6020080002817,
              29.9581459996299
            ],
            [
              -81.6017050003331,
              29.9574859998049
            ],
            [
              -81.6009899997574,
              29.9560170002096
            ],
            [
              -81.6008390001446,
              29.9555930002261
            ],
            [
              -81.6006619996943,
              29.955153000167
            ],
            [
              -81.6004530003552,
              29.954536999926
            ],
            [
              -81.5998580003285,
              29.9522379997235
            ],
            [
              -81.5995600004027,
              29.9504610000386
            ],
            [
              -81.5992630003017,
              29.9483270000488
            ],
            [
              -81.5991739997149,
              29.9474679996278
            ],
            [
              -81.5990280001251,
              29.9459669996466
            ],
            [
              -81.5989140003223,
              29.9450040001629
            ],
            [
              -81.5988380001543,
              29.9442060000225
            ],
            [
              -81.5987810002529,
              29.9435569999504
            ],
            [
              -81.5987109999327,
              29.942951999988
            ],
            [
              -81.5987100001078,
              29.9416370003282
            ],
            [
              -81.5987350002221,
              29.9410379996909
            ],
            [
              -81.598772999857,
              29.9405589997541
            ],
            [
              -81.5988609997205,
              29.9400529998883
            ],
            [
              -81.5989750004217,
              29.9395250003643
            ],
            [
              -81.5990630002852,
              29.9392499998104
            ],
            [
              -81.599145000301,
              29.9389080003227
            ],
            [
              -81.599245999685,
              29.9384459999536
            ],
            [
              -81.5993410001196,
              29.9381000003683
            ],
            [
              -81.5996120002812,
              29.9373129996785
            ],
            [
              -81.5997190004113,
              29.9369389997025
            ],
            [
              -81.5998640001763,
              29.9365540002279
            ],
            [
              -81.6000659998427,
              29.9361299997783
            ],
            [
              -81.6002240000264,
              29.935750000381
            ],
            [
              -81.6003820002101,
              29.9354039999828
            ],
            [
              -81.6005389996707,
              29.9349690002567
            ],
            [
              -81.6006659998923,
              29.9346500001312
            ],
            [
              -81.6007019998773,
              29.9345610000845
            ],
            [
              -81.600892999673,
              29.9341000001169
            ],
            [
              -81.6011329998725,
              29.9334829999066
            ],
            [
              -81.6013720002471,
              29.9330269998462
            ],
            [
              -81.6015739999134,
              29.9325809997599
            ],
            [
              -81.6018080002652,
              29.9321080002315
            ],
            [
              -81.6022240001918,
              29.9310789997544
            ],
            [
              -81.6026030003085,
              29.9302920003623
            ],
            [
              -81.6027859997083,
              29.9298190000748
            ],
            [
              -81.6032090002059,
              29.9289609998265
            ],
            [
              -81.6034419998344,
              29.9284599998269
            ],
            [
              -81.6036689996151,
              29.927997999993
            ],
            [
              -81.6041029999834,
              29.9271799999274
            ],
            [
              -81.6041420003415,
              29.9271060002352
            ],
            [
              -81.604414000328,
              29.9264520001636
            ],
            [
              -81.6046980000102,
              29.9258570001378
            ],
            [
              -81.6051459997238,
              29.9249000001564
            ],
            [
              -81.6053220003492,
              29.9245479998623
            ],
            [
              -81.6055619996504,
              29.9240249997166
            ],
            [
              -81.6057580003673,
              29.9235409997001
            ],
            [
              -81.6059969998436,
              29.9230680000291
            ],
            [
              -81.6064710003948,
              29.92185199981
            ],
            [
              -81.6066279998554,
              29.9214170000199
            ],
            [
              -81.6068930001693,
              29.9207620002406
            ],
            [
              -81.6070320000864,
              29.9204490003029
            ],
            [
              -81.6072089996384,
              29.9199810000631
            ],
            [
              -81.6073280003624,
              29.9196890002098
            ],
            [
              -81.6074670002795,
              29.919304000182
            ],
            [
              -81.6076060001968,
              29.9189739996407
            ],
            [
              -81.6077380004412,
              29.9186280000928
            ],
            [
              -81.6078649997645,
              29.918214999695
            ],
            [
              -81.607965000222,
              29.9178300001964
            ],
            [
              -81.60804100039,
              29.9175599998723
            ],
            [
              -81.6080720003521,
              29.9174159998673
            ],
            [
              -81.6081230004057,
              29.9171810001633
            ],
            [
              -81.6082430000563,
              29.916497999903
            ],
            [
              -81.6083059998055,
              29.9160750001856
            ],
            [
              -81.6083560000342,
              29.915694999743
            ],
            [
              -81.6083750003008,
              29.9152879997382
            ],
            [
              -81.6083679997298,
              29.9148920001151
            ],
            [
              -81.6083869999964,
              29.9145340001071
            ],
            [
              -81.6083929998441,
              29.9140059998954
            ],
            [
              -81.6083550002093,
              29.9130099996967
            ],
            [
              -81.6083610000571,
              29.9125699997294
            ],
            [
              -81.6083540003844,
              29.9120860000896
            ],
            [
              -81.6083540003844,
              29.9117120003143
            ],
            [
              -81.608289999912,
              29.9108480001477
            ],
            [
              -81.6082360003836,
              29.9103159998531
            ],
            [
              -81.6082330000106,
              29.9102829999842
            ],
            [
              -81.6081819999569,
              29.9094460003616
            ],
            [
              -81.6081130003599,
              29.9089559998534
            ],
            [
              -81.608029999621,
              29.9082569996683
            ],
            [
              -81.6078909997038,
              29.9074490000683
            ],
            [
              -81.6078210002819,
              29.9069870000695
            ],
            [
              -81.6077579996344,
              29.9066400002997
            ],
            [
              -81.6076949998852,
              29.906189000334
            ],
            [
              -81.6076060001968,
              29.9056550003659
            ],
            [
              -81.6075049999144,
              29.905247999824
            ],
            [
              -81.607448000013,
              29.9049900003146
            ],
            [
              -81.6073779996928,
              29.9045990003398
            ],
            [
              -81.6072260002552,
              29.9039499997425
            ],
            [
              -81.6071059997063,
              29.9035920001185
            ],
            [
              -81.6070170000178,
              29.9030200001292
            ],
            [
              -81.6069550000935,
              29.9027560002243
            ],
            [
              -81.6068339997197,
              29.9022390002016
            ],
            [
              -81.606674999711,
              29.9016080002438
            ],
            [
              -81.6065750001519,
              29.901150000009
            ],
            [
              -81.6064730000446,
              29.900643999944
            ],
            [
              -81.6063399999752,
              29.8999119996515
            ],
            [
              -81.6062200003247,
              29.8993289996919
            ],
            [
              -81.6060999997757,
              29.8988729997279
            ],
            [
              -81.6059859999729,
              29.8983999997035
            ],
            [
              -81.6058529999035,
              29.89781600031
            ],
            [
              -81.6057199998341,
              29.8972770001636
            ],
            [
              -81.6056260001228,
              29.8969310000027
            ],
            [
              -81.6055180001678,
              29.8964909998814
            ],
            [
              -81.6053979996189,
              29.8961389996317
            ],
            [
              -81.6053630003571,
              29.8960279997376
            ],
            [
              -81.6052589997017,
              29.8956989999075
            ],
            [
              -81.6051070002641,
              29.8951979999925
            ],
            [
              -81.6050000001339,
              29.8948839999681
            ],
            [
              -81.6048729999124,
              29.8946040000991
            ],
            [
              -81.6047969997444,
              29.8943010001862
            ],
            [
              -81.6046960003603,
              29.8940210002368
            ],
            [
              -81.604595000078,
              29.8936409997705
            ],
            [
              -81.6044119997799,
              29.8931850002578
            ],
            [
              -81.6042720000378,
              29.8926730003408
            ],
            [
              -81.604113999854,
              29.8922609997877
            ],
            [
              -81.6039559996703,
              29.8917649996906
            ],
            [
              -81.6037540000039,
              29.8911710003648
            ],
            [
              -81.6035899999724,
              29.8906049999768
            ],
            [
              -81.6034760001696,
              29.8902309997787
            ],
            [
              -81.6033430001002,
              29.8897359997183
            ],
            [
              -81.6031470002816,
              29.8890979998914
            ],
            [
              -81.6030080003644,
              29.88859200016
            ],
            [
              -81.6028819999678,
              29.8881729996683
            ],
            [
              -81.6027299996318,
              29.8876120003455
            ],
            [
              -81.6025270001405,
              29.8869849998404
            ],
            [
              -81.6022750002455,
              29.8861550003398
            ],
            [
              -81.6020600001603,
              29.8853550003339
            ],
            [
              -81.6020219996271,
              29.8852139999059
            ],
            [
              -81.6019780001445,
              29.8851189997096
            ],
            [
              -81.6019709995735,
              29.8851040003671
            ],
            [
              -81.6019200004182,
              29.8849059999569
            ],
            [
              -81.6018190001358,
              29.8845810002837
            ],
            [
              -81.6016989995869,
              29.8842569996198
            ],
            [
              -81.6016169995712,
              29.8838330000163
            ],
            [
              -81.6014910000728,
              29.8834369999854
            ],
            [
              -81.6013329998891,
              29.8829919998637
            ],
            [
              -81.601224999934,
              29.8826670001827
            ],
            [
              -81.6011370000705,
              29.882347999969
            ],
            [
              -81.600972000214,
              29.8818359996923
            ],
            [
              -81.6007889999159,
              29.8813030001787
            ],
            [
              -81.6006940003797,
              29.8808739999636
            ],
            [
              -81.6005549995642,
              29.8804720000043
            ],
            [
              -81.6004790002945,
              29.880224999865
            ],
            [
              -81.6002009995619,
              29.8793989998617
            ],
            [
              -81.6000619996447,
              29.8789150003303
            ],
            [
              -81.5999479998419,
              29.8785740001527
            ],
            [
              -81.5998659998261,
              29.8783100001441
            ],
            [
              -81.5997779999625,
              29.8779750002453
            ],
            [
              -81.5995689997252,
              29.8773199999241
            ],
            [
              -81.5993479997922,
              29.8765939998003
            ],
            [
              -81.5992339999894,
              29.876285999709
            ],
            [
              -81.5990890002245,
              29.8757740002445
            ],
            [
              -81.5990130000565,
              29.8754220000618
            ],
            [
              -81.5988249997355,
              29.8750310001505
            ],
            [
              -81.5975610000622,
              29.872285999968
            ],
            [
              -81.59614000003,
              29.8694479999151
            ],
            [
              -81.5956610003542,
              29.8684980002648
            ],
            [
              -81.5950799996728,
              29.8673459997526
            ],
            [
              -81.5944989998897,
              29.8661929997113
            ],
            [
              -81.5925709996944,
              29.8623689998055
            ],
            [
              -81.5915000003649,
              29.8603080002899
            ],
            [
              -81.5912760000589,
              29.8598770003028
            ],
            [
              -81.5891419999992,
              29.8557400000531
            ],
            [
              -81.5855800002346,
              29.8487209997327
            ],
            [
              -81.5852100003388,
              29.8479950003273
            ],
            [
              -81.5843340001046,
              29.8462760000844
            ],
            [
              -81.5834570000455,
              29.8445560001705
            ],
            [
              -81.5830090003319,
              29.8436779996395
            ],
            [
              -81.5816679997673,
              29.8410460002672
            ],
            [
              -81.5816209999117,
              29.8409540000399
            ],
            [
              -81.5812069996349,
              29.8401760002347
            ],
            [
              -81.5861810001092,
              29.8400559996892
            ],
            [
              -81.5960749997327,
              29.8398179999731
            ],
            [
              -81.6011029997353,
              29.8396919998021
            ],
            [
              -81.6060780000345,
              29.8395690002425
            ],
            [
              -81.6061349999359,
              29.839567999726
            ],
            [
              -81.6085119996698,
              29.8395529997692
            ],
            [
              -81.6087490003946,
              29.8395510002943
            ],
            [
              -81.6134159998239,
              29.8395250001036
            ],
            [
              -81.6158150001974,
              29.839513999871
            ],
            [
              -81.6159480002668,
              29.839513999871
            ],
            [
              -81.6182499996578,
              29.8395029996373
            ],
            [
              -81.6182839999929,
              29.8395029996373
            ],
            [
              -81.6183149999551,
              29.8395019998992
            ],
            [
              -81.6185090001238,
              29.8395019998992
            ],
            [
              -81.6185750002461,
              29.8395019998992
            ],
            [
              -81.6187750002626,
              29.8395010001613
            ],
            [
              -81.6188089996995,
              29.8394999996441
            ],
            [
              -81.6195109998563,
              29.8394969996508
            ],
            [
              -81.619746000033,
              29.8394969996508
            ],
            [
              -81.6214370004019,
              29.8394899999261
            ],
            [
              -81.6224590002259,
              29.8395119996161
            ],
            [
              -81.6248069996476,
              29.8395630002601
            ],
            [
              -81.6289609999642,
              29.8394789996897
            ],
            [
              -81.6305979999064,
              29.8394450000138
            ],
            [
              -81.6314370003307,
              29.8394279997819
            ],
            [
              -81.6331339996491,
              29.8393940000887
            ],
            [
              -81.6333110000994,
              29.8393910000923
            ],
            [
              -81.6343279999005,
              29.8393700001149
            ],
            [
              -81.6343749997562,
              29.8393690003755
            ],
            [
              -81.6375699999979,
              29.8393049998972
            ],
            [
              -81.638635000378,
              29.8392839999018
            ],
            [
              -81.6409939996703,
              29.8392359998956
            ],
            [
              -81.6424850000227,
              29.839206999621
            ],
            [
              -81.6480729998919,
              29.8391170003004
            ],
            [
              -81.6504329999075,
              29.8390799997163
            ],
            [
              -81.6505919999161,
              29.8390769997104
            ],
            [
              -81.651249999692,
              29.8390669999501
            ],
            [
              -81.6537040003172,
              29.8390270001194
            ],
            [
              -81.6545219999267,
              29.8390150000891
            ],
            [
              -81.6548919998226,
              29.8390090000734
            ],
            [
              -81.65492000031,
              29.8390080003305
            ],
            [
              -81.6561160002113,
              29.838967999697
            ],
            [
              -81.6565150004195,
              29.8389549999162
            ],
            [
              -81.6575420002664,
              29.8389219998057
            ],
            [
              -81.660622999807,
              29.8388260002017
            ],
            [
              -81.6613340001847,
              29.8388050001054
            ],
            [
              -81.6616499996539,
              29.8387879997647
            ],
            [
              -81.6618200004315,
              29.838780000245
            ],
            [
              -81.6618499996705,
              29.8387699996757
            ],
            [
              -81.6624289998036,
              29.8387579996145
            ],
            [
              -81.6647699995526,
              29.8387149996435
            ],
            [
              -81.6649210000636,
              29.8387130001518
            ],
            [
              -81.6655510002505,
              29.8387070001179
            ],
            [
              -81.6675520002408,
              29.8386809997075
            ],
            [
              -81.6687010002865,
              29.8386659996175
            ],
            [
              -81.6721099998901,
              29.8386090000341
            ],
            [
              -81.6735569998616,
              29.8385579996823
            ],
            [
              -81.6743090002472,
              29.8385340002868
            ],
            [
              -81.6744020001336,
              29.8385329997599
            ],
            [
              -81.6755600004001,
              29.8385220001973
            ],
            [
              -81.675809999747,
              29.8385199999225
            ],
            [
              -81.6909020001508,
              29.8382760003829
            ],
            [
              -81.693200000242,
              29.838230000173
            ],
            [
              -81.6933750001442,
              29.8382249998609
            ],
            [
              -81.6963700003694,
              29.8381499998253
            ],
            [
              -81.6977600004395,
              29.8380800000528
            ],
            [
              -81.7001799998312,
              29.8380499996901
            ],
            [
              -81.7007959997743,
              29.8380380003217
            ],
            [
              -81.7032699995926,
              29.8379899997167
            ],
            [
              -81.7035580003711,
              29.8379859999251
            ],
            [
              -81.7044220000113,
              29.8379730000164
            ],
            [
              -81.7047099998914,
              29.8379699999774
            ],
            [
              -81.7049729996571,
              29.8379609998595
            ],
            [
              -81.7057640004008,
              29.8379380000743
            ],
            [
              -81.7060289998163,
              29.8379310002403
            ],
            [
              -81.7065760001625,
              29.8379190000784
            ],
            [
              -81.7074189998864,
              29.8378970000376
            ],
            [
              -81.7094979996945,
              29.837843999813
            ],
            [
              -81.7115930002945,
              29.8378170002023
            ],
            [
              -81.7129850000144,
              29.8378010002276
            ],
            [
              -81.7130290003953,
              29.8377989999383
            ],
            [
              -81.7157459998879,
              29.8377639999352
            ],
            [
              -81.716730000077,
              29.8377519997534
            ],
            [
              -81.720060000038,
              29.8376550000475
            ],
            [
              -81.7234400002278,
              29.8375879999789
            ],
            [
              -81.7240290004067,
              29.8375729997247
            ],
            [
              -81.726788999557,
              29.8375109999492
            ],
            [
              -81.7268399996106,
              29.8375109999492
            ],
            [
              -81.7268599997022,
              29.8375100001912
            ],
            [
              -81.7286389999346,
              29.8374850000066
            ],
            [
              -81.7292730003195,
              29.8374720000329
            ],
            [
              -81.7314800001741,
              29.8374309998048
            ],
            [
              -81.7332090001778,
              29.8374149997683
            ],
            [
              -81.7350989998401,
              29.8373900003391
            ],
            [
              -81.7367220004369,
              29.8373780001122
            ],
            [
              -81.7372089996104,
              29.8373750000552
            ],
            [
              -81.7392070001259,
              29.8373260001512
            ],
            [
              -81.7393800003783,
              29.8373200000341
            ],
            [
              -81.7394099996172,
              29.8373200000341
            ],
            [
              -81.7399000000619,
              29.8373209997939
            ],
            [
              -81.7400740001392,
              29.837309000338
            ],
            [
              -81.7401949996148,
              29.8373060002789
            ],
            [
              -81.7405579998379,
              29.8373009999206
            ],
            [
              -81.7406800000366,
              29.8372989996214
            ],
            [
              -81.742308999583,
              29.8372719998634
            ],
            [
              -81.7437399996609,
              29.83724999968
            ],
            [
              -81.7459900000716,
              29.8372199998472
            ],
            [
              -81.7471960000186,
              29.8371999999537
            ],
            [
              -81.7488260002881,
              29.8371749996916
            ],
            [
              -81.7492599997581,
              29.8371670000427
            ],
            [
              -81.7505650003376,
              29.837146000377
            ],
            [
              -81.7509999996325,
              29.8371400002491
            ],
            [
              -81.752049000119,
              29.8371259996894
            ],
            [
              -81.7522590001813,
              29.8371210001013
            ],
            [
              -81.754249000301,
              29.8370880001642
            ],
            [
              -81.7560379996809,
              29.8370620001117
            ],
            [
              -81.7568989998464,
              29.8370499998453
            ],
            [
              -81.7572999997044,
              29.8370499998453
            ],
            [
              -81.7572999997044,
              29.8370690000065
            ],
            [
              -81.75779900037,
              29.8370590000452
            ],
            [
              -81.7592990000449,
              29.8370309996804
            ],
            [
              -81.75937000019,
              29.8370299999177
            ],
            [
              -81.7596100003895,
              29.837027999613
            ],
            [
              -81.7598000003603,
              29.8370269998504
            ],
            [
              -81.7622699999807,
              29.8370099999861
            ],
            [
              -81.7627880000145,
              29.8370039998501
            ],
            [
              -81.7667799999495,
              29.8369600001397
            ],
            [
              -81.7717529997005,
              29.8369189997015
            ],
            [
              -81.772869999959,
              29.8369100002682
            ],
            [
              -81.774742000078,
              29.8368780000256
            ],
            [
              -81.7748559998807,
              29.8368759997178
            ],
            [
              -81.7751980001876,
              29.836870000353
            ],
            [
              -81.7753129998153,
              29.8368689998094
            ],
            [
              -81.7758400000699,
              29.8368600003717
            ],
            [
              -81.7771149996139,
              29.8368480000811
            ],
            [
              -81.7802100002966,
              29.8368199996572
            ],
            [
              -81.7825219997332,
              29.8367940003142
            ],
            [
              -81.7843250002551,
              29.8367740003353
            ],
            [
              -81.7866119995774,
              29.8367510002768
            ],
            [
              -81.7869020000056,
              29.8367510002768
            ],
            [
              -81.7900520000416,
              29.8367450001251
            ],
            [
              -81.7933979998962,
              29.8367180002175
            ],
            [
              -81.7946380001783,
              29.836695000146
            ],
            [
              -81.7972180003019,
              29.8366489999873
            ],
            [
              -81.7972319996473,
              29.8366499997538
            ],
            [
              -81.7987819995509,
              29.8365989999602
            ],
            [
              -81.7992229995919,
              29.8365920000323
            ],
            [
              -81.7992760001936,
              29.8365910002652
            ],
            [
              -81.7993270002473,
              29.8365899997188
            ],
            [
              -81.800246999964,
              29.8365829997903
            ],
            [
              -81.8022439997564,
              29.8365699996992
            ],
            [
              -81.8031629996482,
              29.836566999618
            ],
            [
              -81.8041350001419,
              29.8365640003159
            ],
            [
              -81.8042239998303,
              29.8365620000019
            ],
            [
              -81.8044919996189,
              29.8365589999204
            ],
            [
              -81.8045820000306,
              29.8365580001529
            ],
            [
              -81.8051899995778,
              29.8365499996755
            ],
            [
              -81.8061510002008,
              29.8365419999766
            ],
            [
              -81.8078600001131,
              29.8365299996478
            ],
            [
              -81.8108600003612,
              29.8364959997474
            ],
            [
              -81.8123299998989,
              29.8364800003403
            ],
            [
              -81.8124300003563,
              29.8364900003597
            ],
            [
              -81.812620000327,
              29.8363199998947
            ],
            [
              -81.8136200004098,
              29.8354700002435
            ],
            [
              -81.8143500001558,
              29.8347499998502
            ],
            [
              -81.8143989996612,
              29.8347109996353
            ],
            [
              -81.8147600002346,
              29.8344300001744
            ],
            [
              -81.8153900004214,
              29.8339900002128
            ],
            [
              -81.8158099996477,
              29.8336100001742
            ],
            [
              -81.8172399999007,
              29.8319099997368
            ],
            [
              -81.8178099998131,
              29.8313829997674
            ],
            [
              -81.8180199998754,
              29.8311900001834
            ],
            [
              -81.8187300004282,
              29.8306100001468
            ],
            [
              -81.8191399996087,
              29.8302400003665
            ],
            [
              -81.8196900003279,
              29.8295700001422
            ],
            [
              -81.8200350001094,
              29.8291320002818
            ],
            [
              -81.8204400001654,
              29.8286199997302
            ],
            [
              -81.8209899999863,
              29.8277200002373
            ],
            [
              -81.8212999996076,
              29.827270000179
            ],
            [
              -81.8214829999057,
              29.8269119996482
            ],
            [
              -81.8215199997157,
              29.8268400000657
            ],
            [
              -81.8216620000059,
              29.8266370000543
            ],
            [
              -81.8218720000682,
              29.8263400002354
            ],
            [
              -81.8223130001091,
              29.8260409997884
            ],
            [
              -81.8223890002771,
              29.825990999908
            ],
            [
              -81.8226660002866,
              29.8258140003791
            ],
            [
              -81.8228839998465,
              29.8256710002359
            ],
            [
              -81.8232839998795,
              29.8255710000795
            ],
            [
              -81.8246100003755,
              29.8253989999818
            ],
            [
              -81.8260730002405,
              29.8252100000542
            ],
            [
              -81.826522999604,
              29.8250799998552
            ],
            [
              -81.8274220003026,
              29.824649999671
            ],
            [
              -81.8278919997576,
              29.8244199997737
            ],
            [
              -81.8291110001234,
              29.8234299996625
            ],
            [
              -81.8297660004246,
              29.8229040000778
            ],
            [
              -81.8298890004483,
              29.8228060000804
            ],
            [
              -81.8306200000192,
              29.8222200002381
            ],
            [
              -81.8314500002225,
              29.8215400000647
            ],
            [
              -81.8320629997926,
              29.8210500002239
            ],
            [
              -81.8321900000143,
              29.8209500001203
            ],
            [
              -81.8333499999305,
              29.8198299999189
            ],
            [
              -81.8337569996363,
              29.8194149996154
            ],
            [
              -81.8343080001804,
              29.8188560002225
            ],
            [
              -81.8345600000755,
              29.8186000000621
            ],
            [
              -81.835530000021,
              29.8175809996659
            ],
            [
              -81.8355640003562,
              29.8175429997226
            ],
            [
              -81.8363610000493,
              29.8166910001943
            ],
            [
              -81.8366709996707,
              29.816391999721
            ],
            [
              -81.8370010002819,
              29.816142000096
            ],
            [
              -81.8379519999608,
              29.8155029997751
            ],
            [
              -81.8398790003313,
              29.8142549998532
            ],
            [
              -81.8413630001127,
              29.8132949996256
            ],
            [
              -81.8414049999455,
              29.8132689996179
            ],
            [
              -81.8414629996717,
              29.8132330003755
            ],
            [
              -81.8423389999059,
              29.8126860000081
            ],
            [
              -81.8433719996006,
              29.8120430001531
            ],
            [
              -81.8451020003276,
              29.8108809997039
            ],
            [
              -81.8457299999663,
              29.8104600002758
            ],
            [
              -81.8460300004402,
              29.81028999996
            ],
            [
              -81.8460399995876,
              29.8102599998283
            ],
            [
              -81.8460510003567,
              29.8102529996144
            ],
            [
              -81.846148000441,
              29.810190000006
            ],
            [
              -81.8461650001594,
              29.8101799996933
            ],
            [
              -81.8461819998779,
              29.8101690001276
            ],
            [
              -81.8462839999851,
              29.8101020003379
            ],
            [
              -81.8465960001547,
              29.8099040000221
            ],
            [
              -81.8466999999117,
              29.809840000159
            ],
            [
              -81.8466999999117,
              29.8098299998113
            ],
            [
              -81.8469009997532,
              29.8096949996964
            ],
            [
              -81.8472129999227,
              29.8094929999811
            ],
            [
              -81.8475230004424,
              29.8093129999604
            ],
            [
              -81.8476559996135,
              29.8092370000102
            ],
            [
              -81.8477369998044,
              29.8091979999724
            ],
            [
              -81.8477900004061,
              29.8091700003755
            ],
            [
              -81.8479219997523,
              29.809095000359
            ],
            [
              -81.8485090002815,
              29.8088740001492
            ],
            [
              -81.8487059999249,
              29.8088010000008
            ],
            [
              -81.8487300002144,
              29.8087900002835
            ],
            [
              -81.8488259995756,
              29.8087500000257
            ],
            [
              -81.8489140003374,
              29.8087239996157
            ],
            [
              -81.8495560002198,
              29.8085409996268
            ],
            [
              -81.8497689997568,
              29.8084799998158
            ],
            [
              -81.8497699995817,
              29.808459999627
            ],
            [
              -81.8499649995754,
              29.8083940003003
            ],
            [
              -81.8505560003025,
              29.8082030000786
            ],
            [
              -81.8507560003191,
              29.8081410000099
            ],
            [
              -81.8507799997102,
              29.80813000022
            ],
            [
              -81.8510269995824,
              29.8080250001803
            ],
            [
              -81.8518459999151,
              29.8076830002221
            ],
            [
              -81.8519999999009,
              29.807619999774
            ],
            [
              -81.8525299996304,
              29.8074270002949
            ],
            [
              -81.8527890000964,
              29.8072779999899
            ],
            [
              -81.8530159998772,
              29.807148999918
            ],
            [
              -81.8533370002675,
              29.8069650001016
            ],
            [
              -81.8534379996515,
              29.8068800001272
            ],
            [
              -81.8539840001728,
              29.8063409998641
            ],
            [
              -81.8542729998778,
              29.8060810001101
            ],
            [
              -81.8544300002366,
              29.8059679996706
            ],
            [
              -81.854748000254,
              29.8057370003684
            ],
            [
              -81.8553280002121,
              29.8053499999268
            ],
            [
              -81.8558400003982,
              29.8050589997202
            ],
            [
              -81.8564899997782,
              29.8046899997678
            ],
            [
              -81.8567910000771,
              29.8045109997653
            ],
            [
              -81.85719299976,
              29.8042800002161
            ],
            [
              -81.8573690003854,
              29.804178999618
            ],
            [
              -81.8574000003475,
              29.8041600002195
            ],
            [
              -81.857601000189,
              29.8040430003571
            ],
            [
              -81.8582999999728,
              29.8036349999059
            ],
            [
              -81.8585329996013,
              29.8035000000035
            ],
            [
              -81.8586370002567,
              29.803440999654
            ],
            [
              -81.8587939997172,
              29.8033489998852
            ],
            [
              -81.8588799999309,
              29.8032999996689
            ],
            [
              -81.8595849995626,
              29.802911999828
            ],
            [
              -81.8596799999971,
              29.8028599998635
            ],
            [
              -81.8598470004017,
              29.8027629998127
            ],
            [
              -81.8599899996185,
              29.8026800003774
            ],
            [
              -81.8601400003046,
              29.8025499997244
            ],
            [
              -81.8601870001603,
              29.8024919997023
            ],
            [
              -81.8606120003077,
              29.801971999776
            ],
            [
              -81.8610049997698,
              29.8014679998224
            ],
            [
              -81.8612750001065,
              29.8011229996848
            ],
            [
              -81.8613000002209,
              29.8010900003345
            ],
            [
              -81.861624000086,
              29.8006440001824
            ],
            [
              -81.8618040000111,
              29.8003959996433
            ],
            [
              -81.8619939999819,
              29.8001869997173
            ],
            [
              -81.8621839999526,
              29.8001370001588
            ],
            [
              -81.86250199997,
              29.8001680003402
            ],
            [
              -81.8631560004463,
              29.8003160001931
            ],
            [
              -81.8632490003327,
              29.8003379999314
            ],
            [
              -81.8637349996812,
              29.8004290000019
            ],
            [
              -81.8637499997498,
              29.8004300001307
            ],
            [
              -81.8642369998215,
              29.8005119997457
            ],
            [
              -81.8642589995628,
              29.8005150001296
            ],
            [
              -81.8654689997078,
              29.8006380002018
            ],
            [
              -81.8657459997173,
              29.800669000228
            ],
            [
              -81.8662489996825,
              29.8007250002757
            ],
            [
              -81.8662899996904,
              29.8007300001253
            ],
            [
              -81.8665600000271,
              29.8007649998453
            ],
            [
              -81.8674599996524,
              29.8007969999571
            ],
            [
              -81.8682399996271,
              29.8008259996842
            ],
            [
              -81.8693500002129,
              29.8008769998021
            ],
            [
              -81.8703300002042,
              29.8008680002417
            ],
            [
              -81.8710929995621,
              29.8007839998886
            ],
            [
              -81.8717999997419,
              29.8007089998198
            ],
            [
              -81.8723000002324,
              29.8006599998692
            ],
            [
              -81.8726860000217,
              29.8006180000039
            ],
            [
              -81.8738440002882,
              29.8004929996508
            ],
            [
              -81.8739699997866,
              29.8004800003222
            ],
            [
              -81.8742309999025,
              29.8004500003662
            ],
            [
              -81.8743480000784,
              29.8004360001239
            ],
            [
              -81.8747000004309,
              29.8003950002936
            ],
            [
              -81.8748180004316,
              29.8003820001728
            ],
            [
              -81.8751940001753,
              29.8003400001908
            ],
            [
              -81.8753599998566,
              29.800323000323
            ],
            [
              -81.8763239999543,
              29.8002070000013
            ],
            [
              -81.8767010004212,
              29.800162000331
            ],
            [
              -81.8767199997895,
              29.800160000068
            ],
            [
              -81.8768649995544,
              29.8001389996429
            ],
            [
              -81.8773619996718,
              29.8000739996352
            ],
            [
              -81.8775299999014,
              29.8000529999714
            ],
            [
              -81.8775499999929,
              29.8000500003532
            ],
            [
              -81.8775750001072,
              29.800048000088
            ],
            [
              -81.8777130001994,
              29.8000409999389
            ],
            [
              -81.8777600000551,
              29.8000399998062
            ],
            [
              -81.877877000231,
              29.8000229998874
            ],
            [
              -81.8782320000582,
              29.7999749997343
            ],
            [
              -81.878350000059,
              29.7999600000714
            ],
            [
              -81.8784479999683,
              29.7999490001613
            ],
            [
              -81.8787409998712,
              29.7999190000461
            ],
            [
              -81.8788399996054,
              29.7999099996201
            ],
            [
              -81.8789230003444,
              29.7998989997045
            ],
            [
              -81.8791760000644,
              29.7998690003538
            ],
            [
              -81.87925999973,
              29.7998599999232
            ],
            [
              -81.87925999973,
              29.7998500001368
            ],
            [
              -81.8793919999745,
              29.7998289996465
            ],
            [
              -81.8797920000076,
              29.7997690001145
            ],
            [
              -81.8799269997268,
              29.7997489997429
            ],
            [
              -81.879997000047,
              29.7997470002512
            ],
            [
              -81.8800399997047,
              29.7997400000811
            ],
            [
              -81.8800770004129,
              29.7997340000463
            ],
            [
              -81.8805350001723,
              29.7996819999889
            ],
            [
              -81.8806909998079,
              29.7996670002822
            ],
            [
              -81.8808249997023,
              29.799650999657
            ],
            [
              -81.8812330001312,
              29.799611999779
            ],
            [
              -81.8813700003986,
              29.7995899998812
            ],
            [
              -81.8815960003544,
              29.7995580001628
            ],
            [
              -81.8822800000697,
              29.7994690003564
            ],
            [
              -81.8825100002234,
              29.7994400002359
            ],
            [
              -81.8829400003937,
              29.7993699998567
            ],
            [
              -81.8834969998873,
              29.7992759999611
            ],
            [
              -81.8841300004472,
              29.79916999984
            ],
            [
              -81.8852600002263,
              29.7990099996945
            ],
            [
              -81.8864669999982,
              29.7988259997177
            ],
            [
              -81.8866400002506,
              29.7987999998462
            ],
            [
              -81.8871070002308,
              29.7987370000396
            ],
            [
              -81.8874600004082,
              29.7986900001952
            ],
            [
              -81.8879530003277,
              29.7986229997319
            ],
            [
              -81.8886499995634,
              29.7985300000617
            ],
            [
              -81.8888100002953,
              29.7985100002219
            ],
            [
              -81.8894360002842,
              29.7984260002275
            ],
            [
              -81.8899300000286,
              29.7983599997369
            ],
            [
              -81.8900809996414,
              29.7983360000439
            ],
            [
              -81.8904499997123,
              29.7982800002178
            ],
            [
              -81.8905329995529,
              29.7982540002045
            ],
            [
              -81.890679999866,
              29.7982099998066
            ],
            [
              -81.8913510000608,
              29.7979320003183
            ],
            [
              -81.8927600003974,
              29.7973500003348
            ],
            [
              -81.8933660002948,
              29.7971030003674
            ],
            [
              -81.8940399999643,
              29.7968300001864
            ],
            [
              -81.8942190000644,
              29.7967540001062
            ],
            [
              -81.8947599996644,
              29.796526000299
            ],
            [
              -81.8949399995895,
              29.7964499999879
            ],
            [
              -81.8950550001156,
              29.7964010002902
            ],
            [
              -81.895404000095,
              29.7962570000053
            ],
            [
              -81.895520000446,
              29.7962099997755
            ],
            [
              -81.8958269996943,
              29.7960680003401
            ],
            [
              -81.8965199996304,
              29.7957500003577
            ],
            [
              -81.8967499997842,
              29.7956470001492
            ],
            [
              -81.8970589995807,
              29.7955100000254
            ],
            [
              -81.8971349997486,
              29.7954750000263
            ],
            [
              -81.8973630002526,
              29.7953739998935
            ],
            [
              -81.8974400002455,
              29.7953400000264
            ],
            [
              -81.8978000000956,
              29.7951900002459
            ],
            [
              -81.8979919997162,
              29.7951040002185
            ],
            [
              -81.8990400003778,
              29.7946399996472
            ],
            [
              -81.8996000002445,
              29.794379999885
            ],
            [
              -81.8996360002294,
              29.7943639999735
            ],
            [
              -81.8998899997743,
              29.794259999707
            ],
            [
              -81.9001900002483,
              29.7941299998065
            ],
            [
              -81.900889999857,
              29.793939999828
            ],
            [
              -81.9010930002466,
              29.7938900002661
            ],
            [
              -81.9030599999018,
              29.7934100002381
            ],
            [
              -81.903779999602,
              29.7932599999034
            ],
            [
              -81.903823000158,
              29.7932490000362
            ],
            [
              -81.9042199998181,
              29.7931499996189
            ],
            [
              -81.9047400004,
              29.7930699998322
            ],
            [
              -81.9047599995932,
              29.7930699998322
            ],
            [
              -81.9050790003338,
              29.7930600001467
            ],
            [
              -81.9053599996429,
              29.7930699998322
            ],
            [
              -81.9057399995844,
              29.7931499996189
            ],
            [
              -81.9061899998462,
              29.7932599999034
            ],
            [
              -81.9065699997878,
              29.7933200002202
            ],
            [
              -81.9074400001742,
              29.7934199998886
            ],
            [
              -81.9082999996165,
              29.7935299998763
            ],
            [
              -81.9089299998034,
              29.7935699999835
            ],
            [
              -81.9092600004146,
              29.7935600003481
            ],
            [
              -81.9095099997615,
              29.7935200002368
            ],
            [
              -81.9096889998616,
              29.7934760000959
            ],
            [
              -81.9097099997781,
              29.7934699996854
            ],
            [
              -81.9099290000612,
              29.7934159998726
            ],
            [
              -81.9101059996132,
              29.7933559996134
            ],
            [
              -81.9104089995618,
              29.793255999881
            ],
            [
              -81.9110189996573,
              29.7929870001516
            ],
            [
              -81.9117190001643,
              29.7926070001711
            ],
            [
              -81.9117850002865,
              29.7925709997288
            ],
            [
              -81.9123340002825,
              29.7922850000429
            ],
            [
              -81.9125190002305,
              29.7921879998739
            ],
            [
              -81.9126980003306,
              29.7920900001782
            ],
            [
              -81.9133290003424,
              29.7917489997496
            ],
            [
              -81.9137589996143,
              29.7915390002541
            ],
            [
              -81.9137979999724,
              29.7915259997622
            ],
            [
              -81.9141920001577,
              29.7913990000857
            ],
            [
              -81.9142330001656,
              29.791149999798
            ],
            [
              -81.9146680003587,
              29.7904650000431
            ],
            [
              -81.9156290000834,
              29.7896040000369
            ],
            [
              -81.9160230002687,
              29.7892870000234
            ],
            [
              -81.9165710004398,
              29.7888479996479
            ],
            [
              -81.9187310004388,
              29.7875289997065
            ],
            [
              -81.9195249997588,
              29.7868689997123
            ],
            [
              -81.9202179996949,
              29.7861600000098
            ],
            [
              -81.9206339996215,
              29.7855160001141
            ],
            [
              -81.9215860000236,
              29.7838319998413
            ],
            [
              -81.9219280003304,
              29.7833099998016
            ],
            [
              -81.9234160003097,
              29.7810429998319
            ],
            [
              -81.9234969996022,
              29.7809190003009
            ],
            [
              -81.9237590004414,
              29.780207000348
            ],
            [
              -81.9238370002592,
              29.7799320001923
            ],
            [
              -81.9241510000786,
              29.7788449996149
            ],
            [
              -81.9242280000714,
              29.7785780000557
            ],
            [
              -81.9242690000794,
              29.7784339998577
            ],
            [
              -81.9246149996858,
              29.7768990002987
            ],
            [
              -81.9246309995793,
              29.7768300001123
            ],
            [
              -81.924680999808,
              29.7764450001094
            ],
            [
              -81.9246830003561,
              29.7764289996701
            ],
            [
              -81.9247579998009,
              29.7758649999025
            ],
            [
              -81.9247839997402,
              29.7756649996975
            ],
            [
              -81.9248630002812,
              29.7750660001873
            ],
            [
              -81.9248709997788,
              29.7750090002139
            ],
            [
              -81.9248990002662,
              29.7748679999348
            ],
            [
              -81.9249059999389,
              29.7748320001304
            ],
            [
              -81.924972999886,
              29.7744490002405
            ],
            [
              -81.9250420003813,
              29.7740679996702
            ],
            [
              -81.9255329997527,
              29.7733319998957
            ],
            [
              -81.9257699995792,
              29.7729799997528
            ],
            [
              -81.9257899996706,
              29.7728590000271
            ],
            [
              -81.926215999643,
              29.7720590000892
            ],
            [
              -81.9262659998717,
              29.7719550000411
            ],
            [
              -81.9268459998298,
              29.7707609999856
            ],
            [
              -81.9271200003645,
              29.7702280003655
            ],
            [
              -81.9275360002912,
              29.768787000337
            ],
            [
              -81.9277809996152,
              29.767670999686
            ],
            [
              -81.9277949998589,
              29.7675669997605
            ],
            [
              -81.927838000415,
              29.7672589996181
            ],
            [
              -81.9278529995852,
              29.7671559997262
            ],
            [
              -81.9279489998447,
              29.7665320000253
            ],
            [
              -81.9281039996554,
              29.7655390002999
            ],
            [
              -81.9281840000214,
              29.7646550001241
            ],
            [
              -81.928239000273,
              29.7640510001515
            ],
            [
              -81.9282409999228,
              29.7640270000309
            ],
            [
              -81.9282409999228,
              29.7640169997841
            ],
            [
              -81.928226999679,
              29.7637419996214
            ],
            [
              -81.9281880002193,
              29.7628899997191
            ],
            [
              -81.9281749998005,
              29.7626059997013
            ],
            [
              -81.9282519997934,
              29.7619270003607
            ],
            [
              -81.9283460004031,
              29.7611100001693
            ],
            [
              -81.9288259999038,
              29.7599830001599
            ],
            [
              -81.9290939996924,
              29.7593560001771
            ],
            [
              -81.9292460000284,
              29.7591429997455
            ],
            [
              -81.9292629997468,
              29.759119000009
            ],
            [
              -81.9297339999249,
              29.758528000297
            ],
            [
              -81.9298300001844,
              29.7584100003579
            ],
            [
              -81.9298970001316,
              29.7583249997012
            ],
            [
              -81.9299919996678,
              29.7581919998409
            ],
            [
              -81.9300739996836,
              29.7580820000224
            ],
            [
              -81.9302090003011,
              29.7577570002787
            ],
            [
              -81.930250000309,
              29.7576600001941
            ],
            [
              -81.9302750004233,
              29.7576089998949
            ],
            [
              -81.9303950000739,
              29.757369000157
            ],
            [
              -81.9304100001426,
              29.7573400003187
            ],
            [
              -81.9304560001733,
              29.757228000004
            ],
            [
              -81.9305299997932,
              29.7570499999146
            ],
            [
              -81.9307399998555,
              29.7566400001972
            ],
            [
              -81.9308970002143,
              29.7564240000862
            ],
            [
              -81.9311099997513,
              29.7561300002052
            ],
            [
              -81.9312539996913,
              29.7559819997585
            ],
            [
              -81.9316599995722,
              29.755569999977
            ],
            [
              -81.9322200003372,
              29.7550200001053
            ],
            [
              -81.9324449995698,
              29.7547599996258
            ],
            [
              -81.9325500000501,
              29.7546400003167
            ],
            [
              -81.9328499996257,
              29.7543600003306
            ],
            [
              -81.9332379999632,
              29.7539850002238
            ],
            [
              -81.9334100003907,
              29.7538199997637
            ],
            [
              -81.9342999999702,
              29.7529099998374
            ],
            [
              -81.9343760001382,
              29.7528330001304
            ],
            [
              -81.9347579997296,
              29.7524520000212
            ],
            [
              -81.9348609996618,
              29.7523479998973
            ],
            [
              -81.9351729998313,
              29.7520359996584
            ],
            [
              -81.9352769995884,
              29.7519329997163
            ],
            [
              -81.9353200001444,
              29.7518899998529
            ],
            [
              -81.9356659997508,
              29.7515389998619
            ],
            [
              -81.9363999996947,
              29.7508000003866
            ],
            [
              -81.9368270003903,
              29.7503520003403
            ],
            [
              -81.9372099998066,
              29.7499519998327
            ],
            [
              -81.9372399999439,
              29.749919999848
            ],
            [
              -81.9373810004092,
              29.7497570002057
            ],
            [
              -81.937860000085,
              29.7492099999956
            ],
            [
              -81.9378940004202,
              29.7491709999678
            ],
            [
              -81.9380700001473,
              29.7489799998329
            ],
            [
              -81.9381250003989,
              29.7489190003827
            ],
            [
              -81.9382359998286,
              29.7487969998113
            ],
            [
              -81.9382800002095,
              29.7487499999224
            ],
            [
              -81.9385299995565,
              29.7484900003377
            ],
            [
              -81.9387449996416,
              29.748255999823
            ],
            [
              -81.9389129998711,
              29.7480749997834
            ],
            [
              -81.9390180003514,
              29.747962000162
            ],
            [
              -81.9392340002615,
              29.747733000131
            ],
            [
              -81.9392800002923,
              29.7476799997088
            ],
            [
              -81.9393969995698,
              29.7475339997986
            ],
            [
              -81.939426999707,
              29.747496999654
            ],
            [
              -81.9398920000375,
              29.7474750000043
            ],
            [
              -81.9400059998403,
              29.747470999713
            ],
            [
              -81.9412820001075,
              29.7474420001307
            ],
            [
              -81.9417449998898,
              29.7474249998606
            ],
            [
              -81.94203100012,
              29.7474249998606
            ],
            [
              -81.9423840002975,
              29.7474160001753
            ],
            [
              -81.9434730000686,
              29.7473919999705
            ],
            [
              -81.9442980002491,
              29.7473619997065
            ],
            [
              -81.9449440003295,
              29.7473429996646
            ],
            [
              -81.9450570003074,
              29.7473530000155
            ],
            [
              -81.9459419998641,
              29.7473359997304
            ],
            [
              -81.94667199961,
              29.74727400018
            ],
            [
              -81.9472349998498,
              29.7472800002389
            ],
            [
              -81.9480609998552,
              29.7472909996958
            ],
            [
              -81.9485169999647,
              29.7473260001577
            ],
            [
              -81.9488309997841,
              29.7473260001577
            ],
            [
              -81.9497510003992,
              29.7473299996749
            ],
            [
              -81.9500240002106,
              29.7473299996749
            ],
            [
              -81.9508450001932,
              29.7473349998511
            ],
            [
              -81.9508629997366,
              29.7473310003342
            ],
            [
              -81.9511199996545,
              29.7473349998511
            ],
            [
              -81.9518000000701,
              29.7473400000271
            ],
            [
              -81.951953000231,
              29.7473440003237
            ],
            [
              -81.9525490000826,
              29.7473609998275
            ],
            [
              -81.9541800001771,
              29.747379999866
            ],
            [
              -81.9542699996905,
              29.7473809997448
            ],
            [
              -81.9544549996384,
              29.747379999866
            ],
            [
              -81.9545390002023,
              29.747379999866
            ],
            [
              -81.9552899998646,
              29.747379999866
            ],
            [
              -81.9557719999135,
              29.7473359997304
            ],
            [
              -81.9559989996942,
              29.7473159998041
            ],
            [
              -81.9567820000419,
              29.7472690000009
            ],
            [
              -81.9567939997375,
              29.747268000121
            ],
            [
              -81.9571169997777,
              29.7472430000006
            ],
            [
              -81.9572249997327,
              29.747245999641
            ],
            [
              -81.9573929999622,
              29.7472540002416
            ],
            [
              -81.9577119998045,
              29.7472719996405
            ],
            [
              -81.957691999713,
              29.7474470003012
            ],
            [
              -81.9578509997216,
              29.7474759998821
            ],
            [
              -81.9578959999274,
              29.7474829998066
            ],
            [
              -81.9580929995709,
              29.7474600002758
            ],
            [
              -81.9583350003186,
              29.7474199996889
            ],
            [
              -81.958496999802,
              29.747396000265
            ],
            [
              -81.9588900001624,
              29.7472199996348
            ],
            [
              -81.959049999996,
              29.7472080002896
            ],
            [
              -81.9595360002427,
              29.7471799997321
            ],
            [
              -81.9596989995511,
              29.7471710000247
            ],
            [
              -81.9600140000937,
              29.7471840000351
            ],
            [
              -81.9609589999248,
              29.7472249998165
            ],
            [
              -81.9612750002922,
              29.7472389997
            ],
            [
              -81.9617299996786,
              29.7472199996348
            ],
            [
              -81.9631020002053,
              29.7471659998404
            ],
            [
              -81.9635599999647,
              29.7471500001845
            ],
            [
              -81.9636160000412,
              29.7471609996558
            ],
            [
              -81.9637900001185,
              29.7472010003459
            ],
            [
              -81.9638489996697,
              29.7472150002328
            ],
            [
              -81.9643099998022,
              29.7471950002824
            ],
            [
              -81.9656959996743,
              29.747138000051
            ],
            [
              -81.9661600001797,
              29.747119999848
            ],
            [
              -81.9663779997397,
              29.7471219996108
            ],
            [
              -81.9670349996906,
              29.7471349996275
            ],
            [
              -81.9672549997987,
              29.7471409996946
            ],
            [
              -81.9673140002483,
              29.7471420003557
            ],
            [
              -81.9674919996252,
              29.7471449999991
            ],
            [
              -81.9675519998996,
              29.7471459998802
            ],
            [
              -81.9678990002293,
              29.7471420003557
            ],
            [
              -81.9689419999697,
              29.747132999865
            ],
            [
              -81.9692900001242,
              29.7471300002212
            ],
            [
              -81.9693100002157,
              29.7471300002212
            ],
            [
              -81.969700000203,
              29.7471209997295
            ],
            [
              -81.9706800001942,
              29.7470999998788
            ],
            [
              -81.9709300004395,
              29.747092000046
            ],
            [
              -81.97133999962,
              29.7470799999055
            ],
            [
              -81.9720250000584,
              29.7470879997393
            ],
            [
              -81.9721299996405,
              29.7470900002826
            ],
            [
              -81.9733840001663,
              29.7470650001178
            ],
            [
              -81.9748310001378,
              29.7470399999469
            ],
            [
              -81.9749139999785,
              29.7470399999469
            ],
            [
              -81.9756479999224,
              29.7470279998002
            ],
            [
              -81.9758710004035,
              29.7470619996921
            ],
            [
              -81.9759080002134,
              29.7470669998818
            ],
            [
              -81.9762279998806,
              29.7471139997797
            ],
            [
              -81.977494999927,
              29.7468469998836
            ],
            [
              -81.9794380001909,
              29.7464400002133
            ],
            [
              -81.9803649995804,
              29.7462449999947
            ],
            [
              -81.981296999891,
              29.7460490002847
            ],
            [
              -81.9823120000424,
              29.7458359996521
            ],
            [
              -81.9825589999146,
              29.7457769996385
            ],
            [
              -81.9826450001283,
              29.7457560002864
            ],
            [
              -81.9832319997592,
              29.7456160000726
            ],
            [
              -81.9852419999703,
              29.7451409998129
            ],
            [
              -81.9859120003401,
              29.7449829997139
            ],
            [
              -81.9858639997612,
              29.7436520002908
            ],
            [
              -81.9873340001972,
              29.7437440003165
            ],
            [
              -81.98737600003,
              29.7437470000616
            ],
            [
              -81.9910730004121,
              29.7439520003688
            ],
            [
              -81.9911210000927,
              29.7439319997675
            ],
            [
              -81.9912499999641,
              29.7438800003695
            ],
            [
              -81.9912650000328,
              29.7438730001935
            ],
            [
              -81.9913129997133,
              29.7438519996626
            ],
            [
              -81.9913329998048,
              29.7438419997424
            ],
            [
              -81.9913939999041,
              29.7438159996335
            ],
            [
              -81.9914149998206,
              29.7438069996242
            ],
            [
              -81.9917160001195,
              29.7437450002316
            ],
            [
              -81.9920359997866,
              29.7436659998932
            ],
            [
              -81.9938910001871,
              29.7432099998041
            ],
            [
              -81.9945099996049,
              29.7430590000155
            ],
            [
              -81.9945099996049,
              29.7428799998009
            ],
            [
              -81.9945189998258,
              29.7428699997839
            ],
            [
              -81.9945699998794,
              29.7428199996837
            ],
            [
              -81.9947199996672,
              29.7427700003385
            ],
            [
              -81.9950460000804,
              29.7426539996402
            ],
            [
              -81.9950600003242,
              29.7426499999366
            ],
            [
              -81.9952300002035,
              29.7425999997266
            ],
            [
              -81.9960799996,
              29.7423910000613
            ],
            [
              -81.9961470004455,
              29.7423739997148
            ],
            [
              -81.9967320004265,
              29.7422299997384
            ],
            [
              -81.998900999748,
              29.7416969996787
            ],
            [
              -81.9998199996399,
              29.7414719999094
            ],
            [
              -82.0007779998897,
              29.7412459996954
            ],
            [
              -82.0036629996119,
              29.7405740003573
            ],
            [
              -82.0046250000597,
              29.740352000255
            ],
            [
              -82.0051129999563,
              29.7401790003722
            ],
            [
              -82.0056109998987,
              29.7400030003339
            ],
            [
              -82.0065809998442,
              29.7396619996246
            ],
            [
              -82.0070699995658,
              29.7394900000689
            ],
            [
              -82.0073580003441,
              29.739219000311
            ],
            [
              -82.0074849996674,
              29.7391020002238
            ],
            [
              -82.0077559998291,
              29.7388580000027
            ],
            [
              -82.0087619997596,
              29.7379710001436
            ],
            [
              -82.0088499996231,
              29.7378939998834
            ],
            [
              -82.0091879997319,
              29.7375939996227
            ],
            [
              -82.0092000003258,
              29.7375700001871
            ],
            [
              -82.0108499997885,
              29.7361890003699
            ],
            [
              -82.0113390004084,
              29.7358150001535
            ],
            [
              -82.0117489995889,
              29.7354600000595
            ],
            [
              -82.0119439995826,
              29.7353020003079
            ],
            [
              -82.012340000316,
              29.7350000000904
            ],
            [
              -82.0126399998916,
              29.7347419999644
            ],
            [
              -82.0126969997931,
              29.7346849996747
            ],
            [
              -82.0128709998703,
              29.7345160001855
            ],
            [
              -82.0129300003199,
              29.734459999775
            ],
            [
              -82.0130399999247,
              29.7343759998808
            ],
            [
              -82.0130879996053,
              29.7343380003326
            ],
            [
              -82.0133710003608,
              29.7341269998087
            ],
            [
              -82.0134869998135,
              29.7340390003684
            ],
            [
              -82.0134950002094,
              29.7340330002973
            ],
            [
              -82.0135400004152,
              29.7339989998882
            ],
            [
              -82.0135799996999,
              29.7339700003101
            ],
            [
              -82.0137179997922,
              29.7338679997639
            ],
            [
              -82.0137780000667,
              29.7338249999537
            ],
            [
              -82.0137970003332,
              29.7338089997295
            ],
            [
              -82.0139019999151,
              29.7337330001892
            ],
            [
              -82.0142099998867,
              29.7335099997485
            ],
            [
              -82.014279000382,
              29.7334619996972
            ],
            [
              -82.0144070004285,
              29.7333749996921
            ],
            [
              -82.0144989995918,
              29.7333110000525
            ],
            [
              -82.0145560003915,
              29.7332700000425
            ],
            [
              -82.0147770003244,
              29.7331230001926
            ],
            [
              -82.0148700002108,
              29.7330599996338
            ],
            [
              -82.0153439998637,
              29.732701999855
            ],
            [
              -82.0160900004016,
              29.7321399997563
            ],
            [
              -82.0167530002004,
              29.731607999935
            ],
            [
              -82.016840000239,
              29.7315399998013
            ],
            [
              -82.0172159999827,
              29.7312349998397
            ],
            [
              -82.0172290004014,
              29.731223000142
            ],
            [
              -82.0173680003187,
              29.7311070001295
            ],
            [
              -82.0181039999124,
              29.7305200000672
            ],
            [
              -82.0189819997963,
              29.7298209999624
            ],
            [
              -82.0196000002876,
              29.7293520001317
            ],
            [
              -82.0204170000722,
              29.7287190000908
            ],
            [
              -82.0208079998845,
              29.7284270002354
            ],
            [
              -82.0210749998482,
              29.7282289998874
            ],
            [
              -82.0217290003245,
              29.727766000082
            ],
            [
              -82.0220270002503,
              29.7275459998688
            ],
            [
              -82.0221750003883,
              29.7274349998938
            ],
            [
              -82.0228619995783,
              29.7269289998993
            ],
            [
              -82.0234469995592,
              29.7264859997395
            ],
            [
              -82.0238700000569,
              29.7261699998039
            ],
            [
              -82.0243649996262,
              29.7257569999085
            ],
            [
              -82.0249129997973,
              29.7252360001017
            ],
            [
              -82.025183000134,
              29.7249120000883
            ],
            [
              -82.0254590003185,
              29.7245850002711
            ],
            [
              -82.0258760000701,
              29.7239949999425
            ],
            [
              -82.0262529996386,
              29.7232649998387
            ],
            [
              -82.026610000014,
              29.7225550000726
            ],
            [
              -82.0270159998948,
              29.7217650001867
            ],
            [
              -82.0273239998665,
              29.7211549999801
            ],
            [
              -82.027884999558,
              29.7201749997635
            ],
            [
              -82.0279790001676,
              29.720013999671
            ],
            [
              -82.0282560001771,
              29.719593999876
            ],
            [
              -82.0287340000279,
              29.7189440002765
            ],
            [
              -82.0289170003261,
              29.7186810001678
            ],
            [
              -82.0289840002732,
              29.718678999838
            ],
            [
              -82.0291909999624,
              29.718677999673
            ],
            [
              -82.0292610002826,
              29.7186800000028
            ],
            [
              -82.0324430001056,
              29.7186770002883
            ],
            [
              -82.0419910001227,
              29.7186720002438
            ],
            [
              -82.0451739997706,
              29.7186710000788
            ],
            [
              -82.0451860003646,
              29.7186720002438
            ],
            [
              -82.0454819997422,
              29.7186720002438
            ],
            [
              -82.0459870002556,
              29.7186710000788
            ],
            [
              -82.0484290002869,
              29.7186699999138
            ],
            [
              -82.0492440004217,
              29.7186699999138
            ],
            [
              -82.0491670004288,
              29.7190709997382
            ],
            [
              -82.0489359995518,
              29.7202780003366
            ],
            [
              -82.0488600002821,
              29.7206800001228
            ],
            [
              -82.0487899999619,
              29.721330000182
            ],
            [
              -82.0487869995889,
              29.7213630000655
            ],
            [
              -82.048709999596,
              29.72222000012
            ],
            [
              -82.0486200000826,
              29.7233099997315
            ],
            [
              -82.048609000212,
              29.7234159997806
            ],
            [
              -82.0485399997167,
              29.7240999999374
            ],
            [
              -82.0485149996023,
              29.7242979998517
            ],
            [
              -82.0484800003405,
              29.7245900000211
            ],
            [
              -82.0484500002033,
              29.7247700002151
            ],
            [
              -82.0484379996094,
              29.7248910002681
            ],
            [
              -82.0484200000661,
              29.7250900002829
            ],
            [
              -82.0483980003248,
              29.7253369999641
            ],
            [
              -82.0483799998831,
              29.7255599998489
            ],
            [
              -82.0483099995629,
              29.726070000091
            ],
            [
              -82.0482979998673,
              29.72632499963
            ],
            [
              -82.0482900003697,
              29.7264900000878
            ],
            [
              -82.0479830002231,
              29.7299390000071
            ],
            [
              -82.0479849998729,
              29.7302020002551
            ],
            [
              -82.0481100004447,
              29.7306950003188
            ],
            [
              -82.0475720003193,
              29.7326639996728
            ],
            [
              -82.0475620002736,
              29.7327400000229
            ],
            [
              -82.0475339997862,
              29.7329699999927
            ],
            [
              -82.0475249995654,
              29.7330470001327
            ],
            [
              -82.0474960001513,
              29.7332810002561
            ],
            [
              -82.0474130003106,
              29.7339849997163
            ],
            [
              -82.0473849998233,
              29.734220000002
            ],
            [
              -82.0473730001277,
              29.7343380003326
            ],
            [
              -82.0473389997925,
              29.734691999712
            ],
            [
              -82.0473279999219,
              29.7348110002717
            ],
            [
              -82.0473289997468,
              29.7348849997685
            ],
            [
              -82.0473320001198,
              29.7351110002761
            ],
            [
              -82.0473329999448,
              29.735186000332
            ],
            [
              -82.0473239997239,
              29.735270000328
            ],
            [
              -82.0473010001577,
              29.735524999885
            ],
            [
              -82.0472929997617,
              29.7356100003733
            ],
            [
              -82.0471920003777,
              29.736585999662
            ],
            [
              -82.0468919999038,
              29.7395139998251
            ],
            [
              -82.0467920003447,
              29.7404910000709
            ],
            [
              -82.046557999993,
              29.742767999709
            ],
            [
              -82.0461119999291,
              29.74712900034
            ],
            [
              -82.0461510002872,
              29.7496129999138
            ],
            [
              -82.0461610003329,
              29.7502440001968
            ],
            [
              -82.0462190000592,
              29.7519020001975
            ],
            [
              -82.0462170004094,
              29.7522649999986
            ],
            [
              -82.0462109996633,
              29.7533559997314
            ],
            [
              -82.0462099998384,
              29.7537200003215
            ],
            [
              -82.0462099998384,
              29.7547099999961
            ],
            [
              -82.0462149998612,
              29.7547570002101
            ],
            [
              -82.0462199998841,
              29.7547900000155
            ],
            [
              -82.0462199998841,
              29.7552590002091
            ],
            [
              -82.0462220004323,
              29.7554709997393
            ],
            [
              -82.0462349999528,
              29.7568449998757
            ],
            [
              -82.0462530003944,
              29.7588550001884
            ],
            [
              -82.046256999694,
              29.7592929997231
            ],
            [
              -82.0462299999299,
              29.7603099999823
            ],
            [
              -82.0462500000213,
              29.7606100001186
            ],
            [
              -82.0462500000213,
              29.7606389997904
            ],
            [
              -82.0462600000671,
              29.7610899998721
            ],
            [
              -82.0462869998313,
              29.7612910000656
            ],
            [
              -82.046369999672,
              29.761896000034
            ],
            [
              -82.0463980001593,
              29.7620979999023
            ],
            [
              -82.0463970003345,
              29.7623980001441
            ],
            [
              -82.0463930001364,
              29.7632829996791
            ],
            [
              -82.0463889999385,
              29.7645179996969
            ],
            [
              -82.0463820002658,
              29.7662719997825
            ],
            [
              -82.0463799997177,
              29.7668390003789
            ],
            [
              -82.0463760004181,
              29.7680249998973
            ],
            [
              -82.0463749996948,
              29.7682339999194
            ],
            [
              -82.0463749996948,
              29.7682669999652
            ],
            [
              -82.0464380003423,
              29.7688570002709
            ],
            [
              -82.0464540002359,
              29.7690010002039
            ],
            [
              -82.0464530004109,
              29.7690660001166
            ],
            [
              -82.0464500000379,
              29.7692870001284
            ],
            [
              -82.046445000015,
              29.7697259997216
            ],
            [
              -82.0464380003423,
              29.7699500003571
            ],
            [
              -82.0464330003195,
              29.7701709999779
            ],
            [
              -82.046405999657,
              29.771145000365
            ],
            [
              -82.0463250003644,
              29.7740690000625
            ],
            [
              -82.0462990004252,
              29.7750440003518
            ],
            [
              -82.0462950002272,
              29.7751890003478
            ],
            [
              -82.0462979997019,
              29.7752329999501
            ],
            [
              -82.0463420000829,
              29.7757979997536
            ],
            [
              -82.0463470001058,
              29.7758539996833
            ],
            [
              -82.0463470001058,
              29.7759879998613
            ],
            [
              -82.0463389997098,
              29.776348000185
            ],
            [
              -82.0463169999685,
              29.7774289999869
            ],
            [
              -82.0463100002958,
              29.7777900001635
            ],
            [
              -82.0463189996183,
              29.7779189998806
            ],
            [
              -82.0463300003873,
              29.7780599997622
            ],
            [
              -82.0463300003873,
              29.7781799998701
            ],
            [
              -82.0462960000521,
              29.7783060003741
            ],
            [
              -82.0462640002651,
              29.7784319999401
            ],
            [
              -82.0463749996948,
              29.7786519999903
            ],
            [
              -82.0463780000679,
              29.7788299999039
            ],
            [
              -82.0464070003802,
              29.7801069999534
            ],
            [
              -82.0464170004259,
              29.7805319997708
            ],
            [
              -82.046405999657,
              29.7805860002973
            ],
            [
              -82.046369999672,
              29.7807480001422
            ],
            [
              -82.0463599996262,
              29.7807999999022
            ],
            [
              -82.046340000433,
              29.7807999999022
            ],
            [
              -82.0463639998241,
              29.7810300003159
            ],
            [
              -82.0463899997634,
              29.7812800003695
            ],
            [
              -82.0464190000757,
              29.7817249999653
            ],
            [
              -82.0464299999464,
              29.7818799996666
            ],
            [
              -82.0464349999693,
              29.7819569996604
            ],
            [
              -82.0464199999007,
              29.7821210002497
            ],
            [
              -82.0463770002429,
              29.7826159997671
            ],
            [
              -82.0463629999993,
              29.7827810003618
            ],
            [
              -82.0463749996948,
              29.7831580001
            ],
            [
              -82.0464109996798,
              29.7842909999527
            ],
            [
              -82.0464240000986,
              29.7846689997483
            ],
            [
              -82.0463799997177,
              29.7846900003014
            ],
            [
              -82.0463770002429,
              29.7849830002835
            ],
            [
              -82.0463720002201,
              29.785861999762
            ],
            [
              -82.0463710003952,
              29.7861559997036
            ],
            [
              -82.0463680000221,
              29.786636000219
            ],
            [
              -82.0463629999993,
              29.7880759996484
            ],
            [
              -82.0463620001744,
              29.7885569997797
            ],
            [
              -82.0463599996262,
              29.7888519998465
            ],
            [
              -82.0463599996262,
              29.7891409999329
            ],
            [
              -82.0463660003723,
              29.7897370002871
            ],
            [
              -82.046369999672,
              29.7900319999942
            ],
            [
              -82.046369999672,
              29.7900590000376
            ],
            [
              -82.046369999672,
              29.7900809996922
            ],
            [
              -82.0463710003952,
              29.7901430000395
            ],
            [
              -82.0463720002201,
              29.7901710002843
            ],
            [
              -82.0463720002201,
              29.7902029998862
            ],
            [
              -82.0463830000908,
              29.7902950000492
            ],
            [
              -82.0463880001137,
              29.7903260001613
            ],
            [
              -82.0464020003573,
              29.7904359996518
            ],
            [
              -82.0464469996648,
              29.7907659997367
            ],
            [
              -82.0464619997335,
              29.7908769997474
            ],
            [
              -82.0464829996499,
              29.7913560000114
            ],
            [
              -82.0465370000766,
              29.7925840000849
            ],
            [
              -82.0465410002745,
              29.7926820000763
            ],
            [
              -82.0465460002974,
              29.7927939997263
            ],
            [
              -82.0465670002138,
              29.7932740003703
            ],
            [
              -82.0465760004346,
              29.7934970003604
            ],
            [
              -82.0466049998486,
              29.7941669998793
            ],
            [
              -82.0466149998943,
              29.7943909996278
            ],
            [
              -82.0466209997421,
              29.7945300001001
            ],
            [
              -82.0466390001838,
              29.7949479997625
            ],
            [
              -82.0466459998565,
              29.7950879996432
            ],
            [
              -82.0466459998565,
              29.7951000002698
            ],
            [
              -82.0466480004046,
              29.7951390003474
            ],
            [
              -82.0466490002295,
              29.7951520003699
            ],
            [
              -82.0466550000773,
              29.795288000024
            ],
            [
              -82.046657999552,
              29.7953479999044
            ],
            [
              -82.046633000336,
              29.7954389998363
            ],
            [
              -82.0465789999093,
              29.795635999765
            ],
            [
              -82.0465639998407,
              29.7956870001898
            ],
            [
              -82.0465279998557,
              29.7958189999765
            ],
            [
              -82.0465529999701,
              29.796051999919
            ],
            [
              -82.0466170004425,
              29.7966059996614
            ],
            [
              -82.0466240001151,
              29.7966729999162
            ],
            [
              -82.046633000336,
              29.7967540001062
            ],
            [
              -82.0466600001002,
              29.7969880003733
            ],
            [
              -82.0466910000623,
              29.7972209999324
            ],
            [
              -82.0467859995986,
              29.7979229997133
            ],
            [
              -82.046818000284,
              29.7981570003648
            ],
            [
              -82.0468030002153,
              29.7986310001271
            ],
            [
              -82.0467580000095,
              29.8000529999714
            ],
            [
              -82.0467549996364,
              29.8001440003012
            ],
            [
              -82.0467429999409,
              29.8005270001053
            ],
            [
              -82.0467389997429,
              29.8007509996469
            ],
            [
              -82.0467310002453,
              29.8013460001107
            ],
            [
              -82.046705000306,
              29.8014180001247
            ],
            [
              -82.046629999963,
              29.801630000168
            ],
            [
              -82.0466059996735,
              29.8017030000935
            ],
            [
              -82.0465350004267,
              29.8019249998923
            ],
            [
              -82.0465119999622,
              29.8019989997157
            ],
            [
              -82.0465320000537,
              29.8020240002021
            ],
            [
              -82.046557999993,
              29.8021109998501
            ],
            [
              -82.0465699996885,
              29.8021399999759
            ],
            [
              -82.0466249999401,
              29.8024429998456
            ],
            [
              -82.0467930001696,
              29.8033520001842
            ],
            [
              -82.0468490002461,
              29.8036560003767
            ],
            [
              -82.046809999888,
              29.8038090002217
            ],
            [
              -82.0467119999787,
              29.8042079999236
            ],
            [
              -82.04673399972,
              29.8042659997303
            ],
            [
              -82.0467909996214,
              29.8044139997564
            ],
            [
              -82.0467749997279,
              29.8044409998165
            ],
            [
              -82.0467270000474,
              29.804524000129
            ],
            [
              -82.0467119999787,
              29.804552000247
            ],
            [
              -82.046706000131,
              29.8046289999466
            ],
            [
              -82.0466900002374,
              29.8048629997228
            ],
            [
              -82.0466860000395,
              29.8049410000462
            ],
            [
              -82.0466850002146,
              29.8053659996404
            ],
            [
              -82.0466850002146,
              29.8063949997162
            ],
            [
              -82.0466810000166,
              29.8066440002595
            ],
            [
              -82.0466750001688,
              29.8070699996952
            ],
            [
              -82.0466679995978,
              29.8075020000035
            ],
            [
              -82.0466640002982,
              29.8077279996271
            ],
            [
              -82.04666199975,
              29.8079340000047
            ],
            [
              -82.0466430003817,
              29.8091480002414
            ],
            [
              -82.0466340001609,
              29.8097040000216
            ],
            [
              -82.0466240001151,
              29.8103629998009
            ],
            [
              -82.0466149998943,
              29.8108799996796
            ],
            [
              -82.0466049998486,
              29.8115649999611
            ],
            [
              -82.0465449995742,
              29.8124289996288
            ],
            [
              -82.0465100003123,
              29.8129449997343
            ],
            [
              -82.0465100003123,
              29.8133890003765
            ],
            [
              -82.0465560003431,
              29.8139489999338
            ],
            [
              -82.0466380003589,
              29.8149399996175
            ],
            [
              -82.046701999933,
              29.8157140003839
            ],
            [
              -82.0467920003447,
              29.8168000003479
            ],
            [
              -82.0468199999337,
              29.8174899996134
            ],
            [
              -82.0467809995757,
              29.8179390001052
            ],
            [
              -82.0465420000994,
              29.8188899998901
            ],
            [
              -82.0465039995662,
              29.8195940002186
            ],
            [
              -82.0465529999701,
              29.8207430001334
            ],
            [
              -82.0465999998257,
              29.8218440003014
            ],
            [
              -82.0467039995828,
              29.8227259998522
            ],
            [
              -82.0467820002989,
              29.8233839996314
            ],
            [
              -82.0466829996664,
              29.8236189998388
            ],
            [
              -82.0466829996664,
              29.8265830002238
            ],
            [
              -82.0466829996664,
              29.826737999789
            ],
            [
              -82.0466860000395,
              29.8267499997353
            ],
            [
              -82.04680599969,
              29.827237999966
            ],
            [
              -82.0468469996979,
              29.8274009997262
            ],
            [
              -82.0468619997665,
              29.8274619996829
            ],
            [
              -82.0468640003147,
              29.8278120001834
            ],
            [
              -82.0468729996372,
              29.8290509998198
            ],
            [
              -82.0468760000102,
              29.8294650000197
            ],
            [
              -82.0468769998352,
              29.8297840001763
            ],
            [
              -82.0468779996601,
              29.8298439996231
            ],
            [
              -82.0468810000331,
              29.8302230001267
            ],
            [
              -82.0468840004062,
              29.8306429998858
            ],
            [
              -82.0468840004062,
              29.8307429996424
            ],
            [
              -82.0468869998809,
              29.8310630002173
            ],
            [
              -82.0468879997058,
              29.8312799996319
            ],
            [
              -82.0468900002539,
              29.8316720000947
            ],
            [
              -82.0468929997287,
              29.8319410001986
            ],
            [
              -82.0469000002997,
              29.8334999998523
            ],
            [
              -82.0469029997744,
              29.8341100002528
            ],
            [
              -82.0469060001475,
              29.8347370002997
            ],
            [
              -82.0469150003683,
              29.8366180002071
            ],
            [
              -82.046917999843,
              29.8371690003445
            ],
            [
              -82.046917999843,
              29.8372129999629
            ],
            [
              -82.0469200003912,
              29.8372459998587
            ],
            [
              -82.0469610003991,
              29.8379470001943
            ],
            [
              -82.0469799997673,
              29.8382559999216
            ],
            [
              -82.0470040000567,
              29.83864699976
            ],
            [
              -82.0470199999503,
              29.8389140002968
            ],
            [
              -82.0470879997224,
              29.8400510002478
            ],
            [
              -82.0471299995552,
              29.8407530001039
            ],
            [
              -82.0471310002784,
              29.8408669999079
            ],
            [
              -82.0471310002784,
              29.8408869998464
            ],
            [
              -82.0471360003013,
              29.8412879998336
            ],
            [
              -82.0471379999511,
              29.8414230001355
            ],
            [
              -82.0471530000196,
              29.8426750001407
            ],
            [
              -82.0471980002255,
              29.8464310002637
            ],
            [
              -82.0472130002941,
              29.8476840002528
            ],
            [
              -82.0472140001191,
              29.8477649996314
            ],
            [
              -82.0472140001191,
              29.8477799999131
            ],
            [
              -82.0472169995938,
              29.8480679998988
            ],
            [
              -82.047219000142,
              29.8481649996204
            ],
            [
              -82.0472259998146,
              29.8487319997304
            ],
            [
              -82.047246999731,
              29.8505579996777
            ],
            [
              -82.0472529995788,
              29.8511429996428
            ],
            [
              -82.0473580000591,
              29.8600790002266
            ],
            [
              -82.0473940000441,
              29.8630580003556
            ],
            [
              -82.0473980002421,
              29.8634230002527
            ],
            [
              -82.0474099999376,
              29.864520999744
            ],
            [
              -82.0474149999605,
              29.8648870000055
            ],
            [
              -82.0474400000749,
              29.8669580000722
            ],
            [
              -82.0474640003643,
              29.8688289999407
            ],
            [
              -82.0475179998927,
              29.8731710001779
            ],
            [
              -82.0475449996568,
              29.8752419996476
            ],
            [
              -82.0475570002507,
              29.8761929998739
            ],
            [
              -82.0475959997105,
              29.8790459998898
            ],
            [
              -82.0476099999542,
              29.8799460002142
            ],
            [
              -82.0476099999542,
              29.879997999784
            ],
            [
              -82.0476269996726,
              29.8813159998968
            ],
            [
              -82.0476760000764,
              29.8852720001945
            ],
            [
              -82.0476829997491,
              29.8857910003347
            ],
            [
              -82.0476929997949,
              29.8865909999575
            ],
            [
              -82.0477930002523,
              29.8946010002047
            ],
            [
              -82.0479870004211,
              29.9102399996903
            ],
            [
              -82.0479920004439,
              29.9107239997358
            ],
            [
              -82.0479949999187,
              29.9109509999203
            ],
            [
              -82.0479969995685,
              29.9111799999629
            ],
            [
              -82.0480009997664,
              29.9115329998167
            ],
            [
              -82.0480040001395,
              29.9117720003395
            ],
            [
              -82.0480069996142,
              29.912012000079
            ],
            [
              -82.048015999835,
              29.9128190002559
            ],
            [
              -82.0480180003832,
              29.9129819996222
            ],
            [
              -82.048020000033,
              29.9131450002791
            ],
            [
              -82.0480309999037,
              29.9140720002697
            ],
            [
              -82.0480309999037,
              29.9141270000291
            ],
            [
              -82.0480319997285,
              29.9141830003048
            ],
            [
              -82.0481480000795,
              29.9242230002483
            ],
            [
              -82.0481499997293,
              29.9244509996885
            ],
            [
              -82.0481539999273,
              29.9247749996747
            ],
            [
              -82.0481580001253,
              29.9250990001634
            ],
            [
              -82.0481659996229,
              29.9257210000106
            ],
            [
              -82.048196999585,
              29.9282820002595
            ],
            [
              -82.0482169996765,
              29.9298290000795
            ],
            [
              -82.0482929998444,
              29.9359679997169
            ],
            [
              -82.0483260003547,
              29.9385299996849
            ],
            [
              -82.0483079999131,
              29.9421359996164
            ],
            [
              -82.0482569998595,
              29.9529530002384
            ],
            [
              -82.048240000141,
              29.9565600003854
            ],
            [
              -82.0483099995629,
              29.9571400003016
            ],
            [
              -82.0483199996087,
              29.9572999998976
            ],
            [
              -82.0483270001796,
              29.9584600001638
            ],
            [
              -82.0483499997459,
              29.9617799999941
            ],
            [
              -82.0483799998831,
              29.9636000003117
            ],
            [
              -82.0483890001039,
              29.9641750001759
            ],
            [
              -82.0483899999289,
              29.9642199998219
            ],
            [
              -82.0483899999289,
              29.9660800000488
            ],
            [
              -82.0484400001576,
              29.967659999865
            ],
            [
              -82.0484419998074,
              29.9679699998904
            ],
            [
              -82.0484600002491,
              29.9701099999159
            ],
            [
              -82.0484400001576,
              29.9706399996342
            ],
            [
              -82.0484400001576,
              29.9721199998224
            ],
            [
              -82.0484500002033,
              29.9729799996261
            ],
            [
              -82.0484500002033,
              29.9736439998507
            ],
            [
              -82.0484500002033,
              29.9737600000861
            ],
            [
              -82.0484300001118,
              29.9743699998197
            ],
            [
              -82.0483899999289,
              29.9749600002083
            ],
            [
              -82.0483270001796,
              29.9755309999819
            ],
            [
              -82.0482500001868,
              29.9762199999098
            ],
            [
              -82.0479499997128,
              29.9772799998048
            ],
            [
              -82.0478300000622,
              29.977650000144
            ],
            [
              -82.0477699997877,
              29.9780000002269
            ],
            [
              -82.0477320001529,
              29.9789830001197
            ],
            [
              -82.0477299996048,
              29.9790400003548
            ],
            [
              -82.0476900003201,
              29.9808899998396
            ],
            [
              -82.0477299996048,
              29.9815799998125
            ],
            [
              -82.0477499996963,
              29.9824699998925
            ],
            [
              -82.0477770003588,
              29.9832969997987
            ],
            [
              -82.0477799998335,
              29.9834000000396
            ],
            [
              -82.0477799998335,
              29.9844800002491
            ],
            [
              -82.047719999559,
              29.987910000188
            ],
            [
              -82.047719999559,
              29.9895489998133
            ],
            [
              -82.047719999559,
              29.9901799999315
            ],
            [
              -82.0476800002744,
              29.9911899999349
            ],
            [
              -82.0477499996963,
              29.9922800001652
            ],
            [
              -82.0477499996963,
              29.9928299996283
            ],
            [
              -82.0477470002215,
              29.9930690001003
            ],
            [
              -82.0477449996734,
              29.9931980000998
            ],
            [
              -82.0477380000007,
              29.9935859996181
            ],
            [
              -82.0477370001758,
              29.9937160002485
            ],
            [
              -82.047719999559,
              29.9949499999563
            ],
            [
              -82.0477370001758,
              29.9953889998757
            ],
            [
              -82.0478789995677,
              29.9989429997398
            ],
            [
              -82.0478800002909,
              29.9989599999856
            ],
            [
              -82.0479649997814,
              30.0004070002585
            ],
            [
              -82.0479699998043,
              30.0004800001708
            ],
            [
              -82.0480300000787,
              30.0020799999039
            ],
            [
              -82.0481649997979,
              30.0044180003689
            ],
            [
              -82.0481849998894,
              30.0047669998074
            ],
            [
              -82.0486519998696,
              30.0128299999568
            ],
            [
              -82.0488080004036,
              30.015517999928
            ],
            [
              -82.0488080004036,
              30.015670000285
            ],
            [
              -82.0488090002285,
              30.0161290000774
            ],
            [
              -82.0488100000534,
              30.0162819997954
            ],
            [
              -82.0488109998783,
              30.0167400003517
            ],
            [
              -82.0488140002514,
              30.0181149997204
            ],
            [
              -82.0488159999012,
              30.0185739998638
            ],
            [
              -82.0488800003736,
              30.0247279998987
            ],
            [
              -82.0489129999856,
              30.0278599996169
            ],
            [
              -82.0489520003436,
              30.0315840000027
            ],
            [
              -82.0489580001914,
              30.0321560000202
            ],
            [
              -82.0489640000392,
              30.0327279998473
            ],
            [
              -82.0490729998191,
              30.0431899996118
            ],
            [
              -82.0490920000857,
              30.0449950002294
            ],
            [
              -82.0491029999564,
              30.0493449999913
            ],
            [
              -82.049122000223,
              30.0506559996926
            ],
            [
              -82.0491670004288,
              30.0536009997042
            ],
            [
              -82.0491809997742,
              30.0545920001471
            ],
            [
              -82.0491969996677,
              30.0556399997687
            ],
            [
              -82.0492009998656,
              30.0559040002628
            ],
            [
              -82.0492040002387,
              30.0560819997333
            ],
            [
              -82.0492129995612,
              30.0596660002127
            ],
            [
              -82.0492419998736,
              30.0709549998181
            ],
            [
              -82.0492519999193,
              30.0747190001021
            ],
            [
              -82.0492600003152,
              30.0780889998969
            ],
            [
              -82.0492870000794,
              30.0881989999125
            ],
            [
              -82.0492910002774,
              30.0894310002402
            ],
            [
              -82.0492910002774,
              30.0895459999481
            ],
            [
              -82.0492910002774,
              30.0896599999658
            ],
            [
              -82.0492960003003,
              30.091413000386
            ],
            [
              -82.04929799995,
              30.0915689998043
            ],
            [
              -82.049298999775,
              30.0916829998213
            ],
            [
              -82.0493039997979,
              30.0920269997035
            ],
            [
              -82.049306000346,
              30.0921420002783
            ],
            [
              -82.0493110003688,
              30.09252299974
            ],
            [
              -82.0493270002624,
              30.0936660001976
            ],
            [
              -82.0493330001102,
              30.0940480002937
            ],
            [
              -82.0493389999579,
              30.094527999632
            ],
            [
              -82.0493599998743,
              30.095971000018
            ],
            [
              -82.0493670004453,
              30.0964520003882
            ],
            [
              -82.049374000118,
              30.0969889997543
            ],
            [
              -82.0493940002095,
              30.0982669998337
            ],
            [
              -82.0493930003846,
              30.0985999997789
            ],
            [
              -82.0493930003846,
              30.0991380001488
            ],
            [
              -82.0493919996614,
              30.0994299999759
            ],
            [
              -82.0493919996614,
              30.0995730000317
            ],
            [
              -82.0493919996614,
              30.1003089996222
            ],
            [
              -82.0493919996614,
              30.1006020000988
            ],
            [
              -82.0493900000116,
              30.1044700002842
            ],
            [
              -82.0493900000116,
              30.1052979997952
            ],
            [
              -82.0493890001867,
              30.1091590001774
            ],
            [
              -82.0493890001867,
              30.1102939999827
            ],
            [
              -82.0493890001867,
              30.1104169997214
            ],
            [
              -82.0493890001867,
              30.1104470003168
            ],
            [
              -82.0493880003617,
              30.1106110001986
            ],
            [
              -82.0493880003617,
              30.1107999996962
            ],
            [
              -82.0493880003617,
              30.1108929999085
            ],
            [
              -82.0493880003617,
              30.1110190000312
            ],
            [
              -82.0493880003617,
              30.1111039998814
            ],
            [
              -82.0493880003617,
              30.1112690003417
            ],
            [
              -82.0493880003617,
              30.1124859999017
            ],
            [
              -82.0493849999887,
              30.1216870000126
            ],
            [
              -82.0493849999887,
              30.1221210000772
            ],
            [
              -82.0493849999887,
              30.1238119996835
            ],
            [
              -82.0493819996157,
              30.1252380002301
            ],
            [
              -82.0493840001638,
              30.1263239997173
            ],
            [
              -82.049414000301,
              30.1389330003316
            ],
            [
              -82.0494250001717,
              30.14313599968
            ],
            [
              -82.0494259999966,
              30.1435199999442
            ],
            [
              -82.0494290003696,
              30.1446739998679
            ],
            [
              -82.0494300001945,
              30.1450590001337
            ],
            [
              -82.0494419998901,
              30.1486810000232
            ],
            [
              -82.0494350002174,
              30.1537229999171
            ],
            [
              -82.0494319998444,
              30.1569450002236
            ],
            [
              -82.0494240003468,
              30.1659810001171
            ],
            [
              -82.049410999928,
              30.1869329997066
            ],
            [
              -82.0495020001646,
              30.1888749997906
            ],
            [
              -82.0494710002024,
              30.1898660001845
            ],
            [
              -82.0493790001409,
              30.1928379997029
            ],
            [
              -82.0493490000037,
              30.1938299998706
            ],
            [
              -82.0493430001559,
              30.1953139998603
            ],
            [
              -82.0493249997142,
              30.1997659999459
            ],
            [
              -82.0493210004146,
              30.2010750001192
            ],
            [
              -82.0493199996914,
              30.2012499997492
            ],
            [
              -82.0493199996914,
              30.2013050001453
            ],
            [
              -82.0493189998665,
              30.2014339996413
            ],
            [
              -82.0492789996835,
              30.2054460002656
            ],
            [
              -82.0492720000108,
              30.2061110001256
            ],
            [
              -82.049150999637,
              30.2184810001258
            ],
            [
              -82.0491289998957,
              30.2206939998384
            ],
            [
              -82.0490810002151,
              30.2255549998512
            ],
            [
              -82.0490760001922,
              30.2260809996569
            ],
            [
              -82.0490539995526,
              30.2276519997405
            ],
            [
              -82.0489680002372,
              30.2339429996333
            ],
            [
              -82.0489399997498,
              30.2360399999155
            ],
            [
              -82.0489289998791,
              30.2367959996124
            ],
            [
              -82.0489239998563,
              30.2371759996133
            ],
            [
              -82.0488710001528,
              30.2390669998544
            ],
            [
              -82.0488500002364,
              30.2398239999163
            ],
            [
              -82.0488410000156,
              30.2401120001167
            ],
            [
              -82.0488169997261,
              30.240978000238
            ],
            [
              -82.0488159999012,
              30.2410330001538
            ],
            [
              -82.0488259999469,
              30.2412669997337
            ],
            [
              -82.0488450002135,
              30.2416859997652
            ],
            [
              -82.0489029999399,
              30.2429440003378
            ],
            [
              -82.0489160003586,
              30.2432120003432
            ],
            [
              -82.0489230000313,
              30.2433639997552
            ],
            [
              -82.0489909998034,
              30.2484210002246
            ],
            [
              -82.049198000391,
              30.2635949998315
            ],
            [
              -82.0492579997671,
              30.2679699997744
            ],
            [
              -82.0492669999879,
              30.2686530001039
            ],
            [
              -82.0492789996835,
              30.2695899996533
            ],
            [
              -82.0493180000415,
              30.2724019997554
            ],
            [
              -82.049330999562,
              30.2733400000055
            ],
            [
              -82.0493280000873,
              30.2733579996233
            ],
            [
              -82.0493170002166,
              30.2734079999233
            ],
            [
              -82.0493199996914,
              30.2734299996129
            ],
            [
              -82.0493029999729,
              30.2734299996129
            ],
            [
              -82.0492519999193,
              30.2734309996339
            ],
            [
              -82.0492360000258,
              30.2734319996549
            ],
            [
              -82.0493049996227,
              30.2750580001911
            ],
            [
              -82.049514999685,
              30.279938999844
            ],
            [
              -82.0495649999137,
              30.2810710002361
            ],
            [
              -82.0495780003325,
              30.2813660000977
            ],
            [
              -82.0495780003325,
              30.2813790000949
            ],
            [
              -82.0495799999824,
              30.281567000279
            ],
            [
              -82.0495799999824,
              30.281631000177
            ],
            [
              -82.0496040002718,
              30.2837239998103
            ],
            [
              -82.0496479997544,
              30.2875740001507
            ],
            [
              -82.0496770000667,
              30.2901969998028
            ],
            [
              -82.0497010003562,
              30.2923550002335
            ],
            [
              -82.0497020001811,
              30.2923889998151
            ],
            [
              -82.0497020001811,
              30.2925000000324
            ],
            [
              -82.0497020001811,
              30.2929349996942
            ],
            [
              -82.0497020001811,
              30.2930800001868
            ],
            [
              -82.0497020001811,
              30.293116999754
            ],
            [
              -82.0496889997623,
              30.2966260002107
            ],
            [
              -82.0496519999524,
              30.3072670000704
            ],
            [
              -82.0496410000817,
              30.310814999696
            ],
            [
              -82.0496369998838,
              30.3114310000862
            ],
            [
              -82.0496279996629,
              30.3132820001353
            ],
            [
              -82.0496260000131,
              30.313899999746
            ],
            [
              -82.0496379997087,
              30.3176069997435
            ],
            [
              -82.0496739996937,
              30.3287280002809
            ],
            [
              -82.0496870001125,
              30.3324250001577
            ],
            [
              -82.0496870001125,
              30.3324359999738
            ],
            [
              -82.0497609997323,
              30.3382280002827
            ],
            [
              -82.0499830003885,
              30.3556060000306
            ],
            [
              -82.0500570000083,
              30.3613990003496
            ],
            [
              -82.0500369999168,
              30.3616130001461
            ],
            [
              -82.0499769996424,
              30.3622570003818
            ],
            [
              -82.0499740001677,
              30.3622909997348
            ],
            [
              -82.0499680003199,
              30.3623599998445
            ],
            [
              -82.0499580002741,
              30.362471999739
            ],
            [
              -82.0499189999161,
              30.3624740002897
            ],
            [
              -82.0496899995872,
              30.362518999878
            ],
            [
              -82.0494619999816,
              30.3626069999952
            ],
            [
              -82.0485089997545,
              30.3631780001086
            ],
            [
              -82.0479229999486,
              30.3634210002316
            ],
            [
              -82.0477709996127,
              30.363485000157
            ],
            [
              -82.0476710000535,
              30.3635699997755
            ],
            [
              -82.0476169996269,
              30.363668000028
            ],
            [
              -82.0475160002429,
              30.3641190002092
            ],
            [
              -82.0475000003493,
              30.3642980001926
            ],
            [
              -82.0474660000142,
              30.3646619999192
            ],
            [
              -82.0473349995946,
              30.3651549997353
            ],
            [
              -82.0472199999668,
              30.3653020000202
            ],
            [
              -82.0470659999811,
              30.3654000000874
            ],
            [
              -82.0469069999724,
              30.365451999656
            ],
            [
              -82.0466409998336,
              30.3654829998776
            ],
            [
              -82.0465350004267,
              30.3654550000029
            ],
            [
              -82.0462860000063,
              30.365247999878
            ],
            [
              -82.046036999586,
              30.365134000341
            ],
            [
              -82.0457019998503,
              30.3650690000832
            ],
            [
              -82.0454900001381,
              30.3651089999488
            ],
            [
              -82.0453749996121,
              30.3651989997805
            ],
            [
              -82.0453050001902,
              30.3653359998648
            ],
            [
              -82.0453119998629,
              30.3654719999001
            ],
            [
              -82.0454009995514,
              30.3658180002201
            ],
            [
              -82.0453930000538,
              30.3659720000225
            ],
            [
              -82.0453460001981,
              30.3660869999836
            ],
            [
              -82.045239000068,
              30.3662229997496
            ],
            [
              -82.0451169998692,
              30.3663070002399
            ],
            [
              -82.0449570000357,
              30.3663609997974
            ],
            [
              -82.0447829999584,
              30.3663759998414
            ],
            [
              -82.0446759998283,
              30.3663549999342
            ],
            [
              -82.0445849995917,
              30.3663070002399
            ],
            [
              -82.044321000001,
              30.3661099996496
            ],
            [
              -82.0441849995586,
              30.3659610001
            ],
            [
              -82.0440880003726,
              30.3658020002368
            ],
            [
              -82.0440199997022,
              30.3656349997217
            ],
            [
              -82.0439829998923,
              30.365459000207
            ],
            [
              -82.0439770000444,
              30.3652290002227
            ],
            [
              -82.0439259999909,
              30.3651499996585
            ],
            [
              -82.0438499998229,
              30.3650979999292
            ],
            [
              -82.0437429996928,
              30.3650690000832
            ],
            [
              -82.0436370002859,
              30.3650740001641
            ],
            [
              -82.0433999995611,
              30.3651999996405
            ],
            [
              -82.0432339998797,
              30.3652429998059
            ],
            [
              -82.0429829998096,
              30.3652190000764
            ],
            [
              -82.0424969995628,
              30.3652489997374
            ],
            [
              -82.0423140001629,
              30.3653149997342
            ],
            [
              -82.0421910001393,
              30.3653809996866
            ],
            [
              -82.0421390002608,
              30.3654090003575
            ],
            [
              -82.0421099999485,
              30.3654700001859
            ],
            [
              -82.0420239997347,
              30.3656580002691
            ],
            [
              -82.0420150004122,
              30.3658190000736
            ],
            [
              -82.0420840000092,
              30.3659579997687
            ],
            [
              -82.0422949998964,
              30.3661780003153
            ],
            [
              -82.0424320001637,
              30.3662649996162
            ],
            [
              -82.0427049999752,
              30.366370999827
            ],
            [
              -82.043259999819,
              30.3664950002642
            ],
            [
              -82.0438230000587,
              30.3665179998342
            ],
            [
              -82.0440280000981,
              30.3666079999193
            ],
            [
              -82.0441190003347,
              30.3666820000823
            ],
            [
              -82.0443079995822,
              30.3668329997697
            ],
            [
              -82.0445500003299,
              30.36715700035
            ],
            [
              -82.0446099997061,
              30.3673249996541
            ],
            [
              -82.0445870001399,
              30.3675030001335
            ],
            [
              -82.0444869996824,
              30.3676720002279
            ],
            [
              -82.0443340004198,
              30.3677890001819
            ],
            [
              -82.0440530002125,
              30.367892999851
            ],
            [
              -82.043780000401,
              30.3679320002797
            ],
            [
              -82.0435739996384,
              30.3679240000738
            ],
            [
              -82.0433529997054,
              30.3678849996419
            ],
            [
              -82.042782999793,
              30.367831000151
            ],
            [
              -82.0423040001172,
              30.3677309997518
            ],
            [
              -82.0421490003065,
              30.3676799996794
            ],
            [
              -82.0419099999319,
              30.3675999997098
            ],
            [
              -82.0418339997639,
              30.3675960003683
            ],
            [
              -82.041757999596,
              30.3676200002896
            ],
            [
              -82.0417119995652,
              30.3676889997397
            ],
            [
              -82.0417269996338,
              30.3678379997565
            ],
            [
              -82.0417690003649,
              30.3679040003312
            ],
            [
              -82.041793999581,
              30.3679449996441
            ],
            [
              -82.0419469997419,
              30.3680359997969
            ],
            [
              -82.0419919999477,
              30.36812199994
            ],
            [
              -82.042097000428,
              30.3683650001792
            ],
            [
              -82.04220200001,
              30.3687420003022
            ],
            [
              -82.0421790004438,
              30.368863999638
            ],
            [
              -82.0421180003444,
              30.3689600003679
            ],
            [
              -82.0419350000463,
              30.3691460003028
            ],
            [
              -82.0417600001441,
              30.3692800000534
            ],
            [
              -82.0414389997537,
              30.3694330000124
            ],
            [
              -82.0407550000385,
              30.3695979998368
            ],
            [
              -82.0405259997097,
              30.3696710002481
            ],
            [
              -82.0404949997475,
              30.3697090001539
            ],
            [
              -82.0404269999755,
              30.369859000005
            ],
            [
              -82.0404489997167,
              30.3700199998682
            ],
            [
              -82.040478999854,
              30.370068000065
            ],
            [
              -82.0406150002964,
              30.3701130000344
            ],
            [
              -82.0407070003579,
              30.3701850002521
            ],
            [
              -82.0407669997341,
              30.3702799998771
            ],
            [
              -82.0408050002672,
              30.3704000000057
            ],
            [
              -82.0407509998406,
              30.3705559999527
            ],
            [
              -82.0405829996111,
              30.3706980000756
            ],
            [
              -82.0401569996387,
              30.3708679998752
            ],
            [
              -82.0400510002318,
              30.3708959997499
            ],
            [
              -82.0397299998415,
              30.3709859996806
            ],
            [
              -82.0395409996955,
              30.3710039999669
            ],
            [
              -82.0391749999977,
              30.3709819997028
            ],
            [
              -82.0388560001555,
              30.3710220002499
            ],
            [
              -82.0387029999946,
              30.3710909996243
            ],
            [
              -82.038466999993,
              30.3713230001409
            ],
            [
              -82.0381930003566,
              30.3714830001229
            ],
            [
              -82.0378500002249,
              30.3715930000555
            ],
            [
              -82.0377000004371,
              30.3716070002777
            ],
            [
              -82.0374469998188,
              30.3716309999893
            ],
            [
              -82.0373099995515,
              30.3717230003799
            ],
            [
              -82.0372180003883,
              30.3718480000222
            ],
            [
              -82.0371570002889,
              30.3720330000985
            ],
            [
              -82.037148999893,
              30.3721140001054
            ],
            [
              -82.0371859997029,
              30.3721769999784
            ],
            [
              -82.0372619998709,
              30.3722399998106
            ],
            [
              -82.037409000184,
              30.3722769997056
            ],
            [
              -82.0376040001777,
              30.3723250003444
            ],
            [
              -82.0377790000798,
              30.3723339999771
            ],
            [
              -82.0379230000199,
              30.3723910002154
            ],
            [
              -82.038058999564,
              30.3725360001279
            ],
            [
              -82.0381580001965,
              30.3727900001778
            ],
            [
              -82.0381409995798,
              30.3729240003594
            ],
            [
              -82.0379659996776,
              30.3732190003778
            ],
            [
              -82.0374839996288,
              30.3738979998726
            ],
            [
              -82.0372500001753,
              30.3741739998099
            ],
            [
              -82.0369260003102,
              30.3745519997736
            ],
            [
              -82.0368269996777,
              30.3747400002201
            ],
            [
              -82.0367270001186,
              30.3750060001847
            ],
            [
              -82.0367649997534,
              30.375109000169
            ],
            [
              -82.0368789995563,
              30.3751800000498
            ],
            [
              -82.0372059997944,
              30.3752229997014
            ],
            [
              -82.0375330000326,
              30.3751909997101
            ],
            [
              -82.0384329996578,
              30.3745089998269
            ],
            [
              -82.0385239998944,
              30.3744799996718
            ],
            [
              -82.0386300001996,
              30.3744870003515
            ],
            [
              -82.0387139998652,
              30.3745249999354
            ],
            [
              -82.0387740001397,
              30.374586000277
            ],
            [
              -82.0388119997745,
              30.3746929997549
            ],
            [
              -82.0388100001247,
              30.3750649999332
            ],
            [
              -82.0387799999875,
              30.3752940002744
            ],
            [
              -82.0387769996144,
              30.3753029996339
            ],
            [
              -82.0386999996215,
              30.3755339997009
            ],
            [
              -82.0385409996129,
              30.3758200002824
            ],
            [
              -82.0381110003409,
              30.3763380002678
            ],
            [
              -82.0378750003393,
              30.3767549996229
            ],
            [
              -82.0379029999284,
              30.376902000293
            ],
            [
              -82.038138000105,
              30.3771580000991
            ],
            [
              -82.0381749999149,
              30.3772220003335
            ],
            [
              -82.0381499998006,
              30.377341999691
            ],
            [
              -82.0380250001272,
              30.3774559997193
            ],
            [
              -82.0375179999639,
              30.3774499997619
            ],
            [
              -82.0373029998787,
              30.3774890002533
            ],
            [
              -82.0370779997479,
              30.3775629999307
            ],
            [
              -82.0369229999371,
              30.3776589998686
            ],
            [
              -82.0368619998378,
              30.3776969997696
            ],
            [
              -82.0367530000579,
              30.3777970000501
            ],
            [
              -82.0366740004151,
              30.3779310003432
            ],
            [
              -82.0366350000571,
              30.3780830002103
            ],
            [
              -82.0366330004073,
              30.3780959997751
            ],
            [
              -82.0366729996919,
              30.3782930002396
            ],
            [
              -82.0367139996998,
              30.3783879997356
            ],
            [
              -82.036751000408,
              30.3784730003484
            ],
            [
              -82.0370750002731,
              30.3788860002407
            ],
            [
              -82.0371380000223,
              30.3791769996742
            ],
            [
              -82.0372080003425,
              30.3792520001147
            ],
            [
              -82.0374069996358,
              30.37937200008
            ],
            [
              -82.0374600002376,
              30.3794359996396
            ],
            [
              -82.037545999553,
              30.3795390003806
            ],
            [
              -82.0376090002005,
              30.3796930002704
            ],
            [
              -82.0376639995538,
              30.3799489997414
            ],
            [
              -82.0375980003299,
              30.3801869999498
            ],
            [
              -82.0374319997502,
              30.3804869998166
            ],
            [
              -82.0370259998693,
              30.3809819998311
            ],
            [
              -82.0369329999829,
              30.3810960002636
            ],
            [
              -82.0368269996777,
              30.3811980003339
            ],
            [
              -82.0367890000429,
              30.3813030001585
            ],
            [
              -82.0368049999364,
              30.3814120001963
            ],
            [
              -82.0368900003252,
              30.3815260001272
            ],
            [
              -82.037228000434,
              30.3817259997255
            ],
            [
              -82.0375189997888,
              30.3818040003801
            ],
            [
              -82.0375809997131,
              30.3818050000702
            ],
            [
              -82.0378180004379,
              30.38181400038
            ],
            [
              -82.0380779998306,
              30.3819399999816
            ],
            [
              -82.0381480001508,
              30.3820710001824
            ],
            [
              -82.0381559996484,
              30.3822090003341
            ],
            [
              -82.0381189998385,
              30.3823139998473
            ],
            [
              -82.0380510000664,
              30.3823949998596
            ],
            [
              -82.0380450002186,
              30.3825489998988
            ],
            [
              -82.0379770004465,
              30.3826569996406
            ],
            [
              -82.0378169997147,
              30.3827459999122
            ],
            [
              -82.0377099995845,
              30.3827579999513
            ],
            [
              -82.0376409999876,
              30.382733000191
            ],
            [
              -82.0375959997817,
              30.3827670001735
            ],
            [
              -82.037589000109,
              30.3828599998369
            ],
            [
              -82.0375430000783,
              30.3828980000406
            ],
            [
              -82.0373339998409,
              30.3833989998351
            ],
            [
              -82.037216999665,
              30.3839440002941
            ],
            [
              -82.0370429995878,
              30.3842210002027
            ],
            [
              -82.0369739999908,
              30.3842930001035
            ],
            [
              -82.0367310003165,
              30.3843730003616
            ],
            [
              -82.0365260002771,
              30.3843940002732
            ],
            [
              -82.0361439997874,
              30.3844319998804
            ],
            [
              -82.036014000091,
              30.3844689998099
            ],
            [
              -82.0359150003569,
              30.3845390002039
            ],
            [
              -82.0358550000824,
              30.3846199999219
            ],
            [
              -82.0358109997015,
              30.3848509996673
            ],
            [
              -82.0358219995721,
              30.3849209997876
            ],
            [
              -82.0358349999909,
              30.3850130000687
            ],
            [
              -82.0358960000903,
              30.3851539996829
            ],
            [
              -82.0361339997416,
              30.3854080002662
            ],
            [
              -82.0364309998426,
              30.3855899997472
            ],
            [
              -82.0367739999742,
              30.3856679996424
            ],
            [
              -82.0368919999751,
              30.3857150002546
            ],
            [
              -82.037072999725,
              30.3857889999031
            ],
            [
              -82.0372329995586,
              30.3859439996658
            ],
            [
              -82.037333000016,
              30.3862600001955
            ],
            [
              -82.0372440003275,
              30.3865510001446
            ],
            [
              -82.0372059997944,
              30.3866769998379
            ],
            [
              -82.0371749998322,
              30.3868849999475
            ],
            [
              -82.037008000326,
              30.3871550002715
            ],
            [
              -82.0370090001509,
              30.3873169999527
            ],
            [
              -82.0370779997479,
              30.3874099999354
            ],
            [
              -82.0372309999087,
              30.3874899999663
            ],
            [
              -82.0379420002865,
              30.3880129997751
            ],
            [
              -82.0381249996862,
              30.3881880001305
            ],
            [
              -82.0382870000679,
              30.388500000341
            ],
            [
              -82.0383170002052,
              30.3885569996758
            ],
            [
              -82.0387380001547,
              30.3889129997032
            ],
            [
              -82.0388379997138,
              30.3890370002178
            ],
            [
              -82.0388989998131,
              30.3891800002286
            ],
            [
              -82.0389220002777,
              30.3893279996453
            ],
            [
              -82.0389099996838,
              30.3894679996203
            ],
            [
              -82.0389070002091,
              30.3894920003707
            ],
            [
              -82.0387259995608,
              30.390023999865
            ],
            [
              -82.0387339999567,
              30.3901439997759
            ],
            [
              -82.0387730003147,
              30.3902479996827
            ],
            [
              -82.0388870001176,
              30.3903749996349
            ],
            [
              -82.0397580003288,
              30.3909400003862
            ],
            [
              -82.0399280002082,
              30.3911289998986
            ],
            [
              -82.0399349998809,
              30.3911360001605
            ],
            [
              -82.0400649995772,
              30.3913849996308
            ],
            [
              -82.0400729999731,
              30.3914650002813
            ],
            [
              -82.0400429998359,
              30.3915450000915
            ],
            [
              -82.0398679999337,
              30.3917699998842
            ],
            [
              -82.0397630003517,
              30.3918740003846
            ],
            [
              -82.039632999757,
              30.3919980002406
            ],
            [
              -82.0394670000757,
              30.3923630002404
            ],
            [
              -82.039605000168,
              30.3927749999667
            ],
            [
              -82.039681000336,
              30.3929300002696
            ],
            [
              -82.0398429998193,
              30.3931850003579
            ],
            [
              -82.0400570000796,
              30.3934619996387
            ],
            [
              -82.0401490001411,
              30.3936379998758
            ],
            [
              -82.0401950001718,
              30.3938819997856
            ],
            [
              -82.0401509997909,
              30.39419300007
            ],
            [
              -82.0401750000804,
              30.3943479996727
            ],
            [
              -82.0402140004385,
              30.3944030003475
            ],
            [
              -82.0402429998525,
              30.3944449997289
            ],
            [
              -82.0402660003169,
              30.394476000054
            ],
            [
              -82.0405039999683,
              30.3946369996597
            ],
            [
              -82.0406870002664,
              30.394720000195
            ],
            [
              -82.0411290001323,
              30.394863999967
            ],
            [
              -82.0412370000874,
              30.3951070003598
            ],
            [
              -82.0412689998744,
              30.3953509996994
            ],
            [
              -82.0412310002395,
              30.3956750002814
            ],
            [
              -82.0413080002325,
              30.3958960001264
            ],
            [
              -82.0419380004193,
              30.3966079996341
            ],
            [
              -82.0419600001606,
              30.3966320001801
            ],
            [
              -82.0421090001236,
              30.396848000179
            ],
            [
              -82.0421860001164,
              30.3969089997587
            ],
            [
              -82.0422029998349,
              30.3969430002319
            ],
            [
              -82.0422279999492,
              30.3969819999169
            ],
            [
              -82.042342999577,
              30.3974249996959
            ],
            [
              -82.0425030003089,
              30.3978250000299
            ],
            [
              -82.0428160003033,
              30.3987479999494
            ],
            [
              -82.0432430001005,
              30.4001690001749
            ],
            [
              -82.0434110003301,
              30.4005679998447
            ],
            [
              -82.0437539995634,
              30.4012130001624
            ],
            [
              -82.0439219997929,
              30.4016420003283
            ],
            [
              -82.044028999923,
              30.402029000183
            ],
            [
              -82.0441970001525,
              30.4029829998331
            ],
            [
              -82.0443040002826,
              30.4032670001603
            ],
            [
              -82.0446010003836,
              30.4037420000457
            ],
            [
              -82.0446339999955,
              30.4038270002952
            ],
            [
              -82.0446850000491,
              30.4039630002307
            ],
            [
              -82.0447000001177,
              30.4041269996274
            ],
            [
              -82.0446709998054,
              30.4044200002781
            ],
            [
              -82.0446609997597,
              30.4045130002479
            ],
            [
              -82.0446080000563,
              30.4047149997355
            ],
            [
              -82.0445090003221,
              30.4049289999949
            ],
            [
              -82.0441489995736,
              30.4053970003035
            ],
            [
              -82.04398899974,
              30.4055309999324
            ],
            [
              -82.0438130000129,
              30.4056419997227
            ],
            [
              -82.0433169997204,
              30.4058359997723
            ],
            [
              -82.0431619999097,
              30.4058779996604
            ],
            [
              -82.0428520002883,
              30.4059630003748
            ],
            [
              -82.0420289997576,
              30.4061109999289
            ],
            [
              -82.0419130003049,
              30.406131999816
            ],
            [
              -82.0418560004035,
              30.40614199965
            ],
            [
              -82.0418299995659,
              30.406146999954
            ],
            [
              -82.0417380004028,
              30.4061810003099
            ],
            [
              -82.0415779996709,
              30.4062729999375
            ],
            [
              -82.0414329999059,
              30.4063999999715
            ],
            [
              -82.0413259997758,
              30.4065510002727
            ],
            [
              -82.041288000141,
              30.4066690003764
            ],
            [
              -82.0412959996386,
              30.4068329998765
            ],
            [
              -82.0413640003089,
              30.4069730003279
            ],
            [
              -82.0414710004391,
              30.4070740002908
            ],
            [
              -82.0416999998696,
              30.4072160000314
            ],
            [
              -82.0418680000991,
              30.407263999777
            ],
            [
              -82.0420439998262,
              30.4072690000235
            ],
            [
              -82.042678000211,
              30.40712700036
            ],
            [
              -82.0429359999539,
              30.4071159996464
            ],
            [
              -82.0431820000012,
              30.4071059999121
            ],
            [
              -82.0433800003679,
              30.4072119999869
            ],
            [
              -82.0435710001636,
              30.4073589997687
            ],
            [
              -82.0436699998978,
              30.4074680001755
            ],
            [
              -82.0438079999901,
              30.4076199998003
            ],
            [
              -82.0438759997621,
              30.4077709997641
            ],
            [
              -82.0438990002266,
              30.4079899997329
            ],
            [
              -82.0438609996935,
              30.4082770000236
            ],
            [
              -82.0437999995941,
              30.4085039996154
            ],
            [
              -82.0437009998599,
              30.4087220000748
            ],
            [
              -82.0435410000264,
              30.4093709999426
            ],
            [
              -82.0435639995926,
              30.4097129998466
            ],
            [
              -82.0436780002937,
              30.4100690002362
            ],
            [
              -82.0436930003623,
              30.4101740000183
            ],
            [
              -82.0436859997914,
              30.4104080002775
            ],
            [
              -82.043632000263,
              30.4105570002364
            ],
            [
              -82.0434720004294,
              30.4107419998479
            ],
            [
              -82.0432430001005,
              30.4108659997641
            ],
            [
              -82.0428380000446,
              30.4109879999651
            ],
            [
              -82.0422959997213,
              30.4110630000003
            ],
            [
              -82.0421199999942,
              30.4110870000924
            ],
            [
              -82.0419669998333,
              30.411174999863
            ],
            [
              -82.0418680000991,
              30.4113140001226
            ],
            [
              -82.0418530000305,
              30.4114599997642
            ],
            [
              -82.0418909996653,
              30.4116049998022
            ],
            [
              -82.0419819999019,
              30.4117649996744
            ],
            [
              -82.0421269996669,
              30.4119100000341
            ],
            [
              -82.0423950003538,
              30.412056999714
            ],
            [
              -82.0428680001818,
              30.4121539999983
            ],
            [
              -82.0431579997118,
              30.4122629996995
            ],
            [
              -82.0433150000706,
              30.4123609999311
            ],
            [
              -82.0433879998655,
              30.4124069999425
            ],
            [
              -82.043479999927,
              30.412610999665
            ],
            [
              -82.0433579997283,
              30.4130500000067
            ],
            [
              -82.0432129999633,
              30.4132770001201
            ],
            [
              -82.0429760001369,
              30.4134350000682
            ],
            [
              -82.0424799998443,
              30.4135879998381
            ],
            [
              -82.0419839995518,
              30.4136389999664
            ],
            [
              -82.0414039995936,
              30.4135860003339
            ],
            [
              -82.0412289996914,
              30.4136309996291
            ],
            [
              -82.0412060001252,
              30.4136369996884
            ],
            [
              -82.0410460002916,
              30.4137460000576
            ],
            [
              -82.0409540002302,
              30.4138720003042
            ],
            [
              -82.040915999697,
              30.4140049997857
            ],
            [
              -82.0409090000243,
              30.4143870003346
            ],
            [
              -82.0408320000314,
              30.4148159999415
            ],
            [
              -82.0408470001,
              30.4149379998537
            ],
            [
              -82.0408930001308,
              30.4150679998336
            ],
            [
              -82.0410000002609,
              30.4152069999722
            ],
            [
              -82.0410839999265,
              30.4152679997031
            ],
            [
              -82.0412060001252,
              30.4152889999444
            ],
            [
              -82.0413430003925,
              30.4152530001918
            ],
            [
              -82.0415340001883,
              30.4151549997652
            ],
            [
              -82.041716999588,
              30.415004999728
            ],
            [
              -82.0418549996803,
              30.4148350000267
            ],
            [
              -82.0420299995825,
              30.4145110002685
            ],
            [
              -82.0422670003073,
              30.4143090001331
            ],
            [
              -82.0424730001716,
              30.4142150000657
            ],
            [
              -82.0427169996707,
              30.4141520001841
            ],
            [
              -82.042967999741,
              30.4141240003096
            ],
            [
              -82.043219999636,
              30.4141369997267
            ],
            [
              -82.0435179995619,
              30.4141940003679
            ],
            [
              -82.0436170001944,
              30.4142570002223
            ],
            [
              -82.0436509996312,
              30.4143109996226
            ],
            [
              -82.0436780002937,
              30.4143539998697
            ],
            [
              -82.0437619999593,
              30.4148689996808
            ],
            [
              -82.0436089997984,
              30.4152109996891
            ],
            [
              -82.0434409995689,
              30.4154070003314
            ],
            [
              -82.0428539999381,
              30.4159910002122
            ],
            [
              -82.0424649997757,
              30.4162440002815
            ],
            [
              -82.0420220000849,
              30.4164009999641
            ],
            [
              -82.0417779996874,
              30.4164450001752
            ],
            [
              -82.0415190001197,
              30.4164580000577
            ],
            [
              -82.0412670002246,
              30.4165549998416
            ],
            [
              -82.0409850001923,
              30.416596999766
            ],
            [
              -82.0405650000677,
              30.4165570000598
            ],
            [
              -82.0404510002649,
              30.4165150001181
            ],
            [
              -82.040366999701,
              30.4164520001718
            ],
            [
              -82.0401380002704,
              30.4161719999183
            ],
            [
              -82.0400539997065,
              30.4159659996615
            ],
            [
              -82.0399850001096,
              30.4156879997989
            ],
            [
              -82.0398479998422,
              30.4155369996866
            ],
            [
              -82.039749000108,
              30.4154929998409
            ],
            [
              -82.0396269999093,
              30.4154780003643
            ],
            [
              -82.0395049997105,
              30.4155030002654
            ],
            [
              -82.039412999649,
              30.4155559996315
            ],
            [
              -82.0393139999148,
              30.4156799996296
            ],
            [
              -82.0390620000198,
              30.4167020002726
            ],
            [
              -82.0390700004157,
              30.4169079997505
            ],
            [
              -82.0391390000127,
              30.4170510000087
            ],
            [
              -82.0392529998154,
              30.4171829997034
            ],
            [
              -82.0393979995804,
              30.4172880003542
            ],
            [
              -82.0395499999164,
              30.4173599998941
            ],
            [
              -82.039749000108,
              30.417410000275
            ],
            [
              -82.039893999873,
              30.4174080000743
            ],
            [
              -82.0400310001403,
              30.4173809996854
            ],
            [
              -82.040374000272,
              30.4172040003074
            ],
            [
              -82.0404810004021,
              30.4171919998521
            ],
            [
              -82.0406639998019,
              30.4172379999107
            ],
            [
              -82.0407099998326,
              30.4172940001888
            ],
            [
              -82.0407249999013,
              30.4173579996924
            ],
            [
              -82.04070300016,
              30.4174540000312
            ],
            [
              -82.0406489997333,
              30.4175379998628
            ],
            [
              -82.0405419996032,
              30.4176389997399
            ],
            [
              -82.0402910004313,
              30.4177800002831
            ],
            [
              -82.0396190004117,
              30.4179709999414
            ],
            [
              -82.0393979995804,
              30.4180009996753
            ],
            [
              -82.0392219998534,
              30.4179900001872
            ],
            [
              -82.039055000347,
              30.4179480000876
            ],
            [
              -82.0379480001342,
              30.4174790002008
            ],
            [
              -82.0377580001634,
              30.4174689999787
            ],
            [
              -82.0376519998582,
              30.4175040003639
            ],
            [
              -82.0375520002991,
              30.4175379998628
            ],
            [
              -82.0372769999395,
              30.4177209999927
            ],
            [
              -82.0371630001367,
              30.4178549997474
            ],
            [
              -82.0370629996792,
              30.4179730001306
            ],
            [
              -82.0370250000444,
              30.4181060002207
            ],
            [
              -82.0370330004403,
              30.4183619997268
            ],
            [
              -82.0370019995799,
              30.4186080000053
            ],
            [
              -82.0369110002416,
              30.4188819997303
            ],
            [
              -82.0368190001801,
              30.4189700002196
            ],
            [
              -82.0366540003237,
              30.4190600000216
            ],
            [
              -82.0366059997448,
              30.4190859998629
            ],
            [
              -82.0363610004207,
              30.4191319998035
            ],
            [
              -82.0359949998245,
              30.4192580000686
            ],
            [
              -82.0354840003616,
              30.4195120002683
            ],
            [
              -82.0352399999642,
              30.4196010002672
            ],
            [
              -82.0348509998017,
              30.4197139997051
            ],
            [
              -82.0346559998081,
              30.4197469999069
            ],
            [
              -82.0343550004075,
              30.4197979999153
            ],
            [
              -82.034255999775,
              30.4198340003153
            ],
            [
              -82.0341339995762,
              30.4199240000951
            ],
            [
              -82.0340649999793,
              30.420032000341
            ],
            [
              -82.0340459997127,
              30.42023699969
            ],
            [
              -82.0340349998421,
              30.4203650002178
            ],
            [
              -82.0340189999485,
              30.4205359996501
            ],
            [
              -82.0340420004131,
              30.4206979997328
            ],
            [
              -82.0342249998129,
              30.4210929996868
            ],
            [
              -82.0344769997079,
              30.4214129998207
            ],
            [
              -82.0348640002205,
              30.4217929999236
            ],
            [
              -82.0351479999026,
              30.4220710002114
            ],
            [
              -82.0352480003601,
              30.4222549996373
            ],
            [
              -82.0352550000328,
              30.4224050001504
            ],
            [
              -82.0352249998955,
              30.4226249998661
            ],
            [
              -82.0350099998104,
              30.4234700001832
            ],
            [
              -82.0349880000691,
              30.4235570003705
            ],
            [
              -82.0350109996353,
              30.4238050000156
            ],
            [
              -82.0351250003364,
              30.4241279998703
            ],
            [
              -82.035217000398,
              30.4242739997079
            ],
            [
              -82.0353310002008,
              30.4243869999309
            ],
            [
              -82.0356059996621,
              30.4245149996622
            ],
            [
              -82.0357970003561,
              30.4246560003396
            ],
            [
              -82.0359489997937,
              30.4248330001435
            ],
            [
              -82.0360030002204,
              30.4249670002017
            ],
            [
              -82.0359949998245,
              30.4250620000042
            ],
            [
              -82.0359570001897,
              30.4251370000683
            ],
            [
              -82.0357510003253,
              30.4252870000236
            ],
            [
              -82.0354609998971,
              30.4254019998847
            ],
            [
              -82.0350490001684,
              30.4254670002852
            ],
            [
              -82.0348359997331,
              30.4255259997651
            ],
            [
              -82.034668000402,
              30.4256229998301
            ],
            [
              -82.0345379998073,
              30.4257639996809
            ],
            [
              -82.0342330002088,
              30.4262540002311
            ],
            [
              -82.0341970002237,
              30.4263290001535
            ],
            [
              -82.0340039998799,
              30.4267369998365
            ],
            [
              -82.0338280001528,
              30.4272400001425
            ],
            [
              -82.033774999551,
              30.4275550002729
            ],
            [
              -82.033782999947,
              30.427649999879
            ],
            [
              -82.0338819996812,
              30.4277740000003
            ],
            [
              -82.0340950001165,
              30.427864000202
            ],
            [
              -82.0342480002774,
              30.4278770001124
            ],
            [
              -82.0345460002032,
              30.4278390003694
            ],
            [
              -82.0347029996638,
              30.4278420003497
            ],
            [
              -82.0348130001669,
              30.4278430003431
            ],
            [
              -82.0351860004358,
              30.4279019999351
            ],
            [
              -82.0353239996297,
              30.4279920000188
            ],
            [
              -82.0353620001629,
              30.4281350002993
            ],
            [
              -82.0350800001306,
              30.4293859996265
            ],
            [
              -82.0350950001992,
              30.4295220003541
            ],
            [
              -82.035209000002,
              30.4298100000391
            ],
            [
              -82.0352859999949,
              30.4301469997282
            ],
            [
              -82.0353089995611,
              30.4304329999578
            ],
            [
              -82.0352859999949,
              30.4309080000893
            ],
            [
              -82.0353470000943,
              30.4310189996773
            ],
            [
              -82.0354380003309,
              30.4310929998489
            ],
            [
              -82.0357510003253,
              30.4311850000049
            ],
            [
              -82.0359949998245,
              30.4313130001111
            ],
            [
              -82.0362900002756,
              30.4315499998946
            ],
            [
              -82.0363000003213,
              30.4315590002673
            ],
            [
              -82.0363499996517,
              30.4316090003427
            ],
            [
              -82.0365289997519,
              30.4317889997828
            ],
            [
              -82.0367659995783,
              30.4321170000597
            ],
            [
              -82.0369110002416,
              30.4324380003844
            ],
            [
              -82.037040000113,
              30.432902999857
            ],
            [
              -82.0371239997786,
              30.4333099999895
            ],
            [
              -82.037184999878,
              30.4337859999841
            ],
            [
              -82.0371780002053,
              30.4340569998933
            ],
            [
              -82.0372080003425,
              30.4342229996975
            ],
            [
              -82.0373260003433,
              30.4345340000395
            ],
            [
              -82.0376130003985,
              30.4352929996419
            ],
            [
              -82.0376669999268,
              30.435379000212
            ],
            [
              -82.0377270002013,
              30.4354739999431
            ],
            [
              -82.0379330000656,
              30.4356459999138
            ],
            [
              -82.0382309999915,
              30.4357799998339
            ],
            [
              -82.038466999993,
              30.4357830003444
            ],
            [
              -82.0386729998574,
              30.4356939996174
            ],
            [
              -82.0388560001555,
              30.4354949997081
            ],
            [
              -82.0389549998897,
              30.4352819997796
            ],
            [
              -82.0389549998897,
              30.4347630003622
            ],
            [
              -82.0390240003849,
              30.4345090003674
            ],
            [
              -82.0390770000884,
              30.4344290001345
            ],
            [
              -82.0391540000812,
              30.4343760001764
            ],
            [
              -82.0392610002114,
              30.4343409996476
            ],
            [
              -82.0393669996183,
              30.4343430002757
            ],
            [
              -82.0394589996798,
              30.4343719996962
            ],
            [
              -82.0395730003809,
              30.4344500001245
            ],
            [
              -82.0397259996435,
              30.4346409996788
            ],
            [
              -82.0397559997807,
              30.4347589998978
            ],
            [
              -82.0397559997807,
              30.4348960000254
            ],
            [
              -82.0399469995764,
              30.4354669997623
            ],
            [
              -82.0400160000717,
              30.4358880003406
            ],
            [
              -82.0400239995693,
              30.4362300002526
            ],
            [
              -82.0400010000031,
              30.4366609996654
            ],
            [
              -82.0399240000102,
              30.4368080000088
            ],
            [
              -82.0396500003738,
              30.4370920002712
            ],
            [
              -82.0393520004479,
              30.4373190002162
            ],
            [
              -82.0390319998825,
              30.4374999998552
            ],
            [
              -82.0388789997217,
              30.4375359999188
            ],
            [
              -82.0381699998921,
              30.4376179997127
            ],
            [
              -82.0373840000696,
              30.4377879999915
            ],
            [
              -82.036780999647,
              30.4379980002002
            ],
            [
              -82.0365449996454,
              30.4381049999112
            ],
            [
              -82.0360640003198,
              30.4384630002697
            ],
            [
              -82.0353160001322,
              30.4391670000658
            ],
            [
              -82.0348280002355,
              30.4397069996859
            ],
            [
              -82.0344690002103,
              30.4402240001643
            ],
            [
              -82.0343079996535,
              30.4407159998206
            ],
            [
              -82.034255999775,
              30.4408759999734
            ],
            [
              -82.0340649999793,
              30.4418979999925
            ],
            [
              -82.0339810003137,
              30.4421770001384
            ],
            [
              -82.0338740001836,
              30.4423160003766
            ],
            [
              -82.0338559997419,
              30.4423270002199
            ],
            [
              -82.0337369999162,
              30.4424039998623
            ],
            [
              -82.0335920001513,
              30.4424399996642
            ],
            [
              -82.0334010003555,
              30.4424460002753
            ],
            [
              -82.0332559996923,
              30.4424039998623
            ],
            [
              -82.0331569999581,
              30.4423330000635
            ],
            [
              -82.0330880003611,
              30.4422380000444
            ],
            [
              -82.033049999828,
              30.4418889997997
            ],
            [
              -82.0329360000252,
              30.4416960000245
            ],
            [
              -82.032837000291,
              30.4416160002664
            ],
            [
              -82.0327150000922,
              30.4415740002703
            ],
            [
              -82.0325920000685,
              30.44156800038
            ],
            [
              -82.0324699998698,
              30.44159899968
            ],
            [
              -82.0322640000055,
              30.4418140002254
            ],
            [
              -82.0320969996009,
              30.4421100003372
            ],
            [
              -82.0319739995773,
              30.4424670000878
            ],
            [
              -82.0319059998052,
              30.4429380003357
            ],
            [
              -82.0318589999496,
              30.44311199998
            ],
            [
              -82.0318299996372,
              30.4432179996645
            ],
            [
              -82.0316999999409,
              30.4434990003453
            ],
            [
              -82.0314480000458,
              30.4438800002007
            ],
            [
              -82.0312799998163,
              30.444047999975
            ],
            [
              -82.0310670002793,
              30.444186999869
            ],
            [
              -82.0308909996539,
              30.4442539997918
            ],
            [
              -82.0303950002596,
              30.4443869996752
            ],
            [
              -82.0302119999615,
              30.4445339999874
            ],
            [
              -82.0300820002652,
              30.444707999881
            ],
            [
              -82.0295640002313,
              30.4456840002119
            ],
            [
              -82.0293960000019,
              30.445893999677
            ],
            [
              -82.0291750000689,
              30.446093000047
            ],
            [
              -82.0285020002244,
              30.4467790002515
            ],
            [
              -82.0283659997819,
              30.4469180001236
            ],
            [
              -82.028144999849,
              30.4472520001645
            ],
            [
              -82.0281060003893,
              30.4474449997825
            ],
            [
              -82.0281060003893,
              30.4476889999322
            ],
            [
              -82.0281669995903,
              30.4480949997416
            ],
            [
              -82.0282279996897,
              30.4489649999447
            ],
            [
              -82.0282710002457,
              30.4491300001486
            ],
            [
              -82.0283049996826,
              30.4492610000272
            ],
            [
              -82.0284570000185,
              30.4496230003189
            ],
            [
              -82.0285409996841,
              30.449752999766
            ],
            [
              -82.0285759998442,
              30.4497850001037
            ],
            [
              -82.0286479998142,
              30.4498540003605
            ],
            [
              -82.0294870002385,
              30.4503690001622
            ],
            [
              -82.0295940003686,
              30.4505540001709
            ],
            [
              -82.0296250003307,
              30.4507429996371
            ],
            [
              -82.029570999904,
              30.4509450002185
            ],
            [
              -82.0294720001698,
              30.4510690001457
            ],
            [
              -82.0292810003741,
              30.4511619997939
            ],
            [
              -82.029030000304,
              30.4511869998424
            ],
            [
              -82.0289070002803,
              30.4511660003597
            ],
            [
              -82.0288689997472,
              30.4511299999083
            ],
            [
              -82.0288079996478,
              30.4511200000387
            ],
            [
              -82.0287470004467,
              30.4511390000224
            ],
            [
              -82.0287089999136,
              30.4511969997051
            ],
            [
              -82.028770000013,
              30.4514480003377
            ],
            [
              -82.0287399998758,
              30.4515570002753
            ],
            [
              -82.0286839997992,
              30.451644999937
            ],
            [
              -82.0286789997763,
              30.4516530002543
            ],
            [
              -82.028693999845,
              30.4517000000725
            ],
            [
              -82.02883899961,
              30.451881000116
            ],
            [
              -82.0290830000074,
              30.4520129999144
            ],
            [
              -82.0291359997109,
              30.4521120002267
            ],
            [
              -82.0291059995736,
              30.4522189999348
            ],
            [
              -82.0290369999767,
              30.4523300000434
            ],
            [
              -82.0289459997401,
              30.4524190002973
            ],
            [
              -82.0288240004397,
              30.4524880002381
            ],
            [
              -82.0286789997763,
              30.4525360001681
            ],
            [
              -82.02854900008,
              30.4525429998978
            ],
            [
              -82.0284269998813,
              30.4525180001971
            ],
            [
              -82.0282739997204,
              30.4524500000187
            ],
            [
              -82.0280150001526,
              30.4522529997233
            ],
            [
              -82.0278009998924,
              30.4519499996633
            ],
            [
              -82.0276410000588,
              30.451863999771
            ],
            [
              -82.0274960002939,
              30.451848999692
            ],
            [
              -82.0273590000265,
              30.4518759998327
            ],
            [
              -82.027275000361,
              30.4519270000778
            ],
            [
              -82.0272140002616,
              30.4520109996488
            ],
            [
              -82.0271759997284,
              30.4521869996218
            ],
            [
              -82.0271680002309,
              30.4523639997932
            ],
            [
              -82.0271830002994,
              30.4524520002751
            ],
            [
              -82.0272059998656,
              30.4525830003347
            ],
            [
              -82.0272900004296,
              30.4527889999247
            ],
            [
              -82.0272820000336,
              30.4529970000988
            ],
            [
              -82.0271680002309,
              30.4532809996643
            ],
            [
              -82.0269809997348,
              30.4535059996242
            ],
            [
              -82.0269010002671,
              30.4536020000064
            ],
            [
              -82.026870000305,
              30.4537219999641
            ],
            [
              -82.0268860001985,
              30.4538440000019
            ],
            [
              -82.0269470002979,
              30.453940999777
            ],
            [
              -82.0270229995675,
              30.45400599974
            ],
            [
              -82.0271430001164,
              30.4540669999873
            ],
            [
              -82.0274040002324,
              30.4541989999223
            ],
            [
              -82.0275189998601,
              30.4542079997529
            ],
            [
              -82.0278700003877,
              30.4543529997494
            ],
            [
              -82.0280379997189,
              30.454454000223
            ],
            [
              -82.0281749999862,
              30.4545879998463
            ],
            [
              -82.0283509997133,
              30.4548949998607
            ],
            [
              -82.0283809998506,
              30.4550440000159
            ],
            [
              -82.0283890002465,
              30.4551939996562
            ],
            [
              -82.0283199997512,
              30.455391000201
            ],
            [
              -82.028144999849,
              30.4557299999428
            ],
            [
              -82.0281299997803,
              30.4557509999909
            ],
            [
              -82.0280150001526,
              30.455919000212
            ],
            [
              -82.0278390004255,
              30.4560989996851
            ],
            [
              -82.0274729998293,
              30.4563899997301
            ],
            [
              -82.0273280000644,
              30.456445999985
            ],
            [
              -82.0270460000321,
              30.4564899999415
            ],
            [
              -82.0270290003136,
              30.456494999988
            ],
            [
              -82.0268080003807,
              30.456559999796
            ],
            [
              -82.0265780002269,
              30.4566799999829
            ],
            [
              -82.0265849998996,
              30.4567280001711
            ],
            [
              -82.0265460004399,
              30.456766000271
            ],
            [
              -82.0263420002254,
              30.4567820000642
            ],
            [
              -82.0262640004076,
              30.4567879997923
            ],
            [
              -82.0259799998271,
              30.4568699996537
            ],
            [
              -82.0257570002444,
              30.4569780000269
            ],
            [
              -82.0255580000527,
              30.4571340002686
            ],
            [
              -82.0254340002042,
              30.4572850002548
            ],
            [
              -82.0253720002799,
              30.4574410000051
            ],
            [
              -82.0253620002342,
              30.4576059997966
            ],
            [
              -82.0254290001813,
              30.4578740002565
            ],
            [
              -82.0253889999983,
              30.4580759999944
            ],
            [
              -82.0253110001805,
              30.4581950001808
            ],
            [
              -82.0248330003297,
              30.4586919996611
            ],
            [
              -82.0246619997271,
              30.4589939999906
            ],
            [
              -82.0246149998714,
              30.4592379998757
            ],
            [
              -82.0246890003896,
              30.4594600002367
            ],
            [
              -82.0246419996356,
              30.4595969997223
            ],
            [
              -82.0245570001452,
              30.4596960000729
            ],
            [
              -82.0244340001215,
              30.459777000144
            ],
            [
              -82.0241350003707,
              30.459884999618
            ],
            [
              -82.0238750000797,
              30.4599320001116
            ],
            [
              -82.0236280002076,
              30.4599349998787
            ],
            [
              -82.0234619996279,
              30.4599369999816
            ],
            [
              -82.0233620000687,
              30.4599969999497
            ],
            [
              -82.0233110000151,
              30.460067000382
            ],
            [
              -82.0232859999008,
              30.4601020001922
            ],
            [
              -82.0232630003345,
              30.4602100000801
            ],
            [
              -82.0232709998322,
              30.460319000283
            ],
            [
              -82.0234380002368,
              30.460562999947
            ],
            [
              -82.0234850000924,
              30.4607079997784
            ],
            [
              -82.0233860003582,
              30.4609980003423
            ],
            [
              -82.0232180001287,
              30.4610859999956
            ],
            [
              -82.023019999762,
              30.4611349999882
            ],
            [
              -82.0228289999663,
              30.4611379997183
            ],
            [
              -82.0226309995996,
              30.4610990001224
            ],
            [
              -82.0224859998346,
              30.4611179997091
            ],
            [
              -82.0223250001761,
              30.4612269996704
            ],
            [
              -82.0222719995744,
              30.461381999654
            ],
            [
              -82.0222959998638,
              30.4614780000196
            ],
            [
              -82.0223479997423,
              30.4615610002273
            ],
            [
              -82.0229679998834,
              30.4621309997712
            ],
            [
              -82.0231059999757,
              30.4622969997774
            ],
            [
              -82.023235999672,
              30.4626040002798
            ],
            [
              -82.0232590001366,
              30.4627949996476
            ],
            [
              -82.0232449998929,
              30.463026000211
            ],
            [
              -82.0232979995963,
              30.4631840000964
            ],
            [
              -82.0234519995821,
              30.4634399997394
            ],
            [
              -82.0238800001026,
              30.4637890002438
            ],
            [
              -82.0239870002328,
              30.4639230001917
            ],
            [
              -82.0240559998297,
              30.4640619996135
            ],
            [
              -82.0241639997848,
              30.4644789997863
            ],
            [
              -82.0241999997697,
              30.4648630000878
            ],
            [
              -82.0242030001428,
              30.4648890001059
            ],
            [
              -82.0241420000434,
              30.4653110002039
            ],
            [
              -82.0239980001034,
              30.4657580002034
            ],
            [
              -82.0239260001334,
              30.4660820000536
            ],
            [
              -82.0237860003913,
              30.4667170002424
            ],
            [
              -82.0236750000632,
              30.4670060003599
            ],
            [
              -82.0235949996973,
              30.4672119996521
            ],
            [
              -82.0235169998794,
              30.4672790000046
            ],
            [
              -82.0235100002067,
              30.4672860002236
            ],
            [
              -82.0232530002888,
              30.4675099999996
            ],
            [
              -82.0228869996926,
              30.4676989998698
            ],
            [
              -82.0225510001319,
              30.4680320003337
            ],
            [
              -82.0213779997969,
              30.4696799999528
            ],
            [
              -82.0212179999633,
              30.4699200003748
            ],
            [
              -82.0211800003285,
              30.4700900000579
            ],
            [
              -82.0210969995895,
              30.4702510003221
            ],
            [
              -82.0208070000596,
              30.4705620003
            ],
            [
              -82.0202890000257,
              30.4713610000985
            ],
            [
              -82.0192830000952,
              30.4726099999949
            ],
            [
              -82.0191459998279,
              30.4727169996433
            ],
            [
              -82.019028999652,
              30.4727749996424
            ],
            [
              -82.018992999667,
              30.4727940000483
            ],
            [
              -82.0185120003413,
              30.4729279999948
            ],
            [
              -82.0181080001103,
              30.4732530002948
            ],
            [
              -82.0179259996371,
              30.4735570002081
            ],
            [
              -82.0178500003675,
              30.4737819997925
            ],
            [
              -82.0178050001616,
              30.4740460002525
            ],
            [
              -82.0176140003659,
              30.4743800002075
            ],
            [
              -82.017453999634,
              30.4745640000132
            ],
            [
              -82.0171120002256,
              30.4748689999897
            ],
            [
              -82.0169060003612,
              30.4751109998016
            ],
            [
              -82.0168600003305,
              30.4755130003607
            ],
            [
              -82.0169070001862,
              30.4757580001742
            ],
            [
              -82.0170059999204,
              30.4759419996984
            ],
            [
              -82.0171130000505,
              30.4760680000977
            ],
            [
              -82.0173809998391,
              30.4763889996775
            ],
            [
              -82.017862999888,
              30.4770390000884
            ],
            [
              -82.0178789997815,
              30.4771480000385
            ],
            [
              -82.0178019997886,
              30.4773840003717
            ],
            [
              -82.0177919997428,
              30.4774790001902
            ],
            [
              -82.0177730003746,
              30.4776500000945
            ],
            [
              -82.0177880004432,
              30.4777440001719
            ],
            [
              -82.017826000078,
              30.4778359996491
            ],
            [
              -82.017942000429,
              30.4779330003082
            ],
            [
              -82.0186980001142,
              30.4782869996748
            ],
            [
              -82.0190799997056,
              30.4786190000716
            ],
            [
              -82.0193480003925,
              30.4789759999952
            ],
            [
              -82.0193869998523,
              30.4791509997831
            ],
            [
              -82.0193790003547,
              30.4793569997055
            ],
            [
              -82.0193040000116,
              30.4795519996815
            ],
            [
              -82.0192119999501,
              30.4796639998484
            ],
            [
              -82.0190670001851,
              30.4797480002761
            ],
            [
              -82.0188989999557,
              30.479784000216
            ],
            [
              -82.0185089999683,
              30.4797729999562
            ],
            [
              -82.0182799996394,
              30.4797310001493
            ],
            [
              -82.017966999645,
              30.4796009996737
            ],
            [
              -82.0178369999487,
              30.4795470000443
            ],
            [
              -82.0176310000844,
              30.4795510002186
            ],
            [
              -82.0175549999164,
              30.4795940003398
            ],
            [
              -82.017493999817,
              30.4796590002169
            ],
            [
              -82.0174329997176,
              30.4798749998542
            ],
            [
              -82.0174489996112,
              30.4799409997769
            ],
            [
              -82.0176389995819,
              30.4802880002994
            ],
            [
              -82.0178250002531,
              30.48082099963
            ],
            [
              -82.0179859999116,
              30.4814080000882
            ],
            [
              -82.0181010004376,
              30.482006000112
            ],
            [
              -82.018231000134,
              30.4822310002987
            ],
            [
              -82.018415000257,
              30.4823980003143
            ],
            [
              -82.0186360001899,
              30.4825050000439
            ],
            [
              -82.018703999962,
              30.4825210002538
            ],
            [
              -82.0189419996134,
              30.4825789998314
            ],
            [
              -82.0191099998428,
              30.4826809998858
            ],
            [
              -82.0192100003003,
              30.4828300001147
            ],
            [
              -82.0192179997979,
              30.4829790001155
            ],
            [
              -82.0191719997672,
              30.4830809997507
            ],
            [
              -82.0190660003602,
              30.4831650003264
            ],
            [
              -82.0188649996205,
              30.4831790000282
            ],
            [
              -82.0187680004344,
              30.4831859998783
            ],
            [
              -82.0187209996805,
              30.4832060000004
            ],
            [
              -82.0183220003706,
              30.4833670002526
            ],
            [
              -82.0181280002018,
              30.4834869999261
            ],
            [
              -82.0179569995993,
              30.4836649999303
            ],
            [
              -82.0178250002531,
              30.4838670003673
            ],
            [
              -82.0176600003967,
              30.484121000222
            ],
            [
              -82.0176009999471,
              30.4841839997937
            ],
            [
              -82.0173719996182,
              30.4844299996483
            ],
            [
              -82.0172029995638,
              30.4844719997501
            ],
            [
              -82.0169659997374,
              30.4844030000156
            ],
            [
              -82.0162989997406,
              30.4838599997919
            ],
            [
              -82.0161770004402,
              30.4837829996233
            ],
            [
              -82.0160400001729,
              30.4837450000002
            ],
            [
              -82.0158400001563,
              30.483746999614
            ],
            [
              -82.0156479996374,
              30.4838170000069
            ],
            [
              -82.0155480000783,
              30.4839580000591
            ],
            [
              -82.0155260003369,
              30.4841500003125
            ],
            [
              -82.0155349996595,
              30.484215999659
            ],
            [
              -82.0155570002991,
              30.4843809997647
            ],
            [
              -82.015634000292,
              30.48457599974
            ],
            [
              -82.0156739995766,
              30.4846389997915
            ],
            [
              -82.0157489999197,
              30.4847559996683
            ],
            [
              -82.0159179999741,
              30.4849339996743
            ],
            [
              -82.0160469998455,
              30.4850310002275
            ],
            [
              -82.0162009998314,
              30.485105999823
            ],
            [
              -82.0167749999417,
              30.4852479997347
            ],
            [
              -82.0168979999653,
              30.4853009998941
            ],
            [
              -82.0170510001262,
              30.4854219996822
            ],
            [
              -82.0171430001877,
              30.4855830001394
            ],
            [
              -82.0172510001428,
              30.4865160003488
            ],
            [
              -82.0172829999298,
              30.4871119996357
            ],
            [
              -82.0172529997926,
              30.4873419996416
            ],
            [
              -82.017160999731,
              30.4875890001838
            ],
            [
              -82.0169540000419,
              30.4879180001391
            ],
            [
              -82.0167180000403,
              30.4882119999981
            ],
            [
              -82.0166829998802,
              30.4882469997562
            ],
            [
              -82.0164279996121,
              30.4885050003719
            ],
            [
              -82.0164050000458,
              30.4886700001731
            ],
            [
              -82.0164660001452,
              30.4888909998719
            ],
            [
              -82.0166350001996,
              30.4890949998034
            ],
            [
              -82.016872999851,
              30.4892299998987
            ],
            [
              -82.0171630002792,
              30.4892869999858
            ],
            [
              -82.0174159999992,
              30.4893690003514
            ],
            [
              -82.0176229996884,
              30.489539000134
            ],
            [
              -82.0177449998872,
              30.4897600001816
            ],
            [
              -82.0177769996742,
              30.4900339996312
            ],
            [
              -82.0177309996435,
              30.490263999698
            ],
            [
              -82.017609000343,
              30.4905320000796
            ],
            [
              -82.0174410001136,
              30.4907499998281
            ],
            [
              -82.017273999709,
              30.4908969998482
            ],
            [
              -82.0171809998226,
              30.4909760000462
            ],
            [
              -82.017097000157,
              30.4911070001549
            ],
            [
              -82.0170429997303,
              30.491292000197
            ],
            [
              -82.017060000347,
              30.4915260000688
            ],
            [
              -82.0171280001191,
              30.4916310003741
            ],
            [
              -82.0171380001648,
              30.4916360001647
            ],
            [
              -82.0173809998391,
              30.4917719999424
            ],
            [
              -82.0176570000236,
              30.4918749997614
            ],
            [
              -82.0179549999495,
              30.4919420001713
            ],
            [
              -82.0180009999802,
              30.4919969999997
            ],
            [
              -82.0180169998737,
              30.4920749999704
            ],
            [
              -82.0180060000031,
              30.4921560002013
            ],
            [
              -82.0179790002389,
              30.492351000079
            ],
            [
              -82.0178419999716,
              30.4927170000926
            ],
            [
              -82.0177659998036,
              30.4928509997067
            ],
            [
              -82.0176510001759,
              30.4929490002089
            ],
            [
              -82.0176360001072,
              30.4931239996436
            ],
            [
              -82.0175979995741,
              30.4932170001617
            ],
            [
              -82.0174069997784,
              30.4934959996345
            ],
            [
              -82.0171919996932,
              30.4937569997654
            ],
            [
              -82.0169099996609,
              30.4940339998353
            ],
            [
              -82.0165349997422,
              30.4943469998624
            ],
            [
              -82.0162669999536,
              30.4945180003199
            ],
            [
              -82.0157699998361,
              30.494755999723
            ],
            [
              -82.0157170001327,
              30.494821999617
            ],
            [
              -82.0156860001706,
              30.4950389997387
            ],
            [
              -82.0157639999884,
              30.4952609997545
            ],
            [
              -82.015890000385,
              30.4953629996756
            ],
            [
              -82.0159330000428,
              30.4953969998836
            ],
            [
              -82.0160850003787,
              30.4954399999703
            ],
            [
              -82.0172560001657,
              30.4954269997841
            ],
            [
              -82.017493999817,
              30.4954730000779
            ],
            [
              -82.017646000153,
              30.4955659998988
            ],
            [
              -82.0177239999708,
              30.4956729998572
            ],
            [
              -82.017754000108,
              30.4957919997669
            ],
            [
              -82.0176550003738,
              30.4959180000135
            ],
            [
              -82.0175480002437,
              30.4960029996392
            ],
            [
              -82.0173490000521,
              30.496091000166
            ],
            [
              -82.017161999556,
              30.4961170003592
            ],
            [
              -82.0169830003542,
              30.4961429997714
            ],
            [
              -82.016656000116,
              30.4962469996729
            ],
            [
              -82.0162820000222,
              30.49644900031
            ],
            [
              -82.0161849999378,
              30.4965009997241
            ],
            [
              -82.0161020000971,
              30.4965840002644
            ],
            [
              -82.0160719999599,
              30.4966629997151
            ],
            [
              -82.0160970000742,
              30.4968380002097
            ],
            [
              -82.0160689995869,
              30.4969889997777
            ],
            [
              -82.0157680001863,
              30.497433999745
            ],
            [
              -82.015742000247,
              30.4975389998665
            ],
            [
              -82.0156960002163,
              30.4977199998618
            ],
            [
              -82.0155689999947,
              30.497969999746
            ],
            [
              -82.0155870004363,
              30.4981549998969
            ],
            [
              -82.015550999553,
              30.4983320001177
            ],
            [
              -82.0154839996058,
              30.4984859998162
            ],
            [
              -82.0153790000239,
              30.4986250002042
            ],
            [
              -82.0153570002825,
              30.4987149999874
            ],
            [
              -82.0153580001075,
              30.4988390002406
            ],
            [
              -82.0153909997194,
              30.4989299998638
            ],
            [
              -82.0156529996603,
              30.4992089999812
            ],
            [
              -82.0156769999497,
              30.499271999847
            ],
            [
              -82.015670000277,
              30.4993540003116
            ],
            [
              -82.0156259998961,
              30.4994569998438
            ],
            [
              -82.0155430000554,
              30.4995430002789
            ],
            [
              -82.0153000003811,
              30.4996610000683
            ],
            [
              -82.0152319997108,
              30.4997150001472
            ],
            [
              -82.0151720003346,
              30.4997980002673
            ],
            [
              -82.015149999695,
              30.4998919998515
            ],
            [
              -82.0151659995885,
              30.4999850000918
            ],
            [
              -82.0152850003126,
              30.5002839999874
            ],
            [
              -82.0155020000475,
              30.5005839997587
            ],
            [
              -82.0167900000103,
              30.501636999829
            ],
            [
              -82.0169459996459,
              30.5017640002534
            ],
            [
              -82.0170310000347,
              30.501866000322
            ],
            [
              -82.0170360000576,
              30.501884999693
            ],
            [
              -82.0170870001112,
              30.5020760001716
            ],
            [
              -82.0170820000884,
              30.5021299996837
            ],
            [
              -82.0170009998975,
              30.5028089999488
            ],
            [
              -82.0168929999424,
              30.5034020000743
            ],
            [
              -82.016872999851,
              30.5037180001106
            ],
            [
              -82.0169060003612,
              30.5040459997188
            ],
            [
              -82.0168829998967,
              30.5041740000775
            ],
            [
              -82.0168219997974,
              30.5045260000019
            ],
            [
              -82.0167740001168,
              30.5047539999062
            ],
            [
              -82.0165049996049,
              30.5053479997539
            ],
            [
              -82.0164850004118,
              30.5054819997703
            ],
            [
              -82.016471999993,
              30.5055779999921
            ],
            [
              -82.016512000176,
              30.5058769997208
            ],
            [
              -82.0165919996436,
              30.5060989997686
            ],
            [
              -82.0167110003676,
              30.5062919996353
            ],
            [
              -82.0167950000332,
              30.5063830000251
            ],
            [
              -82.0169359996002,
              30.5065390000529
            ],
            [
              -82.0170030004457,
              30.5066640003511
            ],
            [
              -82.017016999791,
              30.5067460000012
            ],
            [
              -82.0170190003392,
              30.5070329997799
            ],
            [
              -82.017020999989,
              30.5071319998793
            ],
            [
              -82.0169139998589,
              30.5072989997246
            ],
            [
              -82.016692999926,
              30.5074269996715
            ],
            [
              -82.0164179995663,
              30.5075019998039
            ],
            [
              -82.0161360004323,
              30.5075029997537
            ],
            [
              -82.0159149996011,
              30.5075890000399
            ],
            [
              -82.0157470002699,
              30.5077170003789
            ],
            [
              -82.0155870004363,
              30.5079439998223
            ],
            [
              -82.015517999941,
              30.5081099998774
            ],
            [
              -82.0154719999102,
              30.5083679996711
            ],
            [
              -82.0146629996233,
              30.5111810000867
            ],
            [
              -82.0145639998891,
              30.51231199995
            ],
            [
              -82.0146099999198,
              30.5127790002591
            ],
            [
              -82.0147549996848,
              30.5132519999909
            ],
            [
              -82.0150069995799,
              30.5137000002734
            ],
            [
              -82.0150219996485,
              30.5139729997355
            ],
            [
              -82.0151360003496,
              30.5143850002844
            ],
            [
              -82.0152130003425,
              30.5148329999891
            ],
            [
              -82.0152429995814,
              30.5153100000396
            ],
            [
              -82.0153120000767,
              30.515762000358
            ],
            [
              -82.0153120000767,
              30.5162559996583
            ],
            [
              -82.0154030003133,
              30.516457999752
            ],
            [
              -82.0158080003692,
              30.5177000000056
            ],
            [
              -82.0157930003007,
              30.5179329999596
            ],
            [
              -82.0157160003077,
              30.5182839997626
            ],
            [
              -82.0156319997439,
              30.5185069999511
            ],
            [
              -82.015517999941,
              30.5186790003267
            ],
            [
              -82.015449000344,
              30.5188729998181
            ],
            [
              -82.0154190002068,
              30.5193670003326
            ],
            [
              -82.0154569998417,
              30.5197640000122
            ],
            [
              -82.0155410004056,
              30.5200980001296
            ],
            [
              -82.0156779997746,
              30.5202329997565
            ],
            [
              -82.0158760001413,
              30.5202730002404
            ],
            [
              -82.0161659996712,
              30.5202199997891
            ],
            [
              -82.0163189998321,
              30.5201429997681
            ],
            [
              -82.016403000396,
              30.5200460001775
            ],
            [
              -82.0167079999945,
              30.5195669997268
            ],
            [
              -82.016944999821,
              30.5193270002497
            ],
            [
              -82.0175089998856,
              30.5188449998516
            ],
            [
              -82.0175349998249,
              30.5188309998653
            ],
            [
              -82.0178520000173,
              30.5186669999864
            ],
            [
              -82.0180200002468,
              30.518648000025
            ],
            [
              -82.0181650000117,
              30.5187049998979
            ],
            [
              -82.0185619996718,
              30.5192299998447
            ],
            [
              -82.0185850001363,
              30.5194890001358
            ],
            [
              -82.018515999641,
              30.5198690000129
            ],
            [
              -82.0183559998075,
              30.5201570003393
            ],
            [
              -82.018158000339,
              30.520409000215
            ],
            [
              -82.0179440000788,
              30.5206110001902
            ],
            [
              -82.0177299998186,
              30.5207709998572
            ],
            [
              -82.0170949996088,
              30.5211479999368
            ],
            [
              -82.0165599998565,
              30.5214640003363
            ],
            [
              -82.01654099959,
              30.5214749997513
            ],
            [
              -82.0164490004268,
              30.5215299999031
            ],
            [
              -82.0163799999314,
              30.5216009999967
            ],
            [
              -82.0163270002281,
              30.5216870001933
            ],
            [
              -82.0162960002659,
              30.521903999955
            ],
            [
              -82.0163570003652,
              30.5221440000329
            ],
            [
              -82.0170510001262,
              30.5230730001707
            ],
            [
              -82.0171199997232,
              30.5232679999648
            ],
            [
              -82.017097000157,
              30.5236430000763
            ],
            [
              -82.0171349997918,
              30.5238060002885
            ],
            [
              -82.0172190003557,
              30.5239510003092
            ],
            [
              -82.0173339999835,
              30.5240169997347
            ],
            [
              -82.0174789997484,
              30.5240190000683
            ],
            [
              -82.0176240004116,
              30.5239639997775
            ],
            [
              -82.0177230001458,
              30.5238609998949
            ],
            [
              -82.0177690001766,
              30.5237310003531
            ],
            [
              -82.0178369999487,
              30.5236380003835
            ],
            [
              -82.0179519995764,
              30.5235649998875
            ],
            [
              -82.0180739997751,
              30.5235289998984
            ],
            [
              -82.0182190004384,
              30.5235329998118
            ],
            [
              -82.0184400003714,
              30.5235920002576
            ],
            [
              -82.0185540001741,
              30.5236850002711
            ],
            [
              -82.0186310001671,
              30.5238340003734
            ],
            [
              -82.0186379998398,
              30.5239300002715
            ],
            [
              -82.0186000002049,
              30.524078000219
            ],
            [
              -82.0185399999305,
              30.524232000155
            ],
            [
              -82.0184780000062,
              30.524391000275
            ],
            [
              -82.0183180001726,
              30.524656000155
            ],
            [
              -82.0183059995787,
              30.5246709998491
            ],
            [
              -82.0182520000504,
              30.5247370003332
            ],
            [
              -82.0179209996142,
              30.5251480003692
            ],
            [
              -82.0177840002452,
              30.5254059998255
            ],
            [
              -82.0177380002145,
              30.5255530000823
            ],
            [
              -82.0177609997807,
              30.5257590000204
            ],
            [
              -82.017942000429,
              30.5263360002609
            ],
            [
              -82.0181650000117,
              30.5270460001181
            ],
            [
              -82.0181959999739,
              30.5272899996364
            ],
            [
              -82.0181809999052,
              30.5275100000465
            ],
            [
              -82.0181270003769,
              30.5276619997013
            ],
            [
              -82.0180880000188,
              30.5276900002227
            ],
            [
              -82.0179969997822,
              30.5277549996884
            ],
            [
              -82.0179750000409,
              30.5277710001932
            ],
            [
              -82.0177840002452,
              30.5277899999185
            ],
            [
              -82.0175470004188,
              30.5277159997047
            ],
            [
              -82.0173950000828,
              30.5276409996919
            ],
            [
              -82.0172569999905,
              30.5275310000843
            ],
            [
              -82.0171430001877,
              30.5273839997247
            ],
            [
              -82.0170670000197,
              30.5272159998154
            ],
            [
              -82.0167840001625,
              30.5269449999068
            ],
            [
              -82.0166700003597,
              30.5268750003729
            ],
            [
              -82.0165399997651,
              30.526864999772
            ],
            [
              -82.0164410000309,
              30.5268989997987
            ],
            [
              -82.016211999702,
              30.5270539996553
            ],
            [
              -82.016066999937,
              30.5271949997096
            ],
            [
              -82.0159220001721,
              30.5273739999502
            ],
            [
              -82.0156169996752,
              30.5280650002925
            ],
            [
              -82.0155260003369,
              30.5281559996455
            ],
            [
              -82.0154640004126,
              30.5282519999164
            ],
            [
              -82.0154340002755,
              30.5283699996842
            ],
            [
              -82.0154340002755,
              30.5285009997177
            ],
            [
              -82.0154869999789,
              30.5285869999981
            ],
            [
              -82.0155790000404,
              30.5286599998164
            ],
            [
              -82.015670000277,
              30.5286880000501
            ],
            [
              -82.0158080003692,
              30.5287020001639
            ],
            [
              -82.0161360004323,
              30.5286560001139
            ],
            [
              -82.0162960002659,
              30.5285969996479
            ],
            [
              -82.016471999993,
              30.5284880000826
            ],
            [
              -82.0166550002911,
              30.5284120001572
            ],
            [
              -82.0168379996909,
              30.5283639997257
            ],
            [
              -82.017089999586,
              30.5283339999277
            ],
            [
              -82.0173719996182,
              30.5283259997221
            ],
            [
              -82.0176770001151,
              30.5283549997873
            ],
            [
              -82.0179969997822,
              30.5284249998026
            ],
            [
              -82.0181420004455,
              30.528433
            ],
            [
              -82.018303000104,
              30.5285209998077
            ],
            [
              -82.0185540001741,
              30.5289920000788
            ],
            [
              -82.0185309997097,
              30.5290809998818
            ],
            [
              -82.0184319999754,
              30.5291859998749
            ],
            [
              -82.018187999578,
              30.5292739997744
            ],
            [
              -82.0179900001096,
              30.5293869996777
            ],
            [
              -82.0178369999487,
              30.529509000056
            ],
            [
              -82.0177149997499,
              30.5296499996426
            ],
            [
              -82.0175630003123,
              30.5299220002372
            ],
            [
              -82.0175020002129,
              30.5302180002238
            ],
            [
              -82.0173490000521,
              30.5306279998028
            ],
            [
              -82.0173640001206,
              30.5307600003711
            ],
            [
              -82.0174710002508,
              30.5308800003803
            ],
            [
              -82.0175850000536,
              30.5309219997682
            ],
            [
              -82.0178749995835,
              30.5309509998324
            ],
            [
              -82.0180810003462,
              30.5310229997142
            ],
            [
              -82.0182720001419,
              30.5311370003851
            ],
            [
              -82.018370999876,
              30.5312690002617
            ],
            [
              -82.0183940003406,
              30.5314180003407
            ],
            [
              -82.0180739997751,
              30.5317599997877
            ],
            [
              -82.0177990003138,
              30.5320549998933
            ],
            [
              -82.017646000153,
              30.5321749998504
            ],
            [
              -82.0176009999471,
              30.532319999762
            ],
            [
              -82.017646000153,
              30.5325469997813
            ],
            [
              -82.0177759998493,
              30.5326599997466
            ],
            [
              -82.0180050001782,
              30.5327149997574
            ],
            [
              -82.0184329998003,
              30.5326460002031
            ],
            [
              -82.0185779995653,
              30.5326230003407
            ],
            [
              -82.0188599995976,
              30.5326230003407
            ],
            [
              -82.0189509998342,
              30.5326749997526
            ],
            [
              -82.0190200003295,
              30.5327680003575
            ],
            [
              -82.0190499995684,
              30.5328880002076
            ],
            [
              -82.0190499995684,
              30.5330120002064
            ],
            [
              -82.0190119999336,
              30.5331189999659
            ],
            [
              -82.018928000268,
              30.5332449998136
            ],
            [
              -82.0188520001,
              30.5333139997162
            ],
            [
              -82.0187449999699,
              30.5333690001305
            ],
            [
              -82.0183330002412,
              30.5334259998799
            ],
            [
              -82.0179330002082,
              30.5334000003786
            ],
            [
              -82.0178450003446,
              30.533393999957
            ],
            [
              -82.0177530002831,
              30.5334169996367
            ],
            [
              -82.0176689997192,
              30.5334760002706
            ],
            [
              -82.0174019997555,
              30.533816999757
            ],
            [
              -82.0173110004172,
              30.5341719996929
            ],
            [
              -82.0172190003557,
              30.5343279999999
            ],
            [
              -82.017089999586,
              30.5344349998574
            ],
            [
              -82.0167919996601,
              30.5345730002442
            ],
            [
              -82.0166090002603,
              30.5347330001333
            ],
            [
              -82.0166090002603,
              30.534799999641
            ],
            [
              -82.0166550002911,
              30.5348509997667
            ],
            [
              -82.0170059999204,
              30.53495999993
            ],
            [
              -82.0173640001206,
              30.5350150001861
            ],
            [
              -82.0174329997176,
              30.5351350003554
            ],
            [
              -82.0174329997176,
              30.5352709996457
            ],
            [
              -82.0173790001893,
              30.5353829998742
            ],
            [
              -82.016944999821,
              30.5358259996571
            ],
            [
              -82.0162579997327,
              30.5366080001799
            ],
            [
              -82.0162500002351,
              30.5367010001141
            ],
            [
              -82.0162660001287,
              30.5367969996781
            ],
            [
              -82.0163189998321,
              30.5368959996369
            ],
            [
              -82.0164490004268,
              30.5370450003695
            ],
            [
              -82.016471999993,
              30.5372090001793
            ],
            [
              -82.0163570003652,
              30.5374179998612
            ],
            [
              -82.0160059998377,
              30.5377039999594
            ],
            [
              -82.0159909997691,
              30.5377650003611
            ],
            [
              -82.0159530001342,
              30.5380400003516
            ],
            [
              -82.015999000165,
              30.5384639996664
            ],
            [
              -82.0159530001342,
              30.5386369999354
            ],
            [
              -82.0158230004379,
              30.5388769996865
            ],
            [
              -82.0157620003385,
              30.5390470003441
            ],
            [
              -82.015738999874,
              30.5392250000129
            ],
            [
              -82.0157699998361,
              30.5394440000793
            ],
            [
              -82.0157539999426,
              30.539538999633
            ],
            [
              -82.0157270001784,
              30.5395740002595
            ],
            [
              -82.0156479996374,
              30.5396709996975
            ],
            [
              -82.015189999878,
              30.5398369997231
            ],
            [
              -82.0150300000444,
              30.5399439997012
            ],
            [
              -82.0149000003481,
              30.5400810003831
            ],
            [
              -82.0147549996848,
              30.5403249996563
            ],
            [
              -82.0145489998205,
              30.5409949997268
            ],
            [
              -82.0143510003521,
              30.5414869999784
            ],
            [
              -82.0143510003521,
              30.5415779999105
            ],
            [
              -82.014311999994,
              30.5416529999946
            ],
            [
              -82.0139689998623,
              30.5419750001304
            ],
            [
              -82.0135339996692,
              30.5422459998882
            ],
            [
              -82.0134580003995,
              30.5423279996916
            ],
            [
              -82.0134120003687,
              30.542444000201
            ],
            [
              -82.0134270004373,
              30.5426199998821
            ],
            [
              -82.0136969998757,
              30.5432249996895
            ],
            [
              -82.0140979997338,
              30.5440819999627
            ],
            [
              -82.0140850002133,
              30.5442060003697
            ],
            [
              -82.0140419996573,
              30.5443069996546
            ],
            [
              -82.0139809995579,
              30.5444520000222
            ],
            [
              -82.0139050002882,
              30.5446209998627
            ],
            [
              -82.0138580004325,
              30.5448650001067
            ],
            [
              -82.0140719997945,
              30.5465909997138
            ],
            [
              -82.0140249999388,
              30.5468359999677
            ],
            [
              -82.0138330003182,
              30.5472879998462
            ],
            [
              -82.0137710003939,
              30.5473800000704
            ],
            [
              -82.0135189996005,
              30.5476449999009
            ],
            [
              -82.0131589997504,
              30.5478840002895
            ],
            [
              -82.0130669996889,
              30.5480229996654
            ],
            [
              -82.0130430002978,
              30.5483930001792
            ],
            [
              -82.0130480003207,
              30.5486940002992
            ],
            [
              -82.0131079996968,
              30.5489950002595
            ],
            [
              -82.0132369995682,
              30.5493819997213
            ],
            [
              -82.0132569996597,
              30.5496049997021
            ],
            [
              -82.0132590002078,
              30.5496310002806
            ],
            [
              -82.0132349999184,
              30.5497800000395
            ],
            [
              -82.0131660003214,
              30.5499459998026
            ],
            [
              -82.0129510002363,
              30.5502840001766
            ],
            [
              -82.0128940003349,
              30.5503360001893
            ],
            [
              -82.0127910004027,
              30.5504299996355
            ],
            [
              -82.0125910003862,
              30.5505459997484
            ],
            [
              -82.0121930000029,
              30.5506819998912
            ],
            [
              -82.012040999667,
              30.5507059996234
            ],
            [
              -82.0118809998334,
              30.5506940001448
            ],
            [
              -82.0117510001371,
              30.5506509997445
            ],
            [
              -82.0111419998666,
              30.5503039996492
            ],
            [
              -82.0109970001016,
              30.5501959999728
            ],
            [
              -82.0107309999628,
              30.5501089999743
            ],
            [
              -82.01050800038,
              30.5501100002592
            ],
            [
              -82.0103100000133,
              30.5501620003651
            ],
            [
              -82.0101500001798,
              30.5502519996195
            ],
            [
              -82.0099500001632,
              30.5504339999886
            ],
            [
              -82.0098039996751,
              30.5506310003435
            ],
            [
              -82.009704000116,
              30.5508459998779
            ],
            [
              -82.0096780001767,
              30.5510150001925
            ],
            [
              -82.0096659995828,
              30.5510899999494
            ],
            [
              -82.0096890000474,
              30.5513359999521
            ],
            [
              -82.0098720003454,
              30.5516170002586
            ],
            [
              -82.0100780002098,
              30.5518609999393
            ],
            [
              -82.0103450001735,
              30.5520950002299
            ],
            [
              -82.0106959998028,
              30.5523379999943
            ],
            [
              -82.010977999835,
              30.5526470000096
            ],
            [
              -82.0111229996,
              30.5529750000287
            ],
            [
              -82.0111610001331,
              30.5533679998303
            ],
            [
              -82.0111390003919,
              30.5534729998681
            ],
            [
              -82.0110780002924,
              30.5535700001189
            ],
            [
              -82.010986000231,
              30.5536499999178
            ],
            [
              -82.0108790001008,
              30.5537029999224
            ],
            [
              -82.0107569999021,
              30.5537279999291
            ],
            [
              -82.0098570002768,
              30.5537610003613
            ],
            [
              -82.0097500001467,
              30.5537950002557
            ],
            [
              -82.0095969999858,
              30.553962999832
            ],
            [
              -82.0094749997871,
              30.554037000161
            ],
            [
              -82.009010000355,
              30.5541589997439
            ],
            [
              -82.0086820002919,
              30.5542790002366
            ],
            [
              -82.0084760004276,
              30.5544469997487
            ],
            [
              -82.0084229998259,
              30.5545290000773
            ],
            [
              -82.0084000002596,
              30.5546110003366
            ],
            [
              -82.0084300003969,
              30.5547159998033
            ],
            [
              -82.0085519996973,
              30.5548420002512
            ],
            [
              -82.0087430003913,
              30.5549700002317
            ],
            [
              -82.0090410003172,
              30.555105000131
            ],
            [
              -82.0092389997856,
              30.5553190003544
            ],
            [
              -82.0094599997185,
              30.5557160000831
            ],
            [
              -82.0095750002445,
              30.5560570003754
            ],
            [
              -82.0095969999858,
              30.5562060003266
            ],
            [
              -82.0095290002138,
              30.5565280001564
            ],
            [
              -82.0093529995884,
              30.5568640003867
            ],
            [
              -82.009231000288,
              30.5570110002184
            ],
            [
              -82.0084989999938,
              30.5577390000077
            ],
            [
              -82.0084449995672,
              30.5579109997639
            ],
            [
              -82.0084680000317,
              30.5580939998984
            ],
            [
              -82.0085219995601,
              30.558173999836
            ],
            [
              -82.0086210001925,
              30.558226000263
            ],
            [
              -82.0087430003913,
              30.5582429998163
            ],
            [
              -82.0088799997603,
              30.5582279998921
            ],
            [
              -82.0090479999898,
              30.558149000201
            ],
            [
              -82.0093989996191,
              30.5578629999885
            ],
            [
              -82.0095290002138,
              30.5578120003462
            ],
            [
              -82.0096890000474,
              30.5577960001495
            ],
            [
              -82.009956000011,
              30.5578399999104
            ],
            [
              -82.010024999608,
              30.557872999718
            ],
            [
              -82.0101540003777,
              30.5580730002809
            ],
            [
              -82.0101929998375,
              30.5582490002495
            ],
            [
              -82.0101700002713,
              30.5584110002022
            ],
            [
              -82.0100930002784,
              30.5585900001507
            ],
            [
              -82.0099640004069,
              30.5587499999159
            ],
            [
              -82.0097879997816,
              30.558887000361
            ],
            [
              -82.009704000116,
              30.5590439998314
            ],
            [
              -82.0096720003289,
              30.5591929998379
            ],
            [
              -82.0096659995828,
              30.5592209997771
            ],
            [
              -82.0097200000095,
              30.5593909996222
            ],
            [
              -82.0098420002082,
              30.5595170001888
            ],
            [
              -82.010100999776,
              30.5596410002183
            ],
            [
              -82.0103760001356,
              30.5597099999291
            ],
            [
              -82.010765000298,
              30.5597549997813
            ],
            [
              -82.0108489999636,
              30.5598160002523
            ],
            [
              -82.0109019996671,
              30.5599160001301
            ],
            [
              -82.0108790001008,
              30.5600739996652
            ],
            [
              -82.0108940001695,
              30.5602680000249
            ],
            [
              -82.0108409995677,
              30.5604420002968
            ],
            [
              -82.0107109998713,
              30.5607359997272
            ],
            [
              -82.0104820004408,
              30.5610810000853
            ],
            [
              -82.0103989997018,
              30.5612450002919
            ],
            [
              -82.0102149995788,
              30.5613919996755
            ],
            [
              -82.0099180003762,
              30.5613919996755
            ],
            [
              -82.0097119996136,
              30.5613329997602
            ],
            [
              -82.0095969999858,
              30.561255999843
            ],
            [
              -82.0095140001452,
              30.5611569999703
            ],
            [
              -82.0092620002501,
              30.5606290002323
            ],
            [
              -82.0092160002193,
              30.5605739997881
            ],
            [
              -82.0089659999741,
              30.5604569998788
            ],
            [
              -82.0089569997533,
              30.5604500001773
            ],
            [
              -82.0087729996302,
              30.5602740003329
            ],
            [
              -82.0084989999938,
              30.5601880002664
            ],
            [
              -82.0082780000609,
              30.5601859999042
            ],
            [
              -82.0080329998385,
              30.5602529996402
            ],
            [
              -82.0078350003701,
              30.5603890001047
            ],
            [
              -82.0065299997905,
              30.5618709996261
            ],
            [
              -82.0064389995539,
              30.5619389999087
            ],
            [
              -82.0063850000256,
              30.5620500001537
            ],
            [
              -82.0063930004215,
              30.5621470003406
            ],
            [
              -82.0064849995847,
              30.5623949997076
            ],
            [
              -82.0065530002551,
              30.5627590002006
            ],
            [
              -82.0065530002551,
              30.5628679999742
            ],
            [
              -82.0065080000493,
              30.5629839999181
            ],
            [
              -82.0064079995918,
              30.5631070000071
            ],
            [
              -82.0062479997583,
              30.5632000000842
            ],
            [
              -82.0056910002647,
              30.5632919999229
            ],
            [
              -82.0055230000351,
              30.5633720002163
            ],
            [
              -82.0054390003696,
              30.563468999855
            ],
            [
              -82.0054009998364,
              30.5635739997932
            ],
            [
              -82.0054009998364,
              30.5636980000527
            ],
            [
              -82.0054550002631,
              30.5638099999762
            ],
            [
              -82.0055310004311,
              30.5638810001026
            ],
            [
              -82.0058440004255,
              30.5640089997632
            ],
            [
              -82.0059809997945,
              30.5640110000466
            ],
            [
              -82.0063549998884,
              30.5638290003856
            ],
            [
              -82.006630000248,
              30.5636439999467
            ],
            [
              -82.0070489996493,
              30.5634839997426
            ],
            [
              -82.0071559997795,
              30.5633980002006
            ],
            [
              -82.0072860003741,
              30.5633410002554
            ],
            [
              -82.0074229997431,
              30.5633129999579
            ],
            [
              -82.0076140004372,
              30.5633090001357
            ],
            [
              -82.0079650000664,
              30.5633830002997
            ],
            [
              -82.0083080001981,
              30.5635390000842
            ],
            [
              -82.0084069999323,
              30.5636579996619
            ],
            [
              -82.0084229998259,
              30.5640660000895
            ],
            [
              -82.0083840003661,
              30.5641710001552
            ],
            [
              -82.0083159996957,
              30.5642480000794
            ],
            [
              -82.0083080001981,
              30.5642569997853
            ],
            [
              -82.0081709999308,
              30.5643249999427
            ],
            [
              -82.0080000002266,
              30.5643600001416
            ],
            [
              -82.0075559998125,
              30.564442999966
            ],
            [
              -82.0071990003355,
              30.5644419998288
            ],
            [
              -82.0065390000114,
              30.5644400003278
            ],
            [
              -82.0063599999113,
              30.5644769999856
            ],
            [
              -82.0061780003364,
              30.5645700002964
            ],
            [
              -82.006044000442,
              30.5646919997871
            ],
            [
              -82.0058850004334,
              30.5649189999274
            ],
            [
              -82.005820999961,
              30.5651330001663
            ],
            [
              -82.0058100000903,
              30.5653579997929
            ],
            [
              -82.0059199996952,
              30.5659940001019
            ],
            [
              -82.0060209999776,
              30.5662819997897
            ],
            [
              -82.0060629998104,
              30.5663980002927
            ],
            [
              -82.0061330001306,
              30.5663920003634
            ],
            [
              -82.0062639996518,
              30.5667530002165
            ],
            [
              -82.0064629998434,
              30.5671850003019
            ],
            [
              -82.0066829999514,
              30.5673620000929
            ],
            [
              -82.0072009999853,
              30.5674899998017
            ],
            [
              -82.0072999997195,
              30.5674700000034
            ],
            [
              -82.0074069998496,
              30.5674969997688
            ],
            [
              -82.0074749996217,
              30.5675540003663
            ],
            [
              -82.0076129997139,
              30.567764999898
            ],
            [
              -82.007620000285,
              30.5678590002527
            ],
            [
              -82.0075139999797,
              30.5680420001885
            ],
            [
              -82.0073609998189,
              30.5681689996746
            ],
            [
              -82.0072539996887,
              30.568365000285
            ],
            [
              -82.0072319999475,
              30.5685560000252
            ],
            [
              -82.0073080001154,
              30.5687320003155
            ],
            [
              -82.0074140004207,
              30.5688290000094
            ],
            [
              -82.0077950001871,
              30.569051000076
            ],
            [
              -82.0080539997549,
              30.5692499999408
            ],
            [
              -82.0081380003188,
              30.5693659999884
            ],
            [
              -82.0082300003803,
              30.5697119999068
            ],
            [
              -82.0082300003803,
              30.5699179997548
            ],
            [
              -82.0081459998164,
              30.5704380001586
            ],
            [
              -82.0081080001816,
              30.5709419997459
            ],
            [
              -82.0081199998771,
              30.5712579997719
            ],
            [
              -82.0081459998164,
              30.5718980003127
            ],
            [
              -82.0080629999757,
              30.5720930002908
            ],
            [
              -82.0078799996777,
              30.5722230000583
            ],
            [
              -82.007796000012,
              30.5722500000476
            ],
            [
              -82.0073730004127,
              30.5722800001988
            ],
            [
              -82.007179000244,
              30.5722940002146
            ],
            [
              -82.0070119998394,
              30.5723380003618
            ],
            [
              -82.0068749995721,
              30.5724060002686
            ],
            [
              -82.0067449998758,
              30.5725229996896
            ],
            [
              -82.0065780003695,
              30.5727429997061
            ],
            [
              -82.0065399998363,
              30.5728440002321
            ],
            [
              -82.0065320003387,
              30.572940999681
            ],
            [
              -82.0066469999664,
              30.5732550000623
            ],
            [
              -82.0067370003782,
              30.5733659997347
            ],
            [
              -82.0068899996407,
              30.5734899998526
            ],
            [
              -82.0070660002661,
              30.5736020000723
            ],
            [
              -82.007247999841,
              30.5736829996395
            ],
            [
              -82.0076820002093,
              30.5737860000419
            ],
            [
              -82.0079869998078,
              30.5738999999992
            ],
            [
              -82.0080549995798,
              30.5740149998611
            ],
            [
              -82.008093000113,
              30.5741609999668
            ],
            [
              -82.0080780000444,
              30.5742849998416
            ],
            [
              -82.0078799996777,
              30.5749690002436
            ],
            [
              -82.0078269999742,
              30.5750669999152
            ],
            [
              -82.0077590002021,
              30.5751409996172
            ],
            [
              -82.007652000072,
              30.5752039997477
            ],
            [
              -82.0074329997889,
              30.5752460000697
            ],
            [
              -82.007392999606,
              30.5752540002763
            ],
            [
              -82.007287000199,
              30.5752270003499
            ],
            [
              -82.0066160000043,
              30.5745880001535
            ],
            [
              -82.0065859998671,
              30.5745819999575
            ],
            [
              -82.0064260000335,
              30.5745979997062
            ],
            [
              -82.0062889997662,
              30.57468000002
            ],
            [
              -82.0061980004279,
              30.5748080001264
            ],
            [
              -82.0061830003593,
              30.5749569998983
            ],
            [
              -82.0062129995982,
              30.5750619997765
            ],
            [
              -82.0063959998963,
              30.5753790003249
            ],
            [
              -82.0065170002701,
              30.5755000001196
            ],
            [
              -82.0068219998686,
              30.5757349998837
            ],
            [
              -82.0068560002038,
              30.5757540002775
            ],
            [
              -82.007171999673,
              30.575929999881
            ],
            [
              -82.0073010004427,
              30.576040000341
            ],
            [
              -82.0075449999419,
              30.5762489999433
            ],
            [
              -82.00772800024,
              30.5763459998536
            ],
            [
              -82.0078810004009,
              30.5764840002128
            ],
            [
              -82.0080320000136,
              30.5767590003313
            ],
            [
              -82.0080549995798,
              30.5768950000849
            ],
            [
              -82.0080329998385,
              30.5769970001616
            ],
            [
              -82.0080260001658,
              30.5770299996403
            ],
            [
              -82.0079499999979,
              30.5771659997871
            ],
            [
              -82.0079399999521,
              30.5771749998413
            ],
            [
              -82.0078500004387,
              30.5772670003472
            ],
            [
              -82.007720999669,
              30.5773199998256
            ],
            [
              -82.0075909999727,
              30.5773239998433
            ],
            [
              -82.0072169998788,
              30.5771829998888
            ],
            [
              -82.007027999733,
              30.5770709999378
            ],
            [
              -82.0070029996186,
              30.5770569998381
            ],
            [
              -82.0068279997164,
              30.5769210003118
            ],
            [
              -82.0064999996534,
              30.5767649996193
            ],
            [
              -82.0063320003222,
              30.5767540002798
            ],
            [
              -82.0062479997583,
              30.576789999871
            ],
            [
              -82.0061339999554,
              30.5769329996407
            ],
            [
              -82.0061110003892,
              30.5770279996253
            ],
            [
              -82.0061259995595,
              30.5771240002967
            ],
            [
              -82.0061799999862,
              30.5772110000497
            ],
            [
              -82.0061640000927,
              30.5772779996284
            ],
            [
              -82.0063320003222,
              30.5774610003544
            ],
            [
              -82.0067289999822,
              30.578002999705
            ],
            [
              -82.0067750000129,
              30.5781000001809
            ],
            [
              -82.0068279997164,
              30.5782850001181
            ],
            [
              -82.0068200002188,
              30.578544999893
            ],
            [
              -82.0068810003182,
              30.5788970002503
            ],
            [
              -82.0069199997779,
              30.5790019997292
            ],
            [
              -82.0069809998773,
              30.5790940000485
            ],
            [
              -82.0074610002763,
              30.5793970000287
            ],
            [
              -82.0078880000736,
              30.5797369998592
            ],
            [
              -82.0080329998385,
              30.5798240003612
            ],
            [
              -82.0083390001603,
              30.5799269996546
            ],
            [
              -82.0087729996302,
              30.5799599996829
            ],
            [
              -82.0089109997225,
              30.5800340002915
            ],
            [
              -82.0089950002864,
              30.5801489998395
            ],
            [
              -82.0090179998526,
              30.5802840002782
            ],
            [
              -82.0089719998218,
              30.5804139998928
            ],
            [
              -82.0086129997966,
              30.5806430003011
            ],
            [
              -82.0081559998622,
              30.5808220002165
            ],
            [
              -82.0080870002652,
              30.5808809998786
            ],
            [
              -82.0080560003031,
              30.5809729999616
            ],
            [
              -82.0080789998693,
              30.5811080000264
            ],
            [
              -82.0081480003646,
              30.5812150001332
            ],
            [
              -82.0082549995964,
              30.5812909997109
            ],
            [
              -82.0084909995979,
              30.5813749997039
            ],
            [
              -82.0085719997888,
              30.5814289999926
            ],
            [
              -82.0086449995837,
              30.5814769997082
            ],
            [
              -82.0089099998976,
              30.5817920002495
            ],
            [
              -82.0090050003322,
              30.5819530003715
            ],
            [
              -82.0090370001192,
              30.5820590003635
            ],
            [
              -82.0090320000963,
              30.5822010001419
            ],
            [
              -82.0089869998905,
              30.582319000072
            ],
            [
              -82.0088349995545,
              30.5825720002048
            ],
            [
              -82.0088129998132,
              30.5826950002018
            ],
            [
              -82.0088310002548,
              30.5828199999385
            ],
            [
              -82.0088780001105,
              30.5829359999954
            ],
            [
              -82.0089569997533,
              30.5830369999586
            ],
            [
              -82.0090880001728,
              30.5831180001516
            ],
            [
              -82.0092429999835,
              30.5831629999718
            ],
            [
              -82.0094670002895,
              30.5831669997487
            ],
            [
              -82.0096439998415,
              30.5831200000409
            ],
            [
              -82.0101219996924,
              30.5830569996401
            ],
            [
              -82.0103369997776,
              30.5830949998746
            ],
            [
              -82.0104940001364,
              30.5832290001344
            ],
            [
              -82.0107540004274,
              30.5837169999653
            ],
            [
              -82.0109229995835,
              30.5842929999519
            ],
            [
              -82.0109829998579,
              30.5848190001722
            ],
            [
              -82.0109689996142,
              30.5849689999531
            ],
            [
              -82.010910000063,
              30.5851149998058
            ],
            [
              -82.0108189998264,
              30.5852300002869
            ],
            [
              -82.0104060002728,
              30.5855119997867
            ],
            [
              -82.0103059998154,
              30.585602000277
            ],
            [
              -82.0102079999061,
              30.5857730002053
            ],
            [
              -82.0101569998525,
              30.5859510000135
            ],
            [
              -82.0101660000733,
              30.5861300001819
            ],
            [
              -82.0102220001498,
              30.5862890002357
            ],
            [
              -82.010208999731,
              30.5864190003047
            ],
            [
              -82.0104749998698,
              30.5867489996377
            ],
            [
              -82.0107710001458,
              30.5870499998585
            ],
            [
              -82.0108720004281,
              30.5871159996947
            ],
            [
              -82.0110730002696,
              30.587157000367
            ],
            [
              -82.0112890001796,
              30.5871110001773
            ],
            [
              -82.0113569999518,
              30.5870160000192
            ],
            [
              -82.0113250001647,
              30.5869260000682
            ],
            [
              -82.0113739996701,
              30.5864779996539
            ],
            [
              -82.0114170002262,
              30.5863150002634
            ],
            [
              -82.0115379997017,
              30.586110000361
            ],
            [
              -82.0116220002656,
              30.5860390002671
            ],
            [
              -82.0117069997561,
              30.5860059999881
            ],
            [
              -82.0118459996733,
              30.5860210002569
            ],
            [
              -82.0120630003066,
              30.5861629996454
            ],
            [
              -82.0121579998428,
              30.5862620002887
            ],
            [
              -82.0122060004217,
              30.5863930003049
            ],
            [
              -82.0122010003988,
              30.5866610000285
            ],
            [
              -82.0120120002529,
              30.5869750000604
            ],
            [
              -82.0119460001307,
              30.5872460002013
            ],
            [
              -82.0119600003744,
              30.5877719998644
            ],
            [
              -82.0119960003594,
              30.588217000035
            ],
            [
              -82.0119429997577,
              30.5883619997448
            ],
            [
              -82.0118299997797,
              30.5884799999086
            ],
            [
              -82.0117140003271,
              30.5885519996496
            ],
            [
              -82.0114540000361,
              30.5886520000605
            ],
            [
              -82.0112769995858,
              30.5887750000763
            ],
            [
              -82.011202000141,
              30.5888820002271
            ],
            [
              -82.0112029999659,
              30.588991000028
            ],
            [
              -82.0113610001497,
              30.5892499998225
            ],
            [
              -82.0115789997096,
              30.5894670001414
            ],
            [
              -82.0122800000415,
              30.5900139997912
            ],
            [
              -82.0125739997694,
              30.5900600001497
            ],
            [
              -82.0126819997244,
              30.5901210001208
            ],
            [
              -82.0127600004406,
              30.5902110001982
            ],
            [
              -82.0127930000525,
              30.5903029999331
            ],
            [
              -82.0127860003798,
              30.590399999702
            ],
            [
              -82.0126349998688,
              30.5907099997553
            ],
            [
              -82.0125250002639,
              30.5911720003247
            ],
            [
              -82.0125059999974,
              30.5914920003587
            ],
            [
              -82.0125429998073,
              30.5919579997074
            ],
            [
              -82.0125739997694,
              30.5920529996613
            ],
            [
              -82.0126449999145,
              30.5921230001376
            ],
            [
              -82.0129930000691,
              30.59226700034
            ],
            [
              -82.0130559998182,
              30.5923429997589
            ],
            [
              -82.0130879996053,
              30.5924220002111
            ],
            [
              -82.0130590001913,
              30.5925840003104
            ],
            [
              -82.0128380002584,
              30.5927950002818
            ],
            [
              -82.0123939998444,
              30.5931200003506
            ],
            [
              -82.0122880004375,
              30.5932259997305
            ],
            [
              -82.0122120002695,
              30.5933490001275
            ],
            [
              -82.0121679998885,
              30.5935780001366
            ],
            [
              -82.0122189999422,
              30.5939100002794
            ],
            [
              -82.0123379997679,
              30.5941640001471
            ],
            [
              -82.0126039999066,
              30.5944789996701
            ],
            [
              -82.0128209996416,
              30.5945719998195
            ],
            [
              -82.0131910004358,
              30.5945970001189
            ],
            [
              -82.0133479998963,
              30.5947799998557
            ],
            [
              -82.0133880000793,
              30.5948970001148
            ],
            [
              -82.0133820002315,
              30.5950350003578
            ],
            [
              -82.0133289996297,
              30.5951350002653
            ],
            [
              -82.0131920002607,
              30.5952879997772
            ],
            [
              -82.0131549995525,
              30.5954369997773
            ],
            [
              -82.0131639997733,
              30.5955169998437
            ],
            [
              -82.0132340000935,
              30.5956420000569
            ],
            [
              -82.0130559998182,
              30.5960579997286
            ],
            [
              -82.0132130001771,
              30.5962249997561
            ],
            [
              -82.0134580003995,
              30.5962819997042
            ],
            [
              -82.0137470001045,
              30.5962920001122
            ],
            [
              -82.0141560003584,
              30.5961690003577
            ],
            [
              -82.0142450000469,
              30.5961599997472
            ],
            [
              -82.0143570001999,
              30.596194000245
            ],
            [
              -82.0144490002614,
              30.5962859997129
            ],
            [
              -82.0144979997668,
              30.5964090000921
            ],
            [
              -82.0144869998962,
              30.5965269997372
            ],
            [
              -82.0144400000405,
              30.5966250000408
            ],
            [
              -82.0142750001841,
              30.5968180001677
            ],
            [
              -82.014235999826,
              30.5969339997102
            ],
            [
              -82.0142330003513,
              30.5970520002624
            ],
            [
              -82.0148069995633,
              30.599013999641
            ],
            [
              -82.0151179999079,
              30.5996319997674
            ],
            [
              -82.0151589999158,
              30.5997700002257
            ],
            [
              -82.0151739999845,
              30.5999449997564
            ],
            [
              -82.0150750002503,
              30.6004959996343
            ],
            [
              -82.0150869999458,
              30.6006020002239
            ],
            [
              -82.0151730001596,
              30.6007119997502
            ],
            [
              -82.0155370002076,
              30.6009630002895
            ],
            [
              -82.0156049999797,
              30.6010289999289
            ],
            [
              -82.0157549997675,
              30.6016839997245
            ],
            [
              -82.0158130003921,
              30.6018500003552
            ],
            [
              -82.0159620003551,
              30.6020929999549
            ],
            [
              -82.0161899999607,
              30.6023070001095
            ],
            [
              -82.0164939997343,
              30.6025119997709
            ],
            [
              -82.0168610001554,
              30.6026590000003
            ],
            [
              -82.0171299997689,
              30.6027199997723
            ],
            [
              -82.0177230001458,
              30.602779999764
            ],
            [
              -82.0181480002933,
              30.6028519997051
            ],
            [
              -82.0185809999384,
              30.602972000261
            ],
            [
              -82.019000000238,
              30.603133999732
            ],
            [
              -82.020314999965,
              30.6037549998334
            ],
            [
              -82.0203939996077,
              30.6040140003726
            ],
            [
              -82.0213660001013,
              30.6044879999213
            ],
            [
              -82.0220780003039,
              30.6048820002439
            ],
            [
              -82.0225639996524,
              30.6052140003117
            ],
            [
              -82.0229949996477,
              30.6056070002881
            ],
            [
              -82.0231329997399,
              30.6057989998207
            ],
            [
              -82.023207000258,
              30.6059429998003
            ],
            [
              -82.0232099997328,
              30.6064069998246
            ],
            [
              -82.0232790002281,
              30.6065139998346
            ],
            [
              -82.0233699995664,
              30.6066110003848
            ],
            [
              -82.0236549999717,
              30.6067750001295
            ],
            [
              -82.0238630003842,
              30.6068290001826
            ],
            [
              -82.0242009995947,
              30.6068149997422
            ],
            [
              -82.0244630004338,
              30.606747999705
            ],
            [
              -82.0248419996521,
              30.6065639996761
            ],
            [
              -82.0252380003856,
              30.6062869996581
            ],
            [
              -82.0253610004092,
              30.6062239996272
            ],
            [
              -82.0256569997869,
              30.6061179997773
            ],
            [
              -82.0259510004131,
              30.6060590000147
            ],
            [
              -82.0262049999581,
              30.6060439997549
            ],
            [
              -82.0264789995944,
              30.6060649998088
            ],
            [
              -82.0267110002963,
              30.6061720001968
            ],
            [
              -82.0268429996425,
              30.606256000274
            ],
            [
              -82.0268860001985,
              30.6062830000623
            ],
            [
              -82.027114999629,
              30.6064929998781
            ],
            [
              -82.0272290003302,
              30.6066610001761
            ],
            [
              -82.0272979999272,
              30.6068130003418
            ],
            [
              -82.0273049995998,
              30.6070350000232
            ],
            [
              -82.027275000361,
              30.6074160001498
            ],
            [
              -82.0271909997971,
              30.6076930000314
            ],
            [
              -82.0269919996054,
              30.60798100033
            ],
            [
              -82.0269010002671,
              30.6081579998631
            ],
            [
              -82.0267559996039,
              30.6088180001056
            ],
            [
              -82.0267790000684,
              30.6095470003012
            ],
            [
              -82.0267330000377,
              30.6100669999701
            ],
            [
              -82.0267480001062,
              30.61041099987
            ],
            [
              -82.0268090002057,
              30.6108719996154
            ],
            [
              -82.0269010002671,
              30.6111070002092
            ],
            [
              -82.0269819995597,
              30.6112159997482
            ],
            [
              -82.027054000428,
              30.6113130002278
            ],
            [
              -82.0272900004296,
              30.6113949996328
            ],
            [
              -82.0275570003932,
              30.6114229999607
            ],
            [
              -82.0278090002883,
              30.6113949996328
            ],
            [
              -82.0281289999555,
              30.6112980000085
            ],
            [
              -82.0284119998127,
              30.6113069999857
            ],
            [
              -82.0286560002101,
              30.6114040003741
            ],
            [
              -82.0288539996786,
              30.6115800001853
            ],
            [
              -82.0288849996407,
              30.6116849998192
            ],
            [
              -82.0288539996786,
              30.6117610002415
            ],
            [
              -82.0287239999822,
              30.6119040002134
            ],
            [
              -82.0284500003458,
              30.6120889997935
            ],
            [
              -82.0277859998238,
              30.6123700003432
            ],
            [
              -82.0271220002001,
              30.6125130001889
            ],
            [
              -82.0268779998026,
              30.6125829997984
            ],
            [
              -82.0266419998011,
              30.6126919999953
            ],
            [
              -82.0264359999367,
              30.6128200001551
            ],
            [
              -82.0262979998445,
              30.6130829997349
            ],
            [
              -82.0262829997759,
              30.6133900002134
            ],
            [
              -82.0263520002711,
              30.6137259997827
            ],
            [
              -82.0265270001733,
              30.6140480003373
            ],
            [
              -82.026870000305,
              30.6148490001167
            ],
            [
              -82.0271759997284,
              30.6157379997932
            ],
            [
              -82.0272440003988,
              30.6160470003406
            ],
            [
              -82.0273280000644,
              30.6166400000072
            ],
            [
              -82.027487999898,
              30.6172429996984
            ],
            [
              -82.0276259999902,
              30.6174889996477
            ],
            [
              -82.0278390004255,
              30.6177269999528
            ],
            [
              -82.0280450002899,
              30.6180080003752
            ],
            [
              -82.0283280001471,
              30.6185570003819
            ],
            [
              -82.0283349998198,
              30.6186789999607
            ],
            [
              -82.0282970001849,
              30.6187839996271
            ],
            [
              -82.027824000357,
              30.6193999997054
            ],
            [
              -82.0277859998238,
              30.6195340000064
            ],
            [
              -82.0278090002883,
              30.6196820002503
            ],
            [
              -82.0278619999917,
              30.6197829997908
            ],
            [
              -82.0279389999847,
              30.6198690003342
            ],
            [
              -82.0286100001794,
              30.6202949997967
            ],
            [
              -82.0286860003474,
              30.6204150003848
            ],
            [
              -82.0287630003403,
              30.6206819999807
            ],
            [
              -82.0287549999443,
              30.6209580002393
            ],
            [
              -82.0286789997763,
              30.621107000178
            ],
            [
              -82.0282360000856,
              30.6216390003599
            ],
            [
              -82.0281979995525,
              30.6218300002556
            ],
            [
              -82.0282589996518,
              30.6220109997033
            ],
            [
              -82.0284040003151,
              30.6222099998334
            ],
            [
              -82.02854900008,
              30.6223139999948
            ],
            [
              -82.0291209996423,
              30.6224589996916
            ],
            [
              -82.0292889998718,
              30.6224710003392
            ],
            [
              -82.0294639997739,
              30.6224399999516
            ],
            [
              -82.0296250003307,
              30.6223559999987
            ],
            [
              -82.0297769997684,
              30.6222360002708
            ],
            [
              -82.029907000363,
              30.6220780000026
            ],
            [
              -82.0299829996327,
              30.6219120000302
            ],
            [
              -82.0300210001658,
              30.6217380003124
            ],
            [
              -82.0300060000972,
              30.621559000223
            ],
            [
              -82.0299530003938,
              30.6213889996157
            ],
            [
              -82.0295790003,
              30.620704999839
            ],
            [
              -82.0292660003055,
              30.6200119999273
            ],
            [
              -82.0292200002748,
              30.6198370003207
            ],
            [
              -82.0292200002748,
              30.6196710003707
            ],
            [
              -82.0292510002369,
              30.6195370002591
            ],
            [
              -82.029319000009,
              30.6193849999658
            ],
            [
              -82.0294110000705,
              30.6192550000647
            ],
            [
              -82.0295180002006,
              30.6191579998108
            ],
            [
              -82.0296699996382,
              30.6190590003119
            ],
            [
              -82.0297840003394,
              30.6190079996171
            ],
            [
              -82.0298379998678,
              30.6189839997809
            ],
            [
              -82.0300210001658,
              30.6189380000141
            ],
            [
              -82.0304179998259,
              30.6188909998768
            ],
            [
              -82.0306239996902,
              30.6188999999212
            ],
            [
              -82.0307500000869,
              30.618927999625
            ],
            [
              -82.0308220000569,
              30.6189439997833
            ],
            [
              -82.0310129998526,
              30.6190199999194
            ],
            [
              -82.0310920003936,
              30.6190700002613
            ],
            [
              -82.031334000243,
              30.619220999931
            ],
            [
              -82.0314859996807,
              30.619343000219
            ],
            [
              -82.0316460004125,
              30.6195300001847
            ],
            [
              -82.0317529996443,
              30.6197300003435
            ],
            [
              -82.0319440003383,
              30.6205010003669
            ],
            [
              -82.0319440003383,
              30.6206859997547
            ],
            [
              -82.0319130003762,
              30.6208479997433
            ],
            [
              -82.031807000071,
              30.6211050002997
            ],
            [
              -82.0316310003439,
              30.6213679997927
            ],
            [
              -82.0314480000458,
              30.6215719997569
            ],
            [
              -82.0311579996176,
              30.6218050000274
            ],
            [
              -82.0310589998834,
              30.6219309998738
            ],
            [
              -82.0309750002178,
              30.6221659999097
            ],
            [
              -82.0309369996847,
              30.6224519998286
            ],
            [
              -82.0309600001492,
              30.622670999833
            ],
            [
              -82.0310129998526,
              30.6228980002536
            ],
            [
              -82.0314179999086,
              30.6239720002937
            ],
            [
              -82.031663000131,
              30.6244800001702
            ],
            [
              -82.0316410003897,
              30.6246299996147
            ],
            [
              -82.0316840000474,
              30.6250159999612
            ],
            [
              -82.0317379995757,
              30.6250779998493
            ],
            [
              -82.0319180003991,
              30.6252050003566
            ],
            [
              -82.0320909997531,
              30.6253250002686
            ],
            [
              -82.0329159999337,
              30.6257220001287
            ],
            [
              -82.0339689997198,
              30.6261469998409
            ],
            [
              -82.0348259996874,
              30.6266119999435
            ],
            [
              -82.0349029996803,
              30.6267119997152
            ],
            [
              -82.0349589997568,
              30.6268369998642
            ],
            [
              -82.034948999711,
              30.6271079998061
            ],
            [
              -82.0349210001219,
              30.6272279996778
            ],
            [
              -82.0348549999997,
              30.6273639997131
            ],
            [
              -82.0347129997094,
              30.627500999817
            ],
            [
              -82.0346330002418,
              30.6275770001915
            ],
            [
              -82.0343410001638,
              30.6277699997049
            ],
            [
              -82.0339350002829,
              30.6279489999028
            ],
            [
              -82.0335989998239,
              30.6281519996575
            ],
            [
              -82.0334280001197,
              30.6283110003103
            ],
            [
              -82.0332599998902,
              30.6286320000299
            ],
            [
              -82.0331679998288,
              30.6289639998287
            ],
            [
              -82.0331369998666,
              30.6293589997399
            ],
            [
              -82.0331710002018,
              30.6294930001675
            ],
            [
              -82.0332409996237,
              30.6296130001736
            ],
            [
              -82.0333489995787,
              30.6297259999209
            ],
            [
              -82.0334790001734,
              30.6298069997271
            ],
            [
              -82.0337229996725,
              30.6299019996615
            ],
            [
              -82.033966000245,
              30.6299600001206
            ],
            [
              -82.0352309997433,
              30.6299909996454
            ],
            [
              -82.0355720002252,
              30.6299640002843
            ],
            [
              -82.0359260002275,
              30.6298940001018
            ],
            [
              -82.0365630000871,
              30.6299029998962
            ],
            [
              -82.0367299995933,
              30.6299749997673
            ],
            [
              -82.0368540003402,
              30.6301130002723
            ],
            [
              -82.0368939996248,
              30.6302160002128
            ],
            [
              -82.0368440002945,
              30.630391999835
            ],
            [
              -82.0367720003244,
              30.630542000165
            ],
            [
              -82.0366459999277,
              30.6306999997563
            ],
            [
              -82.0361310002669,
              30.6310859998544
            ],
            [
              -82.0358049998537,
              30.6314389996976
            ],
            [
              -82.0357560003482,
              30.6316290001334
            ],
            [
              -82.0358199999223,
              30.6318529997692
            ],
            [
              -82.0359610003877,
              30.6320489998947
            ],
            [
              -82.0365070000105,
              30.6325159998794
            ],
            [
              -82.036924999587,
              30.6329829999291
            ],
            [
              -82.0372329995586,
              30.6332150003539
            ],
            [
              -82.0373079999016,
              30.6332539996642
            ],
            [
              -82.0375349996824,
              30.6333869999098
            ],
            [
              -82.0377480001177,
              30.6334809999963
            ],
            [
              -82.0384419998787,
              30.6336710002868
            ],
            [
              -82.038875000422,
              30.633826999791
            ],
            [
              -82.039015999989,
              30.6338499996172
            ],
            [
              -82.0392050001349,
              30.6339650002127
            ],
            [
              -82.0393039998691,
              30.6341439997722
            ],
            [
              -82.0393249997855,
              30.6345659998107
            ],
            [
              -82.0392069997847,
              30.6349370002967
            ],
            [
              -82.0390750004385,
              30.635130999997
            ],
            [
              -82.0388360000639,
              30.6353210001389
            ],
            [
              -82.0387399998044,
              30.6355019998622
            ],
            [
              -82.0387349997816,
              30.6356480000712
            ],
            [
              -82.0387399998044,
              30.6356800002676
            ],
            [
              -82.038763000269,
              30.6357680001733
            ],
            [
              -82.038839000437,
              30.6358880001264
            ],
            [
              -82.0389540000647,
              30.6359979997596
            ],
            [
              -82.039119999746,
              30.6360780003278
            ],
            [
              -82.0393039998691,
              30.6361019997896
            ],
            [
              -82.0395020002358,
              30.6358830000348
            ],
            [
              -82.0396550003967,
              30.6357850000405
            ],
            [
              -82.0398720001317,
              30.6357280001558
            ],
            [
              -82.0401020002854,
              30.6357349998315
            ],
            [
              -82.040257999921,
              30.6357869996154
            ],
            [
              -82.0403940003635,
              30.6358830000348
            ],
            [
              -82.0404899997247,
              30.636050000175
            ],
            [
              -82.0405399999534,
              30.6362220001015
            ],
            [
              -82.0405330002806,
              30.6364430001962
            ],
            [
              -82.040442999869,
              30.6365709998663
            ],
            [
              -82.0403349999139,
              30.6366679996725
            ],
            [
              -82.0401659998595,
              30.6367510001786
            ],
            [
              -82.0398560002381,
              30.6367930001002
            ],
            [
              -82.0394920001901,
              30.6369289998316
            ],
            [
              -82.0393929995575,
              30.6369350000314
            ],
            [
              -82.0392999996711,
              30.6370220001803
            ],
            [
              -82.0392989998462,
              30.6370869998139
            ],
            [
              -82.0394360001136,
              30.6371099996381
            ],
            [
              -82.0394119998241,
              30.6373479996155
            ],
            [
              -82.0394579998549,
              30.637786999879
            ],
            [
              -82.03942000022,
              30.6380180002266
            ],
            [
              -82.0393430002272,
              30.6381839996237
            ],
            [
              -82.0393199997626,
              30.6382180000517
            ],
            [
              -82.0392450003178,
              30.6383230001616
            ],
            [
              -82.0390820001113,
              30.6384650001657
            ],
            [
              -82.0389409996459,
              30.6386150003463
            ],
            [
              -82.0388140003227,
              30.6385149997364
            ],
            [
              -82.0387680002919,
              30.6386630003242
            ],
            [
              -82.0388190003455,
              30.6387870003497
            ],
            [
              -82.0389609997374,
              30.6388730002367
            ],
            [
              -82.0392109999827,
              30.6389349997483
            ],
            [
              -82.0394700004488,
              30.6389349997483
            ],
            [
              -82.039668999742,
              30.6388950002674
            ],
            [
              -82.0399929996072,
              30.6387700002372
            ],
            [
              -82.0401419995701,
              30.6387800001218
            ],
            [
              -82.0402599995708,
              30.6388419996931
            ],
            [
              -82.0403190000204,
              30.6389789997766
            ],
            [
              -82.0402649995937,
              30.6395310002567
            ],
            [
              -82.0402450004006,
              30.6397090002048
            ],
            [
              -82.0401759999053,
              30.6398679996427
            ],
            [
              -82.0400770001711,
              30.6400109998277
            ],
            [
              -82.0399509997744,
              30.6401249999264
            ],
            [
              -82.039817999705,
              30.6402470001409
            ],
            [
              -82.0395890002744,
              30.640394000271
            ],
            [
              -82.0393220003108,
              30.6405199998734
            ],
            [
              -82.0387570004213,
              30.6406920003538
            ],
            [
              -82.0386810002533,
              30.6407550003678
            ],
            [
              -82.0386269998266,
              30.6408389998075
            ],
            [
              -82.0386119997579,
              30.6409469997529
            ],
            [
              -82.0388560001555,
              30.6426980002945
            ],
            [
              -82.0389249997524,
              30.6429229999062
            ],
            [
              -82.0390469999511,
              30.6432189997318
            ],
            [
              -82.0408859995598,
              30.6467249999272
            ],
            [
              -82.0411149998886,
              30.6471000003771
            ],
            [
              -82.0413659999588,
              30.6474320001718
            ],
            [
              -82.0415190001197,
              30.6481909999554
            ],
            [
              -82.0415879997166,
              30.6487810003779
            ],
            [
              -82.0416410003184,
              30.648981000359
            ],
            [
              -82.041716999588,
              30.6491339997949
            ],
            [
              -82.0418770003199,
              30.6493359998863
            ],
            [
              -82.0420909996819,
              30.6494979998232
            ],
            [
              -82.0432969996289,
              30.6500610000641
            ],
            [
              -82.0439069997243,
              30.6503810002362
            ],
            [
              -82.0443040002826,
              30.6506350003433
            ],
            [
              -82.0444530002455,
              30.6507510003224
            ],
            [
              -82.0446010003836,
              30.6508660001443
            ],
            [
              -82.044905999982,
              30.6511570003124
            ],
            [
              -82.0451009999757,
              30.6513130002093
            ],
            [
              -82.0451729999458,
              30.6513710001959
            ],
            [
              -82.0459060000648,
              30.6518880000183
            ],
            [
              -82.0459660003392,
              30.6519330003429
            ],
            [
              -82.0460759999441,
              30.6520719996677
            ],
            [
              -82.0461239996247,
              30.6523109999244
            ],
            [
              -82.0460740002943,
              30.6524570002625
            ],
            [
              -82.045932999829,
              30.6525830003771
            ],
            [
              -82.0457169999189,
              30.652633000377
            ],
            [
              -82.0454640001989,
              30.6526250003787
            ],
            [
              -82.0451140003945,
              30.6525250003447
            ],
            [
              -82.0448580003015,
              30.6523940001436
            ],
            [
              -82.0446919997218,
              30.6522779998173
            ],
            [
              -82.0446249997746,
              30.6522020003009
            ],
            [
              -82.0445119997968,
              30.6521500000686
            ],
            [
              -82.0443050001075,
              30.6521610001201
            ],
            [
              -82.0441419999009,
              30.6522669997792
            ],
            [
              -82.044069000106,
              30.6523880001301
            ],
            [
              -82.0440570004104,
              30.6525260003456
            ],
            [
              -82.0440919996722,
              30.6526430003738
            ],
            [
              -82.0443450002905,
              30.6529409998065
            ],
            [
              -82.0445329997132,
              30.6530899999511
            ],
            [
              -82.0447439996003,
              30.6532120000385
            ],
            [
              -82.044978999777,
              30.6533060001782
            ],
            [
              -82.0453820001831,
              30.6534190000691
            ],
            [
              -82.045756000277,
              30.6534790003198
            ],
            [
              -82.0461799997012,
              30.6533559998043
            ],
            [
              -82.0465680000387,
              30.653171000286
            ],
            [
              -82.046773999903,
              30.6531800002331
            ],
            [
              -82.0470779996766,
              30.6532900002925
            ],
            [
              -82.0472209997917,
              30.6533810003803
            ],
            [
              -82.0473100003785,
              30.6535100000356
            ],
            [
              -82.0473580000591,
              30.6536879997563
            ],
            [
              -82.0474099999376,
              30.6537890001208
            ],
            [
              -82.0476779997262,
              30.6540449997455
            ],
            [
              -82.0479499997128,
              30.6541899997997
            ],
            [
              -82.0482019996079,
              30.6542510003278
            ],
            [
              -82.048420999891,
              30.6543370003735
            ],
            [
              -82.0485980003413,
              30.6545890001746
            ],
            [
              -82.0487909997869,
              30.6548239997101
            ],
            [
              -82.0489590000163,
              30.6551220001476
            ],
            [
              -82.0490229995905,
              30.6552950001305
            ],
            [
              -82.0491120001772,
              30.6559660000162
            ],
            [
              -82.0491070001543,
              30.6561849998886
            ],
            [
              -82.0490550002758,
              30.6564289998255
            ],
            [
              -82.0486550002427,
              30.6573379998065
            ],
            [
              -82.0486479996717,
              30.6575979998722
            ],
            [
              -82.0487330000605,
              30.6578489997269
            ],
            [
              -82.0488279995968,
              30.6579909996516
            ],
            [
              -82.0490379996591,
              30.6581819996457
            ],
            [
              -82.049157000383,
              30.6583290003308
            ],
            [
              -82.0493170002166,
              30.6586559997443
            ],
            [
              -82.0493730002931,
              30.6588279996488
            ],
            [
              -82.0493830003388,
              30.6590210001745
            ],
            [
              -82.0493270002624,
              30.6594060001402
            ],
            [
              -82.0493099996456,
              30.6597639998021
            ],
            [
              -82.0493499998286,
              30.6602589997555
            ],
            [
              -82.049446999913,
              30.6606679997464
            ],
            [
              -82.0494899995706,
              30.6610389997826
            ],
            [
              -82.0495020001646,
              30.6614510000618
            ],
            [
              -82.0493959998593,
              30.6620070001447
            ],
            [
              -82.0489359995518,
              30.6625819997067
            ],
            [
              -82.0486829998318,
              30.6628510001669
            ],
            [
              -82.0485740000518,
              30.6629119998655
            ],
            [
              -82.0484510000282,
              30.6629399999676
            ],
            [
              -82.0483439998981,
              30.6629259999176
            ],
            [
              -82.0482309999202,
              30.6628730001513
            ],
            [
              -82.0480150000102,
              30.662653999978
            ],
            [
              -82.0478669998722,
              30.662456000262
            ],
            [
              -82.0477799998335,
              30.6622779996872
            ],
            [
              -82.047759999742,
              30.6621720001876
            ],
            [
              -82.0477780001836,
              30.6620509997201
            ],
            [
              -82.0478660000472,
              30.6619200000649
            ],
            [
              -82.0480130003603,
              30.6615809996727
            ],
            [
              -82.0480169996599,
              30.6614049996225
            ],
            [
              -82.0479299996213,
              30.6612399998155
            ],
            [
              -82.0477370001758,
              30.6610049996511
            ],
            [
              -82.0476099999542,
              30.6608959997852
            ],
            [
              -82.047466999839,
              30.6608119999961
            ],
            [
              -82.0473000003328,
              30.6607540002648
            ],
            [
              -82.0468719998123,
              30.6607100000989
            ],
            [
              -82.0465570001681,
              30.6607470000816
            ],
            [
              -82.0464709999543,
              30.6608059997324
            ],
            [
              -82.0464369996191,
              30.6608660000345
            ],
            [
              -82.0464140000529,
              30.6609020000433
            ],
            [
              -82.0464070003802,
              30.6611930001374
            ],
            [
              -82.0464149998778,
              30.6612399998155
            ],
            [
              -82.0464629995584,
              30.6614639996444
            ],
            [
              -82.0469210002161,
              30.6623459998153
            ],
            [
              -82.0469389997594,
              30.6624679998115
            ],
            [
              -82.0469739999196,
              30.6627429999601
            ],
            [
              -82.0469799997673,
              30.6630730003419
            ],
            [
              -82.0469019999495,
              30.6634579996205
            ],
            [
              -82.046882999683,
              30.66367700029
            ],
            [
              -82.0469349995615,
              30.6640110001014
            ],
            [
              -82.0470369996687,
              30.6641790002272
            ],
            [
              -82.0471770003091,
              30.6643260002908
            ],
            [
              -82.0473239997239,
              30.66441299975
            ],
            [
              -82.0479170001008,
              30.6647009996926
            ],
            [
              -82.0480169996599,
              30.6647919998555
            ],
            [
              -82.048060000216,
              30.6648969996993
            ],
            [
              -82.0480650002389,
              30.6649089997183
            ],
            [
              -82.048059000391,
              30.6650310003424
            ],
            [
              -82.048024000231,
              30.6651650000269
            ],
            [
              -82.0478450001308,
              30.6654240000322
            ],
            [
              -82.0475890000378,
              30.665626999948
            ],
            [
              -82.047255000127,
              30.6657539997583
            ],
            [
              -82.0468740003604,
              30.6658130002158
            ],
            [
              -82.046593000153,
              30.6659109999137
            ],
            [
              -82.0463270000142,
              30.6660359996286
            ],
            [
              -82.0460340001113,
              30.6662659998561
            ],
            [
              -82.0459899997304,
              30.666369999786
            ],
            [
              -82.0459999997761,
              30.6664769999461
            ],
            [
              -82.0461250003479,
              30.6666530000313
            ],
            [
              -82.0462950002272,
              30.6668139996836
            ],
            [
              -82.0464879996727,
              30.6669399996274
            ],
            [
              -82.0466960000852,
              30.6670400002018
            ],
            [
              -82.0470450000647,
              30.6673189998664
            ],
            [
              -82.0471539998446,
              30.6674690001008
            ],
            [
              -82.0472249999897,
              30.6677399997794
            ],
            [
              -82.0472280003628,
              30.6677499997587
            ],
            [
              -82.0473220000741,
              30.667894000273
            ],
            [
              -82.0478090001458,
              30.6682620000974
            ],
            [
              -82.04808899963,
              30.668530000364
            ],
            [
              -82.0482789996008,
              30.6689060002808
            ],
            [
              -82.0484269997388,
              30.669514000157
            ],
            [
              -82.0488839996733,
              30.6703269997938
            ],
            [
              -82.0491310004438,
              30.6709780003355
            ],
            [
              -82.0492150001094,
              30.6713429998118
            ],
            [
              -82.0492720000108,
              30.6720460000612
            ],
            [
              -82.0495819996322,
              30.672707999867
            ],
            [
              -82.0497020001811,
              30.6730909998107
            ],
            [
              -82.0497930004177,
              30.6734970002214
            ],
            [
              -82.0498949996266,
              30.6736190000456
            ],
            [
              -82.0499659997717,
              30.6737560002979
            ],
            [
              -82.0502169998419,
              30.674537999862
            ],
            [
              -82.0502930000099,
              30.6749999997754
            ],
            [
              -82.0503170002993,
              30.6754010002953
            ],
            [
              -82.0503309996447,
              30.6757370000482
            ]
          ]
        ]
      },
      "properties": {
        "AREALAND": 4615538467,
        "AREAWATER": 514025775,
        "BASENAME": "4",
        "CDSESSN": "119",
        "CDTYP": "O",
        "CENTLAT": "+30.3338323",
        "CENTLON": "-081.7828635",
        "FUNCSTAT": "N",
        "GEOID": "1204",
        "HU100": null,
        "INTPTLAT": "+30.3309629",
        "INTPTLON": "-081.7777626",
        "LSADC": "C2",
        "MTFCC": "G5200",
        "NAME": "Congressional District 4",
        "OBJECTID": 227,
        "POP100": null,
        "STATE": "12",
        "Shape__Area": 6908979359.927734,
        "Shape__Length": 523180.2070940329,
        "congressional_member_name": "Aaron Bean",
        "congressional_member_party": "Republican",
        "congressional_member_photo_url": "https://ziplook.house.gov/zip/pictures/fl04_bean.jpg",
        "congressional_member_source_url": "https://www.house.gov/htbin/findrep?ZIP=32202",
        "congressional_member_website_url": "https://bean.house.gov"
      }
    }
  ]
}
