{"type":"FeatureCollection","name":"Northeast Florida County Boundaries","metadata":{"source":"U.S. Census Bureau TIGERweb State_County service","source_url":"https://tigerweb.geo.census.gov/arcgis/rest/services/TIGERweb/State_County/MapServer/1","query":"STATE='12' AND COUNTY IN ('003','019','031','089','109')","year":2024,"counties":["Baker County","Clay County","Duval County","Nassau County","St. Johns County"]},"features":[{"type":"Feature","properties":{"label":"Baker County","name":"Baker County","county_name":"Baker County","geoid":"12003","statefp":"12","countyfp":"003","boundary_type":"County boundary","source":"U.S. Census Bureau TIGERweb State/County boundary","source_url":"https://tigerweb.geo.census.gov/arcgis/rest/services/TIGERweb/State_County/MapServer/1"},"geometry":{"type":"Polygon","coordinates":[[[-82.2870150000138,30.14173399978378],[-82.28699699957214,30.14173399978378],[-82.28451400043127,30.141752000182425],[-82.28309800042196,30.14176499999354],[-82.2729269998907,30.141859000369497],[-82.26744000030375,30.141905999747106],[-82.26735099971697,30.141907000328633],[-82.26732200030297,30.141905999747106],[-82.26729299999067,30.141905999747106],[-82.24983499972359,30.141873999776585],[-82.22435599977679,30.142645000256387],[-82.22427299993609,30.14264600005361],[-82.21579299977375,30.142699000167024],[-82.21230200015428,30.142538999943103],[-82.21211899985616,30.142527999830772],[-82.18694399968298,30.14274199995963],[-82.18662900003872,30.14274199995963],[-82.18649000012154,30.142741000163372],[-82.18607300037003,30.142738999794076],[-82.18593500027775,30.142738999794076],[-82.18546699957429,30.142742999755875],[-82.1743009998815,30.14284099993483],[-82.16283499971473,30.142942000175985],[-82.14545400033887,30.14309099969686],[-82.14264800025951,30.143115999948996],[-82.1425779999393,30.143116999741398],[-82.12832099976181,30.14323999976962],[-82.12471299996645,30.1432069996634],[-82.11525299981288,30.143030999687436],[-82.10839299987434,30.14309900036861],[-82.09864499984069,30.14317800026722],[-82.06686199962402,30.143070000163835],[-82.06653299973605,30.14307400011221],[-82.06649699975104,30.143074999905096],[-82.06645900011623,30.143074999905096],[-82.05513600006458,30.143212000174586],[-82.05499899979723,30.143211000383086],[-82.04942500017167,30.143135999679977],[-82.04942599999659,30.143519999944107],[-82.04942900036963,30.144673999867923],[-82.04943000019455,30.145059000133607],[-82.04944199989009,30.14868100002311],[-82.04943500021741,30.153722999916997],[-82.04943199984436,30.156945000223516],[-82.04942400034675,30.165981000117075],[-82.04941099992796,30.186932999706578],[-82.04950200016457,30.188874999790524],[-82.04947100020242,30.189866000184416],[-82.0493790001409,30.19283799970284],[-82.0493490000037,30.19382999987056],[-82.04934300015589,30.19531399986022],[-82.04932499971423,30.19976599994595],[-82.0493210004146,30.20107500011916],[-82.04931999969136,30.20124999974909],[-82.04931999969136,30.2013050001453],[-82.04931899986646,30.201433999641196],[-82.04927899968348,30.205446000265614],[-82.04927200001079,30.20611100012554],[-82.04915099963696,30.218481000125724],[-82.04912899989566,30.220693999838364],[-82.04908100021507,30.22555499985116],[-82.04907600019222,30.226080999656883],[-82.04905399955258,30.227651999740523],[-82.04896800023717,30.233942999633303],[-82.04893999974976,30.236039999915388],[-82.04892899987912,30.236795999612372],[-82.04892399985624,30.2371759996132],[-82.04887100015279,30.239066999854384],[-82.0488500002364,30.23982399991618],[-82.04884100001559,30.240112000116635],[-82.04881699972611,30.240978000237995],[-82.04881599990122,30.241033000153774],[-82.04882599994696,30.24126699973371],[-82.04884500021353,30.2416859997652],[-82.04890299993984,30.242944000337765],[-82.04891600035863,30.243212000343213],[-82.04892300003134,30.243363999755104],[-82.0489909998034,30.248421000224564],[-82.04919800039094,30.263594999831536],[-82.04925799976708,30.267969999774348],[-82.04926699998792,30.26865300010392],[-82.04927899968348,30.2695899996532],[-82.04931800004154,30.27240199975533],[-82.04933099956202,30.273340000005522],[-82.0493280000873,30.273357999623265],[-82.04931700021665,30.273407999923325],[-82.04931999969136,30.273429999612812],[-82.04930299997291,30.273429999612812],[-82.0492519999193,30.273430999633884],[-82.04923600002577,30.273431999654903],[-82.04930499962275,30.275058000191127],[-82.04951499968503,30.27993899984391],[-82.04956499991376,30.281071000236057],[-82.04957800033253,30.281366000097638],[-82.04957800033253,30.281379000094827],[-82.04957999998236,30.281567000278933],[-82.04957999998236,30.281631000176912],[-82.0496040002718,30.283723999810203],[-82.04964799975443,30.287574000150617],[-82.04967700006675,30.290196999802845],[-82.0497010003562,30.292355000233513],[-82.04970200018109,30.292388999815074],[-82.04970200018109,30.2925000000324],[-82.04970200018109,30.292934999694133],[-82.04970200018109,30.293080000186826],[-82.04970200018109,30.293116999754037],[-82.0496889997623,30.296626000210694],[-82.04965199995239,30.30726700007042],[-82.04964100008173,30.3108149996959],[-82.04963699988377,30.311431000086213],[-82.04962799966295,30.313282000135324],[-82.04962600001312,30.313899999745985],[-82.0496379997087,30.317606999743468],[-82.04967399969371,30.328728000280822],[-82.04968700011248,30.332425000157684],[-82.04968700011248,30.332435999973775],[-82.04976099973233,30.338228000282673],[-82.0499830003885,30.35560600003057],[-82.05005700000834,30.361399000349472],[-82.05003699991687,30.361613000146022],[-82.0499769996424,30.362257000381767],[-82.04997400016768,30.36229099973475],[-82.04996800031988,30.36235999984442],[-82.04995800027413,30.36247199973899],[-82.0502229996897,30.362476000065076],[-82.05047200011003,30.362490999929857],[-82.05072200035528,30.362484999829213],[-82.0509700000524,30.362462000085795],[-82.05117699974164,30.362448000104568],[-82.0512169999246,30.362440000225117],[-82.05145200010125,30.362367999730395],[-82.05156500007917,30.36232200018319],[-82.05170999984412,30.36225200015677],[-82.0518210001722,30.362203000108448],[-82.05198299965558,30.362168999949755],[-82.05210200037958,30.362135999670436],[-82.05246899990239,30.362076999871455],[-82.05275199975962,30.362016000252055],[-82.05295799962393,30.361991999730616],[-82.05320100019651,30.361943000327155],[-82.0533200000222,30.361910999865085],[-82.05342399977926,30.361851000036268],[-82.05355699984865,30.361765999699024],[-82.05366900000165,30.361659999922693],[-82.05385599959939,30.36142200034279],[-82.05411300041565,30.361185999985626],[-82.05417500033992,30.361138000079784],[-82.05427800027209,30.36107799977677],[-82.05444399995345,30.360969000320623],[-82.05501499969075,30.36067600036273],[-82.0551450002854,30.360586000244467],[-82.0552070002097,30.36053800004413],[-82.05544200038634,30.36038999966586],[-82.05566099977113,30.360285999768767],[-82.05570000012919,30.360273000161463],[-82.05577999959682,30.360254000314857],[-82.05598499963624,30.360223999896785],[-82.05606800037522,30.360217999657063],[-82.05623400005658,30.360230000136205],[-82.05648299957859,30.360255000225283],[-82.0568969998554,30.360289000274182],[-82.05701999987903,30.360273000161463],[-82.05714000042795,30.360241999838667],[-82.05725800042873,30.36020599995165],[-82.05733000039876,30.360170000051326],[-82.05739599962267,30.36012199964685],[-82.05742300028517,30.360098000210932],[-82.05751199997363,30.35997699992919],[-82.05755299998151,30.35987500019677],[-82.05759900001226,30.35973700029836],[-82.05762599977646,30.359523000272997],[-82.05763499999728,30.359488000039583],[-82.0576519997157,30.359454999630803],[-82.05769799974647,30.359394999845698],[-82.05775399982298,30.359342000237437],[-82.05781599974725,30.359294000201775],[-82.05785199973226,30.359277000005875],[-82.05809100010686,30.359214000348427],[-82.05813200011472,30.359208000046745],[-82.05821900015339,30.35920400036215],[-82.05832799993333,30.359257000045183],[-82.05863400025507,30.359443999750514],[-82.05872499959335,30.35951799990818],[-82.05878900006576,30.35956399999897],[-82.05884900034023,30.35961399973611],[-82.05906699990012,30.35983100008178],[-82.05924600000026,30.3599820002705],[-82.05930799992454,30.360029999968535],[-82.05945500023763,30.360098000210932],[-82.05969399971393,30.360240999928152],[-82.05984199985193,30.360306000294198],[-82.06004000021865,30.36036099997398],[-82.06008100022652,30.360369000023475],[-82.0601640000672,30.360374000344716],[-82.06040699974145,30.360324000220988],[-82.06048700010739,30.360303999699234],[-82.06068200010107,30.360240999928152],[-82.06076300029191,30.360222999986092],[-82.06101099998904,30.360205000040715],[-82.06105199999692,30.3602120001921],[-82.06132900000635,30.36029000018425],[-82.06155699961198,30.360377999981488],[-82.06173900008517,30.360463999882978],[-82.06187399980439,30.360548999801445],[-82.06205399972944,30.36063899995382],[-82.06209399991242,30.36064999969979],[-82.06217500010327,30.360664999844612],[-82.06225700011903,30.36067399977539],[-82.06229899995182,30.360671999963085],[-82.06238099996757,30.36065899963195],[-82.06242100015055,30.360648999793394],[-82.06248899992262,30.360607999747025],[-82.06254400017421,30.36055300020618],[-82.06261699996915,30.360465999699542],[-82.06267800006852,30.360371999751205],[-82.06269099958898,30.360336999821573],[-82.06268999976407,30.360301999879425],[-82.06267300004563,30.36019500015576],[-82.06266200017498,30.360086999627754],[-82.06258000015922,30.359516000072237],[-82.06256900028856,30.359373000070274],[-82.06260000025071,30.359121999816043],[-82.06261199994627,30.359088000136662],[-82.06266800002275,30.358991999792554],[-82.06277799962763,30.358838999776097],[-82.06282799985634,30.35878100023925],[-82.06285600034374,30.358754999847672],[-82.06292099974276,30.358710000077817],[-82.06327999976796,30.35861599999223],[-82.06348399998245,30.358581000209426],[-82.06373400022771,30.358577999651608],[-82.06385700025136,30.358594999969007],[-82.06397899955178,30.35861799984657],[-82.06437199991215,30.35873699963216],[-82.06457399957853,30.35878100023925],[-82.06482200017396,30.358806999848756],[-82.06490500001463,30.358803000147812],[-82.06511000005405,30.358772000134294],[-82.06518799987185,30.35874699966617],[-82.06526200039,30.358714999708738],[-82.06537299981979,30.358607999799368],[-82.06542100039867,30.358550000125554],[-82.06552000013288,30.358390999841106],[-82.06558700008003,30.358221000055437],[-82.06559999960051,30.35815000026272],[-82.06559799995068,30.35811400038087],[-82.06557399966124,30.358007999747457],[-82.06553100000353,30.35786900038087],[-82.06549900021648,30.357803000010186],[-82.0653100000706,30.35756500034725],[-82.06506900004617,30.357228999700574],[-82.06501899981745,30.357130000030452],[-82.06487800025046,30.356753000103335],[-82.06486900002963,30.35671799965391],[-82.06486599965659,30.356682000020257],[-82.06491099986242,30.356432999736597],[-82.06492299955801,30.356398999897706],[-82.06501200014476,30.356257999892684],[-82.06509300033562,30.35624099994428],[-82.06517100015341,30.35621700033136],[-82.06524599959818,30.35618500032149],[-82.06531199972041,30.35614100009706],[-82.0653679997969,30.35608800027608],[-82.0654590000335,30.355967999639265],[-82.06552000013288,30.35591900031881],[-82.0655560001179,30.355901000356624],[-82.06567499994357,30.355868000288112],[-82.06592099999088,30.355829999655196],[-82.0661839997566,30.355756999764676],[-82.06626300029764,30.355781000265605],[-82.06637299990247,30.35583200034167],[-82.06644200039779,30.355872000109112],[-82.06647199963669,30.355895999806723],[-82.06658299996477,30.35600400031085],[-82.06660100040644,30.3561469998117],[-82.0666199997747,30.35621700033136],[-82.0666340000184,30.356251000233456],[-82.06676200006491,30.35647699982968],[-82.06689599995921,30.356740999972807],[-82.06704300027232,30.3569149997833],[-82.06722999987007,30.35710799974568],[-82.06729799964214,30.35719899990508],[-82.06747300044262,30.35748499985503],[-82.06780300015551,30.3581060001469],[-82.06792799982897,30.358292999727134],[-82.0680490002028,30.358439000319816],[-82.06813700006636,30.358561000106437],[-82.06818800011996,30.35861799984657],[-82.06848699987073,30.35891800001205],[-82.06870799980366,30.359132999732605],[-82.06882900017749,30.359231999701027],[-82.0689299995615,30.35929600004226],[-82.06938700039431,30.359545999932312],[-82.0696629996805,30.359707999637745],[-82.06979599974991,30.35979400012832],[-82.06993899986504,30.359924999774933],[-82.07010100024677,30.36003700013245],[-82.07033999972305,30.360237000285796],[-82.07061400025773,30.36050799971322],[-82.07074399995408,30.36059899981017],[-82.07100900026795,30.36077299973436],[-82.07134999985148,30.360979000126456],[-82.0715690001346,30.36108300006178],[-82.07190899989322,30.361219999710897],[-82.07210399988689,30.361281999726675],[-82.0726679999515,30.361410000009972],[-82.07291499982371,30.36143800026763],[-82.07312300023617,30.36143800026763],[-82.07316300041914,30.361433000000712],[-82.07322199997037,30.361380999845384],[-82.07325499958233,30.36135699994325],[-82.0732870002677,30.361335999733416],[-82.07347200021563,30.3612550000997],[-82.0741740003725,30.361028999915426],[-82.07481100023205,30.36085999996794],[-82.07497600008848,30.360838999651378],[-82.07513699974697,30.360804999793668],[-82.0752930002809,30.360753999984937],[-82.0754050004339,30.360707999678645],[-82.07556299971932,30.360662000125863],[-82.07567900007027,30.36062299989835],[-82.07606300020983,30.360482999688784],[-82.0763779998541,30.360393000168017],[-82.07710400030042,30.36012400024554],[-82.07720899988242,30.360065000008024],[-82.07743300018839,30.35990400003273],[-82.07750099996046,30.35986299967413],[-82.07756799990761,30.359829000252248],[-82.07772600009135,30.359783000286086],[-82.07799200023014,30.35968100035142],[-82.07822400003373,30.359600000122327],[-82.07881499986252,30.359429000193533],[-82.07928500021579,30.359283000303318],[-82.07954200013376,30.359166000249957],[-82.07980400007457,30.35905600029083],[-82.07987600004459,30.359019000044206],[-82.07993399977092,30.358981999783584],[-82.08001699961157,30.358977000166263],[-82.08062199968408,30.358846000025252],[-82.08089500039387,30.358800000371968],[-82.08090799991434,30.358797999746205],[-82.08111399977868,30.358767999656774],[-82.08115499978655,30.358772000134294],[-82.08119499996953,30.358777999687565],[-82.08140000000893,30.358813000175026],[-82.08155900001758,30.358856000048128],[-82.08183199982906,30.35894400036031],[-82.08194399998206,30.358990999869228],[-82.08197599976911,30.359013999653627],[-82.0820450002644,30.35907399967249],[-82.08224100008297,30.359243000380346],[-82.08226700002226,30.359280999687492],[-82.08230499965708,30.359335999943603],[-82.08236599975646,30.359469000040487],[-82.08242799968073,30.35956300008147],[-82.08260500013105,30.359759999907357],[-82.08288499961522,30.360072000169435],[-82.08302899955527,30.360202000307854],[-82.08309200020277,30.36024899998747],[-82.08315999997482,30.36029100009432],[-82.08319699978476,30.360307000204102],[-82.08331800015858,30.360334000092763],[-82.08364700004655,30.360379999799797],[-82.0838549995607,30.360386999938676],[-82.08397900030758,30.360397999712976],[-82.08406100032335,30.360386999938676],[-82.08422299980674,30.360355999651997],[-82.08455500006777,30.360328999769408],[-82.08472099974911,30.360334000092763],[-82.08480399958978,30.36032999967907],[-82.08492800033666,30.36032999967907],[-82.08550800029478,30.36037600016313],[-82.08588200038861,30.360392000259004],[-82.08617500029155,30.36041399980525],[-82.08625499975919,30.360420999941685],[-82.08642100033886,30.360427000168954],[-82.08666999986087,30.360446999890428],[-82.0869589995659,30.360479000056326],[-82.08758200008005,30.360495000135355],[-82.08778899976927,30.360513000027364],[-82.08820399987097,30.360540999766684],[-82.08840100041277,30.360600999623973],[-82.08851600004053,30.36064199967328],[-82.08896499957909,30.36090399962003],[-82.08900200028732,30.360919999629534],[-82.08935100026679,30.36103699991028],[-82.0895079997273,30.36108499986569],[-82.08971100011689,30.361120000302797],[-82.08975299994968,30.36112200010594],[-82.08987500014841,30.36114300036173],[-82.09015600035582,30.361201999949],[-82.09027799965624,30.361222000287132],[-82.09036100039522,30.36122400008819],[-82.0904860000687,30.361217000009233],[-82.09052600025167,30.361207000227722],[-82.09067900041255,30.36115200024851],[-82.09075300003238,30.361117999724474],[-82.09087100003316,30.361082000159815],[-82.09095100039912,30.361062999695275],[-82.0911560004385,30.36103699991028],[-82.09184400035167,30.36089299990264],[-82.09200300036036,30.360851999958605],[-82.09261699975536,30.360762000002282],[-82.09274099960392,30.360753000079598],[-82.09280300042651,30.36075800038122],[-82.09335999992011,30.360802999984035],[-82.09377500002182,30.360807000378326],[-82.09389899987036,30.360795999874938],[-82.09459500017945,30.360689999822526],[-82.09463600018735,30.360688000010537],[-82.09471800020312,30.360703000149538],[-82.09479299964786,30.360732999645563],[-82.09493099974013,30.360812999806843],[-82.09506499963442,30.36089700029329],[-82.09513499995462,30.36093599963643],[-82.09516699974168,30.360958999738692],[-82.09536099991043,30.361121000204367],[-82.095484999759,30.36113500037555],[-82.09588200031735,30.361240999945704],[-82.09591900012727,30.361256999900096],[-82.09602200005942,30.361317999992853],[-82.09611400012093,30.36139100038422],[-82.09616000015168,30.36144999982189],[-82.09619699996162,30.361515000159695],[-82.09622600027393,30.36158200024797],[-82.0962949998709,30.361863000314997],[-82.09632500000814,30.362112999844957],[-82.0963640003662,30.362253000046778],[-82.09639299978019,30.362321000293896],[-82.096470999598,30.36244700021656],[-82.09649400006252,30.362476999952793],[-82.09659799981961,30.362590000375057],[-82.09662799995682,30.36261399997463],[-82.09683999966893,30.362728000123766],[-82.09687700037719,30.36274399983491],[-82.09699399965473,30.362781000222675],[-82.09724200025016,30.362807000319137],[-82.09749199959708,30.36280300000665],[-82.09778200002532,30.362780000338073],[-82.09790599987389,30.362788000189713],[-82.09802899989752,30.362807000319137],[-82.0980680002556,30.362817999821296],[-82.09808400014911,30.362824999785676],[-82.09810500006552,30.362835000176872],[-82.09823899995982,30.36292000036019],[-82.09831900032576,30.363002999929897],[-82.09836100015855,30.3630650003656],[-82.098385000448,30.36313399992922],[-82.09839200012068,30.36317000028878],[-82.09838999957255,30.363242000193075],[-82.09837799987699,30.363312000286122],[-82.09835500031078,30.363382000328993],[-82.09829199966326,30.36351500034994],[-82.09826099970113,30.36365599997071],[-82.09826499989909,30.363728000292348],[-82.09827800031788,30.363798999911673],[-82.09829000001344,30.363834000152682],[-82.09833799969401,30.363891999793633],[-82.09846800028868,30.363981999970168],[-82.09850300044877,30.364000999867688],[-82.09861800007651,30.364042999913618],[-82.09869900026736,30.36406099992772],[-82.09874000027524,30.36406500018881],[-82.09885900010093,30.36403299964594],[-82.09897299990375,30.363988999851244],[-82.09900899988875,30.363969999951443],[-82.09913600011036,30.363878000017046],[-82.09933299975386,30.363693000013413],[-82.09939800005118,30.363648000190086],[-82.09952400044789,30.36350500002833],[-82.09967500006061,30.36338099967541],[-82.09977799999278,30.363320000094237],[-82.09996700013866,30.36324700036753],[-82.10011299972852,30.363178999989053],[-82.10026699971432,30.363122999687494],[-82.10046599990595,30.363072000312307],[-82.10065599987674,30.363000000282852],[-82.10089400042644,30.362855000181074],[-82.10100599968112,30.36280800020347],[-82.10107500017641,30.36279099984325],[-82.10114499959829,30.36282900009731],[-82.10131200000286,30.362936999922933],[-82.10134100031519,30.362962999977984],[-82.10143699967634,30.363080000140055],[-82.10146000014086,30.36314899969309],[-82.1014700001866,30.36325600006065],[-82.10147199983643,30.363327999901706],[-82.10146400033882,30.363363000311207],[-82.10141800030807,30.363422999987588],[-82.1012519997284,30.363584000371187],[-82.101158999842,30.363653000343703],[-82.10112500040512,30.36367400005611],[-82.10082300028132,30.363792999891267],[-82.10078999977104,30.363814000348665],[-82.10069900043277,30.36388699965217],[-82.10064199963304,30.36393900002535],[-82.10062099971664,30.363969000078992],[-82.10059499977737,30.364036999908123],[-82.10055499959441,30.36421299965673],[-82.1005610003405,30.364247999749573],[-82.10058399990673,30.364317000028716],[-82.10062800028766,30.364417000043577],[-82.1007300003949,30.364530999641293],[-82.10076300000686,30.364551999940236],[-82.10083900017484,30.364579000207264],[-82.10088100000763,30.364580000073484],[-82.10100400003131,30.36457099972702],[-82.10112500040512,30.364546999832573],[-82.10123699965979,30.364500999760065],[-82.10130600015509,30.36446099964571],[-82.10136700025446,30.36441299979694],[-82.10152600026312,30.364299000061674],[-82.10170399964002,30.364150000078183],[-82.10176899993736,30.36410600033618],[-82.10180800029542,30.364092999686328],[-82.10197200032694,30.36407399980672],[-82.10201300033484,30.364080999681217],[-82.10209100015263,30.36410600033618],[-82.10216499977248,30.364137000209347],[-82.10223500009268,30.36417599981076],[-82.10233399982688,30.364240999887034],[-82.1023639999641,30.364307999658056],[-82.10237499983477,30.36437899963143],[-82.10236499978902,30.36445100019588],[-82.10233300000196,30.364555000314777],[-82.10219800028274,30.364816999855712],[-82.10191600025045,30.365214000002723],[-82.10187900044053,30.365317000226646],[-82.1018579996258,30.36542299991485],[-82.10185599997598,30.365459000206968],[-82.10186199982378,30.365601999836795],[-82.10186299964869,30.365781000206205],[-82.10185400032617,30.36581599973781],[-82.10178999985375,30.365947999696793],[-82.10171799988372,30.36607799977583],[-82.10167400040112,30.366138000111743],[-82.10164699973862,30.366164999940835],[-82.10156100042322,30.36628700016663],[-82.10153399976072,30.366391999730826],[-82.10153100028597,30.36646299974136],[-82.10155499967712,30.36656899973754],[-82.10155899987507,30.36663999961952],[-82.10163599986795,30.366667999930026],[-82.10178099963291,30.366737999895967],[-82.10201400015973,30.366889000272046],[-82.10210100019839,30.36696599974784],[-82.10218499986397,30.36709000020554],[-82.10220199958239,30.36712300036334],[-82.10228699997121,30.367362999696486],[-82.10230200003983,30.367395999762213],[-82.10241500001773,30.36758800013488],[-82.10249700003351,30.367712999638087],[-82.10255599958474,30.3677639996933],[-82.10261000001141,30.367800999731855],[-82.10264799964624,30.36781499972191],[-82.1028069996549,30.367858000287608],[-82.10293100040177,30.367865999723918],[-82.10301400024245,30.36786199961831],[-82.1030950004333,30.367845000136594],[-82.10333999975737,30.367805999673188],[-82.1035049996138,30.367785000073038],[-82.1035880003528,30.367785999906406],[-82.10362900036068,30.36778299963106],[-82.10371200020136,30.367786999739838],[-82.1039969997084,30.367830000317916],[-82.10419800044816,30.36787399993454],[-82.10446399968862,30.36797300035596],[-82.10453300018393,30.36801299980881],[-82.1046870001697,30.368132999619444],[-82.10476599981241,30.368216000190248],[-82.10484600017836,30.368340999665683],[-82.10487399976745,30.36840799972798],[-82.10494200043784,30.36869000015776],[-82.10495599978323,30.368722999775652],[-82.10501799970748,30.368817000223196],[-82.10504500037001,30.368841999667346],[-82.10511800016494,30.368876999653516],[-82.10524100018857,30.36889600015014],[-82.10528200019647,30.36889600015014],[-82.10540500022012,30.368876999653516],[-82.10552200039598,30.368840999844704],[-82.10555800038098,30.36882200011252],[-82.10558599997009,30.36879600006509],[-82.10564500041963,30.36870099977329],[-82.10571999986439,30.36853400033384],[-82.1057979996822,30.368293000171267],[-82.10588899991878,30.368130999959664],[-82.10590999983518,30.368099999802435],[-82.10596500008675,30.36804700026103],[-82.10608100043771,30.367971999749376],[-82.10623299987536,30.36787600037466],[-82.10634000000549,30.36782100027063],[-82.10637199979254,30.36779800023203],[-82.10662500041083,30.367560999923608],[-82.10672699961977,30.367447999819642],[-82.10680799981063,30.3673669998225],[-82.10689400002435,30.367289000048878],[-82.10698400043603,30.36721500034528],[-82.10711699960711,30.3671290001795],[-82.10718699992732,30.36709000020554],[-82.10722399973724,30.367076000111737],[-82.1074249995787,30.367028999837487],[-82.10754799960233,30.36701100036961],[-82.10763100034133,30.36700599961261],[-82.1076720003492,30.36700700022909],[-82.1077130003571,30.367013000052303],[-82.10783399983261,30.367039999639854],[-82.10844999977576,30.367256999785884],[-82.10864899996739,30.36730499978891],[-82.10868999997525,30.36731100036893],[-82.10873199980806,30.36730700024067],[-82.10881299999892,30.36729099972588],[-82.10900899981749,30.36723399961468],[-82.10904700035064,30.367218999702278],[-82.10908099978751,30.36719899981545],[-82.10935199994917,30.366977000332316],[-82.10948199964551,30.366886999811737],[-82.10958200010293,30.36682299978731],[-82.1096850000351,30.366762999871703],[-82.10979999966283,30.36672299990747],[-82.10988300040182,30.366713999758243],[-82.10996399969436,30.366727000059683],[-82.11008199969514,30.366762000027798],[-82.11012299970301,30.36676799986605],[-82.11024699955156,30.36677500032279],[-82.11032799974242,30.36675600018917],[-82.11036600027556,30.366741000203447],[-82.11039999971246,30.366720000374517],[-82.11051500023848,30.36661600023284],[-82.11055399969824,30.366552999877104],[-82.11056999959176,30.366446000016435],[-82.11057600033786,30.366374999993624],[-82.11057399978971,30.366339000038696],[-82.11055200004841,30.366268999787142],[-82.11049000012413,30.366175999840387],[-82.11038399981892,30.366065000163207],[-82.1102909999325,30.365994999715504],[-82.1101710002819,30.365895999616793],[-82.11014399961941,30.365868999713374],[-82.10995299982369,30.36573200037579],[-82.10992500023461,30.365704999652056],[-82.10987800037896,30.36564599968083],[-82.10986999998303,30.36561100008836],[-82.10987099980794,30.36553900037794],[-82.1098969997472,30.36547199990008],[-82.10993699993018,30.365409000357477],[-82.11002899999168,30.36533500000632],[-82.11013299974874,30.365275999811868],[-82.11028599990962,30.365219000076355],[-82.11033199994039,30.365208999928928],[-82.11036700010048,30.365228000363174],[-82.11056700011704,30.365356999990873],[-82.11075000041512,30.365500999626658],[-82.11085199962407,30.365563000028935],[-82.11092600014223,30.36559300035949],[-82.11111899958775,30.36565800026905],[-82.11119300010591,30.365688999650235],[-82.11128199979439,30.365762999733516],[-82.11133799987087,30.365814999884226],[-82.11136999965792,30.36583799961416],[-82.11139800014533,30.365865000301227],[-82.11151000029832,30.366014999848527],[-82.11152700001675,30.36604800036915],[-82.11157700024548,30.36618400018934],[-82.11158800011613,30.366255000350836],[-82.11155999962872,30.36657799990013],[-82.1115370000625,30.366682999926944],[-82.11145099984877,30.36692099988038],[-82.11141800023681,30.36702399985649],[-82.11138899992451,30.36716499984352],[-82.1114020003433,30.36741499977146],[-82.1114319995822,30.367481999693165],[-82.11152100016898,30.36755699980557],[-82.11163999999467,30.36758599968893],[-82.11172299983535,30.367584999853438],[-82.11192100020206,30.367530000360762],[-82.11195700018708,30.367512000210084],[-82.11204300040079,30.367434999614062],[-82.11215100035584,30.367327000105348],[-82.11218099959474,30.367302000273806],[-82.11222800034872,30.367242999715998],[-82.11233299993071,30.367089000364984],[-82.11238599963416,30.367033999818297],[-82.11247900041889,30.3669620003805],[-82.11254999966569,30.366924000182177],[-82.11262599983367,30.366894000259954],[-82.11274899985732,30.366877999677648],[-82.1127899998652,30.366880000138096],[-82.11295499972164,30.366901999775067],[-82.1129949999046,30.36691099990699],[-82.11313999966956,30.366982000315733],[-82.11322099986043,30.367062999856756],[-82.11328799980758,30.3671540000552],[-82.11330600024922,30.367186000351897],[-82.11334700025712,30.36728800021036],[-82.11335300010491,30.367346999965942],[-82.11327299973897,30.36743299994006],[-82.11318800024846,30.367512000210084],[-82.11316399995901,30.36754100010678],[-82.1131489998904,30.367573000276774],[-82.11306299967667,30.367690000349093],[-82.11303300043775,30.36775499963988],[-82.11301699964592,30.36782500037787],[-82.11301099979814,30.367893999683318],[-82.11301400017118,30.367929999840783],[-82.1130359999125,30.368034999965978],[-82.11309899966169,30.36812799969489],[-82.11316399995901,30.36819999982427],[-82.11327500028709,30.368258999804592],[-82.11334700025712,30.368258999804592],[-82.11344099996845,30.368221000110374],[-82.113528999832,30.36812400037507],[-82.11365100003074,30.36795799978185],[-82.11382900030597,30.367878000039656],[-82.11411600036114,30.36784000019731],[-82.1142410000346,30.36783500025776],[-82.11436499988316,30.367845000136594],[-82.11452700026487,30.36787200026952],[-82.11460900028064,30.367882000144565],[-82.11491800007714,30.367983000220686],[-82.11527399972928,30.36808000009586],[-82.11535499992013,30.36809499987619],[-82.11547799994378,30.368108999824113],[-82.1155349998452,30.368104999728487],[-82.11569600040198,30.368075999999053],[-82.11577500004469,30.368053000020435],[-82.11605799990191,30.367905000163407],[-82.11619299962113,30.367822000103644],[-82.11635500000284,30.36765900005212],[-82.11637699974413,30.367627999745267],[-82.11641699992711,30.36752600024146],[-82.11645700011009,30.36735100009262],[-82.11645499956194,30.367314999721994],[-82.11642899962268,30.367173000111546],[-82.11642199994999,30.367101999841413],[-82.11641199990426,30.366817999795778],[-82.11640699988138,30.366782999847633],[-82.11642600014794,30.36656899973754],[-82.11647899985141,30.366322000292232],[-82.11650300014084,30.366253999726705],[-82.11660600007299,30.36590800017429],[-82.11667600039321,30.365740999840295],[-82.11668600043895,30.365706000281797],[-82.11673300029462,30.365606999890566],[-82.11682199998306,30.365444999879657],[-82.11688499973225,30.365352999782694],[-82.11695900025042,30.365267000304613],[-82.11711700043418,30.365101000287012],[-82.11749499982763,30.364764999949372],[-82.11757299964543,30.36468200032487],[-82.11776900036233,30.364497000291912],[-82.1179159997771,30.364429999875277],[-82.11799299977,30.3644030003422],[-82.11805300004447,30.364384999615933],[-82.11814900030392,30.364358000070457],[-82.11819100013673,30.36436099967585],[-82.11822999959645,30.364371999778268],[-82.11844499968163,30.364481000092454],[-82.1187529996532,30.36472200034883],[-82.11878600016347,30.36474399969618],[-82.1191409999907,30.364845999776517],[-82.11922200018155,30.364861999916258],[-82.11938700003802,30.364874999688734],[-82.11951199971146,30.364865000281245],[-82.11955100006954,30.364876000327023],[-82.11960399977298,30.364905000230348],[-82.11964800015392,30.364966000373116],[-82.119823999881,30.365118000245758],[-82.11994899955448,30.365212000283304],[-82.1200559996846,30.36526599967033],[-82.12013100002767,30.36529699995088],[-82.12032699984626,30.365356000132607],[-82.12036700002923,30.365364999631716],[-82.1204080000371,30.365368999839422],[-82.12049000005287,30.36536999969755],[-82.12061300007652,30.365355000274327],[-82.1209360001167,30.36529299974017],[-82.12118100033909,30.36526100037422],[-82.12126400017976,30.365269000022913],[-82.12138100035563,30.365303999737833],[-82.12141899999047,30.365319999802626],[-82.12152500029568,30.36537599962128],[-82.12172199993917,30.36550800017411],[-82.12183200044234,30.36561399965532],[-82.12187699974986,30.365675000130953],[-82.12191500028301,30.365739000131587],[-82.12192500032876,30.36577299982429],[-82.12194000039737,30.366024000062094],[-82.12191299973487,30.366345999751076],[-82.12191500028301,30.366381999703407],[-82.12193000035163,30.366451999874084],[-82.12196100031376,30.366556000190197],[-82.12200800016944,30.366654999620735],[-82.12203300028379,30.36668200008224],[-82.12213700004087,30.366741000203447],[-82.1221749996757,30.36675600018917],[-82.12225300039182,30.36677899969779],[-82.1223350004076,30.366791000146918],[-82.12237700024039,30.366791999990514],[-82.12246000008105,30.36678600015374],[-82.12253899972377,30.366765000334482],[-82.12260700039414,30.36672399975177],[-82.12263199961018,30.366693999768188],[-82.12269000023483,30.36659899975948],[-82.12270399958021,30.36656500035397],[-82.12285300044145,30.3660049997825],[-82.12287299963461,30.36597399972645],[-82.12292700006128,30.36591900010276],[-82.12299499983335,30.36587700008744],[-82.12307000017641,30.36584799969725],[-82.12311100018431,30.36583900024259],[-82.12319400002498,30.36583199971884],[-82.12323500003288,30.36583400020074],[-82.12331500039882,30.36585100003205],[-82.12338800019374,30.36588499968573],[-82.12349000030099,30.365946999844557],[-82.12371999955643,30.366100000368313],[-82.12389799983168,30.366251000179375],[-82.12392999961872,30.366272999957864],[-82.12396999980169,30.36628399984528],[-82.1240819999547,30.3663030000706],[-82.12429600021494,30.366339999886936],[-82.12446400044442,30.366330999702456],[-82.12458699956974,30.366324999837374],[-82.12462799957764,30.366327000309187],[-82.12483000014231,30.366366999660308],[-82.12486899960207,30.366379000159995],[-82.12493800009734,30.366419000264933],[-82.12513300009103,30.36655399972313],[-82.12519400019039,30.36660200007116],[-82.12521900030474,30.36663100023773],[-82.12523500019827,30.36666399977541],[-82.12526600016041,30.366805000281524],[-82.1252729998331,30.36698399999902],[-82.12525500028976,30.3671269997241],[-82.12522099995456,30.367341000163215],[-82.12523000017539,30.36748499997776],[-82.1252360000232,30.367519999674638],[-82.1252729998331,30.36762299979489],[-82.12530600034339,30.367688999739656],[-82.12541500012334,30.367882999977006],[-82.12550800000973,30.368002000115943],[-82.1256240003607,30.368104999728487],[-82.12584100009568,30.368212000099014],[-82.12607000042453,30.368297000259194],[-82.1261520004403,30.36830799991893],[-82.12635999995445,30.368315000265422],[-82.126483999803,30.36830799991893],[-82.12673300022334,30.368286999651513],[-82.12685399969887,30.36826200006541],[-82.12692999986685,30.368231999778594],[-82.1270389996468,30.36818099996747],[-82.12710899996698,30.368140999808286],[-82.12720699987628,30.368074000338115],[-82.12727700019647,30.368035999796852],[-82.12746799999218,30.367897999787555],[-82.12755800040387,30.367822999936706],[-82.1277220004354,30.36765999988685],[-82.12786800002526,30.367485999814257],[-82.12789599961435,30.367459000349907],[-82.12792900012464,30.367437000063166],[-82.12814300038488,30.367327999943477],[-82.12817699982175,30.36730700024067],[-82.12821399963168,30.367292000339454],[-82.12825499963955,30.367285999758277],[-82.12846300005202,30.3672830002426],[-82.1285040000599,30.36727499998357],[-82.12857799967975,30.367242999715998],[-82.12864100032725,30.36714999992052],[-82.12867200028938,30.36708299977134],[-82.12869300020579,30.36694099982401],[-82.12868900000782,30.36690599991995],[-82.12865300002281,30.366841000064827],[-82.12860899964188,30.36678000031654],[-82.12852999999916,30.366696000232455],[-82.1284759995725,30.366624999616],[-82.12839500027997,30.366607999919292],[-82.12806600039198,30.366560000349242],[-82.12798699985096,30.366537999860228],[-82.12794900021612,30.366521999994703],[-82.12781199994878,30.36644100000563],[-82.12770599964357,30.366384000173998],[-82.12760500025955,30.366320999668805],[-82.12752800026665,30.36623600011619],[-82.12741699993856,30.36608500028197],[-82.12735300036447,30.365951999880632],[-82.12734199959549,30.365916999622616],[-82.12733699957263,30.365882000127076],[-82.12733800029584,30.365845999990743],[-82.12735199964122,30.36573800027723],[-82.12738099995356,30.365633999866272],[-82.12740299969487,30.365602999692555],[-82.12756400025165,30.36543800010274],[-82.12759600003871,30.365416000136417],[-82.12778000016172,30.36533199965571],[-82.12781899962147,30.36531800008532],[-82.12785899980445,30.365308999806782],[-82.12794199964512,30.365302999879006],[-82.12802500038411,30.365311000299368],[-82.1284830001435,30.36531800008532],[-82.12860799981698,30.36531399987554],[-82.12864899982486,30.365308999806782],[-82.12876900037378,30.365279000164207],[-82.12896299964423,30.365213000143058],[-82.12900000035245,30.365197000060746],[-82.12920600021678,30.365075000025264],[-82.12939600018757,30.36493499998765],[-82.12949499992177,30.364819000358313],[-82.12954900034845,30.36476400008505],[-82.12957100008977,30.364734000275295],[-82.12961700012052,30.364633999809456],[-82.129637000212,30.364603000093854],[-82.12966399997617,30.364574999967196],[-82.12975100001482,30.364452999930926],[-82.12987099966543,30.364305999920052],[-82.12994900038153,30.364179000196792],[-82.13004899994064,30.364064000317338],[-82.13010599984206,30.364012000010614],[-82.13017399961412,30.36397099982388],[-82.13030099983573,30.363878000017046],[-82.13037299980576,30.3638419999181],[-82.13040499959278,30.363818999718756],[-82.13058500041618,30.363668999903513],[-82.13068199960223,30.3636009998185],[-82.13075299974734,30.363564999617537],[-82.13094299971814,30.363492000073684],[-82.13112500019133,30.36340599973421],[-82.13171900039318,30.36324700036753],[-82.13207400022041,30.363144000288752],[-82.13218700019831,30.36309800033147],[-82.13225800034343,30.36306000018191],[-82.13228799958235,30.363035999916672],[-82.13233899963596,30.362978999650654],[-82.13242800022275,30.362903000019397],[-82.13255500044436,30.362809999972097],[-82.1326220003915,30.362768000171798],[-82.13283699957833,30.36265900027373],[-82.13291299974632,30.36262799993209],[-82.1330099998307,30.362600999901616],[-82.13307299957991,30.362556000350903],[-82.13324900020531,30.362476000065076],[-82.13329299968792,30.362455000095437],[-82.13348400038196,30.36238300038687],[-82.13370899961451,30.362289999845135],[-82.13386400032354,30.36223700025527],[-82.13421800032587,30.362132999996813],[-82.13427299967915,30.362125999982904],[-82.1343820003574,30.362111999953576],[-82.13467299971222,30.36209400035583],[-82.13492200013255,30.362102000263576],[-82.13500499997325,30.362110000170674],[-82.13512600034707,30.362134999779244],[-82.13540599983125,30.362204999889403],[-82.1356789996427,30.36229099973475],[-82.13608500042189,30.36237200006068],[-82.13620800044554,30.362386000052847],[-82.13653899998334,30.362413000142684],[-82.13657999999121,30.362420000136048],[-82.13666200000698,30.362427000128974],[-82.13706399968989,30.362516000216157],[-82.1370999996749,30.362533999736257],[-82.13729800004161,30.362662999817044],[-82.13734400007236,30.362722999922862],[-82.13740500017174,30.36281600005282],[-82.13744100015676,30.362882000141436],[-82.13746399972298,30.362950999834148],[-82.13746200007314,30.363022999899687],[-82.13745200002741,30.363129999630043],[-82.13740599999664,30.36323000008355],[-82.13740000014886,30.363265999632667],[-82.13737900023246,30.363334999829586],[-82.1373599999659,30.36336799970434],[-82.137282999973,30.363453000199506],[-82.1372489996378,30.363473000077324],[-82.13706299986497,30.36355400019946],[-82.13695999993281,30.36361399975859],[-82.13687299989417,30.363692000138126],[-82.13684899960474,30.36372200026759],[-82.13675200041867,30.363880999637157],[-82.13673599962684,30.36391499997582],[-82.13678400020572,30.36401499962662],[-82.13691300007713,30.364198999926156],[-82.13694200038947,30.364223999775852],[-82.13711100044385,30.364330999742396],[-82.1371499999036,30.364340999979614],[-82.13735699959285,30.36435299995288],[-82.13752300017252,30.364338000373596],[-82.13756400018039,30.364340999979614],[-82.13764700002108,30.36433400012373],[-82.13776800039489,30.364306999789054],[-82.13780900040278,30.364307999658056],[-82.13784799986253,30.36431999963537],[-82.13817599992558,30.364475000113895],[-82.13842600017084,30.36460399995983],[-82.13864700010377,30.364702999816267],[-82.13883500042475,30.364781000102354],[-82.13903000041842,30.364840999683842],[-82.13942600025355,30.364951000112825],[-82.13946700026142,30.36495700006225],[-82.13971400013362,30.364933000262518],[-82.13996199983075,30.364918999859857],[-82.14007999983153,30.36488499987032],[-82.14019399963435,30.364839999820347],[-82.14034000012252,30.364771999774405],[-82.14054000013907,30.36464499988119],[-82.14062899982753,30.364568999994397],[-82.14066200033781,30.36454799969912],[-82.14077399959248,30.364499999893034],[-82.14080700010274,30.364479000357985],[-82.14088999994344,30.364399000094995],[-82.14099100022577,30.364283999699055],[-82.14105599962478,30.364240000017357],[-82.14111199970128,30.36418600006382],[-82.14117500034878,30.364139999821447],[-82.1413450002281,30.36398299984249],[-82.14140700015237,30.363933999886303],[-82.14150500006168,30.363867999732562],[-82.14164200032901,30.363785999996175],[-82.14170699972802,30.363742000090348],[-82.14174199988814,30.36372300014256],[-82.1418580002391,30.36368400036044],[-82.14206199955527,30.36364900006582],[-82.1423519999835,30.363637999882016],[-82.14243399999926,30.36362400006912],[-82.142548999627,30.36358299971968],[-82.14273299975001,30.36350099974433],[-82.14280999974291,30.3634720001998],[-82.14289099993375,30.36346000011843],[-82.14309299960013,30.363416000066007],[-82.14321499979886,30.36339600017652],[-82.14325699963165,30.36339299976647],[-82.14338100037853,30.363401000343075],[-82.14370900044158,30.36344899991343],[-82.14378499971126,30.36347800023991],[-82.14385599985636,30.36351399969778],[-82.14389500021443,30.363526999649434],[-82.1439360002223,30.363535000215098],[-82.1439780000551,30.36353099993238],[-82.14405300039817,30.363501999621576],[-82.14412100017023,30.36346000011843],[-82.14416700020098,30.36332099997333],[-82.14416499965284,30.36328800008271],[-82.14411500032244,30.363229000203543],[-82.14408500018523,30.363161999693272],[-82.14402099971281,30.36306999977391],[-82.14396200016158,30.362975000120265],[-82.14394899974278,30.362941000229934],[-82.14394100024518,30.362904999786082],[-82.14394100024518,30.362834000292807],[-82.14394899974278,30.362726000353458],[-82.14396399981139,30.362693000262084],[-82.14404099980429,30.36256599999448],[-82.14406599991864,30.362537000172654],[-82.1442319996,30.362375999615736],[-82.14426599993519,30.362354999624625],[-82.14430299974511,30.36233899984987],[-82.14438099956291,30.362315000182818],[-82.14452899970091,30.362247999821534],[-82.14456800005898,30.36223700025527],[-82.14465000007475,30.36225000037673],[-82.14472899971746,30.36227200028014],[-82.1449570002214,30.362358999955493],[-82.14517700032943,30.362460000310104],[-82.1454009997371,30.362553999801957],[-82.14548299975287,30.362567999768057],[-82.14569000034042,30.362572999976898],[-82.14576800015823,30.362547999705168],[-82.14583699975519,30.362508000342277],[-82.14590100022761,30.36246299997365],[-82.14593700021263,30.362444999665435],[-82.14597700039559,30.362434000121343],[-82.14601800040349,30.36242800001719],[-82.14605699986322,30.362415999807734],[-82.14609399967313,30.36239900015445],[-82.14612499963529,30.362375999615736],[-82.1462590004279,30.362239000035576],[-82.1462879998419,30.36213399988803],[-82.14630100026069,30.362099999705343],[-82.14638499992628,30.361975999896462],[-82.14645100004851,30.361931999951477],[-82.14648799985845,30.36191500021406],[-82.14668500040025,30.361858999963886],[-82.14678300030954,30.361844000002172],[-82.14690100031032,30.361879000167622],[-82.14697499993017,30.361910999865085],[-82.14700400024249,30.361937000192825],[-82.14706799981658,30.361982999921107],[-82.14729999962017,30.362189000090098],[-82.14740299955234,30.362248999711582],[-82.14744000026057,30.36226600016605],[-82.1475199997282,30.36228600028662],[-82.14760299956887,30.36228899995551],[-82.14768200010992,30.36226799994577],[-82.14779300043799,30.362218999905462],[-82.147821999852,30.362192999652635],[-82.14786399968479,30.36213100021433],[-82.14791800011146,30.36203399986415],[-82.14796599979204,30.361895999911297],[-82.14797900021082,30.361681000063026],[-82.14800400032517,30.361465999742098],[-82.14805200000576,30.36129200027564],[-82.14808399979282,30.361224999988707],[-82.14812399997578,30.361162000035645],[-82.14816900018164,30.36110199974735],[-82.1481950001209,30.36107400016864],[-82.14825399967214,30.361022999725026],[-82.14835300030465,30.360957999835453],[-82.14839099993948,30.36094199983217],[-82.14854900012323,30.360898000197164],[-82.14863199996391,30.360898000197164],[-82.14879299962239,30.360932999926053],[-82.14890800014841,30.360974999739202],[-82.14897900029352,30.36101200002107],[-82.14901299973042,30.36103400020294],[-82.1490699996318,30.36108499986569],[-82.1491180002107,30.36114400026307],[-82.1493009996105,30.361465999742098],[-82.14937799960339,30.361552000237218],[-82.14954900020594,30.361709000243106],[-82.14958199981788,30.361731000268204],[-82.1496179998029,30.36174899993275],[-82.14980799977369,30.36182000021361],[-82.15009900002684,30.36182999993242],[-82.15018100004261,30.361815999860756],[-82.15037699986118,30.361757999763785],[-82.15052400017427,30.361690999796064],[-82.15066399991636,30.361614000042557],[-82.15069300022869,30.361587999628895],[-82.15079600016082,30.361476000272233],[-82.15082700012299,30.361450999720105],[-82.15086099955985,30.36143200010232],[-82.15101399972073,30.361376000350727],[-82.15123499965367,30.36127700022692],[-82.15131099982166,30.361248000022957],[-82.1514339998453,30.361229000365732],[-82.15160100024987,30.36122799969014],[-82.15176699993124,30.36123299996753],[-82.15230300040675,30.361295999874805],[-82.15267599977733,30.36130100014872],[-82.15273299967875,30.36129100037581],[-82.15293500024342,30.36124899992323],[-82.15317200006989,30.36118400018378],[-82.15324800023788,30.361153000149777],[-82.1533560001929,30.36109999994381],[-82.15345199955405,30.361030999720377],[-82.15357700012585,30.360888000383035],[-82.15361999978353,30.36082600011752],[-82.15364700044606,30.360799000364654],[-82.1538059995564,30.36068299970534],[-82.15405800034978,30.360555999928227],[-82.15409099996174,30.360533999638836],[-82.15423800027483,30.360467000382883],[-82.15427699973456,30.360454000024497],[-82.15456399978974,30.360411000078805],[-82.15477200020221,30.360405999759443],[-82.15489600005077,30.36040699966832],[-82.15518700030393,30.360386999938676],[-82.15543599982594,30.3603860000296],[-82.1555179998417,30.360374000344716],[-82.15571600020841,30.36032099971664],[-82.15575300001835,30.360303999699234],[-82.15592000042292,30.36019699997781],[-82.15595600040794,30.360178000116445],[-82.1562219996484,30.360076999730726],[-82.15630100018944,30.36005300028378],[-82.15642300038817,30.360029999968535],[-82.15646400039606,30.360029000055807],[-82.15658900006952,30.36003700013245],[-82.15683599994173,30.36006599992032],[-82.15695899996537,30.360086999627754],[-82.1572409999977,30.360149000361716],[-82.1574040002043,30.36017700020523],[-82.1574460000371,30.360178000116445],[-82.15765299972632,30.360163999808233],[-82.15781699975786,30.36014100029423],[-82.15789700012381,30.36012199964685],[-82.15808100024681,30.35992800029138],[-82.15809700014034,30.359895000031116],[-82.15809200011746,30.359715999740647],[-82.15808399972155,30.35968100035142],[-82.15804100006385,30.35957900031033],[-82.15799199966006,30.359479999918044],[-82.15792700026104,30.35927199962854],[-82.15792300006308,30.359236000159616],[-82.1579249997129,30.359200999823507],[-82.15797999996447,30.359028000126425],[-82.1580379996908,30.358976000242833],[-82.15807000037617,30.358952999674276],[-82.15818099980594,30.358904000298654],[-82.15825799979883,30.35887799993977],[-82.15829399978384,30.358859999746894],[-82.15836999995182,30.35883400015146],[-82.1584109999597,30.358825999976435],[-82.15849299997546,30.358822000276206],[-82.15878099985555,30.3587889996428],[-82.15882199986343,30.35878699979196],[-82.15911399994148,30.35879300011953],[-82.1593619996386,30.358777999687565],[-82.15944299982947,30.358763999954178],[-82.15963899964804,30.358701999892638],[-82.15971300016619,30.358669999920487],[-82.15996699971109,30.358548000269803],[-82.16031099966769,30.358421999975334],[-82.16066100037038,30.358304999667272],[-82.16074300038612,30.358292999727134],[-82.16095000007537,30.358282999646704],[-82.16111499993181,30.358290999866192],[-82.16116299961237,30.358282999646704],[-82.16141899970542,30.358178999834937],[-82.16158100008712,30.358068000383323],[-82.1616079998513,30.358040999869235],[-82.16165399988205,30.357942000245714],[-82.16167999982133,30.35787300012005],[-82.16167599962337,30.357838000071354],[-82.16165700025512,30.357805999816616],[-82.16161000039945,30.357745999795146],[-82.16147099958395,30.357613999618433],[-82.1614449996447,30.357584999878718],[-82.16142499955319,30.35755400025437],[-82.16141100020782,30.357520000029982],[-82.1614160002307,30.357483999916283],[-82.16143299994913,30.357451000381758],[-82.1614589998884,30.357422999758004],[-82.16149999989628,30.357360999621633],[-82.16152500001064,30.35733199980692],[-82.1616770003466,30.357210000037878],[-82.16177699990573,30.35711100034852],[-82.16190199957917,30.35720600027158],[-82.16193000006659,30.35723300024103],[-82.16197799974717,30.357291999861275],[-82.16208599970219,30.357445999911082],[-82.16221399974872,30.357586999754137],[-82.16227400002317,30.357636999726665],[-82.16230900018327,30.357657000018566],[-82.16254699983466,30.357718000030932],[-82.16258399964457,30.357733999786422],[-82.162824999669,30.35787599992427],[-82.1628880003165,30.35792299994634],[-82.16291099988271,30.357958999898468],[-82.16295000024078,30.35805499970609],[-82.16298100020292,30.358412999837338],[-82.16300999961692,30.35859000033195],[-82.16303399990635,30.358658000025184],[-82.16305900002072,30.35868700022188],[-82.16314500023445,30.35880899969919],[-82.1631999995877,30.3588620003714],[-82.163233000098,30.358884000261757],[-82.16330900026597,30.35891299961637],[-82.16339100028173,30.358925000255557],[-82.16343300011452,30.358925000255557],[-82.1634730002975,30.35891800001205],[-82.16359100029828,30.358884000261757],[-82.16366099972018,30.35884400017557],[-82.16369300040553,30.358821000351185],[-82.16375000030693,30.358769000357494],[-82.16377200004825,30.35873900025917],[-82.16383300014762,30.35860500001753],[-82.16382999977456,30.358497999987847],[-82.16383399997252,30.358282999646704],[-82.16385400006402,30.358176999971615],[-82.16387499998041,30.358108999944033],[-82.163894000247,30.358075999845255],[-82.16392000018625,30.35804800017549],[-82.16404700040786,30.357955000162857],[-82.16408699969253,30.35794799984995],[-82.16412799970041,30.357953000294955],[-82.16420600041651,30.35797800019086],[-82.16423599965545,30.35800200014696],[-82.16431400037155,30.35808599994684],[-82.16434399961047,30.35811099980874],[-82.16451000019013,30.358220000124224],[-82.16456299989358,30.358260999621233],[-82.16468199971928,30.358229000279955],[-82.16472000025243,30.358213999761567],[-82.16479100039753,30.358176999971615],[-82.16482900003237,30.358162000220354],[-82.16498700021612,30.358116000245424],[-82.16510699986671,30.35808599994684],[-82.165140000377,30.3580940001824],[-82.16516600031625,30.358134999732158],[-82.16526800042351,30.358198000084595],[-82.1654220004093,30.358319000241508],[-82.16552799981619,30.358377000052275],[-82.16560300015927,30.358407000261675],[-82.165641999619,30.35841800025864],[-82.1656840003501,30.358422999904473],[-82.165725000358,30.358421999975334],[-82.16580700037376,30.358410000049584],[-82.16588500019158,30.358385000264033],[-82.16592600019945,30.358378999911512],[-82.16616600039896,30.358437999615727],[-82.1663799997609,30.358549000197684],[-82.16642599979166,30.358583000064478],[-82.16642699961655,30.35865500024487],[-82.16639900002747,30.358833000226518],[-82.16639200035478,30.358905000222883],[-82.1663949998295,30.358976000242833],[-82.16640999989811,30.359082999749646],[-82.16641999994387,30.359118000127992],[-82.16649600011183,30.35928500014402],[-82.16654799999039,30.35938300003927],[-82.16661999996039,30.3594709998774],[-82.1666760000369,30.359524000190905],[-82.16680800028138,30.359610999985122],[-82.16686400035788,30.359661999614676],[-82.16694700019855,30.359667999888508],[-82.16698800020643,30.359675000078386],[-82.16702699966618,30.359687999765168],[-82.1670629996512,30.359705999805684],[-82.16709500033656,30.359729000197174],[-82.16712200010073,30.359757000160847],[-82.16718900004788,30.35984700026681],[-82.16724599994929,30.359900000376584],[-82.16733600036098,30.35997400018935],[-82.1673730001709,30.359990000350987],[-82.16741300035387,30.36000200008295],[-82.1675349996543,30.3600209999785],[-82.16757400001235,30.360018000240007],[-82.16764500015746,30.359979999668894],[-82.16770999955648,30.359933999773748],[-82.16777900005177,30.359895000031116],[-82.16794800010616,30.359736000382625],[-82.16798300026626,30.359715999740647],[-82.16814200027493,30.359674000162034],[-82.16826399957536,30.359653000365938],[-82.16843000015503,30.359638000065914],[-82.1684710001629,30.3596419997327],[-82.16851299999568,30.35964099981606],[-82.16855400000358,30.359635000315663],[-82.16883400038606,30.359564999916444],[-82.16891200020386,30.35954100034388],[-82.1689499998387,30.359525000108746],[-82.16897800032609,30.359498999914923],[-82.1691049996494,30.3593559998881],[-82.16922799967304,30.35916900001458],[-82.16925299978739,30.359139999960718],[-82.16928200009971,30.35911399966457],[-82.16944600013125,30.35900399964696],[-82.16948100029136,30.358985000328946],[-82.1695559997361,30.35895400037316],[-82.16975599975265,30.358904000298654],[-82.16983899959332,30.358897999977952],[-82.16996400016511,30.358898999902248],[-82.17000500017299,30.35890300037447],[-82.17004500035596,30.3589140003156],[-82.1701969997936,30.358971999773594],[-82.17029399987798,30.359039999976414],[-82.17038599993948,30.35911199982042],[-82.17043399962006,30.359170999857625],[-82.17051800018396,30.359249999825444],[-82.17066999962162,30.359373000070274],[-82.1707940003685,30.359601000039433],[-82.17088300005695,30.35972299992703],[-82.17091099964604,30.359749000061303],[-82.17094300033142,30.35977199966754],[-82.17097900031644,30.359791000382856],[-82.17105899978405,30.359808999629326],[-82.1711829996326,30.359819000328848],[-82.17138799967202,30.35984499966251],[-82.17150700039602,30.359877999939652],[-82.17162299984867,30.35991800037809],[-82.17169300016886,30.359956000198146],[-82.17172499995591,30.359978999755658],[-82.17188899998744,30.360142000205816],[-82.171908000254,30.360173999696368],[-82.17195500010969,30.360231999957527],[-82.17200899963805,30.360318999897174],[-82.17198900044487,30.36046100015807],[-82.17199399956942,30.360532999731245],[-82.17202200005684,30.360638000047313],[-82.17211300029342,30.36083799974693],[-82.17212099979103,30.36087300027242],[-82.17214000005761,30.36090600020273],[-82.17222200007336,30.360987000125405],[-82.17225300003552,30.36101000021567],[-82.17235199976972,30.361124999810517],[-82.17241600024214,30.361171999821746],[-82.17252099982413,30.361230000266197],[-82.17255199978625,30.36125300029928],[-82.17269900009934,30.36142699983516],[-82.17278299976495,30.361551000340047],[-82.17282100029809,30.361653999771057],[-82.17289400009302,30.36182200000244],[-82.1729069996135,30.361892000336663],[-82.17290900016164,30.361963999631552],[-82.17290099976572,30.361998999754103],[-82.17289499991794,30.36206999985354],[-82.1728649997807,30.362245000151386],[-82.17276000019872,30.36255499968886],[-82.17274599995503,30.36269699980401],[-82.1727529996277,30.362841000256054],[-82.17276400039668,30.362875000181127],[-82.17288900007014,30.363017999713858],[-82.17291800038247,30.36304399974737],[-82.17298600015452,30.363085000322716],[-82.17327400003461,30.36323000008355],[-82.17330699964657,30.363251999766526],[-82.17339600023335,30.36332700002269],[-82.17345200030985,30.36337999979694],[-82.17355299969387,30.363493999828332],[-82.1736249996639,30.363581999843273],[-82.17366300019704,30.36364599966347],[-82.17369800035715,30.363748999988598],[-82.1737159999005,30.363818999718756],[-82.1737379996418,30.36396200019648],[-82.1737300001442,30.36403299964594],[-82.1736459995803,30.36427400023115],[-82.17358399965602,30.36440599994622],[-82.17353699980035,30.364580999939687],[-82.1735259999297,30.364651999714862],[-82.1735259999297,30.364688000290734],[-82.17354900039423,30.36479300002163],[-82.17360000044786,30.364889999960692],[-82.1736459995803,30.36495000025041],[-82.1737450002128,30.36506599972441],[-82.17379600026642,30.365110999670392],[-82.17383300007636,30.365126999766762],[-82.17390300039655,30.365164999888272],[-82.17410500006292,30.365246000159168],[-82.17435199993513,30.36534199979055],[-82.17449000002739,30.365421000199692],[-82.17461300005104,30.36551800029095],[-82.17466900012754,30.365570999652924],[-82.17479899982386,30.36571100033025],[-82.17492900041853,30.36589399991127],[-82.17508400022923,30.36606299968609],[-82.17519700020712,30.36616900011586],[-82.17532699990348,30.36625799989804],[-82.1753980000486,30.366294999731394],[-82.1755899996692,30.36636199964539],[-82.17566199963923,30.366396999744204],[-82.17573100013452,30.36643599999449],[-82.17576899976936,30.366452999721144],[-82.17580899995232,30.366461000047437],[-82.17585099978513,30.366464000363404],[-82.175891999793,30.36646000020044],[-82.17596999961081,30.366436999841724],[-82.17600700031903,30.366420000112335],[-82.17607400026618,30.366380000007815],[-82.17609699983241,30.36634900007058],[-82.17614299986316,30.366250000330243],[-82.17616999962735,30.36622299974953],[-82.17620399996252,30.36620099995981],[-82.17624099977246,30.366185999888938],[-82.17628199978033,30.366176999690282],[-82.17640499980399,30.366176999690282],[-82.1764469996368,30.366181999714602],[-82.1765189996068,30.366216000028363],[-82.17661200039154,30.36628800001539],[-82.17672799984418,30.3663900000355],[-82.17674799993566,30.36642199980706],[-82.17676100035446,30.366456000037367],[-82.17676800002715,30.36649100010249],[-82.17680099963911,30.366595000377128],[-82.17681900008077,30.366627000081667],[-82.17702999996797,30.366894000259954],[-82.17705799955705,30.36692099988038],[-82.17727099999239,30.367091999886615],[-82.17745299956728,30.367181000378924],[-82.17760800027627,30.367230000258292],[-82.17772799992689,30.367259000238626],[-82.17811100024151,30.367397000374638],[-82.17817900001359,30.367437999900147],[-82.1782929998164,30.36754299977863],[-82.17852700016813,30.367793000290277],[-82.17876599964443,30.367993000084446],[-82.17896599966096,30.368121000110015],[-82.17904299965384,30.368148000166737],[-82.1791449997611,30.368209999665766],[-82.1793070001428,30.36832199983634],[-82.17940000002923,30.36839299999565],[-82.17946500032654,30.368437000134026],[-82.17981199975787,30.368634999736525],[-82.17985199994085,30.3686460001333],[-82.17997400013958,30.36866199965129],[-82.18005699998027,30.368651999855953],[-82.18009700016323,30.368642999884276],[-82.18013499979807,30.368629000012817],[-82.18031800009618,30.368543000315558],[-82.18047600027991,30.36849900022489],[-82.18072099960399,30.368459000195788],[-82.18076199961187,30.368461999675322],[-82.18080299961974,30.36846999983723],[-82.18083799977987,30.368488999637872],[-82.18099099994073,30.368611000064448],[-82.1810450003674,30.36866599972412],[-82.18106200008584,30.3687219999518],[-82.18106700010873,30.368757999804426],[-82.18106299991075,30.36879199999752],[-82.18102799975065,30.36885799992833],[-82.18098599991787,30.368919999752258],[-82.1809609998035,30.36894800018491],[-82.18092999984137,30.36897300037069],[-82.18077500003066,30.369142000249596],[-82.18075199956613,30.36917200025721],[-82.1806939998398,30.36926700009134],[-82.18063899958821,30.36944000027839],[-82.18065700002988,30.369655000120062],[-82.18067399974832,30.369760999756245],[-82.18070200023574,30.36982799962061],[-82.18071099955824,30.36986399984109],[-82.18076599980984,30.369960000364213],[-82.18078799955113,30.369990999931677],[-82.18113800025382,30.370392999808512],[-82.18125299988155,30.370543000160417],[-82.1812710003232,30.370575000123026],[-82.1812830000188,30.37061000026391],[-82.18130200028536,30.37078899999136],[-82.18130300011026,30.370860999711397],[-82.18128399984369,30.371076000303603],[-82.18127399979795,30.371111000265152],[-82.18125700007951,30.371143999840946],[-82.18114999994938,30.371297999780897],[-82.18103100012371,30.371397999632187],[-82.1809959999636,30.371415999842544],[-82.18076400016,30.37149800015619],[-82.18068399979406,30.371516000348137],[-82.18064600015923,30.37153200017154],[-82.18054300022706,30.371592000260975],[-82.18047899975465,30.371637000303874],[-82.18038800041637,30.37170999996775],[-82.18027399971523,30.37181400011673],[-82.18025000032411,30.371844000079484],[-82.18023400043059,30.37187700018298],[-82.18016099973732,30.372082999660964],[-82.18016199956224,30.372154999978108],[-82.18018800039984,30.372333000190128],[-82.18024000027837,30.37257999995185],[-82.18026799986745,30.372647999993227],[-82.18040199976176,30.37282900020331],[-82.18045100016556,30.37288699993425],[-82.18064600015923,30.37302000020296],[-82.18071499975619,30.37306099969572],[-82.18075400011426,30.373073000148896],[-82.18091700032087,30.373098000054913],[-82.18108300000223,30.373111000282538],[-82.18124899968359,30.37310100016725],[-82.18145500044623,30.37307900037493],[-82.1814949997309,30.373070999815106],[-82.18153400008894,30.3730580003572],[-82.18185299993117,30.372889000271815],[-82.18208499973476,30.37280800013187],[-82.18220199991063,30.37277200022041],[-82.1822429999185,30.37276299985292],[-82.18232499993427,30.372757000382535],[-82.18261700001233,30.372768000315506],[-82.18273599983802,30.37279899976776],[-82.18281399965582,30.372823999743854],[-82.18292400015898,30.3728739996769],[-82.18299399958087,30.372912999668902],[-82.18328999985688,30.373109999728573],[-82.18334500010846,30.373164000179138],[-82.18349300024646,30.373338000222585],[-82.18359600017862,30.37349400013192],[-82.183685999692,30.373733000329846],[-82.18373099989785,30.373944999945046],[-82.18375400036238,30.37412299999805],[-82.18375299963915,30.37419399981994],[-82.18373799957054,30.37426500036528],[-82.18368099966914,30.374399999840882],[-82.18360399967624,30.374896999977985],[-82.1835939996305,30.375039999755135],[-82.18358899960762,30.375219999654245],[-82.18365499972987,30.375574999689324],[-82.18376400040812,30.375808000166426],[-82.18378500032452,30.375839000204678],[-82.18386099959419,30.37592499968436],[-82.18397000027245,30.376078000094545],[-82.18401899977795,30.376176999958822],[-82.18411599986231,30.37645199991683],[-82.18415199984733,30.376518000101616],[-82.18419899970299,30.37657699971246],[-82.18427499987098,30.376705000124925],[-82.18437199995535,30.37682200011919],[-82.18440600029054,30.376888000054162],[-82.18444300010046,30.377064999659797],[-82.18444800012334,30.3772080001404],[-82.18451000004761,30.377416999989666],[-82.1845169997203,30.377452000006],[-82.18453500016197,30.37763200011355],[-82.18453299961384,30.377702999711747],[-82.18452099991826,30.377736000162407],[-82.18449199960594,30.377762000157283],[-82.18445899999399,30.377828000232554],[-82.18443700025267,30.3778970002284],[-82.18443700025267,30.377969000138407],[-82.18446200036703,30.378038000034664],[-82.18448099973529,30.37806999986897],[-82.1845080003978,30.37813799996636],[-82.18451599989541,30.378172999724573],[-82.18451800044353,30.37820899997201],[-82.1845650002992,30.378420000230225],[-82.1845929998883,30.378597999884466],[-82.18461600035282,30.378703999898995],[-82.18463700026922,30.378773000051375],[-82.18465200033783,30.37880699986145],[-82.18467499990406,30.378836000282735],[-82.18473299963037,30.37888799968049],[-82.18479499955467,30.378936000173006],[-82.18482899988983,30.378955999983805],[-82.1849800004009,30.379016999885156],[-82.18501999968555,30.379010000304948],[-82.18505999986851,30.378997999805605],[-82.18513299966347,30.378964000061977],[-82.18516600017374,30.378942000039167],[-82.1854950000617,30.37878799974114],[-82.18556600020682,30.37875000026433],[-82.18560399984165,30.378736000290175],[-82.18568500003249,30.37871799987765],[-82.18580700023124,30.378698000018215],[-82.1859310000798,30.378686000255563],[-82.1859729999126,30.378686000255563],[-82.18605400010345,30.378700999958625],[-82.18613299974616,30.37872500025376],[-82.18616999955609,30.378742000168625],[-82.18636399972485,30.378876999661188],[-82.18651100003794,30.378945999691446],[-82.18658700020593,30.37897500007151],[-82.18678499967432,30.37903099981898],[-82.1868669996901,30.379035000242556],[-82.18690900042118,30.379033000030812],[-82.18707000007967,30.378997000086837],[-82.18710900043774,30.378983999866996],[-82.18721400001972,30.378927000373093],[-82.1872750001191,30.378878000156124],[-82.18736200015772,30.37875499964567],[-82.18741599968608,30.378658000286993],[-82.18744199962535,30.37858999977632],[-82.18748199980833,30.378451000215108],[-82.18755100030361,30.37831999981203],[-82.18763300031937,30.378194999920428],[-82.18770899958905,30.378109999840806],[-82.18782199956695,30.37800499968602],[-82.1878530004274,30.377980999989084],[-82.18805699974358,30.37785700016934],[-82.188197000384,30.377779999970883],[-82.18835200019468,30.377728999715476],[-82.18859200039421,30.377672000264646],[-82.1886710000369,30.377649000218515],[-82.18874600038,30.377617999979275],[-82.18881699962678,30.377580000047647],[-82.18888299974901,30.377536999882828],[-82.18894399984839,30.377489000253235],[-82.18907699991777,30.37735099963686],[-82.18915700028373,30.377226000055995],[-82.18924500014728,30.377063999921237],[-82.18927299973636,30.37699599985163],[-82.18941800039963,30.376584999985308],[-82.18947000027816,30.3764870002787],[-82.18961199967008,30.376268000199655],[-82.18964299963221,30.376244000076234],[-82.18974999976234,30.376189999776997],[-82.18991499961878,30.376170000175236],[-82.19008100019845,30.376177999706442],[-82.19020099984904,30.376207999880055],[-82.19023699983406,30.37622500023268],[-82.19029799993343,30.376274999976218],[-82.19034099959111,30.37637599990713],[-82.1903599998577,30.376408000285526],[-82.19040500006355,30.376467999707412],[-82.19042199978198,30.376500000055643],[-82.19046699998783,30.376560999939706],[-82.19070100033956,30.37685100035444],[-82.19074300017235,30.376912000019473],[-82.19085899962498,30.3770579999398],[-82.1908870001124,30.37708499985337],[-82.19095400005955,30.37712599996629],[-82.19102699985447,30.37716100008682],[-82.19106600021254,30.37717399977412],[-82.19111300006819,30.377256999644565],[-82.19117099979452,30.377391999638153],[-82.19129200016835,30.377579000314377],[-82.19133700037419,30.37764000030004],[-82.19152899999482,30.377828000232554],[-82.19184600018721,30.378161999624748],[-82.19211499980074,30.37838499978551],[-82.19245899975732,30.378695999799525],[-82.19259600002468,30.378831000130557],[-82.19278599999546,30.3790650003143],[-82.19282299980539,30.379129000074894],[-82.19284399972177,30.379235000288535],[-82.19284100024706,30.37937799991938],[-82.19282100015556,30.379483999862995],[-82.19274499998758,30.37976399992139],[-82.19259299965161,30.380208999692304],[-82.1925840003291,30.380281000224148],[-82.19257900030622,30.380780999784665],[-82.19264299988033,30.381024000332186],[-82.192689999736,30.38130699971396],[-82.1927249998961,30.381665999656516],[-82.1927249998961,30.38173700019913],[-82.19274900018554,30.382024999830143],[-82.19280600008695,30.382120000348376],[-82.19282700000335,30.382190000100085],[-82.19285700014056,30.382330000228105],[-82.19288800010271,30.382396000318515],[-82.19295599987478,30.38256399978397],[-82.19300500027859,30.38266300005332],[-82.19305100030934,30.382721999829528],[-82.1932539998006,30.382948000245268],[-82.19336000010581,30.383102000188003],[-82.1933879996949,30.38316999988421],[-82.19341000033454,30.383238999983387],[-82.19342600022806,30.383308999708532],[-82.19342200003011,30.383344999614124],[-82.1934010001137,30.383414000364702],[-82.19328999978562,30.38364699997855],[-82.19320899959476,30.383771999871705],[-82.19318500020364,30.38380100036959],[-82.19310200036296,30.3838810002556],[-82.1929719997683,30.383972000298094],[-82.19286100033852,30.384019999843552],[-82.19278400034564,30.38404599971665],[-82.19270200032987,30.38405800037109],[-82.19261899959089,30.384061999813948],[-82.19249499974234,30.384054000153117],[-82.19245299990953,30.38404799982584],[-82.19237300044192,30.38402899994941],[-82.19229499972579,30.384003000071797],[-82.19225500044112,30.383993999963547],[-82.19208899986145,30.38399100018554],[-82.1919650000129,30.384007000291856],[-82.19193200040095,30.384028000282107],[-82.19190399991352,30.384054000153117],[-82.1918870001951,30.384087000009206],[-82.19182199989777,30.384258000212153],[-82.19176800036941,30.38446800014716],[-82.19175800032367,30.384539999865964],[-82.19175999997348,30.384612000306717],[-82.19178900028581,30.384715999902486],[-82.19182100007286,30.38478300036584],[-82.19184199998925,30.384813999882326],[-82.19193200040095,30.38488800021314],[-82.19218799959566,30.38512300027425],[-82.19225200006808,30.385170000373694],[-82.19242100012248,30.385272999721018],[-82.19255099981882,30.385363000363466],[-82.19265700012403,30.385419000325264],[-82.1927819997975,30.38551500029586],[-82.19289899997337,30.385616999628525],[-82.19296000007273,30.385664999915818],[-82.19305799998202,30.385731999728467],[-82.1931759999828,30.385832999960716],[-82.19322700003643,30.385890000076373],[-82.19324799995283,30.385921000016534],[-82.19325999964839,30.385954999664683],[-82.19331700044812,30.386201999875603],[-82.19329300015866,30.386238999909907],[-82.19327800009005,30.38627300022227],[-82.19322100018864,30.386482000059285],[-82.19315800043945,30.386835000207444],[-82.19315300041659,30.38697800034134],[-82.19312300027936,30.387155999906778],[-82.19317900035585,30.38732900020543],[-82.1932250003866,30.38768500005782],[-82.19325600034874,30.38775200003521],[-82.19330200037949,30.387889999913256],[-82.19335400025804,30.3880260003436],[-82.19343799992362,30.38814999965928],[-82.1934849997793,30.38825000009266],[-82.19352499996226,30.388312000015517],[-82.19363100026747,30.388505999619948],[-82.19367200027537,30.388568999776073],[-82.19369900003953,30.388597000004623],[-82.19377500020752,30.388723999778236],[-82.19389300020829,30.388871999885804],[-82.19401500040702,30.389017000145476],[-82.19417699989043,30.389180000228535],[-82.19420799985257,30.389204000274837],[-82.19424300001266,30.38922299991985],[-82.19430699958677,30.38926899998321],[-82.19440700004418,30.389333000035293],[-82.19457899957332,30.389433000032774],[-82.19469199955122,30.38948000038365],[-82.19477100009226,30.38950099997256],[-82.19493500012379,30.389524000328926],[-82.1949769999566,30.389526999937054],[-82.19501799996446,30.389522999942994],[-82.19522100035405,30.38948200038162],[-82.1952589999889,30.389467999620255],[-82.19543899991395,30.38937599965928],[-82.19545999983033,30.38934799965399],[-82.19548300029489,30.389278999994115],[-82.19561999966392,30.389017000145476],[-82.19570199967968,30.38889199998785],[-82.19583399992415,30.388668000160777],[-82.19595899959764,30.388523000158067],[-82.19601600039736,30.38847200008456],[-82.19615000029167,30.388386000021892],[-82.1962599998965,30.388336000275043],[-82.19637799989728,30.38829999988358],[-82.19650099992093,30.388283000081522],[-82.19658399976161,30.388277999637776],[-82.19678799997612,30.388310999617104],[-82.19682800015907,30.388320999726073],[-82.19704999991694,30.38841899996481],[-82.19729900033727,30.388547999986834],[-82.1973720001322,30.388582000270624],[-82.19757299997364,30.38870900006374],[-82.19785400018105,30.388974000363444],[-82.19797999967943,30.389067999934426],[-82.19816700017549,30.389146999767796],[-82.1982869998261,30.38917800022438],[-82.19840300017705,30.38921600029575],[-82.19847900034505,30.389246999955592],[-82.19854999959183,30.389282999998176],[-82.19862800030796,30.38930900002068],[-82.198772000248,30.389381000046832],[-82.19883900019515,30.389421999650594],[-82.19887600000506,30.389439000029377],[-82.19890899961703,30.3894610000137],[-82.19905500010522,30.389588000214044],[-82.19910899963357,30.389642000084425],[-82.19922499998452,30.389832000166038],[-82.19926900036546,30.389970999812288],[-82.1992729996651,30.39000700036292],[-82.19926900036546,30.390078000269323],[-82.19919400002239,30.39020699965067],[-82.19911200000662,30.390288000094195],[-82.19905000008234,30.390335999636587],[-82.19893600027953,30.39038100034842],[-82.19881699955552,30.39041199963862],[-82.19862199956184,30.390475000115494],[-82.198511999957,30.39052599991831],[-82.19841999989549,30.39059799982248],[-82.19834399972751,30.390684000262688],[-82.1982030001605,30.390904000179297],[-82.19810299970308,30.39110000002579],[-82.19808400033483,30.3911700003185],[-82.19806900026622,30.39131199993895],[-82.1980550000225,30.391382000079755],[-82.19805099982455,30.391516000342158],[-82.19804999999963,30.39156200010076],[-82.19805800039555,30.39163299965188],[-82.19807900031195,30.391739000249977],[-82.19810799972595,30.391843000008578],[-82.19821499985608,30.392075999669384],[-82.19830699991759,30.392194999800562],[-82.1984140000477,30.39234800030971],[-82.19847699979688,30.39240699966209],[-82.1986180002622,30.392482000021943],[-82.19880200038523,30.39256399970893],[-82.19902900016594,30.392651000322118],[-82.1991320000981,30.392712000198163],[-82.1991949998473,30.392758000168424],[-82.19924900027398,30.392813000188692],[-82.19952000043561,30.393129999772224],[-82.19971399970606,30.393265000309164],[-82.19978700039931,30.393298999726213],[-82.19991399972261,30.393392999784943],[-82.19999800028653,30.393473000340762],[-82.20019099973204,30.393538000308233],[-82.20022300041741,30.393562000058793],[-82.20025000018158,30.393589000061702],[-82.20030899973281,30.39368400018482],[-82.20034700026595,30.39382299977429],[-82.20036099961136,30.393856000205243],[-82.20036999983218,30.393997999795694],[-82.2003639999844,30.394068999900867],[-82.20034399989292,30.394210999956556],[-82.20028799981641,30.39438299982383],[-82.20025900040241,30.394523999863114],[-82.20026000022733,30.394560000285647],[-82.20027799977068,30.394629999648707],[-82.20031299993077,30.394732999871064],[-82.20036900000727,30.394828999988068],[-82.20044199980221,30.394916999689585],[-82.20047299976434,30.394940999876212],[-82.20055599960503,30.39494999975096],[-82.200595999788,30.39495999995519],[-82.20067299978089,30.394987000346543],[-82.20075300014685,30.395005999641707],[-82.20087500034558,30.395027999922064],[-82.20094999979032,30.395057999732913],[-82.20103199980609,30.395067999926038],[-82.20106899961601,30.39508500009717],[-82.201144999784,30.395111999679084],[-82.20118199959391,30.395130000171086],[-82.20121400027928,30.39515299997701],[-82.20132300005922,30.395260999734454],[-82.20140000005212,30.395350000147936],[-82.20150299998427,30.395733999948813],[-82.20157699960413,30.395940000281154],[-82.20161500013727,30.396080000078523],[-82.20164899957416,30.396256999789728],[-82.20168499955915,30.396396999907566],[-82.20175400005445,30.39656599963304],[-82.20188799994875,30.396788999634875],[-82.20192200028394,30.396855000031156],[-82.20196599976656,30.39706800016054],[-82.2019890002311,30.39720999973047],[-82.20199599990377,30.397280999825416],[-82.20198000001025,30.3974240001656],[-82.20197199961434,30.397460000294124],[-82.20195700044404,30.397493000271087],[-82.20187999955284,30.397620000102002],[-82.20187999955284,30.397656000158275],[-82.20191899991089,30.397869000090495],[-82.20193200032969,30.39790300022945],[-82.20195099969794,30.39793499975695],[-82.20204500030759,30.3980519999013],[-82.2022160000118,30.398209999695087],[-82.20225199999682,30.39822700009411],[-82.20236800034778,30.39826700033762],[-82.20240900035564,30.398275000384352],[-82.20243500029493,30.3983019998593],[-82.20247899977754,30.39836300008045],[-82.2025109995646,30.39842900018792],[-82.20262799974046,30.398577999832135],[-82.2027780004266,30.39870299999275],[-82.20284000035088,30.3987499997576],[-82.2028980000772,30.398802000179955],[-82.2029750000701,30.398885999790544],[-82.20303600016946,30.39897999989629],[-82.2030810003753,30.39908000009083],[-82.20310399994152,30.399148999801202],[-82.2031089999644,30.3991850000687],[-82.20311399998727,30.39936499965734],[-82.20309399989577,30.399506000252735],[-82.20308200020023,30.39954100010522],[-82.20300600003223,30.399706999743955],[-82.2029540001537,30.399842999993798],[-82.20292599966629,30.399947999926088],[-82.20283799980274,30.400225000172465],[-82.20283299977986,30.400261000043272],[-82.20282699993209,30.400405000168675],[-82.20283100013005,30.400513000317122],[-82.20284000035088,30.400584000335254],[-82.20284000035088,30.400620000073765],[-82.20279000012218,30.400939999920837],[-82.20279000012218,30.400976000302887],[-82.20280600001568,30.401118999881543],[-82.20281600006143,30.401153999930752],[-82.20285700006933,30.401255999980453],[-82.20288200018366,30.401283999671595],[-82.20294599975776,30.401330999743926],[-82.20305299988789,30.401386000360333],[-82.20311999983505,30.40142900010223],[-82.20319299962998,30.40146400004027],[-82.20323299981295,30.401473000088753],[-82.20331499982872,30.401465000303993],[-82.2033490001639,30.401448999957683],[-82.2033759999281,30.401421000313793],[-82.2034679999896,30.401348000374483],[-82.20357599994462,30.401292999736665],[-82.20361500030269,30.40128199991533],[-82.2036570001355,30.40127899989336],[-82.20369800014336,30.40128199991533],[-82.20394400019066,30.401321000192002],[-82.2039819998255,30.401333000274008],[-82.20409099960544,30.401386999850036],[-82.20418100001712,30.40146100002395],[-82.20422799987278,30.401520000070107],[-82.20424499959121,30.401553000224826],[-82.20425499963697,30.401588000118494],[-82.20426499968272,30.401731999836706],[-82.20425999965984,30.401910999895325],[-82.20428599959911,30.402053000171538],[-82.20430400004076,30.40212399984482],[-82.20433199962986,30.402190999991134],[-82.20435000007151,30.402223999919105],[-82.20444600033099,30.4023410003486],[-82.20452599979862,30.40242399976046],[-82.20456799963141,30.402485999984517],[-82.20461100018744,30.402586999940247],[-82.20462700008095,30.402658000000056],[-82.20465999969292,30.402761999754393],[-82.20467800013459,30.402838000160433],[-82.20464799999735,30.403048999917342],[-82.20463700012671,30.403082999802418],[-82.20459100009593,30.40314299988989],[-82.20456099995873,30.403167999850883],[-82.20442100021663,30.40324500018634],[-82.20434699969849,30.4032779997581],[-82.20430599969059,30.403281999963706],[-82.20418500021508,30.40325599978655],[-82.20410300019931,30.403258000277255],[-82.2039399999927,30.40328499992408],[-82.203821000167,30.403318999727055],[-82.20373999997615,30.40333600001149],[-82.2035449999825,30.40339899990032],[-82.20345999959368,30.40344699997287],[-82.20340699989023,30.403477999765013],[-82.20330999980584,30.403545999999498],[-82.20325799992732,30.40360200038487],[-82.20325399972936,30.403637999785527],[-82.20325499955426,30.40371000009659],[-82.20327499964574,30.403815999984534],[-82.2033130001789,30.403918999816472],[-82.20342100013393,30.40415300034738],[-82.2036520001126,30.4045749999203],[-82.20370300016624,30.40471199981909],[-82.20376900028847,30.404920000264983],[-82.20377299958811,30.404954999726602],[-82.20375300039495,30.405025000161636],[-82.20375000002188,30.40527600031293],[-82.20376000006765,30.405310999646883],[-82.20377799961099,30.405344000069963],[-82.20387999971824,30.405456000295754],[-82.20398699984835,30.405609999621614],[-82.20406399984127,30.40569499979454],[-82.20412800031366,30.405742000068],[-82.2041440002072,30.40577400012586],[-82.20416799959833,30.405842999754924],[-82.20426399985779,30.406002000331373],[-82.20440600014803,30.406180000094526],[-82.2044339997371,30.406206999708132],[-82.20455500011094,30.406304000381954],[-82.20466899991375,30.40634899993492],[-82.20470999992165,30.406357000094335],[-82.20487499977807,30.406343000202355],[-82.20524300002411,30.406281000103117],[-82.20544800006351,30.406254999949777],[-82.20561399974488,30.406246999782017],[-82.20574599998935,30.406252000080652],[-82.20590499999801,30.406257999818813],[-82.20606900002954,30.406281000103117],[-82.20619000040335,30.40630600003537],[-82.20622899986311,30.406319999932705],[-82.20640799996325,30.406409999778003],[-82.20659600028422,30.40655299992112],[-82.20662300004841,30.40657899999505],[-82.20672799963039,30.406775000150937],[-82.20675500029289,30.40684299963869],[-82.2067639996154,30.406877999960432],[-82.20677799985911,30.40702199962488],[-82.20677600020927,30.407108000323877],[-82.20677500038438,30.4071289999966],[-82.20676600016354,30.40723699968082],[-82.20675500029289,30.4072709996571],[-82.20673799967614,30.407304000192493],[-82.20671400028502,30.407332999902476],[-82.20657799984255,30.407469000377656],[-82.2065450002306,30.407491000174655],[-82.20643100042778,30.407541999614597],[-82.2063979999175,30.407557000310703],[-82.20585700031744,30.407734000138394],[-82.20563800003431,30.407832000268268],[-82.20549800029222,30.40790900002457],[-82.2054460004137,30.40796500023177],[-82.20538600013924,30.408059000120023],[-82.20537299972045,30.40809299981005],[-82.2053490003293,30.40819900036278],[-82.2053269996897,30.40833999982328],[-82.20533699973544,30.408447000299933],[-82.20535199980405,30.408517999972275],[-82.2053690004208,30.408551000086078],[-82.20542399977407,30.40862400006349],[-82.20545899993417,30.408670999701666],[-82.20550800033796,30.40872899985038],[-82.20559700002643,30.408805000260205],[-82.20581999960919,30.409070000268176],[-82.20593400031032,30.409260999927213],[-82.2060589999838,30.409403999768074],[-82.20622300001533,30.409612000289503],[-82.20634600003898,30.409799999902752],[-82.20640399976529,30.409933999686306],[-82.20641499963595,30.40996899967465],[-82.20643599955234,30.410097999899566],[-82.20647300026057,30.410323999732526],[-82.20648599978105,30.4104670003404],[-82.2064809997582,30.410502000137644],[-82.20647300026057,30.41068000021813],[-82.20644200029844,30.41081999980099],[-82.20641299998613,30.410886000010645],[-82.20628999996248,30.411112999733522],[-82.20619100022827,30.411228000029947],[-82.20599000038683,30.411501000170706],[-82.20596400044755,30.411530000183415],[-82.20578000032454,30.41167399995838],[-82.20573599994361,30.411735999731494],[-82.20572400024803,30.411769999690332],[-82.2057219996999,30.411805999952882],[-82.20574099996647,30.411912000347424],[-82.20575500021019,30.411946000244967],[-82.20581999960919,30.412039000018115],[-82.20586999983792,30.412096000335072],[-82.20599700005951,30.412188999965313],[-82.20614900039548,30.412247000347985],[-82.2062709996959,30.412226000226738],[-82.20643800010048,30.412218999927102],[-82.20672699980547,30.412248999879665],[-82.20680799999633,30.412266000158613],[-82.20684300015643,30.412286000118353],[-82.2069109999285,30.412377000038536],[-82.20696299980703,30.41243199985549],[-82.20705700041668,30.41251799966207],[-82.20719100031098,30.41264199964625],[-82.20733699990085,30.41281599988318],[-82.20740200019819,30.412908000230388],[-82.20747099979515,30.413078000189113],[-82.20749400025969,30.413147000078755],[-82.20754799978805,30.413431000278713],[-82.2075589996587,30.413464999647076],[-82.20759100034407,30.413504999845877],[-82.20764800024546,30.413529000112263],[-82.20777200009402,30.413580000271313],[-82.20787599985111,30.41364000010527],[-82.20795100019417,30.41367199989841],[-82.20798399980613,30.413693999846906],[-82.20807199966967,30.413770000264698],[-82.20820899993703,30.413905000157527],[-82.20827500005929,30.413997000252987],[-82.2083410001815,30.414129000204824],[-82.20836499957265,30.41419800012619],[-82.20838399983923,30.414304000247153],[-82.20838300001431,30.41434000034975],[-82.20835600025013,30.41444500018583],[-82.20832600011289,30.414511999623798],[-82.2083050001965,30.41454399990571],[-82.20827900025725,30.414571000304836],[-82.20823400005139,30.414631999658482],[-82.20816200008136,30.414760999918514],[-82.20811699987553,30.414862999697117],[-82.2080869997383,30.414881999773222],[-82.2080089999205,30.414906999826957],[-82.20790099996546,30.414960999642265],[-82.2078680003535,30.41498300007492],[-82.20781399992681,30.41503799997284],[-82.20777100026912,30.415098999809242],[-82.20768699970522,30.41517800027734],[-82.20759899984166,30.41529899961508],[-82.2073839997565,30.41568600033764],[-82.20732299965714,30.41584300014319],[-82.20729300041823,30.415924000240214],[-82.20725800025814,30.415988999982453],[-82.20719700015876,30.41608299989074],[-82.20716700002154,30.416149999753603],[-82.20712500018874,30.416211999782323],[-82.20709800042457,30.416238999720015],[-82.20700499963982,30.416312000145403],[-82.20694100006571,30.416356999733125],[-82.20679600030076,30.416484999927352],[-82.20670599988908,30.416605999968773],[-82.2066580002085,30.41666400005069],[-82.20657799984255,30.41678900029695],[-82.2065440004057,30.416854000237823],[-82.20652099994116,30.416884000315076],[-82.20646999988753,30.41698099967553],[-82.2064330000776,30.417084000336363],[-82.20642999970455,30.417120000188213],[-82.2064330000776,30.41715600002681],[-82.20645099962096,30.417226000234383],[-82.20646999988753,30.417257000299198],[-82.2065179995681,30.417316000095468],[-82.20660600032997,30.41739200001683],[-82.20667099972898,30.41743699988126],[-82.20682399988986,30.417493000045024],[-82.20703599960197,30.417378000158077],[-82.20711199976995,30.417349000333644],[-82.20739100032752,30.417277000010902],[-82.2076780003827,30.417240000114937],[-82.20771900039058,30.41724700005446],[-82.20775700002541,30.41726099993201],[-82.20796500043787,30.41738000035939],[-82.20799700022492,30.417403000347115],[-82.20803400003484,30.417466999779293],[-82.20804499990551,30.4175389999618],[-82.20804499990551,30.417574999645808],[-82.20802200033928,30.41768099997245],[-82.2080089999205,30.41771500018436],[-82.2079880000041,30.41774600009385],[-82.20791600003407,30.417834000058143],[-82.20785499993471,30.4178830001007],[-82.20767599983455,30.418080000118323],[-82.20763499982668,30.41814299978838],[-82.20761899993315,30.418175999746897],[-82.20760800006248,30.41821099987843],[-82.20759899984166,30.418353999776556],[-82.20761800010825,30.418460000031725],[-82.20765200044343,30.418525999723155],[-82.20783200036848,30.41872400007891],[-82.2079100001863,30.418748999923125],[-82.20798200015632,30.41878499993547],[-82.2081029996318,30.418882999815565],[-82.20815399968545,30.418940000008902],[-82.2081989998913,30.418999999646342],[-82.20831799971697,30.419188999851304],[-82.20848900031952,30.419552999616354],[-82.20850699986286,30.41962299965388],[-82.20851899955842,30.419692999641143],[-82.20852199993149,30.419798999991105],[-82.20849099996936,30.419940999811722],[-82.20847099987785,30.419970999714707],[-82.20838700021227,30.420051000185413],[-82.20832399956475,30.42009699967111],[-82.20820300008926,30.420194999782932],[-82.20803999988263,30.420304999870233],[-82.20786300033062,30.42039800019947],[-82.2077849996145,30.42042200032003],[-82.20760300003963,30.420508000057925],[-82.20750099993238,30.420569999641863],[-82.20747499999311,30.420597999990804],[-82.20743999983301,30.420662999718523],[-82.20741300006883,30.42073100037653],[-82.20740600039615,30.42076699965759],[-82.20744099965792,30.42105000008513],[-82.20746199957432,30.421119999823368],[-82.20748000001598,30.421152000262474],[-82.20750699978016,30.421179000382693],[-82.20755500035906,30.42123800013165],[-82.20758200012324,30.421264000167298],[-82.20765599974308,30.421296999844984],[-82.20769599992603,30.42130799973508],[-82.2077779999418,30.42131999968415],[-82.20802599963892,30.42133900005241],[-82.20810900037793,30.42133699993229],[-82.20831400041733,30.42133900005241],[-82.20839999973273,30.421341000172525],[-82.20852199993149,30.421322999864856],[-82.20860099957419,30.42129799990542],[-82.2087489997122,30.42123600000947],[-82.20882999990305,30.421216999621162],[-82.20895399975161,30.421207999843602],[-82.20899399993459,30.421215000273143],[-82.20911000028555,30.421255999680348],[-82.20914500044563,30.421275000061062],[-82.20917499968456,30.421300000026378],[-82.20919899997399,30.421329000225974],[-82.20921599969243,30.421361999881665],[-82.20922999993613,30.4214320001708],[-82.2092359997839,30.42150399975172],[-82.2092070003699,30.421680999851336],[-82.20914500044563,30.42181400031013],[-82.20912600017905,30.42184599974698],[-82.20904199961515,30.422088000328568],[-82.20899800013255,30.422334999784702],[-82.20900099960727,30.422406000199498],[-82.20901499985098,30.422511999926158],[-82.20906000005681,30.422651000306672],[-82.20914700009547,30.42285200017238],[-82.20920399999686,30.422947999753998],[-82.20936999967823,30.423197000213552],[-82.20942199955677,30.423254000210726],[-82.20944400019637,30.423283999869696],[-82.20943900017352,30.4233480000925],[-82.20945000004417,30.423382999918257],[-82.20950500029574,30.423479999790118],[-82.20953200005991,30.42350800007863],[-82.20962499994634,30.423578999639805],[-82.20973600027443,30.423625999822793],[-82.21004800044396,30.423722000192118],[-82.2101210002389,30.423755999848357],[-82.21015399985086,30.423777999847516],[-82.21017300011744,30.42381000018945],[-82.21018300016317,30.42384399981503],[-82.21018700036113,30.423880000271456],[-82.210184999813,30.42391599993998],[-82.21017399994233,30.42395100033662],[-82.21015700022392,30.42398399988015],[-82.21006900036036,30.424104999918413],[-82.210036999675,30.42417199969576],[-82.21002599980434,30.424207000000507],[-82.21000400006302,30.424313000094383],[-82.21000400006302,30.424349000377774],[-82.21001900013164,30.424455000317327],[-82.2100500000938,30.42455900008767],[-82.21011500039111,30.424649000156993],[-82.21018999983588,30.42473500004231],[-82.2103260002783,30.424870000258906],[-82.21037499978381,30.42492700005325],[-82.21043400023335,30.42497799967798],[-82.21048299973883,30.42503500018385],[-82.2105370001655,30.425088999816964],[-82.21056899995256,30.425112000311504],[-82.21064500012054,30.425139000110523],[-82.21075300007556,30.42519099964497],[-82.21080999997697,30.425242999926336],[-82.21085400035791,30.425344000348883],[-82.21086000020568,30.42537900023317],[-82.21085600000772,30.425415000123206],[-82.21083000006847,30.42548199977559],[-82.21077999983976,30.425580999917607],[-82.21073299998407,30.425640000103154],[-82.21044699975381,30.42590100004938],[-82.21031200003462,30.426036000201677],[-82.21022300034615,30.42611100029165],[-82.21007900040611,30.426285999760886],[-82.20999700039035,30.42636699970996],[-82.20990100013087,30.42652500015342],[-82.20978999980278,30.42663100005252],[-82.20967900037301,30.42678200003879],[-82.20960400002994,30.426868000367655],[-82.20955999964902,30.426927999777583],[-82.20953200005991,30.426994999940057],[-82.20951100014352,30.427024999997908],[-82.20940599966322,30.42740799992543],[-82.20938499974683,30.42749099971149],[-82.20931000030207,30.42779499987401],[-82.20929699988328,30.427827999666516],[-82.20918999975315,30.428021999769964],[-82.20913700004971,30.428077000064533],[-82.20909199984386,30.428137000280056],[-82.20905599985885,30.428200999643042],[-82.20900499980525,30.4283369996991],[-82.20900099960727,30.428409000381077],[-82.20900300015542,30.428443999940328],[-82.20901099965302,30.4284790002616],[-82.20903900014042,30.428547000119547],[-82.20908900036915,30.428595000218575],[-82.20912399963092,30.428614999930076],[-82.20923900015696,30.42865600010051],[-82.20939999981545,30.428686999632315],[-82.20956200019715,30.4287110000376],[-82.2097620002137,30.42876200000783],[-82.20979599965058,30.42877999971762],[-82.20981099971917,30.42881299995143],[-82.20983199963557,30.428883000316656],[-82.20982999998576,30.428917999705824],[-82.20980700041953,30.42902300012172],[-82.20977899993214,30.429091000375035],[-82.20975299999286,30.429118999827658],[-82.20965599990848,30.429186000034466],[-82.20958499976336,30.429223000047983],[-82.20955200015142,30.429245000363352],[-82.20950699994556,30.429303999882087],[-82.2094669997626,30.42936700005078],[-82.20939800016562,30.429498000148396],[-82.20930399955597,30.42965700014288],[-82.2092910000355,30.429691000054465],[-82.20925800042355,30.429904999772738],[-82.20927500014197,30.42997500012883],[-82.20928900038567,30.430008999929584],[-82.20932799984543,30.43007199964297],[-82.20946799958752,30.430249999658304],[-82.20953500043298,30.430381000119215],[-82.20956399984696,30.430448000233714],[-82.20957800009069,30.430768999854752],[-82.20956200019715,30.430839000365367],[-82.20953399970975,30.430906000165308],[-82.20950600012067,30.4311919997184],[-82.20943499997556,30.4312789999903],[-82.20940800021138,30.431305999631526],[-82.20931500032495,30.431377999671046],[-82.2092490002027,30.43142200009939],[-82.2091720002098,30.43144599983173],[-82.20913100020194,30.43145099961383],[-82.20908900036915,30.43145099961383],[-82.20896499962227,30.43144200000582],[-82.20892299978948,30.43144499987525],[-82.2088829996065,30.431454000257563],[-82.20884900016962,30.43147500011362],[-82.20878700024537,30.43152200036526],[-82.20871199990228,30.431607999613423],[-82.20870100003162,30.43164199961951],[-82.20868799961283,30.431713000231845],[-82.20869099998588,30.43174800015471],[-82.2087420000395,30.431883999912696],[-82.20875799993303,30.431916999870932],[-82.20877899984943,30.432023000107247],[-82.20879800011599,30.432054000118068],[-82.20883099972797,30.432074999844943],[-82.20886800043621,30.43209199976809],[-82.20902900009467,30.432128000278954],[-82.2091439997224,30.432170999645354],[-82.20918399990538,30.432176000164862],[-82.20926799957095,30.432170999645354],[-82.20930699992903,30.432164000001954],[-82.20933899971607,30.432140999621012],[-82.2094109996861,30.432104999889525],[-82.20945099986906,30.43209299971788],[-82.20953299988484,30.43208500011903],[-82.20965500008359,30.432109999637913],[-82.20969400044163,30.432122999756928],[-82.20972299985563,30.43214800004063],[-82.20978599960482,30.43224099992427],[-82.20979900002362,30.432274999709694],[-82.20980300022158,30.432311000153003],[-82.20979800019872,30.432382000278395],[-82.20980400004649,30.432416999961127],[-82.20977100043454,30.43259299968038],[-82.2097620002137,30.432664000374977],[-82.20976100038878,30.432736000186576],[-82.2097200003809,30.43305500014321],[-82.20968199984776,30.43315600022283],[-82.20964000001496,30.433218000288875],[-82.20961099970265,30.433244000229884],[-82.20953700008279,30.433274999852614],[-82.2094170004322,30.433306000240037],[-82.20917100038491,30.43333799978008],[-82.20913100020194,30.4333469999877],[-82.20906300042986,30.433388999654685],[-82.20898899991171,30.433472999708936],[-82.20896999964513,30.433504999968736],[-82.20891899959152,30.43363999966643],[-82.20891399956865,30.43367600038044],[-82.20891699994169,30.433783000186583],[-82.20892699998744,30.43385400001492],[-82.20896200014754,30.434030000239098],[-82.2089589997745,30.4340660000346],[-82.20894899972875,30.434099999958367],[-82.20894200005606,30.434171000330416],[-82.20890299969798,30.43431100029079],[-82.20886800043621,30.43437500024998],[-82.20885599984233,30.434409000066022],[-82.20880899998666,30.434468000333688],[-82.20878200022248,30.434494999866672],[-82.20869099998588,30.434566999875635],[-82.20861999984076,30.434604000171483],[-82.20847099987785,30.43466799993845],[-82.20839100041023,30.43468700003057],[-82.20835000040235,30.43468899987702],[-82.20830900039445,30.434684000260855],[-82.20828099990706,30.43465799992921],[-82.20825800034083,30.43462799989538],[-82.20818399982267,30.434500000267022],[-82.20816200008136,30.434469000259178],[-82.20813399959397,30.434442999870207],[-82.20807000001986,30.434397000177867],[-82.20803599968467,30.43437700010284],[-82.20799600040003,30.434366000137224],[-82.20791400038426,30.43437700010284],[-82.207876999676,30.434393999624678],[-82.20781099955377,30.434435999615317],[-82.20777200009402,30.43444800027323],[-82.20752799969655,30.434491000165806],[-82.2074890002368,30.43450100019218],[-82.20729699971788,30.434565000026666],[-82.20725200041034,30.43458899976015],[-82.20719899980857,30.434643000300717],[-82.20717500041745,30.434673000329934],[-82.20714899957987,30.43474099974232],[-82.20715100012801,30.43477500020525],[-82.20716899967137,30.434807000037903],[-82.20719200013589,30.434913000231344],[-82.20718600028812,30.435021000149163],[-82.20716199999866,30.43508900009344],[-82.20714600010515,30.435121999741792],[-82.20712500018874,30.4351530003166],[-82.20703099957909,30.435223999922048],[-82.20699700014222,30.435243999823427],[-82.20684399998134,30.435300999752066],[-82.20680899982125,30.435319999720907],[-82.20664599961462,30.435429999793808],[-82.20661700020062,30.435455999919643],[-82.20653900038282,30.435539999742566],[-82.20646999988753,30.43562899983566],[-82.20645499981892,30.435662000075823],[-82.20641600035917,30.435725000010336],[-82.20630400020617,30.435955999680306],[-82.20629699963517,30.435990999629517],[-82.20629599981025,30.43602600034069],[-82.20628099974165,30.43609600017629],[-82.20627999991673,30.436165999961624],[-82.20630000000821,30.436307999969372],[-82.20629699963517,30.436343999698494],[-82.20630099983313,30.436414999985825],[-82.20626099965015,30.436627999763243],[-82.20624700030477,30.436734000300905],[-82.20624300010681,30.4368060002058],[-82.2062489999546,30.436948000056073],[-82.2062849999396,30.437087999902396],[-82.20631799955156,30.43715400015854],[-82.20636100010759,30.437215000109138],[-82.20640999961307,30.43727099976356],[-82.20642999970455,30.437303000326107],[-82.2064809997582,30.437359999825826],[-82.20654900042855,30.437398999627337],[-82.20674600007206,30.437527999991794],[-82.20682200024004,30.437612000353447],[-82.20689199966193,30.437700000212196],[-82.20690699973053,30.437732999751518],[-82.20692599999713,30.437802000019516],[-82.20694100006571,30.43790899994568],[-82.20692199979915,30.438298999710472],[-82.2069319998449,30.43837000012339],[-82.20696500035517,30.438434999627006],[-82.20718200009014,30.438741000294783],[-82.20720999967924,30.43878800014271],[-82.20725900008304,30.438867999897653],[-82.20730900031175,30.43896499986099],[-82.20735699999233,30.43910200027563],[-82.20735799981726,30.439136999870154],[-82.20735100014454,30.43917300010384],[-82.20733199987798,30.439204000165336],[-82.20730500011379,30.43923199981266],[-82.20726900012879,30.439249999913642],[-82.20722999977073,30.439261999979134],[-82.20714699993005,30.43926899988752],[-82.20710599992218,30.43926600025876],[-82.20706499991428,30.43926899988752],[-82.20694600008859,30.439300999794433],[-82.20687099974552,30.439330000064043],[-82.20677100018641,30.43939200007734],[-82.206706999714,30.439436999862437],[-82.20662999972112,30.439460999945886],[-82.20633000014546,30.439583000020463],[-82.20623100041125,30.439646999617626],[-82.20617399961152,30.439699999808948],[-82.20613099995381,30.43975999984457],[-82.20612000008316,30.43979400010655],[-82.20608400009814,30.43985699969503],[-82.20604499974009,30.43995900034395],[-82.20600000043257,30.440097000004165],[-82.20595400040182,30.44019699989409],[-82.20593500013524,30.440229000270886],[-82.20593199976219,30.440264000235377],[-82.20592199971644,30.44029900018731],[-82.20587499986077,30.440398000005327],[-82.20584899992151,30.440425000219946],[-82.20581700013446,30.440448000196042],[-82.20579500039315,30.440477999988303],[-82.20578199997436,30.440511999999913],[-82.20577399957844,30.4405830003504],[-82.20577399957844,30.440619000050184],[-82.20580500043889,30.440759000047173],[-82.20580899973854,30.440831000077967],[-82.20580700008873,30.44086699968624],[-82.20575600003508,30.441002999893374],[-82.20574000014157,30.44103599986376],[-82.2057009997835,30.441099000198744],[-82.20567499984423,30.441127000076378],[-82.20563999968414,30.44114599968448],[-82.20548999989632,30.4412049997484],[-82.20544999971334,30.441215999716995],[-82.20534000010848,30.441266000262644],[-82.20519699999336,30.4413379999191],[-82.20510099973389,30.441406999959433],[-82.20504399983247,30.441458000260884],[-82.2049960001519,30.44151700013601],[-82.20495199977097,30.44161700011849],[-82.20492900020474,30.441758999932837],[-82.2049390002505,30.44183000014965],[-82.2049810000833,30.441968000259568],[-82.20502999958877,30.44206699993193],[-82.2050730001448,30.442127000059898],[-82.2051149999776,30.442264999749487],[-82.2051159998025,30.442299999757527],[-82.20510599975675,30.442334999753008],[-82.20503299996183,30.442463999782845],[-82.20500799984747,30.442492999886085],[-82.20497100003755,30.44250600016998],[-82.20484600036407,30.442501000180126],[-82.20472300034044,30.442518999677606],[-82.20468300015746,30.44252799981233],[-82.20461100018744,30.44256299972596],[-82.20458900044612,30.44257900030188],[-82.20454800043824,30.442610000054927],[-82.20449200036174,30.44271399982892],[-82.20447800011803,30.442747999835262],[-82.20443799993507,30.442959999880514],[-82.2044050003231,30.443244999872494],[-82.20439899957701,30.443352000021193],[-82.20440199995005,30.443422999852384],[-82.20439699992718,30.443528999973218],[-82.20434300039884,30.443738000377824],[-82.2043130002616,30.443804000004917],[-82.20430400004076,30.44383900023492],[-82.20430599969059,30.443875000281384],[-82.20432999998003,30.443943000246804],[-82.20434900024661,30.443975000168603],[-82.20437299963774,30.44404300006427],[-82.20437500018586,30.444114999993246],[-82.20435199972134,30.444292000108838],[-82.20431900010938,30.444395999637447],[-82.20428399994928,30.44445999994751],[-82.2042089996062,30.44454600017699],[-82.20410499984914,30.44460399991073],[-82.2040329998791,30.444638000032374],[-82.20392800029713,30.444695999711303],[-82.20389499978684,30.444717999633923],[-82.20388999976399,30.44475300031025],[-82.2038489997561,30.444853999890228],[-82.20381500031922,30.44491799989964],[-82.2037929996796,30.444947999865384],[-82.2037860000069,30.444984000276722],[-82.2038410002585,30.44507999975983],[-82.20386800002267,30.445107000226663],[-82.20399100004632,30.44520099995782],[-82.20415000005498,30.44531300012887],[-82.20422799987278,30.445396999979092],[-82.20433900020087,30.445558999817703],[-82.2043550000944,30.445582000131484],[-82.20438000020874,30.44564999968066],[-82.20440699997292,30.445754999893563],[-82.20441100017088,30.44579100000693],[-82.20440100012515,30.445897999684465],[-82.20439299972922,30.44593200012919],[-82.20438500023162,30.44600199982304],[-82.20432900015511,30.44616999981256],[-82.20429700036809,30.446235000311667],[-82.20428300012436,30.446340999698126],[-82.20430700041382,30.446410000069708],[-82.20437099998792,30.44650099991267],[-82.20439699992718,30.44652899978771],[-82.20443600028524,30.446591999670762],[-82.20443700011016,30.44662900005018],[-82.20440100012515,30.44680499967429],[-82.20439899957701,30.446876999886562],[-82.20440399959988,30.446948000248142],[-82.20441600019376,30.44698300012378],[-82.20444100030812,30.447010999860364],[-82.20458299970002,30.447086000083182],[-82.20467200028679,30.4471599996785],[-82.20469499985302,30.447189999728696],[-82.2047140001196,30.447260000068006],[-82.20471699959432,30.447294999831612],[-82.2047140001196,30.447331000150676],[-82.20467300011171,30.447470000009957],[-82.20456199978362,30.447622000047097],[-82.2045529995628,30.44765699968072],[-82.204546999715,30.447728000248592],[-82.20454900026314,30.447763999633295],[-82.20456299960854,30.447798000201594],[-82.20463600030178,30.44788500037179],[-82.20466300006596,30.447912000061653],[-82.20490900011326,30.44804500037521],[-82.2049960001519,30.448119999802408],[-82.20507499979462,30.448201000203134],[-82.20516100000835,30.448323000182537],[-82.20522899978039,30.448410999666617],[-82.20527499981114,30.448509999765694],[-82.2052999999255,30.448612999660252],[-82.20532300039005,30.44889899993981],[-82.20534699978117,30.449112000322955],[-82.20534500013136,30.44918400037997],[-82.2053280004129,30.449289999657204],[-82.20525100042002,30.449495000240923],[-82.20521799990976,30.44956000007158],[-82.20516400038139,30.44976899993614],[-82.20515299961242,30.44983999973991],[-82.20514299956668,30.449875000125928],[-82.20511099977963,30.449941000244365],[-82.20506800012191,30.450001999938536],[-82.20501399969525,30.450055999686796],[-82.20495099994605,30.45014900030165],[-82.20494199972522,30.450183999802224],[-82.20493199967949,30.45025500007817],[-82.20493500005253,30.450291000078337],[-82.2049609999918,30.450359000214455],[-82.2049889995809,30.450385999993436],[-82.20506899994685,30.45040400035819],[-82.20511099977963,30.45040599988222],[-82.20519299979539,30.450393999639676],[-82.20523399980327,30.450399999761107],[-82.20527099961319,30.450414000301247],[-82.2053690004208,30.450528999960007],[-82.2053970000099,30.45055599969183],[-82.20543100034507,30.450576000320144],[-82.20546200030721,30.45059999998456],[-82.20548400004853,30.450626999696766],[-82.20548099967547,30.450663000333936],[-82.20551300036085,30.45076600027652],[-82.205616000293,30.450875000202476],[-82.20565099955479,30.450894000233948],[-82.2056790000422,30.450919000351192],[-82.20570300033164,30.450946999731464],[-82.20573799959342,30.451047999863082],[-82.205728000446,30.45108299981528],[-82.20569900013368,30.45114899989003],[-82.20564499970702,30.451201000269474],[-82.20558199995783,30.451248000305586],[-82.20550499996493,30.451274000085164],[-82.20538299976619,30.451295000319003],[-82.20530099975042,30.451296000071903],[-82.20505499970312,30.451265999736734],[-82.20497199986245,30.451265999736734],[-82.20493099985457,30.451271999804465],[-82.2048129998538,30.451308000203372],[-82.2047769998688,30.45132499987088],[-82.20468200033254,30.451442000280654],[-82.204658999868,30.451545000174363],[-82.20464600034754,30.451579000198095],[-82.2046429999745,30.451650000232192],[-82.20464899982227,30.451721999963034],[-82.20474500008174,30.45183999964352],[-82.204771000021,30.451908000247627],[-82.20477400039404,30.451942999890996],[-82.204771000021,30.452013999659847],[-82.20472800036329,30.452113999715596],[-82.20468599963218,30.452173999854683],[-82.20461000036252,30.45230099976903],[-82.20458900044612,30.452369000051505],[-82.20458600007308,30.45240500004517],[-82.20457299965427,30.452438999768866],[-82.20452900017168,30.45249799996731],[-82.20447599956991,30.452551999881354],[-82.20443999958489,30.452568000366377],[-82.20428499977419,30.45261999998867],[-82.20424799996427,30.45263599968817],[-82.20421700000213,30.452659999619705],[-82.20408700030579,30.452797000148067],[-82.20405799999347,30.4528640003476],[-82.20403999955181,30.452933999709437],[-82.20404799994772,30.453038999819466],[-82.20410499984914,30.45313400015338],[-82.20414800040517,30.45319399966446],[-82.2042079997813,30.453242000021113],[-82.2042420001165,30.453262999830937],[-82.20434000002577,30.45337700026827],[-82.20435300044457,30.45341099965279],[-82.20435900029236,30.453481000170502],[-82.20434000002577,30.453622000009602],[-82.20431499991142,30.45368899964199],[-82.20431599973632,30.45372499992238],[-82.20430700041382,30.453759999687577],[-82.20428800014724,30.453792000258346],[-82.20427599955337,30.453826000272485],[-82.20426499968272,30.453897999944463],[-82.2042999998428,30.453917000160917],[-82.20437299963774,30.453968999837787],[-82.20437099998792,30.45400400028968],[-82.20438000020874,30.454075999830145],[-82.20440699997292,30.45414299992473],[-82.20444200013301,30.45420799975288],[-82.20450999990508,30.45429499962183],[-82.20449599966139,30.454337000331847],[-82.20446399987433,30.454477999706775],[-82.20445700020164,30.454579999770026],[-82.20446499969924,30.454612000071517],[-82.20445600037674,30.454648000010987],[-82.2044670002474,30.45474799968694],[-82.20448099959279,30.454779000216117],[-82.20447899994295,30.454814000377077],[-82.20449599966139,30.45488000024817],[-82.20450599970712,30.454984999810126],[-82.20449499983647,30.45534199964279],[-82.20452999999657,30.455444000350358],[-82.20455799958567,30.455471000269235],[-82.20462899973077,30.455506999891348],[-82.20466700026392,30.455520999697757],[-82.20470900009673,30.45552299989117],[-82.20487499977807,30.455514000182003],[-82.20499799980172,30.45552200018169],[-82.2050389998096,30.455527999987382],[-82.20518100009983,30.455599999950568],[-82.20527700035929,30.455665000355545],[-82.20530699959819,30.45569099973106],[-82.20538100011636,30.455721000252765],[-82.20542200012424,30.45572999994284],[-82.20545899993417,30.455743999717253],[-82.20564100040737,30.455829000350835],[-82.20572500007296,30.455830000057162],[-82.20588400008161,30.45579200036653],[-82.20592199971644,30.45577599963649],[-82.20600299990728,30.455695000110875],[-82.20603499969434,30.455671999860513],[-82.20604700028822,30.455666000063623],[-82.2061440003726,30.45562000031804],[-82.20622700021329,30.455613000035004],[-82.20626800022116,30.455613000035004],[-82.20630699968092,30.455626000117764],[-82.20633299962019,30.455642999806354],[-82.20636699995536,30.45567499975876],[-82.20642700022982,30.455724000149562],[-82.20648300030632,30.45577599963649],[-82.20650800042068,30.45580499965102],[-82.20652699978895,30.455837000324596],[-82.20655699992616,30.45594099992454],[-82.2065729998197,30.456082000075956],[-82.20657399964459,30.456152999926676],[-82.20654600005552,30.45632999986376],[-82.2065179995681,30.456433999711802],[-82.20650699969744,30.456461999830662],[-82.20649599982679,30.45653999962146],[-82.20649300035207,30.456610999912826],[-82.2065109998954,30.456643000321716],[-82.20653799965959,30.45667100038049],[-82.20657100016987,30.456692999923213],[-82.20660700015489,30.456710000200026],[-82.20668300032285,30.456739999633623],[-82.2067229996075,30.4567499997009],[-82.20684599963118,30.45676299963196],[-82.20701200021085,30.4567590000703],[-82.20705300021872,30.456764999799887],[-82.20709800042457,30.456777000032268],[-82.20716399964847,30.456820000143008],[-82.20719999963349,30.456836999623345],[-82.20730299956566,30.45689799964724],[-82.20733400042612,30.456921000382582],[-82.20737899973365,30.456980999884987],[-82.20739299997734,30.457015000335144],[-82.20741200024392,30.457084999812576],[-82.20741999974152,30.457155999706856],[-82.20742099956644,30.45722700032372],[-82.20741200024392,30.45742500032006],[-82.20743599963504,30.457530000237046],[-82.20745999992448,30.45755899972953],[-82.20747099979515,30.457592000289704],[-82.20754799978805,30.457677000085532],[-82.20756700005461,30.457707999682842],[-82.20756000038192,30.457778999897442],[-82.20756200003173,30.45781500021558],[-82.20755799983378,30.45785099974599],[-82.20754699996314,30.457884999892556],[-82.20750000010746,30.45798399965966],[-82.20747699964294,30.458012999791386],[-82.20736399966503,30.45811599970887],[-82.20733799972575,30.45814400011865],[-82.20729599989296,30.45820599978065],[-82.20725999990795,30.458270000314588],[-82.20724599966425,30.45830400031495],[-82.20722300009804,30.4585480003794],[-82.20721999972497,30.458618999981894],[-82.20722700029599,30.45865400031225],[-82.20725200041034,30.458683000244545],[-82.20728300037247,30.45870700023539],[-82.2073200001824,30.458722999709796],[-82.2073970001753,30.458743999887062],[-82.20743800018319,30.458805999941617],[-82.20745099970365,30.458841000204725],[-82.2074669995972,30.458910000244206],[-82.2075310000696,30.45911799974199],[-82.20752900041978,30.45929699982921],[-82.20751900037405,30.459366999990145],[-82.20750799960507,30.459402000051718],[-82.20749300043477,30.459507999829764],[-82.20750699978016,30.4596140002668],[-82.20752600004674,30.459682999758833],[-82.20754799978805,30.45978900000545],[-82.20754899961295,30.459930999672945],[-82.20755700000888,30.460038000087312],[-82.20758499959796,30.460104000291484],[-82.20760800006248,30.46017300021082],[-82.2076719996366,30.460303999956764],[-82.20769500010114,30.460372000074674],[-82.20770000012402,30.46040699977527],[-82.207692999553,30.460479000004693],[-82.207664000139,30.460619999783592],[-82.20763400000176,30.46068600036788],[-82.20759100034407,30.460747000304927],[-82.20757600027545,30.460779999785345],[-82.20755500035906,30.460810999944023],[-82.20752000019894,30.46083000036112],[-82.20744400003097,30.460857999990914],[-82.20738600030464,30.460907999752326],[-82.20736500038825,30.460938999870283],[-82.20735600016742,30.460974000141505],[-82.20735199996945,30.46104500029901],[-82.20736000036538,30.461114999978328],[-82.20738999960429,30.461286999618284],[-82.20737200006094,30.46135699989804],[-82.2073469999466,30.461425000055304],[-82.20733000022815,30.46145800008033],[-82.20730799958852,30.46148800037493],[-82.20727699962639,30.46151100002674],[-82.20720499965637,30.461546999740133],[-82.20716500037172,30.461555000018755],[-82.20691900032442,30.46158300021451],[-82.2068830003394,30.461601000059613],[-82.20680600034652,30.46162399968469],[-82.20676500033862,30.461631000310167],[-82.20672599998056,30.461644000364288],[-82.20668999999556,30.461660999777223],[-82.20664899998768,30.461662000198054],[-82.2066079999798,30.461669000046484],[-82.20657100016987,30.461682999741868],[-82.2065440004057,30.461710000254783],[-82.20652500013912,30.46174300018326],[-82.20651300044355,30.46177699974594],[-82.20651199972032,30.46184699967361],[-82.20649199962884,30.461952000245127],[-82.2064609996667,30.46205499986985],[-82.20642100038204,30.46211799978205],[-82.2063629997574,30.46216999972807],[-82.20625599962729,30.46222399970224],[-82.2062070001218,30.462281000115606],[-82.20619000040335,30.46231399985072],[-82.2061510000453,30.462414999815053],[-82.20612799958077,30.462555999889208],[-82.2061359999767,30.462591000353743],[-82.20621100031975,30.462758999620988],[-82.20626599967304,30.462811999633917],[-82.20628800031267,30.46284200028587],[-82.20630300038125,30.462876000239305],[-82.20631000005396,30.462912000222538],[-82.20631500007684,30.46294600015153],[-82.20631599990175,30.462982000108962],[-82.206305999856,30.46305300035163],[-82.20621299996958,30.46328900000111],[-82.20619000040335,30.46335700035834],[-82.20617399961152,30.463389000100065],[-82.20612799958077,30.46352400022572],[-82.20608400009814,30.463622000056304],[-82.20604899993805,30.463684999729466],[-82.20600799993016,30.463787999844715],[-82.20600999957999,30.463822999866597],[-82.20599899970932,30.46385500022956],[-82.20597600014311,30.463960999808215],[-82.20598600018887,30.46403200011164],[-82.20598500036395,30.464067000045837],[-82.20600600028034,30.464136000255444],[-82.20602700019674,30.464165999725324],[-82.20611199968724,30.464244999937005],[-82.20616399956579,30.46430100032271],[-82.20621600034264,30.464421999884728],[-82.20619500042623,30.464472999757465],[-82.20618399965726,30.464543999687685],[-82.2061719999617,30.46457700020467],[-82.206165000289,30.464648000059103],[-82.20616799976375,30.46468400016181],[-82.20615900044122,30.464752999934294],[-82.20615900044122,30.464788999998213],[-82.20617699998456,30.464895000109045],[-82.20619899972588,30.46496399973212],[-82.20618899968015,30.46503300008055],[-82.20618799985522,30.4651040003769],[-82.206193999703,30.465140000311028],[-82.20624200028192,30.46519800017696],[-82.20633199979527,30.46527100034634],[-82.20644599959809,30.465313999805243],[-82.2065240003142,30.465337000102284],[-82.20660299995691,30.46546399989409],[-82.20668400014777,30.465625999668607],[-82.20670199969112,30.46569500032238],[-82.20670400023926,30.465731000038144],[-82.20667499992695,30.465797999860808],[-82.20665400001054,30.465828999971205],[-82.20657700001766,30.465910999965804],[-82.20658399969034,30.46598199962214],[-82.20660600032997,30.466051999625165],[-82.20661399982757,30.46612299995303],[-82.20663300009416,30.466192999854723],[-82.20664800016276,30.466298999986243],[-82.20663100044432,30.466331999908693],[-82.20660200013202,30.466358000308986],[-82.20656899962174,30.466379999987073],[-82.20653099998691,30.466395000151923],[-82.20640899978817,30.466414000254172],[-82.2063689996052,30.466424000102688],[-82.20630900022906,30.466474000104373],[-82.20626800022116,30.466535999884947],[-82.2062349997109,30.466602000332315],[-82.2062349997109,30.46663700011735],[-82.20625599962729,30.466706000054913],[-82.20628099974165,30.466734000318638],[-82.20645099962096,30.46688999964947],[-82.20650000002477,30.46694800002191],[-82.2065169997432,30.466980000132505],[-82.20654100003264,30.467048000235813],[-82.20657000034495,30.46715200025649],[-82.20658299986543,30.46722299978242],[-82.20658500041357,30.46725899970772],[-82.20656100012413,30.46739900015079],[-82.20652900033707,30.46746399965212],[-82.20649199962884,30.46752600035107],[-82.20632599994748,30.467683000320918],[-82.20627599971877,30.467739999862733],[-82.20621799999245,30.46783499979913],[-82.20621600034264,30.46787100027244],[-82.20622399984023,30.46792999964292],[-82.20629699963517,30.467964999724966],[-82.20639399971955,30.468032000333732],[-82.20641800000901,30.468062000152216],[-82.20643100042778,30.468095999832094],[-82.20644099957522,30.468167000218433],[-82.20644399994825,30.468237999778726],[-82.2064389999254,30.468309000061492],[-82.2064320002527,30.468345000359587],[-82.20637199997824,30.468514999694875],[-82.2063540004349,30.46854799964072],[-82.20630800040414,30.46860799972486],[-82.20627999991673,30.468634999866783],[-82.20617100013679,30.46868399993322],[-82.20608999994595,30.468700999666044],[-82.20596600009738,30.468700999666044],[-82.2058830002567,30.468696999820274],[-82.2056790000422,30.468674000316692],[-82.20563499966127,30.46861200034857],[-82.20562100031589,30.46857800007455],[-82.20558299978273,30.468514999694875],[-82.20551400018577,30.468424999856015],[-82.20548599969835,30.46839900000756],[-82.20541999957611,30.46835699993983],[-82.20534000010848,30.46833600028631],[-82.20525800009273,30.468325000281663],[-82.20517600007696,30.468325999859836],[-82.20509700043424,30.468349000219877],[-82.20506099955091,30.468364999659183],[-82.20499299977885,30.468404999794515],[-82.20496400036485,30.468430000064323],[-82.20478699991453,30.468521000248966],[-82.20475099992952,30.46858599977575],[-82.20473699968582,30.468620000046986],[-82.20469099965506,30.468678999737953],[-82.204658999868,30.468702000014623],[-82.20449700038462,30.468731999626677],[-82.20446600042249,30.468756000238876],[-82.20437500018586,30.46887499976705],[-82.20434400022373,30.46894100017793],[-82.204334000178,30.468975999896706],[-82.2043350000029,30.469011999948243],[-82.20434699969849,30.469082000096403],[-82.20437199981282,30.46915099985034],[-82.20439000025449,30.4691830000114],[-82.20441500036884,30.4692110003372],[-82.20447200027026,30.469262000025186],[-82.20450099968426,30.469328999741606],[-82.20450200040749,30.46943500033137],[-82.20455000008806,30.469608000330233],[-82.20457400037752,30.469713000278194],[-82.20458000022529,30.46982100034984],[-82.20467800013459,30.47005100017503],[-82.20467800013459,30.470088000163535],[-82.20466899991375,30.470158000312498],[-82.20464200014958,30.47022599974543],[-82.204546999715,30.47034299991108],[-82.20449300018666,30.470396999999675],[-82.20446999972212,30.470426999863918],[-82.20440100012515,30.470557999756362],[-82.20434599987357,30.47069300001074],[-82.2043409998507,30.470727999874143],[-82.2043550000944,30.47079899989012],[-82.20436500014013,30.470905999979983],[-82.20437600001078,30.47097600031527],[-82.20438100003366,30.47104799970067],[-82.20437400036097,30.47109500022781],[-82.20432300030734,30.471136999888927],[-82.20428599959911,30.47115299964447],[-82.20424499959121,30.471159000036018],[-82.20420399958334,30.471159000036018],[-82.2040809995597,30.471143000281444],[-82.20405600034364,30.471136999888927],[-82.20404100027504,30.471133000143215],[-82.20396599993195,30.471105000369956],[-82.20392999994694,30.471085999634408],[-82.20384399973322,30.471009000201477],[-82.20381199994618,30.470985999695447],[-82.2037359997782,30.47095700032876],[-82.20365399976244,30.47095099992478],[-82.20361399957946,30.470961999632824],[-82.20349399992885,30.47105900017202],[-82.20346200014181,30.47112499987696],[-82.2034549995708,30.471160000359344],[-82.20345600029403,30.471229999737748],[-82.20349200027903,30.471330999747728],[-82.20355000000536,30.471426000052432],[-82.20354900018044,30.471460999652365],[-82.20353699958658,30.4714949996941],[-82.20353400011183,30.471565999925126],[-82.20352700043915,30.471601999793492],[-82.20350300014968,30.47166999976656],[-82.20347999968516,30.471700000012905],[-82.20345000044624,30.471725000211052],[-82.2032570001024,30.471859000080034],[-82.20324100020888,30.47189100012549],[-82.20324299985869,30.4719630003828],[-82.20324899970649,30.47199799978974],[-82.20324700005665,30.47203400027259],[-82.20323299981295,30.47206600026054],[-82.20319600000302,30.47213000020484],[-82.20316800041394,30.472195999958164],[-82.20315800036819,30.472229999743266],[-82.20315400017023,30.47226499982843],[-82.2031089999644,30.47240100034971],[-82.20307499962921,30.472830999768885],[-82.20306600030668,30.47285599967667],[-82.20304299984215,30.472931999666745],[-82.20302500029881,30.47296499966434],[-82.20302699994862,30.47307100016748],[-82.20301699990289,30.473104999647074],[-82.20300600003223,30.473176000252625],[-82.20296199965131,30.473237000110036],[-82.20293200041237,30.473261000386124],[-82.20268899983982,30.473394999689834],[-82.20265700005277,30.473417999626925],[-82.2025320003793,30.473603000000214],[-82.20250499971681,30.47363099982944],[-82.20247200010483,30.473650000068385],[-82.20243000027205,30.473646999949384],[-82.20226500041561,30.473651999889583],[-82.20216400013327,30.473716000339948],[-82.20202400039118,30.473789999840424],[-82.20199400025396,30.47379799988772],[-82.20185799981152,30.473927000075093],[-82.20179000003945,30.474102999941074],[-82.20149799996142,30.47422999991509],[-82.2012789996783,30.474374000014407],[-82.20103500017913,30.474664999661904],[-82.20101799956237,30.474788000081475],[-82.20092999969883,30.475194000004812],[-82.20091100033058,30.47526100028517],[-82.20090100028484,30.475499999835023],[-82.20092200020123,30.475669999841305],[-82.20102099993544,30.475919000357617],[-82.20110100030138,30.476004999918455],[-82.20133499975479,30.476133000006453],[-82.20142299961833,30.47626599973205],[-82.2014619999764,30.47666899966002],[-82.20145000028084,30.47680200020185],[-82.20142900036444,30.477151000049535],[-82.20144000023508,30.477333000292422],[-82.20143299966409,30.477464000184252],[-82.20140099987704,30.477542000189842],[-82.20130700016571,30.477690999768726],[-82.20121900030216,30.4778549998417],[-82.20116800024853,30.478015999654087],[-82.20112999971538,30.478059999931542],[-82.20120300040863,30.478105999918824],[-82.2012999995947,30.478184000184235],[-82.20135900004423,30.478310000004512],[-82.20136700044016,30.478442000378635],[-82.20129799994487,30.478535000218017],[-82.20125500028715,30.478651999689983],[-82.20126899963256,30.47874900031018],[-82.20135900004423,30.478846000059594],[-82.20142500016647,30.47897499975211],[-82.20151300003002,30.479166999770186],[-82.20153099957336,30.479205999872704],[-82.20158199962701,30.47950800007837],[-82.20156699955838,30.479624999929282],[-82.2015339999464,30.479768000330367],[-82.20147899969484,30.479936000159576],[-82.20147299984707,30.480063000266625],[-82.20174599965851,30.48036699981941],[-82.20186000035966,30.480413999718962],[-82.20196499994164,30.480400999847824],[-82.20212999979807,30.48041200003668],[-82.20225100017191,30.48046400027905],[-82.20234300023341,30.480550999922766],[-82.20240799963243,30.480663999940095],[-82.20243500029493,30.480841999687627],[-82.20240900035564,30.480941000119657],[-82.20239599993687,30.48116100011708],[-82.202390999914,30.481191999981725],[-82.20238599989112,30.481221000170812],[-82.20229600037774,30.48139700001195],[-82.20223199990534,30.48145500025941],[-82.20220900033912,30.481493000002303],[-82.2021790002019,30.481498999756674],[-82.2021800000268,30.481529000071056],[-82.20216999998105,30.481563999910055],[-82.20212099957726,30.48168300004277],[-82.20215800028548,30.481771999799747],[-82.20234400005832,30.481836000331434],[-82.2025399998769,30.48187500013883],[-82.20296300037451,30.481873999925643],[-82.20311300016236,30.481982999881332],[-82.2031730004368,30.482069999715726],[-82.20320600004878,30.482183999728072],[-82.20318400030746,30.482382000084137],[-82.20312599968283,30.482554000097803],[-82.20307899982717,30.482663000066125],[-82.20298400029091,30.482740999776837],[-82.20281500023651,30.48285000030991],[-82.20270700028148,30.483011000376855],[-82.20268700019001,30.483129000088514],[-82.20264700000703,30.48326299974511],[-82.202651000205,30.483374000089277],[-82.20266600027361,30.483490999938397],[-82.20260699982406,30.483598000014748],[-82.20253400002913,30.483688999958186],[-82.2024699995567,30.483761000006282],[-82.20246799990689,30.483840999997234],[-82.20244699999049,30.483963000243943],[-82.20235099973102,30.48408599975405],[-82.20226600024053,30.484174999636252],[-82.20207600026973,30.484270999983327],[-82.20189999964433,30.484348999953674],[-82.20177400014593,30.484447999915364],[-82.20167899971136,30.484592999794746],[-82.20157099975634,30.48471099991088],[-82.20142500016647,30.48492900031342],[-82.20124000021856,30.48511399971443],[-82.20130100031793,30.485273000324643],[-82.20140000005212,30.485399000258628],[-82.20143199983917,30.485535000237718],[-82.20161099993932,30.485642999789736],[-82.20175300022953,30.48577400011055],[-82.20171499969638,30.486190000031076],[-82.2017289999401,30.486305000030324],[-82.20196300029183,30.486344000369474],[-82.20227100026338,30.48640199999137],[-82.20254700044792,30.486549999777573],[-82.2029059995748,30.486827000237163],[-82.20298400029091,30.487106000227264],[-82.20301299970494,30.48730799971537],[-82.20304600021521,30.487435000267215],[-82.20304799986502,30.487603000023306],[-82.2028620000922,30.487777999783397],[-82.20286399974202,30.487866000008367],[-82.20292800021441,30.487924000271448],[-82.20319299962998,30.48815000008585],[-82.20323299981295,30.48818399971793],[-82.2032789998437,30.488179999898442],[-82.20341500028614,30.488172000258984],[-82.20358500016546,30.488281000128502],[-82.20364000041705,30.488298999683284],[-82.203673000029,30.488499999646358],[-82.20366800000613,30.48856499976899],[-82.20369899996828,30.488747999714217],[-82.20382600018988,30.489117999901666],[-82.20387200022063,30.48920599968894],[-82.20391599970326,30.48928200007456],[-82.2039399999927,30.489310000038632],[-82.20401899963541,30.489431999622447],[-82.2040959996283,30.489515000000573],[-82.2041299999635,30.489534000235768],[-82.20415300042802,30.489563000261583],[-82.20421399962908,30.489609000231447],[-82.20431900010938,30.489716999906975],[-82.20437799966062,30.48976600020043],[-82.20445700020164,30.48984800016242],[-82.20451800030101,30.48994099994127],[-82.20460600016456,30.490063000282134],[-82.20477299967084,30.49026499982506],[-82.20486200025759,30.490387999885403],[-82.20491199958799,30.49044399994323],[-82.2049810000833,30.49053300020379],[-82.205031000312,30.4905900003018],[-82.20523100032854,30.49076899982218],[-82.20534699978117,30.490807999920474],[-82.20538799978907,30.490812999753285],[-82.20542700014711,30.490801999965907],[-82.20546300013213,30.49078299997831],[-82.20549499991918,30.490760000273617],[-82.20551900020862,30.49073099983044],[-82.20567700039238,30.490615999642817],[-82.20571199965416,30.490596000269434],[-82.20575299966205,30.49059199977498],[-82.20579399966994,30.49059400002223],[-82.2058349996778,30.49060200023671],[-82.20598399964072,30.490664000134807],[-82.20601799997591,30.490684000268253],[-82.20604399991518,30.490711999828964],[-82.20606599965647,30.490742999747944],[-82.20612000008316,30.490837999687738],[-82.20614299964939,30.49090500003767],[-82.20613400032687,30.490973999806783],[-82.20611000003741,30.491037000360997],[-82.20609199959576,30.491104999918125],[-82.20609499996881,30.49117599978071],[-82.20610599983945,30.491211000020968],[-82.20613400032687,30.49123699997016],[-82.20619500042623,30.49128299992277],[-82.20622800003818,30.491302999929047],[-82.20637799982603,30.491365000154527],[-82.2064110003363,30.4913860002594],[-82.20648699960597,30.491469999859557],[-82.20655799975108,30.49163600016462],[-82.20656399959886,30.49170699963974],[-82.20655699992616,30.491810000301623],[-82.20654699988042,30.491845000313887],[-82.20652299959099,30.491873999650956],[-82.20646599968957,30.49192399974222],[-82.2064330000776,30.49194399961673],[-82.20640299994038,30.49196900003464],[-82.20638000037415,30.4919980001089],[-82.20635100006186,30.492022999738847],[-82.20631799955156,30.492043000367048],[-82.206313000427,30.4920770001871],[-82.20632900032054,30.492109999887226],[-82.20634699986388,30.492249000096383],[-82.20634000019119,30.49228199973823],[-82.20635600008471,30.49231400003696],[-82.20633500016831,30.492345000219583],[-82.20634400038915,30.4923759996183],[-82.20632299957444,30.492406999781164],[-82.20631500007684,30.4924780002418],[-82.20631599990175,30.492513000013727],[-82.2064049995902,30.492633000020867],[-82.20645800019197,30.49268700013058],[-82.20650500004763,30.49274599994386],[-82.20656100012413,30.492839000049173],[-82.20660600032997,30.49296999997187],[-82.20661700020062,30.493036999627797],[-82.20667099972898,30.493205999871993],[-82.20676500033862,30.493275000331575],[-82.20680200014856,30.493289000127184],[-82.20700800001286,30.49328200022966],[-82.20704999984567,30.493283999647524],[-82.2071290003867,30.493300999729232],[-82.20716299982358,30.493319999999155],[-82.20722399992293,30.4934510000483],[-82.20723300014377,30.493486000244282],[-82.20722300009804,30.493628000313137],[-82.20720899985433,30.493733999989548],[-82.20721100040247,30.493750999992617],[-82.2075379997423,30.493777000037145],[-82.20767400018474,30.493680999778707],[-82.20786400015552,30.493648999929583],[-82.20809799960895,30.493875999696442],[-82.20828299955687,30.49413300000718],[-82.20826099981558,30.494327999792997],[-82.20825699961762,30.494395000061918],[-82.20823599970122,30.49441899976571],[-82.20820200026434,30.494546000325382],[-82.20828099990706,30.49464199973031],[-82.2083820001894,30.494764999676],[-82.2084600000072,30.494821000310896],[-82.20848599994648,30.49482399977725],[-82.20848900031952,30.49484199966984],[-82.20855100024379,30.494887000160805],[-82.20858600040388,30.494912999901693],[-82.20865400017595,30.49489399994285],[-82.20867799956707,30.494879000298656],[-82.20870900042755,30.49487800021905],[-82.2087689998037,30.49486099963884],[-82.20900700035338,30.494741000057495],[-82.20924599982968,30.494677000271853],[-82.20948799967898,30.494792000304063],[-82.20964900023579,30.495018999726216],[-82.20979499982566,30.495225000121064],[-82.20979999984854,30.495330000304765],[-82.20978800015295,30.495345999954242],[-82.20980200039668,30.49537599987037],[-82.2097909996277,30.495403000328857],[-82.20976899988638,30.495428999931914],[-82.20977300008435,30.49544799978627],[-82.20972700005359,30.49556399975366],[-82.20972200003074,30.495657000261506],[-82.20982800033592,30.495735999690908],[-82.2098890004353,30.495827999964558],[-82.20993499956774,30.496002999639167],[-82.2099799997736,30.496084999763177],[-82.2100020004132,30.496124000052763],[-82.21016899991947,30.496229000040238],[-82.21041400014187,30.496326000171226],[-82.21075300007556,30.496443999992756],[-82.21086699987838,30.49654199997182],[-82.21095899993989,30.496703999894564],[-82.21107399956762,30.496858999907353],[-82.21115599958337,30.49695400006776],[-82.21139900015596,30.497125999869606],[-82.2115780002561,30.497288999648642],[-82.21157900008102,30.49747699970521],[-82.21165799972371,30.49784299978599],[-82.2120720000005,30.498101999772448],[-82.21211899985616,30.49821100012839],[-82.21215499984118,30.498319000318023],[-82.21215099964323,30.498468999866454],[-82.21211899985616,30.498595999783205],[-82.2121139998333,30.49866000008676],[-82.21211100035856,30.498706999666055],[-82.2121270002521,30.498803000383063],[-82.21224400042796,30.498883999656552],[-82.212416999782,30.498952999959155],[-82.21257400014085,30.499043000213],[-82.2126140003238,30.499053999842687],[-82.21261900034668,30.49907599987243],[-82.21263900043817,30.499098999933295],[-82.21267100022521,30.499134999681182],[-82.21269100031671,30.49914199993167],[-82.21268999959348,30.499194000228265],[-82.21270399983719,30.499250999896276],[-82.21269299996652,30.499380999665906],[-82.21267000040031,30.499401000329577],[-82.21256499992,30.499493000233215],[-82.21240799956118,30.499543000278933],[-82.21227299984196,30.49958700011219],[-82.21217099973471,30.499664000159388],[-82.2121210004043,30.499741000145725],[-82.2121210004043,30.499878000232027],[-82.21214999981832,30.49999899969583],[-82.21217800030571,30.500019000232356],[-82.21225799977334,30.500076000190916],[-82.21226699999418,30.500084999651772],[-82.21234700036013,30.500169000255365],[-82.21242299962977,30.500235000346958],[-82.21248399972914,30.5003379997203],[-82.21254300017868,30.50043400037566],[-82.21263299969206,30.500520999968536],[-82.21263199986716,30.500548999794287],[-82.21302600005247,30.500758000146337],[-82.21305799983952,30.500763000241836],[-82.21324899963523,30.500960999947246],[-82.21357900024643,30.50120299989982],[-82.21392800022586,30.50134600032761],[-82.21416300040251,30.50139000011922],[-82.2142970002968,30.501504999955582],[-82.21430999981729,30.501554999741053],[-82.21434099977942,30.501565999860684],[-82.21434800035044,30.501593000149104],[-82.2143800001375,30.501621999676473],[-82.21446800000103,30.501702999698548],[-82.21457000010828,30.501758000200596],[-82.21465899979675,30.501790999712878],[-82.21472200044425,30.50174200005771],[-82.21480500028493,30.501559999795628],[-82.2149509998748,30.501461000215983],[-82.21505899982984,30.501433999890978],[-82.2152119999907,30.501406000320014],[-82.21533900021231,30.50143899995172],[-82.21552300033532,30.50160400026445],[-82.21568800019176,30.501823999987973],[-82.21579600014681,30.501983999615106],[-82.21585300004821,30.502209000048286],[-82.21590999994963,30.50232999970828],[-82.21605700026271,30.502450999991687],[-82.216259999754,30.502556000115646],[-82.21629200043934,30.502600000133874],[-82.21636799970902,30.502688000110624],[-82.21636199986123,30.50294600035759],[-82.21636799970902,30.503094999741442],[-82.21640600024216,30.5031550002029],[-82.21655199983205,30.503254000380192],[-82.21670499999291,30.503309000005157],[-82.2167750003131,30.50339100016223],[-82.21681899979572,30.503418999935757],[-82.21692699975077,30.50355600025937],[-82.21707300023894,30.503787000079868],[-82.21725700036197,30.503831000315188],[-82.21752400032564,30.503853000038376],[-82.21769599985478,30.503880999678906],[-82.21775899960397,30.504002000354653],[-82.21777200002276,30.504216000170555],[-82.21792500018364,30.504425000382508],[-82.21800100035162,30.504446999971336],[-82.21802599956767,30.50449099990804],[-82.21817899972855,30.504567999942886],[-82.21829900027747,30.504563000043014],[-82.21837600027035,30.504534999824845],[-82.21847699965437,30.504446999971336],[-82.21852199986023,30.504266000110274],[-82.2185980000282,30.504199999658105],[-82.2186680003484,30.504205000350634],[-82.21879499967169,30.504237999806648],[-82.21890199980182,30.504341000358703],[-82.21896600027424,30.50440300001471],[-82.21900399990906,30.50441399981223],[-82.21902300017564,30.504441000084007],[-82.21923900008571,30.504557000162784],[-82.21974100022604,30.504611999824856],[-82.21993799986954,30.504639000041596],[-82.22018599956664,30.504738000256243],[-82.22031299978825,30.50476599964196],[-82.22039599962893,30.504804000343295],[-82.22050399958397,30.50493099972818],[-82.22062400013289,30.50501899991767],[-82.22076999972275,30.50508499981408],[-82.22089100009656,30.505232999817643],[-82.2210059997243,30.50538200034151],[-82.22113299994591,30.505497000101414],[-82.22115200021247,30.50553499974323],[-82.22127600006104,30.505606999879184],[-82.22137999981811,30.505667000338768],[-82.22137399997033,30.505695000230943],[-82.22175499973685,30.505897999788836],[-82.2220979998685,30.50621700011758],[-82.22228299981644,30.5064479998091],[-82.22234599956562,30.506498000149225],[-82.22236499983221,30.506541999931923],[-82.22240300036535,30.506558000059044],[-82.22242900030461,30.50659100026459],[-82.22254999978014,30.50670700010065],[-82.22274099957585,30.50678599984316],[-82.2228989997596,30.50680000001615],[-82.22311499966965,30.50672300020062],[-82.22326700000562,30.506745000043576],[-82.22340099989991,30.506778000185648],[-82.22346399964911,30.50680499980101],[-82.22382600004737,30.50705299964393],[-82.22403600010963,30.507167999749672],[-82.22405000035336,30.50719100021887],[-82.22409300001104,30.50726199995047],[-82.22411200027763,30.50732799987245],[-82.22419500011831,30.507376999809033],[-82.2243280001877,30.507503999703435],[-82.22449999971683,30.507542000108874],[-82.22470999977911,30.50754699985558],[-82.22486799996287,30.507563999766518],[-82.22507200017736,30.50769000024284],[-82.22518000013238,30.507938000150517],[-82.22524999955428,30.50822900005028],[-82.22521799976722,30.508366999730153],[-82.22532599972226,30.50862499961596],[-82.22547899988314,30.50881799988688],[-82.22570099964099,30.508998999788794],[-82.22579000022775,30.50914200036251],[-82.22585999964964,30.50937899965403],[-82.22590800022853,30.50946200004007],[-82.22601899965831,30.50965400026979],[-82.226469999745,30.50989600026117],[-82.22662899975367,30.510011000100306],[-82.22666700028681,30.510004999782264],[-82.22685800008252,30.510153999959538],[-82.22702899978675,30.510385000359484],[-82.22707399999258,30.510495000025376],[-82.22710599977964,30.510720000115246],[-82.22701000041849,30.510989999690537],[-82.2269209998317,30.511144000241842],[-82.22690900013615,30.511320000131],[-82.22692800040272,30.511495999701545],[-82.22696900041062,30.511543999951297],[-82.2269979998246,30.511577999920323],[-82.22711900019843,30.51169900030561],[-82.22735400037507,30.512139000015083],[-82.22762100033877,30.512387000183995],[-82.22769099976065,30.51253499990846],[-82.22788800030246,30.51268400007805],[-82.22793799963286,30.51267799992498],[-82.22806599967939,30.51279899971516],[-82.2281800003805,30.512870999889827],[-82.22823100043414,30.512942000117302],[-82.22828800033554,30.51297999994523],[-82.22835799975742,30.513095999898425],[-82.22847900013126,30.513161999729927],[-82.22848800035209,30.513175999758797],[-82.2285879999112,30.513327000273538],[-82.22866300025427,30.513579999944014],[-82.2287009998891,30.5137220000855],[-82.22872699982838,30.513816000141276],[-82.22873900042225,30.5139649998954],[-82.22868900019354,30.51441000035166],[-82.22874500027002,30.51466400017542],[-82.22879700014857,30.51490000006279],[-82.22878899975265,30.514937999899285],[-82.22875299976764,30.515125000018784],[-82.22872699982838,30.51523499973891],[-82.22872699982838,30.515344000239313],[-82.22872699982838,30.515450000239593],[-82.22872500017856,30.515459999693366],[-82.22869599986622,30.515648000222487],[-82.22867699959966,30.515808000320536],[-82.22866999992696,30.515867999902454],[-82.22867999997271,30.515923999994733],[-82.22868300034575,30.51594500021453],[-82.22879799997348,30.51602199969171],[-82.22895000030944,30.51607099989005],[-82.22907699963274,30.51615900005799],[-82.22939499965005,30.51641800001955],[-82.22946499997025,30.51645600003654],[-82.22947699966582,30.51649499989595],[-82.22954100013824,30.516532999882845],[-82.22960499971234,30.51661600035238],[-82.22959800003964,30.516643000331317],[-82.22973799978173,30.51670900007637],[-82.22981800014769,30.51680099985724],[-82.22983300021627,30.51681900032568],[-82.23013199996703,30.517054999624524],[-82.23020800013501,30.51719299993278],[-82.23030400039448,30.517325000178918],[-82.23032399958764,30.517482000296877],[-82.23034200002931,30.517619000153147],[-82.2303610002959,30.51776999995745],[-82.2303550004481,30.517908000024484],[-82.23025300034085,30.51814399977478],[-82.23012600011924,30.518243000168386],[-82.23008199973832,30.518315000180213],[-82.23003099968469,30.518330999917676],[-82.23001800016421,30.518392000101638],[-82.22996700011059,30.518435999918804],[-82.2299040003614,30.51855700028063],[-82.22985300030777,30.518595000235234],[-82.22967500003254,30.518953000341124],[-82.22955500038194,30.519392999719948],[-82.22953000026759,30.519733999880525],[-82.22945400009961,30.520064000045018],[-82.22942200031254,30.520081000088826],[-82.22940899989376,30.520184999927793],[-82.22935199999236,30.520290000247638],[-82.2293279997029,30.52042500038156],[-82.22930099993873,30.52058699998527],[-82.22934600014457,30.520735000380714],[-82.22949900030545,30.521082000110567],[-82.22955600020686,30.521373000133117],[-82.22952000022184,30.52177000013082],[-82.22950500015322,30.521939999772318],[-82.22959399984168,30.522082999882308],[-82.2296449998953,30.52214300023378],[-82.22972799973599,30.52216499968265],[-82.22977200011692,30.52221499967799],[-82.22982900001831,30.522224999983504],[-82.22993699997336,30.522297000140867],[-82.23001399996625,30.522477999709665],[-82.23010299965472,30.52275299964064],[-82.23014100018787,30.52307799989241],[-82.23007099986766,30.52333099971936],[-82.22995700006484,30.523578000181274],[-82.22995700006484,30.523738000380387],[-82.23000200027069,30.524057000208767],[-82.23005300032432,30.52426099989452],[-82.23011000022572,30.524485999847855],[-82.23035899974775,30.525085000244854],[-82.23037100034163,30.52511299996121],[-82.23040200030377,30.52512900012713],[-82.23049799966492,30.5252609996545],[-82.23053000035029,30.525278000336797],[-82.23054200004586,30.525315999984986],[-82.23059899994725,30.525355000158253],[-82.23061200036605,30.525398999918334],[-82.2307069999023,30.525458999770024],[-82.23072000032109,30.52551399998843],[-82.23087299958365,30.525663000381563],[-82.23096200017041,30.52575599996062],[-82.23101300022405,30.525888000183834],[-82.23098700028477,30.52604200034661],[-82.2309110001168,30.52632799989081],[-82.23082900010104,30.526394000023178],[-82.23081300020749,30.52643200000875],[-82.23079099956789,30.52648200013],[-82.23075899978083,30.526576000226374],[-82.23079700031398,30.52664699972854],[-82.23084800036762,30.526740999665314],[-82.23111500033129,30.526845000115024],[-82.23121599971532,30.526861999746377],[-82.23133700008916,30.526922000242294],[-82.2313689998762,30.526922000242294],[-82.23154700015144,30.527047999615576],[-82.2317060001601,30.52710899974473],[-82.23189600013089,30.527263000293704],[-82.23209299977438,30.52746599969477],[-82.2320939995993,30.527494000272583],[-82.23216999976728,30.527554000378238],[-82.23228899959297,30.527798000168307],[-82.23237300015687,30.527971999828203],[-82.23247500026412,30.528087999686264],[-82.23251299989894,30.528110000110726],[-82.23251299989894,30.528142999964157],[-82.2326150000062,30.528213999868843],[-82.23280499997699,30.5282690000754],[-82.23285199983266,30.5282780000218],[-82.23311700014654,30.52832899970248],[-82.23323000012444,30.528375999642403],[-82.23330100026955,30.528406000201308],[-82.23337099969143,30.528456000080542],[-82.23367600018827,30.528995000038744],[-82.23377800029552,30.529077000196697],[-82.23401900031993,30.529088000297524],[-82.23415900006204,30.529148000192627],[-82.23422299963613,30.52914300000934],[-82.23434300018504,30.529230999947707],[-82.23448999959983,30.529396000294366],[-82.23460400030096,30.529654000077887],[-82.23464199993579,30.529704000088582],[-82.23468700014163,30.52970900024301],[-82.23480699979223,30.529774999626333],[-82.2350999996952,30.529857999619537],[-82.23521400039633,30.529928999818512],[-82.23525899970385,30.530071999778404],[-82.23527999962025,30.530183000094546],[-82.235297000237,30.530270000149137],[-82.2354179997125,30.530408000262643],[-82.23547100031426,30.530452000055813],[-82.23556000000274,30.530524000307363],[-82.2356210001021,30.530573000157943],[-82.23579299963124,30.530798000196604],[-82.23585600027874,30.53084699990892],[-82.23587499964701,30.530880000380282],[-82.23597699975426,30.530974000090538],[-82.23599000017305,30.53100699974503],[-82.23612300024243,30.531154999745677],[-82.23612999991512,30.53118800011241],[-82.23616800044826,30.53120499975766],[-82.23616199970218,30.531248999963573],[-82.23620000023531,30.531264999892837],[-82.23619299966431,30.53129300014962],[-82.23643500041197,30.53156200013239],[-82.23643500041197,30.531595000360923],[-82.23652400010042,30.531694000205327],[-82.23656199973526,30.531803999742227],[-82.23670800022344,30.531957999813127],[-82.23700699997418,30.53212300017089],[-82.23727399993787,30.532156000208808],[-82.23738799974069,30.532215999756616],[-82.2374389997943,30.532281999758048],[-82.23750900011451,30.53240900038499],[-82.2375850002825,30.532644999738224],[-82.23769400006245,30.532893000198058],[-82.23776299965942,30.532970000174622],[-82.23779500034479,30.532985999820436],[-82.2378460003984,30.53307999981414],[-82.23802399977532,30.533261000187895],[-82.23803100034634,30.53329399983921],[-82.23831699967829,30.533579999700713],[-82.23840600026504,30.533760999916574],[-82.2385009998013,30.533826999642063],[-82.23865300013728,30.53383300003692],[-82.23872299955914,30.533854999934082],[-82.23881200014591,30.533910000042084],[-82.23888199956781,30.53395899973224],[-82.23892699977365,30.534020000164666],[-82.23894000019244,30.534145999617433],[-82.23890800040539,30.53436599997726],[-82.238951999888,30.534486999846674],[-82.23907300026183,30.53460800033916],[-82.23910500004888,30.5346630000208],[-82.23913099998815,30.534761999833528],[-82.23910500004888,30.534976999688872],[-82.23914299968372,30.53513100014566],[-82.23924499979097,30.535300999622777],[-82.23947400011983,30.53543799989069],[-82.23956899965607,30.535565000260057],[-82.23959499959534,30.535763000267114],[-82.23953100002123,30.535895000047553],[-82.23949300038639,30.536037999736248],[-82.23953799969394,30.53619699987878],[-82.23963999980117,30.536477999898082],[-82.2396840001821,30.536522000036726],[-82.2396909998548,30.536548999900948],[-82.23978000044158,30.536610000254242],[-82.23985599971124,30.53670300018653],[-82.24000899987212,30.537083000057542],[-82.24009099988788,30.53718199972484],[-82.24012299967494,30.53720399963722],[-82.24024999989653,30.53747899966874],[-82.24040300005743,30.53777000010055],[-82.24033299973722,30.538265000116326],[-82.24028599988155,30.538383000100914],[-82.24019399982005,30.538617000380736],[-82.24021300008661,30.539601999668548],[-82.24017499955346,30.5399100003717],[-82.23996600021442,30.540306000061495],[-82.23987099977985,30.540405000311903],[-82.23985800025937,30.540437999857126],[-82.23981999972622,30.540449000218864],[-82.23980700020577,30.540481999749122],[-82.23959600031856,30.540655000291775],[-82.23956600018134,30.54067999979017],[-82.23947099974679,30.540845000031823],[-82.23943300011194,30.540860999927766],[-82.23935600011905,30.540988000169126],[-82.23934400042349,30.541064999917847],[-82.23933900040062,30.541215000046734],[-82.23933100000468,30.541531999768377],[-82.23925499983672,30.541868000069137],[-82.23932500015691,30.542655000171912],[-82.23936600016481,30.542824999631648],[-82.23940200014981,30.54297900002311],[-82.23938600025627,30.54313799963342],[-82.23937000036275,30.543303000340526],[-82.23934500024839,30.543699999697346],[-82.23933600002756,30.543785000096996],[-82.23932000013404,30.54393600024116],[-82.2391989997602,30.54461800038534],[-82.238951999888,30.545207000171406],[-82.23891199970502,30.545425999899113],[-82.23887900009306,30.545504999888088],[-82.23861799997715,30.545881000364776],[-82.23839299984627,30.546105999756133],[-82.23832800044727,30.546172000376092],[-82.23728099961058,30.546958999634686],[-82.23716000013505,30.54710000019338],[-82.23702399969261,30.547211999931644],[-82.23632999993167,30.547566000105864],[-82.23613199956495,30.547678999616505],[-82.23581600009577,30.547859999859437],[-82.23509200019758,30.548306999641927],[-82.23489700020392,30.54844099999613],[-82.23455300024733,30.548675000021053],[-82.23443500024655,30.548754999986116],[-82.2344379997213,30.54900300030996],[-82.23414499981833,30.550108999974256],[-82.23393700030417,30.55144999998736],[-82.23385899958807,30.552086999660652],[-82.23383400037203,30.552689000040854],[-82.23388899972528,30.55376400032969],[-82.2339950000305,30.55425000017617],[-82.23420699974261,30.555215999683924],[-82.23421299959038,30.555249999842196],[-82.23438199964478,30.556202000211496],[-82.23438599984274,30.55637899992587],[-82.23442699985064,30.556592999660808],[-82.23435700042874,30.55704499974786],[-82.234199000245,30.557446000215727],[-82.23418599982621,30.557650000167058],[-82.2340650003507,30.557748999749997],[-82.2338619999611,30.55781999966995],[-82.23354999979158,30.55786400019354],[-82.23293399984843,30.557896999993],[-82.23262300040213,30.55795800008492],[-82.23236899995891,30.558051999885286],[-82.23223300041478,30.55813099965531],[-82.23205099994158,30.558238999785164],[-82.232031999675,30.558265999798856],[-82.23192399971998,30.558338000314304],[-82.23172700007649,30.55855200037073],[-82.23168900044165,30.558579999721474],[-82.23166299960407,30.558657000214996],[-82.2315870003344,30.558701000359083],[-82.2315809995883,30.558733999873912],[-82.23124400020272,30.559191000228594],[-82.23101499987386,30.559514999812702],[-82.23091399959152,30.55976799987217],[-82.23063400010736,30.560060000206242],[-82.23044400013656,30.560373000332948],[-82.23031699991496,30.560477999753903],[-82.23024099974698,30.56055500028844],[-82.23020300011213,30.56057200020736],[-82.2300879995861,30.560714999907812],[-82.22994799984401,30.560829999930608],[-82.22986599982825,30.56093999972395],[-82.22982800019342,30.56101199980244],[-82.22972600008615,30.56107200008489],[-82.22972000023837,30.561110999823132],[-82.22947800038905,30.561386000210124],[-82.22933899957356,30.561484999849192],[-82.2291159999908,30.561677000150603],[-82.22884300017932,30.5618479997245],[-82.22868400017067,30.562056999739827],[-82.22858200006343,30.562177999909384],[-82.2284680002606,30.562354000167847],[-82.2284680002606,30.562381999968586],[-82.22843599957523,30.56239300016435],[-82.228264999871,30.56258000020743],[-82.22820600031977,30.562611999793994],[-82.22811900028114,30.562661999852065],[-82.22808099974797,30.562728000043922],[-82.22791599989155,30.562815999714232],[-82.22789599980007,30.562844000155177],[-82.22781999963209,30.562870999661026],[-82.22780799993653,30.562899000086098],[-82.2273560000249,30.563185000152533],[-82.2270959997339,30.563332999839705],[-82.22679100013536,30.563482000221782],[-82.2265619998065,30.563625000274637],[-82.22648599963854,30.563647000383067],[-82.22647200029314,30.56365499999932],[-82.22639500030024,30.56370000034249],[-82.22630800026162,30.56375200012867],[-82.2261669997963,30.563840999787175],[-82.22609200035156,30.56388899969949],[-82.2259900002443,30.56398299994245],[-82.22595799955893,30.56398799987873],[-82.22590099965753,30.56404299993467],[-82.22563399969384,30.56419699992542],[-82.2255390001576,30.564263999985723],[-82.2253419996158,30.56436299978232],[-82.22521500029251,30.56450000003739],[-82.22511999985794,30.564543999852447],[-82.22509399991867,30.564576999700634],[-82.22496699969706,30.564665000014383],[-82.22492300021445,30.564671000050474],[-82.22482699995497,30.56471999968653],[-82.22452900002914,30.564775000101008],[-82.22435099975391,30.5648520003195],[-82.224089999638,30.5650670000635],[-82.22404000030761,30.56514400005018],[-82.22399599992669,30.565175000208427],[-82.22387200007812,30.565267999850143],[-82.22386200003237,30.56527600010626],[-82.2236389995513,30.56533700020038],[-82.22333399995276,30.565407999982675],[-82.2233149996862,30.56543599967557],[-82.2231749999441,30.565513000142882],[-82.22282599996464,30.565594999629102],[-82.22228500036456,30.565700000360433],[-82.22194200023291,30.56572199999833],[-82.22154200019982,30.56572199999833],[-82.22124900029687,30.565706000332508],[-82.22093200010445,30.565644999696893],[-82.22009900042633,30.565540999805485],[-82.21972399960929,30.565474999980168],[-82.2194709998893,30.56546699974046],[-82.21875799986177,30.565441999663914],[-82.21822999978217,30.56528300023314],[-82.21795100012291,30.565249999851584],[-82.21763300010558,30.56518399982831],[-82.21731500008829,30.565189999832302],[-82.21715600007963,30.565223000234266],[-82.21692099990298,30.565315999829952],[-82.2169019996364,30.565344000322856],[-82.21667999987854,30.565453999639626],[-82.21666700035809,30.565461999880398],[-82.21598100009474,30.565938000256647],[-82.2158730001397,30.56604799967336],[-82.21568200034397,30.566163999682583],[-82.21564999965861,30.56620800028991],[-82.21551699958923,30.56630699964978],[-82.21550999991653,30.56633399973893],[-82.21531999994575,30.566454999988828],[-82.2151480004166,30.566553999870088],[-82.21497000014138,30.566598000300566],[-82.21469700032989,30.566719000221198],[-82.21455500003967,30.566766000143243],[-82.2145220004277,30.56677599972878],[-82.21444899973447,30.566802000347973],[-82.21442699999315,30.56681199992973],[-82.21439699985592,30.566827000073985],[-82.2146760004135,30.568004000242844],[-82.21469999980462,30.56848099984403],[-82.21467700023841,30.568556000025172],[-82.22766900001935,30.56945399982536],[-82.22940899989376,30.569571999797823],[-82.23297800022937,30.56980800008558],[-82.23322599992647,30.56983099964702],[-82.23773199969729,30.570045999958168],[-82.23880700012305,30.57011800024002],[-82.23941800004333,30.570169999679848],[-82.24985599963999,30.570898999809636],[-82.25818900038756,30.571564999741433],[-82.25819699988514,30.57155299974828],[-82.263106999887,30.571769000171297],[-82.26338300007154,30.57178599967217],[-82.27785100013624,30.572841000080103],[-82.28043799993247,30.573009999987406],[-82.28246300021225,30.573108000091594],[-82.28335799981464,30.573150999821976],[-82.28414600018525,30.573190000118558],[-82.28732399981028,30.573386999909268],[-82.28807299982283,30.57341899979819],[-82.2891630003172,30.573492999984378],[-82.29243200017883,30.57371700028748],[-82.29293099994611,30.5737520001914],[-82.29352299959983,30.573792000287142],[-82.29511799970929,30.573901000038877],[-82.2962170004245,30.573976999935237],[-82.29923199984292,30.574183000006062],[-82.29990499968748,30.574228000105943],[-82.30013999986411,30.574244999949237],[-82.30150200034507,30.57432599975286],[-82.30192800031742,30.574395999881972],[-82.30297899955544,30.57445899972294],[-82.30635999957006,30.57466200022118],[-82.30719399997142,30.574708000130233],[-82.30742800032314,30.574723999858104],[-82.30890999955639,30.574827999958462],[-82.30896200033324,30.574821999777186],[-82.30911999961866,30.574806000065482],[-82.30917300022043,30.574800999913343],[-82.3208080004416,30.575611000316023],[-82.32230300009363,30.57570299998547],[-82.34209399971374,30.57692100031174],[-82.35711099977443,30.577885999934562],[-82.35773099991553,30.577925999871923],[-82.36170899960675,30.578179999862623],[-82.36228899956488,30.578217999688263],[-82.36393300007813,30.578329999861257],[-82.36465199995345,30.57837800033774],[-82.36626100030662,30.578488000341064],[-82.3673020003972,30.578557999786053],[-82.36734099985695,30.578560999761145],[-82.36774000006513,30.578588000306116],[-82.36813900027329,30.578614000079064],[-82.37216200017032,30.578888000355864],[-82.37484400040113,30.579003999703442],[-82.37507399965658,30.579017000308426],[-82.3755950000635,30.57904099999292],[-82.3827210001408,30.579475000222555],[-82.38466600005464,30.579625999745353],[-82.38593899994882,30.57970899965431],[-82.38701400037458,30.579778999764624],[-82.38811599966624,30.579849999802764],[-82.3909150000729,30.580032000338456],[-82.39269299958214,30.580142999987466],[-82.3940280002989,30.580226000227302],[-82.39684299970078,30.580400000275826],[-82.40560099969748,30.580903999907477],[-82.40654600042693,30.58096500022687],[-82.4066019996051,30.58096800012744],[-82.40671100028337,30.580985000335886],[-82.40692800001835,30.580991000135803],[-82.41891399986879,30.581766999740577],[-82.42177400037482,30.58196299993792],[-82.42186100041346,30.58196799972075],[-82.42470500012766,30.582160999648117],[-82.4285609996201,30.5823680000728],[-82.43172400007484,30.58253599966671],[-82.4477160001039,30.583548000157695],[-82.4530100002453,30.58388199973123],[-82.45367800006697,30.583919999642198],[-82.45953299989995,30.58425099968185],[-82.45979300019094,30.584267000155105],[-82.45949500026512,30.580896000167066],[-82.45948400039445,30.580781999926995],[-82.45940700040157,30.576151999936002],[-82.45935600034794,30.573170999995853],[-82.45932299983765,30.571252000143335],[-82.4592910000506,30.56933400030917],[-82.45928900040079,30.569261000131277],[-82.45928699985265,30.569186999810082],[-82.4592120004079,30.56467300032027],[-82.45887699977382,30.54475299998201],[-82.45868900035116,30.53360199965518],[-82.45867799958219,30.53293699963947],[-82.45866699971154,30.53227199971385],[-82.45863800029753,30.5305579998273],[-82.45812699993637,30.500223000052188],[-82.45814600020294,30.500156999952402],[-82.45820499975417,30.4999600001857],[-82.45822599967057,30.49989499993549],[-82.45820999977705,30.49932900024333],[-82.45816200009646,30.49763099998315],[-82.45814600020294,30.49706600033327],[-82.4581369999821,30.496871999902186],[-82.45811000021794,30.496290000157828],[-82.45810199982202,30.496095999727345],[-82.45806599983702,30.495301999750843],[-82.45808900030154,30.495215000134507],[-82.45782399998767,30.478711000270287],[-82.457741000147,30.46995699963885],[-82.45749900029766,30.463270999693655],[-82.45747099981025,30.46041999999268],[-82.45741599955868,30.458088000065327],[-82.45747199963516,30.457869999966007],[-82.45726199957288,30.457262000379682],[-82.45721899991518,30.45365000016209],[-82.4572139998923,30.453230999860796],[-82.4572270003111,30.450015999761423],[-82.45723300015887,30.44866599962377],[-82.45723300015887,30.44856400034052],[-82.45723300015887,30.44640100029342],[-82.45712699985368,30.445049000017725],[-82.45707300032531,30.442756999948855],[-82.45732100002243,30.442756999948855],[-82.45739100034264,30.442756999948855],[-82.45762899999399,30.442756999948855],[-82.45806699966192,30.442756999948855],[-82.45831600008226,30.442756999948855],[-82.45824099973919,30.433919000205137],[-82.45801899998133,30.407404999813018],[-82.4579450003615,30.398566999704983],[-82.45794399963826,30.398519999852084],[-82.45794399963826,30.398379999678074],[-82.45794399963826,30.398334000030896],[-82.45790199980547,30.387710999730658],[-82.45785300029999,30.375196000048476],[-82.45783700040646,30.372601999856457],[-82.45777999960673,30.362777999793707],[-82.45777799995692,30.362646000206695],[-82.45773899959886,30.3558330002973],[-82.45771699985754,30.351872999771416],[-82.45771699985754,30.34752099982847],[-82.45769099991828,30.3222630001138],[-82.45768400024559,30.315513000143458],[-82.45789000010991,30.31381200003942],[-82.45788699973686,30.293058000248966],[-82.45759999968169,30.28665199993722],[-82.4575939998339,30.28653900030853],[-82.45751799966592,30.275163999829978],[-82.45751000016831,30.265738000361214],[-82.4575150001912,30.263871000314392],[-82.45753299973454,30.257578000083004],[-82.45751799966592,30.257369999922773],[-82.45750699979526,30.25722599961346],[-82.45748400022903,30.256914000029642],[-82.45748500005395,30.256740000308728],[-82.4575520000011,30.250226000231205],[-82.4575520000011,30.24992199989756],[-82.45755000035129,30.24815200017887],[-82.45754899962806,30.248089999965796],[-82.45763900003976,30.243863000353077],[-82.45764300023771,30.243630000294306],[-82.4576929995681,30.241253999857904],[-82.457769999561,30.235526999692453],[-82.45776899973609,30.234250000210466],[-82.45776799991117,30.23423000034612],[-82.45779499967534,30.231823000277444],[-82.45803200040012,30.215858999714783],[-82.45803599969977,30.215593999944822],[-82.45806099981412,30.212165000308477],[-82.45809799962407,30.207228000069957],[-82.45812699993637,30.203403999809375],[-82.45808199973052,30.202369999640787],[-82.4580800000807,30.202293999723995],[-82.45807300040802,30.202041000344245],[-82.45806300036227,30.201661999654807],[-82.45807500005785,30.19453500013573],[-82.45804699957043,30.18266000022273],[-82.45813000030942,30.18267000034957],[-82.45822400002076,30.180224000270247],[-82.4582199998228,30.17759000010416],[-82.45824499993715,30.17718400022768],[-82.45831699990717,30.17601600001836],[-82.45828099992217,30.17098999992601],[-82.45828099992217,30.1709720002036],[-82.45835899973996,30.16510499973221],[-82.45835200006728,30.16459499969457],[-82.45833699999866,30.16306899997616],[-82.45833199997578,30.16256100024702],[-82.45835200006728,30.161731000188652],[-82.45841499981647,30.1592419996622],[-82.45843699955776,30.158413000040447],[-82.45844099975572,30.158262999945176],[-82.4584600000223,30.15782199974167],[-82.45846900024313,30.157677000078756],[-82.45851400044899,30.15662400024445],[-82.45853100016741,30.152097999814465],[-82.45853199999233,30.1520769998683],[-82.45854799988585,30.147570000379293],[-82.45856200012956,30.143890999961247],[-82.45855499955854,30.143800999886327],[-82.45849400035749,30.142984000068903],[-82.4584800001138,30.142783000141897],[-82.45840599959563,30.141799000387795],[-82.45840899996868,30.141696999946696],[-82.45844999997657,30.14019399995981],[-82.45836399976284,30.136449000251606],[-82.44735399970565,30.137811999668365],[-82.4436670002676,30.13808599987046],[-82.43981800044783,30.138106999687228],[-82.43783699965068,30.13811599982933],[-82.43778399994721,30.138116999672445],[-82.43244999962285,30.138155999760357],[-82.41629199991245,30.138486999965757],[-82.41586500011519,30.13849799975167],[-82.415682999642,30.138501999885385],[-82.40760500006085,30.13869200022395],[-82.40646500023607,30.138718999710843],[-82.40580300026217,30.138735000208893],[-82.4054829996967,30.138739000333064],[-82.40253600005036,30.138783000133895],[-82.40187599972629,30.138793999886822],[-82.40155500023424,30.138807000087617],[-82.39964399975726,30.138882000196727],[-82.39780299960053,30.138954999802767],[-82.39694700035619,30.138897000056307],[-82.39391100012305,30.138958999917953],[-82.3919999996461,30.13899900028412],[-82.39175699997186,30.139004000231658],[-82.39166599973527,30.139005999899847],[-82.39102899987572,30.139019000072704],[-82.39078700002638,30.13902400001924],[-82.38830800018516,30.139079000191042],[-82.3875089999439,30.139097000297127],[-82.38125200042805,30.13892699976866],[-82.38087400013627,30.138919000312402],[-82.37839600011998,30.138873000124477],[-82.3777929996973,30.138862000380367],[-82.37483799965503,30.13895999975248],[-82.37245699972311,30.139134000332195],[-82.37217499969081,30.139122000007426],[-82.3719970003139,30.139117000065852],[-82.36544000032406,30.139237999978597],[-82.36303000007982,30.139260000158668],[-82.35938100027658,30.13929399986227],[-82.35939499962197,30.141041000195848],[-82.35756199986116,30.14104900025701],[-82.35515300034014,30.14106100034746],[-82.35495099977545,30.14106200016074],[-82.35434700042619,30.141063999787225],[-82.35414599968642,30.141066000190527],[-82.35381699979847,30.141067000003705],[-82.35283299960928,30.14107100003334],[-82.35250500044452,30.14107299965963],[-82.35209399964248,30.141075000062756],[-82.35086299958108,30.141080999718145],[-82.35045300040058,30.141083999934168],[-82.3333969998164,30.141121000001093],[-82.32965599995165,30.14112999986826],[-82.32378199985213,30.14114400035064],[-82.32356400029224,30.14114000032402],[-82.32291200036408,30.14113099968084],[-82.32269499973079,30.141128000243125],[-82.3218090003492,30.14114699978787],[-82.31915100040786,30.141203999953753],[-82.31826599995289,30.141224000072327],[-82.31724999997665,30.141239000352794],[-82.31420100022306,30.1412839996268],[-82.31318600007172,30.141299999709027],[-82.31301700001733,30.141314999977944],[-82.31251400005209,30.14136300020169],[-82.3123459998226,30.141379000271048],[-82.3123249999062,30.141380999891158],[-82.31211900004187,30.141381999701142],[-82.3114389996263,30.141385999717954],[-82.31133300021942,30.141387000304807],[-82.3112129996705,30.141389999734596],[-82.3073489997821,30.141481000263997],[-82.30290400011069,30.141591000168685],[-82.3027569997976,30.141600999800847],[-82.30232499997746,30.141598000377407],[-82.300589000301,30.141612999824165],[-82.3000109999927,30.141619000223706],[-82.29741099977765,30.14164099987295],[-82.28961400040392,30.14170999976506],[-82.2870150000138,30.14173399978378]]]}},{"type":"Feature","properties":{"label":"Clay County","name":"Clay County","county_name":"Clay County","geoid":"12019","statefp":"12","countyfp":"019","boundary_type":"County boundary","source":"U.S. Census Bureau TIGERweb State/County boundary","source_url":"https://tigerweb.geo.census.gov/arcgis/rest/services/TIGERweb/State_County/MapServer/1"},"geometry":{"type":"Polygon","coordinates":[[[-81.79723199964731,29.836649999753774],[-81.7972180003019,29.836648999987286],[-81.79463800017835,29.836695000146012],[-81.79339799989614,29.836718000217434],[-81.79005200004163,29.836745000125063],[-81.78690200000568,29.83675100027675],[-81.78661199957745,29.83675100027675],[-81.78432500025517,29.836774000335275],[-81.78252199973326,29.83679400031412],[-81.78021000029663,29.836819999657198],[-81.77711499961396,29.836848000081083],[-81.77584000006996,29.836860000371658],[-81.77531299981527,29.836868999809397],[-81.77519800018754,29.836870000353006],[-81.77485599988078,29.836875999717847],[-81.77474200007796,29.836878000025592],[-81.77286999995906,29.83691000026818],[-81.77175299970051,29.836918999701417],[-81.76677999994948,29.83696000013968],[-81.76278800001458,29.83700399985003],[-81.7622699999807,29.837009999986105],[-81.75980000036033,29.837026999850313],[-81.75961000038953,29.837027999613007],[-81.75937000019002,29.8370299999177],[-81.7592990000449,29.837030999680433],[-81.75779900037,29.837059000045176],[-81.7572999997044,29.83706900000653],[-81.7572999997044,29.837049999845288],[-81.75689899984641,29.837049999845288],[-81.75603799968088,29.837062000111597],[-81.75424900030097,29.83708800016417],[-81.75225900018131,29.83712100010126],[-81.75204900011903,29.8371259996894],[-81.75099999963251,29.837140000249065],[-81.75056500033764,29.83714600037696],[-81.7492599997581,29.83716700004264],[-81.74882600028815,29.837174999691513],[-81.74719600001859,29.83719999995369],[-81.74599000007157,29.837219999847182],[-81.7437399996609,29.83724999967999],[-81.74230899958296,29.837271999863365],[-81.74068000003665,29.837298999621318],[-81.7405579998379,29.837300999920526],[-81.74019499961474,29.837306000278843],[-81.74007400013924,29.83730900033791],[-81.73990000006197,29.837320999793853],[-81.7394099996172,29.837320000034083],[-81.73938000037828,29.837320000034083],[-81.73920700012592,29.83732600015118],[-81.73720899961033,29.83737500005518],[-81.73672200043693,29.837378000112174],[-81.73509899984008,29.837390000339084],[-81.73320900017782,29.83741499976822],[-81.73148000017407,29.837430999804784],[-81.72927300031942,29.83747200003284],[-81.72863899993462,29.837485000006634],[-81.72685999970214,29.837510000191244],[-81.72683999961065,29.837510999949103],[-81.72678899955702,29.837510999949103],[-81.72402900040673,29.837572999724713],[-81.72344000022777,29.837587999978822],[-81.72006000003806,29.837655000047494],[-81.71673000007706,29.837751999753245],[-81.71574599988789,29.837763999935234],[-81.7130290003953,29.837798999938286],[-81.71298500001437,29.837801000227543],[-81.71159300029449,29.83781700020228],[-81.70949799969453,29.837843999812932],[-81.7074189998864,29.837897000037536],[-81.70657600016254,29.83791900007836],[-81.70602899981634,29.83793100024027],[-81.7057640004008,29.837938000074328],[-81.70497299965716,29.83796099985954],[-81.70470999989142,29.837969999977343],[-81.70442200001133,29.83797300001641],[-81.70355800037106,29.837985999925017],[-81.70326999959266,29.837989999716743],[-81.70079599977431,29.838038000321635],[-81.70017999983118,29.83804999969006],[-81.6977600004395,29.838080000052777],[-81.69637000036947,29.838149999825262],[-81.69337500014421,29.838224999860937],[-81.69320000024204,29.83823000017301],[-81.6909020001508,29.83827600038288],[-81.67580999974702,29.838519999922486],[-81.67556000040008,29.83852200019728],[-81.67440200013361,29.83853299975988],[-81.67430900024722,29.838534000286753],[-81.67355699986162,29.838557999682198],[-81.67210999989017,29.83860900003412],[-81.66870100028646,29.838665999617476],[-81.66755200024083,29.838680999707453],[-81.66555100025052,29.83870700011786],[-81.66492100006364,29.8387130001517],[-81.6647699995526,29.838714999643404],[-81.66242899980365,29.83875799961452],[-81.66184999967042,29.838769999675694],[-81.66182000043152,29.838780000245016],[-81.66164999965389,29.838787999764655],[-81.66133400018472,29.83880500010545],[-81.660622999807,29.83882600020161],[-81.65754200026635,29.838921999805745],[-81.65651500041947,29.8389549999162],[-81.6561160002113,29.838967999696948],[-81.65492000031001,29.839008000330494],[-81.6548919998226,29.839009000073432],[-81.65452199992676,29.839015000089066],[-81.65370400031723,29.839027000119305],[-81.65124999969206,29.839066999950052],[-81.65059199991613,29.839076999710393],[-81.65043299990748,29.83907999971622],[-81.64807299989194,29.839117000300302],[-81.64248500002269,29.83920699962091],[-81.64099399967029,29.839235999895596],[-81.638635000378,29.839283999901728],[-81.63756999999796,29.83930499989718],[-81.63437499975618,29.839369000375534],[-81.63432799990052,29.839370000114858],[-81.63331100009935,29.83939100009222],[-81.63313399964906,29.83939400008862],[-81.63143700033066,29.83942799978187],[-81.63059799990643,29.839445000013747],[-81.62896099996418,29.839478999689593],[-81.62480699964757,29.83956300026012],[-81.62245900022593,29.83951199961601],[-81.62143700040191,29.839489999926027],[-81.619746000033,29.839496999650823],[-81.61951099985635,29.839496999650823],[-81.61880899969947,29.83949999964403],[-81.61877500026262,29.83950100016128],[-81.61857500024605,29.839501999899205],[-81.61850900012382,29.839501999899205],[-81.61831499995506,29.839501999899205],[-81.61828399999294,29.839502999637208],[-81.61824999965773,29.839502999637208],[-81.61594800026684,29.83951399987096],[-81.61581500019746,29.83951399987096],[-81.61341599982389,29.839525000103553],[-81.6087490003946,29.83955100029427],[-81.60851199966982,29.839552999769197],[-81.60613499993586,29.839567999725972],[-81.60607800003446,29.839569000242538],[-81.60110299973528,29.83969199980207],[-81.59607499973266,29.839817999973086],[-81.58618100010915,29.840055999689216],[-81.58120699963487,29.84017600023463],[-81.58162099991165,29.84095400003989],[-81.58166799976733,29.84104600026713],[-81.58300900033188,29.843677999639418],[-81.58345700004554,29.844556000170414],[-81.5843340001046,29.84627600008437],[-81.58521000033876,29.847995000327316],[-81.5855800002346,29.84872099973265],[-81.58914199999919,29.85574000005308],[-81.5912760000589,29.8598770003028],[-81.5915000003649,29.860308000289848],[-81.59257099969439,29.862368999805405],[-81.59449899988978,29.866192999711252],[-81.59507999967282,29.86734599975258],[-81.5956610003542,29.86849800026475],[-81.59614000002999,29.86944799991507],[-81.59756100006219,29.872285999967907],[-81.59882499973551,29.87503100015055],[-81.5990130000565,29.875422000061768],[-81.59908900022448,29.875774000244515],[-81.59923399998944,29.876285999708998],[-81.59934799979224,29.876593999800278],[-81.5995689997252,29.877319999924097],[-81.59977799996257,29.87797500024523],[-81.59986599982612,29.878310000144022],[-81.59994799984187,29.878574000152625],[-81.6000619996447,29.878915000330228],[-81.60020099956186,29.879398999861735],[-81.60047900029453,29.88022499986495],[-81.60055499956421,29.880472000004346],[-81.60069400037969,29.880873999963594],[-81.60078899991592,29.881303000178683],[-81.60097200021403,29.88183599969228],[-81.60113700007047,29.88234799996894],[-81.601224999934,29.882667000182714],[-81.60133299988905,29.882991999863677],[-81.6014910000728,29.883436999985356],[-81.60161699957116,29.883833000016285],[-81.60169899958693,29.884256999619783],[-81.60181900013585,29.88458100028369],[-81.6019200004182,29.88490599995683],[-81.60197099957351,29.88510400036713],[-81.60197800014451,29.885118999709498],[-81.60202199962713,29.885213999905886],[-81.60206000016028,29.885355000333806],[-81.60227500024544,29.886155000339784],[-81.60252700014053,29.88698499984032],[-81.60272999963179,29.887612000345456],[-81.60288199996776,29.888172999668267],[-81.60300800036447,29.88859200015997],[-81.60314700028162,29.889097999891398],[-81.60334300010021,29.8897359997182],[-81.60347600016961,29.890230999778627],[-81.60358999997241,29.89060499997669],[-81.60375400000395,29.891171000364704],[-81.6039559996703,29.891764999690487],[-81.60411399985405,29.892260999787673],[-81.6042720000378,29.89267300034077],[-81.60441199977988,29.893185000257773],[-81.60459500007799,29.89364099977042],[-81.60469600036032,29.89402100023682],[-81.60479699974435,29.894301000186157],[-81.60487299991233,29.89460400009909],[-81.60500000013394,29.894883999968116],[-81.60510700026407,29.895197999992497],[-81.60525899970172,29.89569899990746],[-81.6053630003571,29.896027999737584],[-81.60539799961887,29.896138999631702],[-81.60551800016779,29.89649099988142],[-81.60562600012284,29.896931000002684],[-81.60571999983416,29.897277000163626],[-81.60585299990356,29.897816000309962],[-81.60598599997294,29.898399999703386],[-81.60609999977576,29.898872999727814],[-81.60622000032468,29.899328999691946],[-81.60633999997526,29.899911999651533],[-81.60647300004466,29.90064399994392],[-81.6065750001519,29.901150000008922],[-81.60667499971103,29.901608000243765],[-81.60683399971968,29.902239000201565],[-81.6069550000935,29.902756000224347],[-81.60701700001779,29.903020000129096],[-81.60710599970623,29.903592000118522],[-81.60722600025515,29.90394999974243],[-81.60737799969282,29.904599000339786],[-81.607448000013,29.9049900003146],[-81.60750499991441,29.90524799982405],[-81.60760600019675,29.905655000365893],[-81.60769499988523,29.90618900033395],[-81.60775799963442,29.906640000299628],[-81.60782100028192,29.906987000069517],[-81.6078909997038,29.907449000068265],[-81.60802999962098,29.908256999668257],[-81.60811300035995,29.90895599985338],[-81.60818199995693,29.90944600036152],[-81.60823300001056,29.91028299998422],[-81.60823600038361,29.910315999853108],[-81.60828999991197,29.910848000147684],[-81.6083540003844,29.911712000314235],[-81.6083540003844,29.91208600008964],[-81.60836100005707,29.912569999729378],[-81.6083550002093,29.91300999969664],[-81.60839299984413,29.914005999895434],[-81.60838699999636,29.914534000107118],[-81.60836799972978,29.91489200011509],[-81.6083750003008,29.915287999738204],[-81.6083560000342,29.915694999742957],[-81.60830599980548,29.916075000185614],[-81.60824300005629,29.916497999902997],[-81.60812300040571,29.917181000163296],[-81.60807200035208,29.91741599986719],[-81.60804100038995,29.917559999872285],[-81.60796500022195,29.917830000196382],[-81.60786499976454,29.91821499969502],[-81.60773800044123,29.918628000092735],[-81.60760600019675,29.91897399964067],[-81.60746700027958,29.91930400018202],[-81.60732800036243,29.91968900020975],[-81.6072089996384,29.919981000063125],[-81.60703200008642,29.920449000302945],[-81.60689300016924,29.920762000240483],[-81.60662799985536,29.921417000019872],[-81.60647100039483,29.921851999809935],[-81.6059969998436,29.923068000029073],[-81.6057580003673,29.923540999700062],[-81.60556199965042,29.92402499971657],[-81.60532200034922,29.924547999862234],[-81.60514599972382,29.924900000156377],[-81.60469800001016,29.925857000137693],[-81.60441400032802,29.926452000163582],[-81.60414200034145,29.927106000235174],[-81.6041029999834,29.927179999927436],[-81.60366899961512,29.927997999993032],[-81.60344199983442,29.928459999826888],[-81.60320900020591,29.92896099982649],[-81.60278599970827,29.929819000074723],[-81.6026030003085,29.930292000362257],[-81.6022240001918,29.931078999754448],[-81.60180800026522,29.93210800023145],[-81.60157399991348,29.932580999759853],[-81.60137200024711,29.93302699984622],[-81.6011329998725,29.93348299990652],[-81.60089299967301,29.934100000116864],[-81.6007019998773,29.93456100008449],[-81.60066599989229,29.93465000013115],[-81.60053899967066,29.934969000256707],[-81.60038200021015,29.935403999982828],[-81.60022400002639,29.93575000038094],[-81.60006599984266,29.936129999778224],[-81.59986400017628,29.93655400022794],[-81.59971900041133,29.936938999702544],[-81.5996120002812,29.93731299967844],[-81.59934100011955,29.938100000368298],[-81.59924599968501,29.938445999953622],[-81.59914500030098,29.93890800032265],[-81.59906300028521,29.93924999981032],[-81.59897500042167,29.939525000364224],[-81.59886099972053,29.940052999888312],[-81.59877299985699,29.940558999754085],[-81.59873500022215,29.94103799969084],[-81.5987100001078,29.94163700032815],[-81.59871099993272,29.94295199998798],[-81.5987810002529,29.943556999950424],[-81.59883800015432,29.944206000022426],[-81.5989140003223,29.94500400016288],[-81.59902800012512,29.94596699964658],[-81.59917399971499,29.947467999627754],[-81.59926300030178,29.948327000048746],[-81.59956000040268,29.950461000038583],[-81.59985800032851,29.95223799972341],[-81.60045300035524,29.95453699992594],[-81.60066199969432,29.95515300016693],[-81.60083900014463,29.95559300022606],[-81.60098999975737,29.956017000209542],[-81.60170500033306,29.95748599980484],[-81.60200800028174,29.958145999629785],[-81.60201499995445,29.95815800010964],[-81.6022230003669,29.958514000195343],[-81.60276700034002,29.959543000163475],[-81.60297599967909,29.95999399964264],[-81.60382299960092,29.961533999999418],[-81.60405699995265,29.96197900016439],[-81.60426600019002,29.96240899974263],[-81.6045880004053,29.962947999797333],[-81.60486700006456,29.963497999825854],[-81.60510100041627,29.963899000033578],[-81.60536599983185,29.964327999823055],[-81.60557500006921,29.964685999679272],[-81.60592300022375,29.965130999739667],[-81.60598599997294,29.965243999696618],[-81.6061309997379,29.965505000311243],[-81.6064410002576,29.965983999930135],[-81.60676400029779,29.966429999647403],[-81.60680799978041,29.966490000144148],[-81.60716799963053,29.96686900035624],[-81.60747099957922,29.96720500009726],[-81.60785700026692,29.967700000223907],[-81.60821100026925,29.968062999631545],[-81.60853400030945,29.9684360000619],[-81.60890000000732,29.96884899976663],[-81.6092349997431,29.969172999889818],[-81.60946900009482,29.969497999725395],[-81.60958399972253,29.969619000079806],[-81.60977299986843,29.969817000129723],[-81.61014600013732,29.970235000236386],[-81.61049299956865,29.970526000385647],[-81.61058899982812,29.97062100002787],[-81.61075899970744,29.97079000028914],[-81.61101800017352,29.971037999889635],[-81.61125800037303,29.97125799963213],[-81.6113400003888,29.971350000214816],[-81.61204800039346,29.971998000213727],[-81.61239800019781,29.97230200015938],[-81.61252200004638,29.972412999820722],[-81.61298900002662,29.972831999857263],[-81.61408000034592,29.97374500009005],[-81.6145930003569,29.974161000124788],[-81.61521599997275,29.974691000021263],[-81.61565100016594,29.97502899963848],[-81.61600099997031,29.975270999956358],[-81.61655900018712,29.975641999926147],[-81.61770200038497,29.97660499987306],[-81.61862299992664,29.977251999920718],[-81.61908900008197,29.977571000328187],[-81.6193309999313,29.977736999937356],[-81.61980499958423,29.978119999660063],[-81.62013400037051,29.978315000180704],[-81.62036399962595,29.97845099997803],[-81.62090199975131,29.9788340000601],[-81.6213510001882,29.97916700011967],[-81.62172600010692,29.97942600017236],[-81.62205800036794,29.97967300011315],[-81.62236899981426,29.97989300018582],[-81.62279700033474,29.98017999974617],[-81.62346099995845,29.98064399969139],[-81.62380300026521,29.98088299992916],[-81.6241609995672,29.9811259998645],[-81.62434999971308,29.981264000225874],[-81.6246819999741,29.98149500001267],[-81.62470000041577,29.98150500026751],[-81.62476700036292,29.98154200011232],[-81.62481199967044,29.981572000081574],[-81.62985700028982,29.98430900025286],[-81.63023300003344,29.98451299962748],[-81.63136100016267,29.985124999905185],[-81.63173799973121,29.98532999976895],[-81.6317710002415,29.985347999843054],[-81.63187300034875,29.98540200004574],[-81.63190699978563,29.98542099993717],[-81.63222800017599,29.98559499983862],[-81.6331939999235,29.986120000295937],[-81.63351699996369,29.986295000350214],[-81.63361099967503,29.986345999796693],[-81.6350099999659,29.987136000020904],[-81.63516099957864,29.987220999660682],[-81.63736199958551,29.988463999718913],[-81.63971499992833,29.98979099976304],[-81.6400930002201,29.99000399993809],[-81.64072599988168,29.990361999852954],[-81.64173699983503,29.99093299977089],[-81.64273000024505,29.99149299972168],[-81.64372299975676,29.99205400016728],[-81.6449930001762,29.99277000025936],[-81.64760599991172,29.994246000039134],[-81.65148900006668,29.996437999741833],[-81.65476100030136,29.998284999611872],[-81.65801699974419,30.00012400032557],[-81.658058999577,30.00014799969968],[-81.65818599979858,30.00022000012115],[-81.65822900035461,30.000244000250017],[-81.65985799990094,30.0010680001166],[-81.66295400040853,30.002768999984948],[-81.66313699980832,30.00286300024615],[-81.66652500039395,30.00461800032432],[-81.67108800006615,30.00724199961307],[-81.6745829998836,30.009581000156828],[-81.6773429999322,30.011580000048973],[-81.67824299955748,30.01223299977669],[-81.67976700042013,30.013656999724002],[-81.68020900028601,30.014070000362292],[-81.68094200040501,30.014691999656556],[-81.6814889998529,30.015277000015256],[-81.68218099996403,30.016018000286742],[-81.6828069999529,30.016694000099292],[-81.6836920004079,30.01795999993601],[-81.6845319997587,30.019186000120673],[-81.68458899966011,30.019268999776916],[-81.68494299966244,30.019770000153464],[-81.68506999988405,30.020000000290516],[-81.68540299996998,30.020600999844902],[-81.68672600009289,30.022981999909202],[-81.68780700036643,30.02552900014078],[-81.68887600004612,30.02856600012187],[-81.68941300034655,30.031233999900444],[-81.6900009998023,30.035553000305715],[-81.69011200013038,30.03690200007061],[-81.69036800022342,30.03997599978897],[-81.6904579997368,30.042833999888057],[-81.69046899960743,30.043210000126226],[-81.69037599972101,30.045430000248537],[-81.69029799990321,30.047319999950666],[-81.68995800014459,30.05243100002792],[-81.68992600035753,30.053211000311286],[-81.68982300042536,30.055807999952485],[-81.68981300037963,30.05604499969937],[-81.68978900009019,30.05718700034323],[-81.6897559995799,30.058823000024823],[-81.68958499987569,30.06088000020701],[-81.6895289997992,30.06131600026938],[-81.6893549997219,30.062686000119292],[-81.68935300007209,30.062696999792262],[-81.68934800004922,30.062732999844197],[-81.6893470002243,30.062745000117747],[-81.68931999956182,30.062960000301935],[-81.6890159997882,30.064242000092253],[-81.6888829997188,30.064863000344587],[-81.68855499965575,30.0657599996184],[-81.6882130002473,30.06660200002848],[-81.68782099971183,30.067541999743064],[-81.68742900007466,30.06815300021191],[-81.68707500007233,30.068687000004935],[-81.68602499976093,30.07031499974815],[-81.68585300023179,30.070612000247984],[-81.68489300033204,30.072278999860096],[-81.68419500037314,30.073686000003708],[-81.68331800031409,30.075453000279325],[-81.68174300029611,30.078913000156483],[-81.68138500009582,30.080045000049985],[-81.68055999991529,30.08265400008933],[-81.68007299984357,30.086621000221733],[-81.68023699987509,30.089876999847686],[-81.68043500024181,30.091398000309372],[-81.68061000014401,30.092737999728786],[-81.68109700021573,30.0954559996205],[-81.68116699963761,30.09584099983118],[-81.6816029996557,30.09932299966294],[-81.68177000006028,30.10281100005406],[-81.68178000010603,30.103030999642463],[-81.6817650000374,30.104117000050348],[-81.68176300038759,30.104235000330448],[-81.68175800036471,30.10458800014287],[-81.6817569996415,30.10470700004202],[-81.68174599977084,30.10545200026801],[-81.6817359997251,30.106177000097407],[-81.68158299956421,30.10768199990623],[-81.68150800011946,30.108424999951733],[-81.68145000039314,30.10898400025232],[-81.68113999987344,30.110986000033005],[-81.68095999994839,30.112157999874157],[-81.68061000014401,30.11433700008363],[-81.68021699978362,30.117039000295605],[-81.68019000001945,30.11722499976403],[-81.6800240003381,30.118669999837937],[-81.67997300028446,30.119117999672717],[-81.68011100037671,30.12070799983835],[-81.6802150001338,30.121240000190184],[-81.68035200040116,30.121484000205005],[-81.68048799994527,30.121727999616905],[-81.682798999557,30.125866000268196],[-81.68641399992333,30.132338999899986],[-81.6904460000412,30.13980500005215],[-81.69181500019486,30.142338999686736],[-81.69211599959542,30.14473999986481],[-81.69189600038571,30.146656000278888],[-81.69176400014123,30.147801999742214],[-81.6916770001026,30.14857199999216],[-81.69102000015158,30.154313000245843],[-81.6907130000049,30.156990000100837],[-81.69036300020055,30.160052999918666],[-81.69021599988744,30.16133999977816],[-81.69023000013114,30.161856000288708],[-81.69038400011694,30.1672920002713],[-81.69043599999547,30.169103999926378],[-81.690451999889,30.169670999959305],[-81.69049999956958,30.171371999903055],[-81.69051600036141,30.17194000036812],[-81.68875600039551,30.17384000018474],[-81.68855999967862,30.174052000201186],[-81.68660300006923,30.176163999813546],[-81.68416000021304,30.178802000101538],[-81.68347599959951,30.17954000038185],[-81.6817159996336,30.181439999649516],[-81.68162699994515,30.181822999673674],[-81.68136199963128,30.182972000130377],[-81.68127399976774,30.1833559997951],[-81.68045399961008,30.186909999942774],[-81.67962599995484,30.190494999615918],[-81.68107999959896,30.190592999697703],[-81.68238500017853,30.190664999759015],[-81.68751899958805,30.190982999658914],[-81.68960800034023,30.19112200030107],[-81.69123100003877,30.191211999886086],[-81.69139300042048,30.191210999804838],[-81.69258699977362,30.191240999907357],[-81.6938949998279,30.19125500026263],[-81.69432199962516,30.191259999889876],[-81.69559000039479,30.191330000080043],[-81.69572400028909,30.1913349997035],[-81.69592599995546,30.191344999726084],[-81.6966900000366,30.191380000185355],[-81.696935000259,30.191392000362164],[-81.69727199964456,30.191410000236385],[-81.69741300010988,30.191417000014056],[-81.6978370004324,30.19143800012047],[-81.69797899982431,30.19144599997496],[-81.69816799997021,30.191454999907517],[-81.69824999998596,30.191460000301085],[-81.69849199983531,30.191470999613138],[-81.6987379998826,30.191482999778803],[-81.6987599996239,30.19148399985729],[-81.69878599956316,30.191484999935714],[-81.69883900016492,30.19148800017096],[-81.6989279998534,30.191491999708038],[-81.69901700044016,30.191496000021377],[-81.69928699987861,30.191508000184065],[-81.69937700029028,30.191512999798462],[-81.69964799955362,30.19153399988442],[-81.70031200007566,30.191558000198995],[-81.70188100024583,30.191439000199352],[-81.70203600005654,30.191423999791162],[-81.70215300023241,30.191434999883697],[-81.70250700023473,30.19146900023242],[-81.70262500023551,30.19148099962193],[-81.70264399960378,30.19145199967125],[-81.70270300005332,30.191368000007067],[-81.7027239999697,30.19134000010315],[-81.70273200036564,30.19132599975991],[-81.7029270003593,30.191054000128773],[-81.70353800027958,30.190199000155506],[-81.703743000319,30.18991500016218],[-81.7037519996415,30.189901999710912],[-81.70375800038761,30.189893999731005],[-81.70377400028113,30.189869999787323],[-81.70378199977873,30.18985900029651],[-81.70376300041048,30.189833000153932],[-81.7037309997251,30.189791000028542],[-81.70370599961075,30.18975799997294],[-81.70368800006742,30.189733999996168],[-81.70360600005164,30.18962699973728],[-81.70336000000434,30.18930599981602],[-81.7032789998135,30.18919899986856],[-81.70325299987422,30.189165000289112],[-81.70323399960765,30.189126000186047],[-81.7032160000643,30.189085999964764],[-81.7032789998135,30.18905999961812],[-81.7034420000201,30.189034000041108],[-81.70350099957135,30.18902499988725],[-81.70351200034033,30.18902499988725],[-81.70463299989854,30.189683999831583],[-81.70467899992929,30.189711000109977],[-81.70486499970211,30.189697999631775],[-81.70635699987942,30.189595999821925],[-81.70653599997956,30.18974999998133],[-81.70680200011834,30.18997799987598],[-81.70725300020506,30.1903649996739],[-81.70746699956698,30.190548999720555],[-81.707510000123,30.190585999861486],[-81.70759200013876,30.19065699984108],[-81.70776500039113,30.190759000104936],[-81.70804099967732,30.1909219999799],[-81.70823099964814,30.191021999803084],[-81.70840800009844,30.19109200016237],[-81.70864099972694,30.191167000103864],[-81.7087999997356,30.19120800033762],[-81.70908500014097,30.19121400004843],[-81.70953700005259,30.19120999972363],[-81.71089500033558,30.191198000301117],[-81.7110159998111,30.19119700021978],[-81.7113480000721,30.19119299989424],[-81.71584799999512,30.19113200034531],[-81.71762100037981,30.191107999926896],[-81.72173700016327,30.191054000128773],[-81.72520299966838,30.191008000191108],[-81.7253230002173,30.191007000107838],[-81.72539799966206,30.191029999691366],[-81.72917899970977,30.19216899996184],[-81.73171799982543,30.192934999718656],[-81.73177300007703,30.192953000087236],[-81.73349000038523,30.19346600028094],[-81.73366399956419,30.193336999661913],[-81.73399099980233,30.193097999874116],[-81.73418900016905,30.192952000023723],[-81.73436499989614,30.1928240003491],[-81.73421299956017,30.192563000163315],[-81.73504600013662,30.191989000129517],[-81.73665399976656,30.1908829997962],[-81.73829300025693,30.189754999684975],[-81.73830800032556,30.189745000277423],[-81.73892400026871,30.18932099977033],[-81.73922999969214,30.18932500017186],[-81.73947200043979,30.189328999796786],[-81.74001899988765,30.18933900002308],[-81.74020399983559,30.18933900002308],[-81.74229100003961,30.18933900002308],[-81.74240099964447,30.18933900002308],[-81.74249799972885,30.18934000012328],[-81.74270399959318,30.18934000012328],[-81.7429859996255,30.18933900002308],[-81.74306000014364,30.18933900002308],[-81.7431339997635,30.18933900002308],[-81.7432459999165,30.18933900002308],[-81.74736800044604,30.18933900002308],[-81.74790999987104,30.18933900002308],[-81.75663899955542,30.18933900002308],[-81.76007300017181,30.18933900002308],[-81.76430799978095,30.18933900002308],[-81.76452000039137,30.18933900002308],[-81.76587100010336,30.189322999971083],[-81.77056099999719,30.189270000071605],[-81.77212500014448,30.189252999907396],[-81.772253000191,30.189250999705155],[-81.7726399998053,30.18924700007705],[-81.77276899967673,30.189245999975903],[-81.77289900027138,30.189243999773538],[-81.77328900025874,30.18924000014515],[-81.77341999977999,30.18923900004394],[-81.77619099969922,30.1892180002451],[-81.78450699983007,30.18915899967693],[-81.78537700021641,30.189151999738822],[-81.786234000184,30.189147000004557],[-81.78728000029746,30.189140000065546],[-81.78813700026502,30.189132000023747],[-81.79070999981757,30.189110000099497],[-81.79086899982622,30.189108999996964],[-81.79156799961004,30.189103000157864],[-81.7917269996187,30.18909999984995],[-81.79220500036791,30.189092999907604],[-81.79236500020147,30.189090999702184],[-81.79273199972427,30.18901599973261],[-81.79822699970714,30.18899800019727],[-81.79902199975041,30.189013000198486],[-81.80141100007828,30.189057000085395],[-81.80220799977138,30.18907200007763],[-81.80229900000798,30.18908499986199],[-81.8025740003676,30.189125000083667],[-81.8026660004291,30.18913899996327],[-81.80282299988963,30.18914100016776],[-81.80298100007337,30.189136999758777],[-81.80309099967822,30.18913500033067],[-81.8031099999448,30.18913500033067],[-81.80405999979878,30.189118000143104],[-81.80436699994544,30.1891120003046],[-81.80479299991781,30.18910599968919],[-81.80526300027108,30.18909700031846],[-81.80551900036413,30.189092999907604],[-81.80752700002714,30.18905800018846],[-81.80825299957515,30.1890459997273],[-81.80863300041506,30.189039999884354],[-81.80902199967916,30.189032999937748],[-81.8092900003661,30.18902800019743],[-81.8103900000079,30.189009999887848],[-81.82171200023463,30.188820000215458],[-81.82497100005052,30.188764999833193],[-81.825864999828,30.18874999979419],[-81.8259910002247,30.188748000358235],[-81.8265329996497,30.188739000178295],[-81.8271300002246,30.18873200021029],[-81.82892100015262,30.188713999846605],[-81.82951899965411,30.188707999983432],[-81.83101699967918,30.188691999828986],[-81.83114700027383,30.18868999961536],[-81.83193599957104,30.1886820003135],[-81.83337900024284,30.188668000368885],[-81.83603200016134,30.18863999969726],[-81.8372270002377,30.18862699985416],[-81.83758500043798,30.188624000308256],[-81.83766099970765,30.188624000308256],[-81.8404519997184,30.188594000185024],[-81.84271499964953,30.188569999924542],[-81.84571800027071,30.188539999784926],[-81.84594500005143,30.188538000344707],[-81.8461469997178,30.18853600012795],[-81.84736199988565,30.18852300027114],[-81.84764599956777,30.188519999945566],[-81.84882800012367,30.188507000086577],[-81.85161999995933,30.188479000145676],[-81.85164699972351,30.18847800003673],[-81.8517299995642,30.18847800003673],[-81.85175800005159,30.18847800003673],[-81.85199200040333,30.188474999709786],[-81.85241199962957,30.188471000050164],[-81.85269399966188,30.188432999781753],[-81.8529270001887,30.188403000376844],[-81.85297900006724,30.188395000275175],[-81.853137000251,30.188374999629875],[-81.85318999995444,30.188367999635993],[-81.85616099989024,30.188297000335677],[-81.85972000018008,30.188213999645104],[-81.86507600024576,30.188087000136964],[-81.86804800000647,30.18801800008485],[-81.86871599982817,30.18800199981832],[-81.87072100001645,30.18795499989379],[-81.87138999966305,30.187939999731434],[-81.8714420004399,30.187938000279043],[-81.87160200027346,30.187934999935646],[-81.87165499997691,30.18793399982118],[-81.8754550002912,30.187855000062424],[-81.88685899963536,30.18761799962949],[-81.89065999977456,30.187539999735808],[-81.89067200036844,30.187538999617335],[-81.89070800035346,30.18754099985428],[-81.8907250000719,30.187538999617335],[-81.89073599994254,30.1875380002753],[-81.89077100010265,30.1875380002753],[-81.89079000036922,30.187537000156787],[-81.89081899978322,30.187537000156787],[-81.89291199983504,30.187493999709837],[-81.8991940003636,30.18736599992953],[-81.90128800024031,30.187324000305086],[-81.90335399962966,30.187281999886235],[-81.90341999975189,30.18727999964402],[-81.90783799965915,30.18719199981584],[-81.909818999558,30.187150000117203],[-81.9107340001502,30.187132000240894],[-81.91195199979278,30.187146999749814],[-81.91215400035746,30.18714899999476],[-81.91276000025486,30.187156000075284],[-81.91296199992124,30.187158999665908],[-81.91299500043152,30.187163000155245],[-81.91309300034081,30.187141999913756],[-81.91312599995277,30.187139000322624],[-81.91388599983597,30.18711900019877],[-81.91616600038385,30.18705799967944],[-81.91692600026705,30.18703899966276],[-81.91695399985613,30.18703100022673],[-81.91704099989478,30.187009999957116],[-81.91707000020709,30.187002999866223],[-81.91773499965574,30.186988999682995],[-81.91973300017132,30.186948000022287],[-81.92022600009082,30.18693899967781],[-81.9204000001681,30.186940999926996],[-81.92109399992904,30.18694699989781],[-81.921498999985,30.18695199974375],[-81.92317600011023,30.186968000180872],[-81.92387099969608,30.18697599962194],[-81.92564499990569,30.18693999980244],[-81.92964000021364,30.186862000148277],[-81.93096900018432,30.186834999865358],[-81.93274400021882,30.1868000001203],[-81.93281600018884,30.186797999868315],[-81.9333829997282,30.186787000034347],[-81.93530199970274,30.186747999766162],[-81.93594199993535,30.186735999800042],[-81.93627800039432,30.186736999926673],[-81.9364599999692,30.186736999926673],[-81.93801700044382,30.18674099965671],[-81.9385360003026,30.18674299990985],[-81.93879200039564,30.186733000196494],[-81.93956099960134,30.186703000273777],[-81.93981800041762,30.18669399990696],[-81.93987399959579,30.186691999652762],[-81.94004500019834,30.186685999666416],[-81.94010200009973,30.18668500031578],[-81.94017200041993,30.186684000188567],[-81.94038499995695,30.186679999679765],[-81.94045600010207,30.186679999679765],[-81.94096400009018,30.18666500009974],[-81.94212499983136,30.186630999645487],[-81.94406200024758,30.186575000242026],[-81.9471329997425,30.186485000302127],[-81.94880300019503,30.18643700030056],[-81.94962099980454,30.186419000293903],[-81.9520750004297,30.186365000254327],[-81.95262199987756,30.186354000372024],[-81.95285200003133,30.18635200011092],[-81.95289399986412,30.18635200011092],[-81.95341899957069,30.186346000103924],[-81.95499399958864,30.186330999696526],[-81.95552000001844,30.186326999949845],[-81.95637399961296,30.186343999842652],[-81.95893799984299,30.186396999763716],[-81.95979300016073,30.18641499977435],[-81.96020200041464,30.186426999779624],[-81.9606149999682,30.18643999991308],[-81.96308100028894,30.18651799990143],[-81.96372800019422,30.186539000275953],[-81.96390399992131,30.186539000275953],[-81.96515000005132,30.186539000275953],[-81.96697100011659,30.186539000275953],[-81.96888800044131,30.186539000275953],[-81.970133999673,30.186539000275953],[-81.97022800028266,30.186539000275953],[-81.97130700000807,30.186549000009016],[-81.9744829999833,30.18658000010691],[-81.97482899958969,30.186583999843258],[-81.97600299974968,30.18659599982795],[-81.978039999725,30.186614999930132],[-81.9784129999939,30.186618000313747],[-81.97876399962318,30.18662200004854],[-81.98047199971056,30.186638999890434],[-81.98564500037644,30.186690000175027],[-81.98627999968785,30.18669700028817],[-81.98805600044558,30.18671299999019],[-81.98864399990133,30.186717999848025],[-81.99040800006517,30.18673499967335],[-81.99044900007307,30.186735999800042],[-81.99095299986321,30.18671699972119],[-81.99099600041924,30.18671500024398],[-81.99140599959976,30.186698999765753],[-81.99263900020928,30.186653000123457],[-81.99305000011302,30.1866379997628],[-81.99362800042132,30.186616000057995],[-81.99411100029508,30.186598000084107],[-81.99536300027287,30.186598000084107],[-81.9959420004061,30.186598000084107],[-81.9971120003681,30.18658100023513],[-81.99802899971183,30.186568000120285],[-82.0006249997289,30.1865299998941],[-82.00179700023905,30.186514000162333],[-82.00185800033843,30.18651300003339],[-82.00188299955447,30.18651300003339],[-82.0019699995931,30.186511999904486],[-82.0020049997532,30.186510999775567],[-82.00204099973821,30.186509999646585],[-82.00210299966248,30.18650900029417],[-82.0022230002114,30.186505999907236],[-82.00223400008205,30.186505999907236],[-82.00246400023583,30.186499999909564],[-82.00258399988643,30.186496000169807],[-82.00270500026025,30.18649299978243],[-82.00272000032886,30.18649199965332],[-82.00276600035961,30.18649199965332],[-82.00278200025315,30.18649199965332],[-82.00312299983668,30.1865380001473],[-82.00320999987532,30.18655000013754],[-82.00339300017342,30.186571999857104],[-82.00352700006772,30.18657899997863],[-82.00368600007639,30.18657699972209],[-82.00599800041134,30.18654699975187],[-82.01036000024209,30.186598000084107],[-82.01045700032645,30.186600999691716],[-82.01075100005433,30.186612000322896],[-82.01084899996364,30.186616000057995],[-82.01095199989578,30.18661999979293],[-82.01142999974668,30.1866379997628],[-82.01149300039418,30.186638999890434],[-82.01342499988922,30.18669700028817],[-82.01393200005242,30.18671199986332],[-82.01407000014467,30.18671000038599],[-82.01441099972823,30.186718999974893],[-82.01442999999479,30.1867200001017],[-82.01543500010037,30.186726000085912],[-82.01577999988187,30.186728999689677],[-82.01579499995047,30.186728999689677],[-82.01583400030854,30.186728999689677],[-82.01594999976116,30.186728999689677],[-82.01598999994414,30.186729999816382],[-82.01602400027933,30.186724999959168],[-82.0161270002115,30.18671299999019],[-82.01614999977772,30.186710999736437],[-82.0161620003716,30.186710999736437],[-82.01668600025324,30.186717999848025],[-82.01825799989817,30.186739000179966],[-82.0185340000827,30.18674299990985],[-82.01878299960471,30.186752000272243],[-82.01907899988072,30.186769000091704],[-82.01997000018348,30.186821999784023],[-82.02022999957616,30.186838000242314],[-82.02025399986562,30.186865999873227],[-82.02031099976702,30.186932999706578],[-82.02038299973704,30.186932999706578],[-82.02045100040742,30.186932999706578],[-82.02246400009331,30.186926000386716],[-82.02870600043889,30.186906000219608],[-82.03078799972174,30.186900000246364],[-82.03109900006636,30.18689799999635],[-82.03346699957949,30.186906000219608],[-82.04150599970089,30.186933999831194],[-82.04350500004138,30.186940999926996],[-82.04418600028184,30.18693999980244],[-82.04523099967209,30.186938000329743],[-82.04836499981451,30.186933999831194],[-82.04941099992796,30.186932999706578],[-82.04942400034675,30.165981000117075],[-82.04943199984436,30.156945000223516],[-82.04943500021741,30.153722999916997],[-82.04944199989009,30.14868100002311],[-82.04943000019455,30.145059000133607],[-82.04942900036963,30.144673999867923],[-82.04942599999659,30.143519999944107],[-82.04942500017167,30.143135999679977],[-82.04941400030101,30.138933000331527],[-82.04938400016378,30.126323999717226],[-82.04938199961565,30.125238000230063],[-82.04938499998869,30.12381199968345],[-82.04938499998869,30.122121000077183],[-82.04938499998869,30.121687000012646],[-82.04938800036173,30.112485999901587],[-82.04938800036173,30.111269000341668],[-82.04938800036173,30.11110399988135],[-82.04938800036173,30.111019000031124],[-82.04938800036173,30.11089299990839],[-82.04938800036173,30.110799999696248],[-82.04938800036173,30.110611000198578],[-82.04938900018666,30.110447000316768],[-82.04938900018666,30.110416999721426],[-82.04938900018666,30.110293999982623],[-82.04938900018666,30.109159000177403],[-82.04939000001157,30.105297999795138],[-82.04939000001157,30.104470000284202],[-82.04939199966138,30.10060200009872],[-82.04939199966138,30.10030899962221],[-82.04939199966138,30.09957300003167],[-82.04939199966138,30.099429999975875],[-82.04939300038463,30.099138000148823],[-82.04939300038463,30.09859999977891],[-82.04939400020953,30.09826699983371],[-82.04937400011805,30.09698899975422],[-82.04936700044534,30.096452000388233],[-82.04935999987433,30.095971000017947],[-82.04933899995793,30.09452799963205],[-82.04933300011015,30.094048000293654],[-82.04932700026238,30.09366600019762],[-82.04931100036885,30.092522999740034],[-82.04930600034598,30.09214200027823],[-82.04930399979784,30.092026999703442],[-82.04929899977496,30.09168299982134],[-82.04929799995006,30.09156899980425],[-82.04929600030025,30.09141300038603],[-82.04929100027736,30.08965999996578],[-82.04929100027736,30.08954599994805],[-82.04929100027736,30.089431000240143],[-82.0492870000794,30.088198999912535],[-82.04926000031523,30.078088999896835],[-82.0492519999193,30.074719000102142],[-82.04924199987357,30.07095499981813],[-82.04921299956123,30.05966600021273],[-82.04920400023873,30.05608199973332],[-82.04920099986568,30.055904000262803],[-82.04919699966773,30.05563999976861],[-82.0491809997742,30.05459200014707],[-82.0491670004288,30.053600999704198],[-82.04912200022297,30.05065599969263],[-82.04910299995639,30.049344999991305],[-82.04909200008574,30.044995000229388],[-82.04907299981916,30.0431899996118],[-82.04896400003922,30.032727999847282],[-82.04895800019143,30.032156000020166],[-82.04895200034365,30.03158400000269],[-82.04891299998559,30.027859999616908],[-82.04888000037361,30.024727999898662],[-82.04881599990122,30.018573999863783],[-82.0488140002514,30.01811499972037],[-82.04881099987834,30.016740000351692],[-82.04881000005342,30.016281999795357],[-82.04880900022852,30.016129000077363],[-82.0488080004036,30.015670000285034],[-82.0488080004036,30.015517999927958],[-82.04865199986968,30.01282999995678],[-82.04818499988944,30.004766999807384],[-82.04816499979796,30.004418000368798],[-82.04803000007874,30.002079999903856],[-82.0479699998043,30.00048000017079],[-82.04796499978143,30.000407000258512],[-82.04788000029093,29.998959999985587],[-82.04787899956769,29.99894299973979],[-82.04773700017579,29.99538899987567],[-82.04771999955904,29.99494999995626],[-82.04773700017579,29.99371600024847],[-82.04773800000069,29.9935859996181],[-82.0477449996734,29.993198000099706],[-82.04774700022152,29.99306900010033],[-82.04774999969628,29.99282999962829],[-82.04774999969628,29.99228000016516],[-82.04768000027438,29.991189999934914],[-82.04771999955904,29.990179999931506],[-82.04771999955904,29.989548999813202],[-82.04771999955904,29.987910000187995],[-82.0477799998335,29.984480000249032],[-82.0477799998335,29.98340000003953],[-82.04777700035876,29.983296999798696],[-82.04774999969628,29.982469999892448],[-82.04772999960477,29.981579999812453],[-82.04769000032012,29.980889999839558],[-82.04772999960477,29.979040000354836],[-82.04773200015292,29.978983000119605],[-82.04776999978775,29.97800000022686],[-82.04783000006222,29.977650000143953],[-82.0479499997128,29.977279999804754],[-82.04825000018677,29.976219999909755],[-82.04832700017967,29.97553099998189],[-82.04838999992886,29.974960000208288],[-82.04843000011184,29.97436999981967],[-82.04845000020332,29.973760000086003],[-82.04845000020332,29.973643999850616],[-82.04845000020332,29.972979999626126],[-82.04844000015757,29.97211999982244],[-82.04844000015757,29.97063999963415],[-82.04846000024905,29.970109999915888],[-82.04844199980741,29.96796999989034],[-82.04844000015757,29.967659999865045],[-82.04838999992886,29.966080000048805],[-82.04838999992886,29.964219999821875],[-82.04838900010394,29.96417500017586],[-82.04837999988311,29.963600000311597],[-82.0483499997459,29.96177999999408],[-82.04832700017967,29.95846000016382],[-82.04831999960867,29.95729999989763],[-82.04830999956292,29.957140000301564],[-82.04824000014104,29.95656000038536],[-82.04825699985948,29.95295300023839],[-82.0483079999131,29.94213599961637],[-82.04832600035475,29.938529999684942],[-82.04829299984449,29.935967999716873],[-82.0482169996765,29.929829000079394],[-82.04819699958502,29.92828200025948],[-82.04816599962287,29.925721000010505],[-82.04815800012527,29.925099000163385],[-82.04815399992731,29.924774999674664],[-82.04814999972935,29.924450999688496],[-82.04814800007952,29.924223000248265],[-82.04803199972858,29.914183000304845],[-82.04803099990366,29.914127000028998],[-82.04803099990366,29.914072000269627],[-82.048020000033,29.913145000279027],[-82.0480180003832,29.912981999622158],[-82.04801599983504,29.912819000255805],[-82.04800699961422,29.912012000078967],[-82.04800400013949,29.91177200033947],[-82.04800099976643,29.911532999816547],[-82.04799699956848,29.911179999962858],[-82.04799499991864,29.91095099992025],[-82.04799200044391,29.91072399973582],[-82.04798700042105,29.91023999969027],[-82.04779300025228,29.8946010002047],[-82.04769299979486,29.886590999957424],[-82.04768299974913,29.885791000334653],[-82.04767600007642,29.88527200019445],[-82.04762699967262,29.881315999896756],[-82.04760999995418,29.879997999783892],[-82.04760999995418,29.879946000214154],[-82.04759599971048,29.87904599988973],[-82.04755700025073,29.876192999873815],[-82.04754499965685,29.875241999647557],[-82.04751799989266,29.873171000177877],[-82.04746400036431,29.86882899994061],[-82.04744000007486,29.866958000072103],[-82.0474149999605,29.86488700000553],[-82.04740999993764,29.864520999743903],[-82.04739800024207,29.86342300025261],[-82.04739400004411,29.86305800035558],[-82.04735800005912,29.860079000226627],[-82.04725299957882,29.85114299964284],[-82.04724699973102,29.850557999677637],[-82.04722599981461,29.84873199973031],[-82.04721900014194,29.84816499962035],[-82.0472169995938,29.848067999898763],[-82.04721400011906,29.847779999913108],[-82.04721400011906,29.84776499963143],[-82.04721300029416,29.84768400025277],[-82.04719800022553,29.84643100026359],[-82.04715300001969,29.842675000140712],[-82.04713799995108,29.841423000135535],[-82.04713600030125,29.84128799983361],[-82.04713100027838,29.84088699984639],[-82.04713100027838,29.840866999907885],[-82.04712999955515,29.840753000103902],[-82.04708799972236,29.840051000247726],[-82.04701999995031,29.83891400029679],[-82.04700400005677,29.83864699975999],[-82.04697999976733,29.838255999921554],[-82.04696100039908,29.83794700019419],[-82.04692000039118,29.837245999858695],[-82.04691799984305,29.837212999962823],[-82.04691799984305,29.837169000344534],[-82.04691500036832,29.836618000207142],[-82.04690600014749,29.83473700029973],[-82.04690299977443,29.83411000025285],[-82.0469000002997,29.833499999852332],[-82.04689299972868,29.831941000198498],[-82.04689000025397,29.831672000094738],[-82.04688799970582,29.831279999631906],[-82.04688699988091,29.831063000217263],[-82.04688400040617,29.830742999642418],[-82.04688400040617,29.83064299988578],[-82.04688100003314,29.830223000126743],[-82.04687799966008,29.829843999623012],[-82.04687699983518,29.829784000176318],[-82.04687600001026,29.829465000019617],[-82.04687299963722,29.829050999819778],[-82.04686400031468,29.82781200018338],[-82.04686199976655,29.827461999682825],[-82.04684699969793,29.82740099972616],[-82.04680599969006,29.827237999966027],[-82.04668600003946,29.826749999735327],[-82.0466829996664,29.826737999789042],[-82.0466829996664,29.826583000223735],[-82.0466829996664,29.82361899983882],[-82.04678200029893,29.82338399963145],[-82.0467039995828,29.822725999852235],[-82.04659999982573,29.82184400030138],[-82.04655299997007,29.82074300013342],[-82.04650399956626,29.819594000218643],[-82.04654200009941,29.818889999890068],[-82.04678099957569,29.817939000105234],[-82.04681999993376,29.817489999613308],[-82.04679200034467,29.816800000347808],[-82.04670199993298,29.815714000383867],[-82.0466380003589,29.814939999617387],[-82.04655600034312,29.813948999933736],[-82.04651000031237,29.813389000376443],[-82.04651000031237,29.81294499973429],[-82.04654499957415,29.812428999628704],[-82.0466049998486,29.81156499996099],[-82.04661499989435,29.81087999967951],[-82.04662400011517,29.810362999800795],[-82.04663400016094,29.809704000021554],[-82.04664300038175,29.809148000241358],[-82.04666199975001,29.807934000004682],[-82.04666400029815,29.807727999627012],[-82.04666799959779,29.80750200000342],[-82.0466750001688,29.807069999695145],[-82.04668100001658,29.806644000259524],[-82.04668500021454,29.80639499971624],[-82.04668500021454,29.80536599964037],[-82.04668600003946,29.80494100004618],[-82.04669000023742,29.80486299972279],[-82.04670600013094,29.80462899994659],[-82.04671199997871,29.80455200024703],[-82.04672700004733,29.804524000128968],[-82.04677499972792,29.804440999816464],[-82.04679099962144,29.804413999756346],[-82.04673399972003,29.804265999730266],[-82.04671199997871,29.80420799992363],[-82.04680999988803,29.803809000221634],[-82.04684900024608,29.803656000376698],[-82.04679300016959,29.803352000184066],[-82.0466249999401,29.802442999845535],[-82.0465699996885,29.802139999975793],[-82.04655799999294,29.80211099985006],[-82.04653200005367,29.802024000202085],[-82.04651199996219,29.801998999715742],[-82.04653500042673,29.801924999892325],[-82.04660599967352,29.801703000093514],[-82.04662999996296,29.80163000016792],[-82.04670500030605,29.801418000124663],[-82.04673100024529,29.80134600011073],[-82.04673899974291,29.800750999646905],[-82.04674299994088,29.800527000105237],[-82.04675499963642,29.800144000301223],[-82.04675800000946,29.800052999971424],[-82.04680300021532,29.798631000127017],[-82.04681800028395,29.798157000364714],[-82.04678599959857,29.797922999713325],[-82.04669100006231,29.79722099993239],[-82.04666000010019,29.796988000373346],[-82.04663300033602,29.796754000106173],[-82.04662400011517,29.7966729999162],[-82.0466170004425,29.796605999661352],[-82.04655299997007,29.796051999918976],[-82.04652799985571,29.795818999976422],[-82.04656399984073,29.795687000189776],[-82.04657899990933,29.79563599976493],[-82.04663300033602,29.79543899983625],[-82.04665799955205,29.795347999904397],[-82.04665500007732,29.795288000024044],[-82.04664900022952,29.795152000369843],[-82.04664800040463,29.795139000347373],[-82.04664599985648,29.79510000026979],[-82.04664599985648,29.795087999643215],[-82.04663900018379,29.79494799976244],[-82.04662099974213,29.794530000100025],[-82.04661499989435,29.794390999627762],[-82.0466049998486,29.79416699987931],[-82.0465760004346,29.793497000360396],[-82.04656700021378,29.793274000370253],[-82.04654600029738,29.792793999726303],[-82.0465410002745,29.79268200007632],[-82.04653700007654,29.792584000084876],[-82.04648299964988,29.791356000011383],[-82.04646199973348,29.7908769997474],[-82.04644699966487,29.790765999736628],[-82.04640200035732,29.790435999651752],[-82.04638800011362,29.79032600016126],[-82.04638300009076,29.79029500004917],[-82.0463720002201,29.79020299988618],[-82.0463720002201,29.790171000284232],[-82.04637100039518,29.79014300003942],[-82.04636999967195,29.79008099969222],[-82.04636999967195,29.790059000037576],[-82.04636999967195,29.790031999994188],[-82.0463660003723,29.78973700028702],[-82.04635999962622,29.789140999932883],[-82.04635999962622,29.78885199984645],[-82.04636200017435,29.78855699977974],[-82.04636299999927,29.788075999648363],[-82.04636800002214,29.78663600021891],[-82.04637100039518,29.786155999703645],[-82.0463720002201,29.785861999761984],[-82.04637700024297,29.78498300028353],[-82.04637999971771,29.784690000301428],[-82.04642400009864,29.784668999748245],[-82.04641099967985,29.78429099995261],[-82.04637499969483,29.783158000099906],[-82.04636299999927,29.78278100036179],[-82.04637700024297,29.78261599976706],[-82.04641999990068,29.782121000249706],[-82.04643499996928,29.781956999660377],[-82.04642999994643,29.781879999666533],[-82.04641900007577,29.7817249999652],[-82.04638999976345,29.781280000369456],[-82.04636399982418,29.78103000031581],[-82.04634000043305,29.780799999902243],[-82.04635999962622,29.780799999902243],[-82.04636999967195,29.780748000142246],[-82.04640599965697,29.78058600029721],[-82.04641700042595,29.780531999770805],[-82.0464070003802,29.780106999953446],[-82.04637800006789,29.778829999903856],[-82.04637499969483,29.778651999990196],[-82.04626400026507,29.778431999940118],[-82.04629600005212,29.778306000374133],[-82.04633000038731,29.778179999869963],[-82.04633000038731,29.77805999976219],[-82.04631899961834,29.777918999880583],[-82.04631000029582,29.77779000016341],[-82.04631699996852,29.777428999986938],[-82.04633899970982,29.77634800018492],[-82.04634700010574,29.775987999861332],[-82.04634700010574,29.775853999683253],[-82.04634200008287,29.775797999753564],[-82.04629799970195,29.775232999950102],[-82.0462950002272,29.775189000347762],[-82.04629900042515,29.77504400035181],[-82.04632500036443,29.774069000062468],[-82.04640599965697,29.771145000364967],[-82.04643300031945,29.770170999977882],[-82.04643800034233,29.76995000035701],[-82.04644500001504,29.7697259997215],[-82.04645000003791,29.7692870001283],[-82.04645300041096,29.769066000116602],[-82.04645400023587,29.769001000203847],[-82.04643800034233,29.76885700027087],[-82.04637499969483,29.7682669999651],[-82.04637499969483,29.768233999919385],[-82.04637600041806,29.768024999897264],[-82.04637999971771,29.766839000378855],[-82.04638200026585,29.766271999782422],[-82.04638899993853,29.764517999696913],[-82.04639300013649,29.763282999679067],[-82.04639700033447,29.76239800014405],[-82.04639800015936,29.762097999902274],[-82.04636999967195,29.761896000034028],[-82.04628699983128,29.7612910000655],[-82.04626000006711,29.761089999872095],[-82.04625000002137,29.760638999790363],[-82.04625000002137,29.760610000118547],[-82.04622999992988,29.760309999982262],[-82.04625699969405,29.759292999723122],[-82.0462530003944,29.758855000188298],[-82.04623499995276,29.756844999875664],[-82.04622200043227,29.75547099973927],[-82.04621999988414,29.755259000209037],[-82.04621999988414,29.754790000015408],[-82.04621499986126,29.754757000210144],[-82.0462099998384,29.75470999999606],[-82.0462099998384,29.7537200003215],[-82.0462109996633,29.75335599973139],[-82.0462170004094,29.75226499999853],[-82.04621900005921,29.751902000197507],[-82.04616100033292,29.75024400019678],[-82.04615100028717,29.749612999913708],[-82.0461119999291,29.74712900033994],[-82.04655799999294,29.742767999709017],[-82.04679200034467,29.74049100007089],[-82.04689199990379,29.73951399982505],[-82.04719200037776,29.736585999662015],[-82.04729299976177,29.735610000373285],[-82.0473010001577,29.735524999884962],[-82.04732399972391,29.735270000327922],[-82.04733299994474,29.735186000331915],[-82.04733200011984,29.735111000275996],[-82.04732899974678,29.73488499976848],[-82.04732799992188,29.73481100027168],[-82.04733899979253,29.73469199971202],[-82.0473730001277,29.734338000332635],[-82.0473849998233,29.734220000001898],[-82.04741300031068,29.733984999716295],[-82.04749600015137,29.733281000256078],[-82.04752499956537,29.733047000132597],[-82.04753399978621,29.732969999992655],[-82.0475620002736,29.732740000022826],[-82.04757200031935,29.732663999672702],[-82.04811000044468,29.73069500031884],[-82.04798499987291,29.730202000255087],[-82.0479830002231,29.729939000007057],[-82.04829000036973,29.726490000087768],[-82.04829799986734,29.72632499962998],[-82.04830999956292,29.726070000090914],[-82.04837999988311,29.725559999848844],[-82.04839800032478,29.725336999964078],[-82.04842000006609,29.7250900002829],[-82.04843799960945,29.724891000268066],[-82.04845000020332,29.724770000215084],[-82.04848000034055,29.72459000002103],[-82.04851499960233,29.72429799985168],[-82.0485399997167,29.724099999937355],[-82.04860900021197,29.723415999780634],[-82.04862000008262,29.723309999731466],[-82.048709999596,29.722220000119965],[-82.04878699958888,29.72136300006551],[-82.04878999996194,29.721330000181954],[-82.04886000028215,29.720680000122783],[-82.0489359995518,29.720278000336616],[-82.0491670004288,29.7190709997381],[-82.0492440004217,29.71866999991377],[-82.04842900028692,29.71866999991377],[-82.04598700025564,29.71867100007877],[-82.04548199974225,29.718672000243757],[-82.04518600036457,29.718672000243757],[-82.04517399977067,29.71867100007877],[-82.04199100012278,29.718672000243757],[-82.03244300010564,29.718677000288242],[-82.02926100028264,29.718680000002816],[-82.02919099996245,29.718677999672998],[-82.02898400027323,29.71867899983791],[-82.02891700032608,29.718681000167713],[-82.02873400002797,29.71894400027641],[-82.02825600017708,29.71959399987595],[-82.02797900016765,29.720013999671004],[-82.027884999558,29.72017499976352],[-82.02732399986643,29.721154999980072],[-82.02701599989486,29.721765000186675],[-82.02661000001402,29.722555000072603],[-82.02625299963863,29.723264999838676],[-82.02587600007006,29.723994999942473],[-82.02545900031855,29.724585000271066],[-82.02518300013404,29.724912000088334],[-82.02491299979728,29.725236000101614],[-82.02436499962619,29.725756999908477],[-82.02387000005687,29.726169999803865],[-82.02344699955927,29.726485999739467],[-82.02286199957825,29.72692899989928],[-82.0221750003883,29.7274349998937],[-82.0220270002503,29.727545999868756],[-82.02172900032447,29.72776600008196],[-82.02107499984818,29.72822899988745],[-82.02080799988448,29.728427000235396],[-82.02041700007223,29.728719000090717],[-82.01960000028764,29.7293520001317],[-82.01898199979634,29.729820999962406],[-82.01810399991238,29.7305200000672],[-82.01736800031864,29.731107000129395],[-82.01722900040146,29.7312230001419],[-82.01721599998267,29.731234999839653],[-82.01684000023903,29.73153999980132],[-82.0167530002004,29.73160799993489],[-82.01609000040159,29.732139999756225],[-82.01534399986377,29.73270199985496],[-82.01487000021083,29.73305999963376],[-82.01477700032443,29.733123000192553],[-82.0145560003915,29.73327000004249],[-82.01449899959177,29.733311000052474],[-82.01440700042858,29.733374999692014],[-82.01427900038206,29.73346199969723],[-82.01420999988677,29.733509999748474],[-82.01390199991519,29.733733000189165],[-82.01379700033323,29.733808999729405],[-82.01377800006664,29.733824999953733],[-82.01371799979218,29.7338679997639],[-82.01357999969991,29.73397000031006],[-82.01354000041526,29.73399899988818],[-82.0134950002094,29.73403300029733],[-82.0134869998135,29.734039000368394],[-82.01337100036086,29.734126999808673],[-82.01308799960532,29.734338000332635],[-82.01303999992474,29.734375999880776],[-82.0129300003199,29.734459999775044],[-82.01287099987034,29.73451600018553],[-82.01269699979308,29.734684999674688],[-82.01263999989166,29.73474199996438],[-82.01234000031602,29.735000000090373],[-82.01194399958258,29.735302000307897],[-82.01174899958892,29.735460000059458],[-82.0113390004084,29.7358150001534],[-82.01084999978853,29.736189000369887],[-82.00920000032582,29.73757000018702],[-82.00918799973192,29.737593999622657],[-82.00884999962312,29.73789399988335],[-82.00876199975957,29.73797100014358],[-82.0077559998291,29.738858000002693],[-82.00748499966744,29.739102000223752],[-82.00735800034415,29.739219000310992],[-82.00706999956574,29.73949000006889],[-82.0065809998442,29.739661999624524],[-82.00561099989874,29.740003000333875],[-82.00511299995634,29.740179000372166],[-82.00462500005972,29.740352000255015],[-82.00366299961186,29.740574000357263],[-82.00077799988978,29.74124599969535],[-81.99981999963985,29.741471999909354],[-81.998900999748,29.741696999678688],[-81.99673200042652,29.742229999738388],[-81.99614700044552,29.742373999714772],[-81.99607999960004,29.74239100006124],[-81.99523000020348,29.74259999972657],[-81.99506000032417,29.742649999936507],[-81.99504600008048,29.742653999640183],[-81.99471999966723,29.742770000338506],[-81.99456999987942,29.742819999683686],[-81.99451899982577,29.74286999978388],[-81.99450999960493,29.74287999980092],[-81.99450999960493,29.743059000015435],[-81.99389100018706,29.74320999980412],[-81.9920359997866,29.74366599989318],[-81.99171600011947,29.743745000231552],[-81.99141499982058,29.74380699962417],[-81.99139399990418,29.74381599963344],[-81.99133299980481,29.74384199974237],[-81.99131299971333,29.743851999662553],[-81.99126500003277,29.74387300019347],[-81.99124999996414,29.743880000369483],[-81.9911210000927,29.743931999767508],[-81.99107300041213,29.74395200036875],[-81.98737600003001,29.74374700006158],[-81.98733400019721,29.743744000316493],[-81.98586399976124,29.743652000290762],[-81.98591200034012,29.744982999713816],[-81.98524199997031,29.745140999812886],[-81.98323199975914,29.745616000072644],[-81.98264500012831,29.74575600028633],[-81.98255899991459,29.745776999638522],[-81.98231200004238,29.74583599965214],[-81.98129699989107,29.74604900028468],[-81.98036499958043,29.746244999994623],[-81.97943800019097,29.746440000213227],[-81.97749499992698,29.746846999883562],[-81.97622799988058,29.747113999779682],[-81.97590800021342,29.747066999881696],[-81.9758710004035,29.747061999692075],[-81.97564799992243,29.74702799980018],[-81.9749139999785,29.747039999946903],[-81.97483100013784,29.747039999946903],[-81.97338400016636,29.747065000117836],[-81.97212999964046,29.747090000282547],[-81.97202500005847,29.747087999739264],[-81.97133999962004,29.747079999905473],[-81.97093000043952,29.74709200004591],[-81.97068000019426,29.747099999878785],[-81.96970000020305,29.74712099972942],[-81.96931000021571,29.74713000022117],[-81.96929000012423,29.74713000022117],[-81.96894199996967,29.747132999864945],[-81.96789900022927,29.747142000355677],[-81.96755199989964,29.747145999880175],[-81.96749199962518,29.747144999999087],[-81.96731400024825,29.747142000355677],[-81.96725499979873,29.74714099969455],[-81.96703499969068,29.747134999627455],[-81.96637799973966,29.74712199961079],[-81.96616000017976,29.74711999984804],[-81.96569599967428,29.747138000051017],[-81.96430999980218,29.747195000282368],[-81.96384899966974,29.74721500023274],[-81.9637900001185,29.74720100034595],[-81.96361600004123,29.747160999655687],[-81.96355999996474,29.747150000184508],[-81.96310200020532,29.747165999840306],[-81.96172999967864,29.747219999634776],[-81.96127500029229,29.747238999699952],[-81.96095899992477,29.747224999816446],[-81.96001400009366,29.747184000035027],[-81.9596989995511,29.747171000024736],[-81.95953600024279,29.747179999732044],[-81.95904999999597,29.747208000289554],[-81.95889000016241,29.747219999634776],[-81.95849699980202,29.74739600026502],[-81.95833500031863,29.747419999688898],[-81.95809299957097,29.747460000275755],[-81.95789599992747,29.747482999806614],[-81.95785099972164,29.74747599988214],[-81.95769199971298,29.74744700030125],[-81.95771199980446,29.747271999640414],[-81.95739299996224,29.747254000241444],[-81.95722499973274,29.747245999640974],[-81.95711699977772,29.74724300000057],[-81.95679399973751,29.747268000120904],[-81.95678200004195,29.74726900000081],[-81.95599899969423,29.747315999804144],[-81.95577199991352,29.747335999730385],[-81.95528999986465,29.747379999865963],[-81.95453900020229,29.747379999865963],[-81.9544549996384,29.747379999865963],[-81.95426999969045,29.74738099974476],[-81.9541800001771,29.747379999865963],[-81.95254900008264,29.747360999827503],[-81.95195300023097,29.74734400032368],[-81.9518000000701,29.747340000027084],[-81.95111999965454,29.74733499985114],[-81.95086299973659,29.747331000334135],[-81.95084500019324,29.74733499985114],[-81.95002400021066,29.747329999674893],[-81.94975100039919,29.747329999674893],[-81.94883099978412,29.747326000157685],[-81.94851699996477,29.747326000157685],[-81.94806099985519,29.747290999695743],[-81.94723499984975,29.747280000238824],[-81.94667199961005,29.74727400018005],[-81.94594199986409,29.747335999730385],[-81.94505700030743,29.74735300001547],[-81.94494400032953,29.747342999664575],[-81.94429800024913,29.747361999706495],[-81.94347300006862,29.747391999970485],[-81.94238400029747,29.747416000175278],[-81.94203100012004,29.747424999860606],[-81.94174499988976,29.747424999860606],[-81.94128200010749,29.74744200013065],[-81.94000599984028,29.74747099971293],[-81.93989200003745,29.747475000004297],[-81.93942699970705,29.74749699965404],[-81.93939699956981,29.747533999798595],[-81.93928000029226,29.74767999970872],[-81.93923400026151,29.747733000131014],[-81.93901800035144,29.747962000161905],[-81.93891299987114,29.748074999783444],[-81.93874499964166,29.748255999822938],[-81.93852999955651,29.74849000033769],[-81.93828000020957,29.748749999922357],[-81.93823599982863,29.748796999811336],[-81.93812500039886,29.74891900038274],[-81.93807000014728,29.748979999832823],[-81.93789400042019,29.74917099996781],[-81.93786000008498,29.74920999999556],[-81.93738100040919,29.74975700020572],[-81.93723999994387,29.74991999984798],[-81.93720999980667,29.74995199983275],[-81.93682700039032,29.750352000340307],[-81.93639999969474,29.75080000038659],[-81.93566599975082,29.751538999861783],[-81.93532000014442,29.75188999985293],[-81.9352769995884,29.75193299971621],[-81.93517299983132,29.75203599965835],[-81.93486099966178,29.75234799989727],[-81.93475799972961,29.752452000021112],[-81.93437600013819,29.752833000130366],[-81.93429999997022,29.752909999837307],[-81.9334100003907,29.753819999763667],[-81.93323799996324,29.753985000223846],[-81.93284999962573,29.754360000330493],[-81.93255000005007,29.754640000316716],[-81.93244499956978,29.754759999625698],[-81.93222000033718,29.755020000105258],[-81.93165999957222,29.75556999997702],[-81.93125399969135,29.75598199975835],[-81.93110999975131,29.756130000205204],[-81.9308970002143,29.756424000086195],[-81.93073999985545,29.756640000197223],[-81.93052999979318,29.757049999914628],[-81.93045600017332,29.75722800000394],[-81.93041000014257,29.757340000318727],[-81.93039500007396,29.757369000156988],[-81.93027500042335,29.75760899989492],[-81.930250000309,29.757660000194118],[-81.93020900030112,29.757757000278648],[-81.93007399968359,29.75808200002236],[-81.92999199966783,29.75819199984084],[-81.92989700013158,29.758324999701166],[-81.92983000018442,29.75841000035793],[-81.92973399992498,29.75852800029691],[-81.92926299974677,29.759119000008912],[-81.92924600002834,29.759142999745443],[-81.92909399969237,29.75935600017707],[-81.92882599990378,29.759983000159817],[-81.92834600040307,29.76111000016935],[-81.9282519997934,29.76192700036068],[-81.92817499980052,29.76260599970121],[-81.92818800021932,29.76288999971905],[-81.92822699967905,29.763741999621356],[-81.92824099992278,29.764016999784026],[-81.92824099992278,29.764027000030904],[-81.92823900027294,29.76405100015154],[-81.92818400002136,29.76465500012407],[-81.9281039996554,29.76553900029989],[-81.92794899984472,29.76653200002521],[-81.92785299958523,29.76715599972624],[-81.92783800041495,29.767258999618086],[-81.92779499985892,29.767566999760483],[-81.92778099961522,29.767670999685922],[-81.92753600029116,29.768787000336992],[-81.92712000036454,29.77022800036549],[-81.92684599982984,29.77076099998556],[-81.9262659998717,29.77195500004113],[-81.92621599964299,29.77205900008916],[-81.92578999967064,29.772859000027072],[-81.92576999957916,29.772979999752764],[-81.92553299975269,29.773331999895717],[-81.92504200038132,29.774067999670198],[-81.92497299988604,29.774449000240466],[-81.92490599993889,29.77483200013043],[-81.92489900026618,29.774867999934827],[-81.92487099977879,29.77500900021381],[-81.92486300028119,29.775066000187284],[-81.92478399974016,29.775664999697504],[-81.92475799980089,29.775864999902435],[-81.92468300035611,29.776428999670056],[-81.92468099980799,29.7764450001093],[-81.92463099957928,29.776830000112287],[-81.92461499968576,29.776899000298673],[-81.92426900007935,29.778433999857686],[-81.92422800007145,29.778578000055678],[-81.92415100007857,29.778844999614904],[-81.92383700025921,29.77993200019226],[-81.92375900044141,29.78020700034796],[-81.92349699960228,29.78091900030084],[-81.92341600030973,29.781042999831882],[-81.9219280003304,29.783309999801638],[-81.92158600002364,29.783831999841258],[-81.9206339996215,29.785516000114075],[-81.92021799969491,29.786160000009808],[-81.91952499975886,29.78686899971225],[-81.91873100043878,29.78752899970639],[-81.91657100043982,29.788847999647878],[-81.91602300026872,29.789287000023407],[-81.91562900008343,29.78960400003686],[-81.91466800035879,29.79046500004305],[-81.9142330001656,29.791149999797994],[-81.91419200015773,29.791399000085736],[-81.9137979999724,29.791525999762243],[-81.91375899961434,29.79153900025407],[-81.91332900034236,29.791748999749586],[-81.9126980003306,29.792090000178213],[-81.91251900023046,29.792187999873864],[-81.91233400028251,29.792285000042867],[-81.91178500028653,29.792570999728742],[-81.91171900016428,29.792607000171046],[-81.91101899965724,29.79298700015153],[-81.91040899956188,29.793255999880923],[-81.91010599961317,29.79335599961335],[-81.90992900006117,29.79341599987261],[-81.90970999977804,29.793469999685364],[-81.90968899986164,29.793476000095907],[-81.9095099997615,29.793520000236715],[-81.90926000041456,29.793560000348027],[-81.90892999980338,29.79356999998352],[-81.90829999961652,29.79352999987627],[-81.90744000017422,29.793419999888595],[-81.90656999978783,29.793320000220135],[-81.90618999984626,29.79325999990338],[-81.90573999958444,29.793149999618908],[-81.90535999964285,29.7930699998322],[-81.90507900033377,29.793060000146692],[-81.90475999959322,29.7930699998322],[-81.90474000040005,29.7930699998322],[-81.90421999981807,29.793149999618908],[-81.90382300015803,29.793249000036234],[-81.90377999960201,29.79325999990338],[-81.90305999990177,29.79341000023811],[-81.90109300024666,29.79389000026609],[-81.90088999985707,29.793939999828005],[-81.90019000024832,29.794129999806454],[-81.89988999977435,29.794259999706984],[-81.89963600022945,29.794363999973534],[-81.89960000024446,29.79437999988501],[-81.8990400003778,29.794639999647117],[-81.8979919997162,29.79510400021851],[-81.89780000009559,29.79519000024595],[-81.89744000024547,29.7953400000264],[-81.89736300025257,29.795373999893396],[-81.89713499974862,29.795475000026297],[-81.89705899958065,29.79551000002539],[-81.89674999978416,29.795647000149184],[-81.8965199996304,29.795750000357728],[-81.89582699969435,29.79606800034013],[-81.895520000446,29.796209999775392],[-81.89540400009504,29.796257000005255],[-81.89505500011559,29.796401000290114],[-81.89493999958955,29.796449999987875],[-81.89475999966449,29.796526000298954],[-81.89421900006441,29.796754000106173],[-81.89403999996428,29.79683000018633],[-81.8933660002948,29.79710300036738],[-81.8927600003974,29.79735000033482],[-81.89135100006077,29.79793200031819],[-81.89067999986605,29.79820999980661],[-81.89053299955295,29.798254000204427],[-81.89044999971227,29.79828000021781],[-81.89008099964134,29.798336000043818],[-81.8899300000286,29.7983599997369],[-81.88943600028418,29.79842600022746],[-81.88881000029528,29.798510000221892],[-81.88864999956341,29.79853000006168],[-81.88795300032771,29.798622999731883],[-81.88746000040823,29.798690000195172],[-81.8871070002308,29.798737000039562],[-81.88664000025057,29.798799999846178],[-81.8864669999982,29.798825999717675],[-81.88526000022625,29.79900999969451],[-81.88413000044721,29.79916999983992],[-81.88349699988733,29.799275999961008],[-81.8829400003937,29.79936999985674],[-81.88251000022339,29.799440000235887],[-81.88228000006963,29.7994690003563],[-81.88159600035442,29.799558000162804],[-81.8813700003986,29.799589999881135],[-81.88123300013126,29.799611999779025],[-81.88082499970226,29.79965099965697],[-81.88069099980797,29.799667000282113],[-81.88053500017234,29.79968199998886],[-81.88007700041294,29.79973400004619],[-81.8800399997047,29.799740000081034],[-81.879997000047,29.799747000251184],[-81.8799269997268,29.79974899974289],[-81.8797920000076,29.799769000114544],[-81.8793919999745,29.79982899964645],[-81.87925999973002,29.799850000136697],[-81.87925999973002,29.799859999923193],[-81.87917600006445,29.799869000353734],[-81.87892300034446,29.79989899970445],[-81.87883999960546,29.799909999620017],[-81.87874099987125,29.799919000046067],[-81.8784479999683,29.799949000161337],[-81.87835000005902,29.799960000071408],[-81.87823200005823,29.799974999734214],[-81.877877000231,29.8000229998874],[-81.87776000005513,29.800039999806184],[-81.87771300019945,29.800040999938908],[-81.8775750001072,29.80004800008795],[-81.87754999999284,29.800050000353167],[-81.87752999990137,29.800052999971424],[-81.87736199967188,29.800073999635103],[-81.87686499955441,29.800138999642815],[-81.87671999978946,29.800160000067976],[-81.87670100042119,29.800162000330964],[-81.87632399995432,29.80020700000133],[-81.87535999985664,29.800323000322937],[-81.87519400017528,29.800340000190754],[-81.87481800043165,29.800382000172817],[-81.87470000043088,29.800395000293616],[-81.87434800007836,29.800436000123824],[-81.87423099990251,29.800450000366173],[-81.87396999978658,29.80048000032222],[-81.87384400028822,29.800492999650743],[-81.87268600002174,29.800618000003883],[-81.87230000023237,29.800659999869247],[-81.87179999974187,29.800708999819747],[-81.87109299956214,29.800783999888477],[-81.87033000020419,29.80086800024166],[-81.86935000021296,29.80087699980204],[-81.8682399996271,29.800825999684093],[-81.86745999965243,29.800796999957036],[-81.86656000002714,29.800764999845235],[-81.8662899996904,29.800730000125316],[-81.86624899968251,29.800725000275687],[-81.86574599971726,29.800669000227856],[-81.86546899970784,29.80063800020182],[-81.86425899956285,29.800515000129593],[-81.86423699982154,29.80051199974565],[-81.86374999974983,29.80043000013072],[-81.86373499968121,29.80042900000189],[-81.86324900033271,29.80033799993133],[-81.8631560004463,29.800316000193092],[-81.86250199997,29.800168000340136],[-81.86218399995269,29.800137000158834],[-81.8619939999819,29.80018699971729],[-81.86180400001109,29.800395999643246],[-81.86162400008604,29.80064400018244],[-81.86130000022094,29.801090000334405],[-81.86127500010657,29.801122999684633],[-81.86100499976985,29.801467999822368],[-81.86061200030777,29.80197199977599],[-81.86018700016032,29.802491999702234],[-81.86014000030467,29.802549999724306],[-81.85998999961852,29.802680000377393],[-81.8598470004017,29.8027629998126],[-81.85967999999711,29.80285999986348],[-81.85958499956257,29.802911999827963],[-81.85887999993096,29.803299999668813],[-81.85879399971724,29.803348999885223],[-81.85863700025672,29.80344099965403],[-81.85853299960132,29.803500000003538],[-81.85829999997281,29.803634999905892],[-81.85760100018899,29.804043000357034],[-81.85740000034754,29.804160000219486],[-81.8573690003854,29.804178999617992],[-81.85719299976,29.804280000216107],[-81.85679100007708,29.80451099976524],[-81.8564899997782,29.804689999767817],[-81.85584000039819,29.805058999720245],[-81.85532800021211,29.805349999926772],[-81.85474800025396,29.80573700036839],[-81.85443000023665,29.805967999670585],[-81.85427299987782,29.806081000110126],[-81.85398400017282,29.806340999864062],[-81.85343799965155,29.806880000127116],[-81.85333700026753,29.806965000101535],[-81.85301599987717,29.807148999917995],[-81.85278900009644,29.8072779999899],[-81.85252999963036,29.807427000294858],[-81.85199999990094,29.807619999774047],[-81.85184599991514,29.807683000222067],[-81.85102699958242,29.808025000180255],[-81.85077999971018,29.808130000219904],[-81.85075600031907,29.80814100000984],[-81.85055600030253,29.80820300007862],[-81.84996499957542,29.808394000300297],[-81.84976999958177,29.808459999626955],[-81.84976899975683,29.80847999981582],[-81.84955600021982,29.8085409996267],[-81.8489140003374,29.808723999615694],[-81.84882599957555,29.808750000025658],[-81.84873000021439,29.808790000283466],[-81.84870599992495,29.80880100000081],[-81.84850900028145,29.808874000149146],[-81.84792199975232,29.809095000358905],[-81.84779000040615,29.8091700003755],[-81.84773699980438,29.809197999972394],[-81.84765599961351,29.809237000010242],[-81.84752300044245,29.809312999960355],[-81.84721299992273,29.80949299998109],[-81.8469009997532,29.809694999696415],[-81.84669999991175,29.809829999811285],[-81.84669999991175,29.809840000158957],[-81.84659600015469,29.809904000022016],[-81.84628399998513,29.81010200033784],[-81.8461819998779,29.810169000127587],[-81.84616500015946,29.810179999693258],[-81.846148000441,29.81019000000593],[-81.84605100035664,29.810252999614438],[-81.84603999958767,29.81025999982834],[-81.84603000044024,29.810289999959902],[-81.84572999996627,29.810460000275757],[-81.84510200032756,29.81088099970385],[-81.84337199960056,29.812043000153075],[-81.84233899990592,29.812686000008053],[-81.84146299967176,29.813233000375508],[-81.84140499994544,29.81326899961789],[-81.84136300011265,29.81329499962559],[-81.83987900033128,29.814254999853155],[-81.83795199996081,29.815502999775067],[-81.8370010002819,29.81614200009585],[-81.83667099967069,29.81639199972091],[-81.8363610000493,29.816691000194304],[-81.83556400035619,29.817542999722523],[-81.835530000021,29.817580999665918],[-81.83456000007551,29.81860000006206],[-81.83430800018044,29.818856000222492],[-81.83375699963631,29.819414999615372],[-81.83334999993052,29.819829999918873],[-81.83219000001425,29.820950000120206],[-81.83206299979264,29.821050000223803],[-81.83145000022256,29.82154000006469],[-81.83062000001915,29.822220000238072],[-81.82988900044829,29.822806000080394],[-81.82976600042463,29.822904000077767],[-81.82911100012342,29.823429999662494],[-81.82789199975758,29.82441999977363],[-81.82742200030263,29.82464999967098],[-81.82652299960397,29.82507999985517],[-81.82607300024047,29.825210000054124],[-81.82461000037549,29.825398999981772],[-81.82328399987955,29.825571000079456],[-81.82288399984645,29.82567100023583],[-81.82266600028657,29.825814000379086],[-81.82238900027713,29.82599099990783],[-81.82231300010915,29.82604099978836],[-81.8218720000682,29.82634000023533],[-81.82166200000592,29.826637000054323],[-81.82151999971569,29.82684000006566],[-81.82148299990577,29.82691199964817],[-81.82129999960766,29.827270000178984],[-81.82098999998627,29.827720000237328],[-81.82044000016536,29.828619999730115],[-81.8200350001094,29.829132000281803],[-81.81969000032791,29.829570000142127],[-81.81913999960868,29.830240000366473],[-81.81873000042816,29.83061000014676],[-81.81801999987537,29.831190000183238],[-81.81780999981311,29.83138299976727],[-81.81723999990069,29.831909999736762],[-81.81580999964768,29.833610000174218],[-81.81539000042143,29.833990000212832],[-81.81476000023457,29.83443000017437],[-81.81439899966124,29.834710999635284],[-81.81435000015576,29.834749999850175],[-81.8136200004098,29.835470000243493],[-81.81262000032707,29.836319999894677],[-81.81243000035629,29.836490000359685],[-81.81232999989886,29.83648000034031],[-81.81086000036119,29.836495999747374],[-81.80786000011307,29.83652999964778],[-81.8061510002008,29.836541999976543],[-81.80518999957783,29.836549999675466],[-81.80458200003059,29.836558000152937],[-81.80449199961892,29.836558999920406],[-81.80422399983033,29.836562000001837],[-81.80413500014187,29.836564000315857],[-81.80316299964824,29.8365669996179],[-81.8022439997564,29.836569999699158],[-81.80024699996405,29.836582999790288],[-81.79932700024726,29.83658999971879],[-81.79927600019363,29.836591000265177],[-81.79922299959189,29.836592000032237],[-81.79878199955093,29.836598999960117],[-81.79723199964731,29.836649999753774]]]}},{"type":"Feature","properties":{"label":"Duval County","name":"Duval County","county_name":"Duval County","geoid":"12031","statefp":"12","countyfp":"031","boundary_type":"County boundary","source":"U.S. Census Bureau TIGERweb State/County boundary","source_url":"https://tigerweb.geo.census.gov/arcgis/rest/services/TIGERweb/State_County/MapServer/1"},"geometry":{"type":"Polygon","coordinates":[[[-81.43009499956977,30.252242999665434],[-81.43005100008716,30.252242999665434],[-81.42950999958877,30.252243999902262],[-81.42950200009116,30.25227100008483],[-81.42925199984592,30.252275000254954],[-81.42919300029467,30.252275999715447],[-81.42895700029312,30.25227999988538],[-81.42606699964986,30.252324999651673],[-81.42592400043304,30.25232700012369],[-81.42579499966331,30.252328999819596],[-81.42566499996697,30.252331000291473],[-81.4233230003931,30.252367999702276],[-81.42264999965023,30.25237899996488],[-81.42249800021258,30.252380999659746],[-81.42208399993578,30.25238700029612],[-81.42206899986718,30.25238700029612],[-81.4216400004201,30.2523939996155],[-81.42155900022925,30.252394999850775],[-81.4213869998018,30.2523970003213],[-81.42025199999989,30.2524139996634],[-81.4202400003043,30.2524139996634],[-81.41958699965292,30.25242399968583],[-81.41898599977839,30.252433000248352],[-81.41844400035339,30.2524409997992],[-81.41838499990385,30.25244200003406],[-81.41835399994171,30.25244200003406],[-81.41811000044255,30.25244600019716],[-81.41798400004586,30.252447999890727],[-81.41785599999935,30.25245000036016],[-81.41780199957267,30.252450999818937],[-81.41753299995915,30.25245499998167],[-81.41748399955536,30.252456000216334],[-81.41728899956169,30.252459000144313],[-81.41727100001833,30.252459000144313],[-81.41724199970601,30.252459000144313],[-81.4171849998046,30.252460000378928],[-81.41705500010826,30.252462000072203],[-81.4168040000381,30.25246600023454],[-81.41672299984725,30.252466999693098],[-81.41666599994583,30.25246799992764],[-81.41663800035674,30.25246900016216],[-81.41637800006575,30.252473000324223],[-81.41579999975743,30.252482000106262],[-81.41493899959191,30.252495000048643],[-81.41480600042082,30.252496999741144],[-81.41391000009519,30.252510999915646],[-81.41099100003794,30.2525569998098],[-81.41058299960893,30.252562999659446],[-81.41054900017205,30.252562999659446],[-81.41049599957029,30.252563999892992],[-81.4104400003921,30.252565000126552],[-81.41041500027775,30.252565000126552],[-81.41037300044496,30.252566000360083],[-81.41033200043708,30.252566999817677],[-81.41031700036847,30.252566999817677],[-81.41030499977457,30.252566999817677],[-81.41017000005537,30.252569000284705],[-81.41012499984951,30.252569999742207],[-81.40878800038125,30.252590999987625],[-81.4079749998963,30.25260399991553],[-81.40733499966369,30.25261399991861],[-81.40726900043978,30.25261500015171],[-81.40718400005096,30.252616999841766],[-81.40711700010381,30.252618000074765],[-81.40699400008018,30.25261999976482],[-81.40686400038382,30.25262200023077],[-81.40402700034232,30.2526669998404],[-81.40401100044878,30.2526669998404],[-81.40320800000958,30.252679999758303],[-81.4027379996563,30.252696000371156],[-81.40226400000337,30.252693999906725],[-81.40152099983861,30.252706000364874],[-81.4013919999672,30.252708000053136],[-81.40120299982131,30.252718000045643],[-81.4010339997669,30.252720999965607],[-81.40101500039863,30.252720999965607],[-81.40095699977401,30.252720999965607],[-81.40085899986472,30.252720999965607],[-81.40068300013762,30.252719000277626],[-81.40061000034268,30.25271699981365],[-81.40059899957372,30.25271699981365],[-81.40021299978434,30.252723999885443],[-81.39711499962692,30.252780999897414],[-81.39648600016329,30.252792000113708],[-81.39431100009573,30.252833000274272],[-81.39426400024004,30.252833999729106],[-81.39423300027791,30.252834999959887],[-81.39369599997748,30.252834999959887],[-81.39203800011882,30.25283699964553],[-81.39046899994864,30.25283900010705],[-81.39045700025306,30.25283900010705],[-81.3884110000569,30.252840999792554],[-81.38828899985818,30.252840999792554],[-81.38827399978956,30.252840999792554],[-81.38817400023045,30.252840999792554],[-81.38804899965866,30.252840999792554],[-81.38657800029607,30.252840999792554],[-81.38631499963203,30.252840999792554],[-81.38183099960253,30.252840999792554],[-81.38180499966326,30.252840999792554],[-81.38072400028803,30.25292400028551],[-81.38050599982981,30.252941000312408],[-81.37977299971081,30.252908999939837],[-81.37820500026383,30.252842000023335],[-81.37631700025142,30.252890999677245],[-81.37480400015774,30.252931000342596],[-81.37075699997123,30.252931000342596],[-81.32018499986702,30.25292000014186],[-81.31792799978366,30.25293899985295],[-81.32587499984355,30.279242000227807],[-81.32703700030794,30.28418999996494],[-81.32806599980466,30.28857100034954],[-81.33032299988801,30.298186000082236],[-81.33062699966163,30.29948099994936],[-81.33086600003624,30.300976999741007],[-81.33177099968438,30.306640999951565],[-81.33187399961655,30.307283999991892],[-81.33316599977731,30.31537099981321],[-81.33359799959744,30.318078999902454],[-81.33417500008083,30.32445700020437],[-81.33538000020296,30.3377710000824],[-81.33538000020296,30.342407999931897],[-81.33538100002785,30.361025000305297],[-81.33538100002785,30.36129200027564],[-81.33359900032065,30.362386000052847],[-81.32943999998119,30.366762000027798],[-81.32528200036494,30.37223199995718],[-81.32354800033829,30.375240999982523],[-81.3215630002415,30.37857400033312],[-81.3207330000381,30.381616000345787],[-81.31875100031435,30.38887599990653],[-81.31792899960857,30.392793000114466],[-81.31746099980342,30.39407700029146],[-81.31725999996198,30.39611200020329],[-81.31671199979088,30.401675999928493],[-81.31689699973882,30.40772099986868],[-81.31979900007764,30.41646500005335],[-81.32487700030897,30.42473500004231],[-81.33229000044146,30.43303599973315],[-81.3386569995622,30.438230999681057],[-81.34996000042064,30.44500900036098],[-81.35357400006377,30.44666000006421],[-81.35434800019067,30.449731999974222],[-81.35391700019545,30.453346000067427],[-81.3538700003398,30.460303000296342],[-81.35344000016947,30.462666999836927],[-81.3517940000064,30.47340700019624],[-81.35244500010964,30.482118999988632],[-81.35488299994297,30.4927539999814],[-81.35803600035196,30.500238999670877],[-81.3587929998621,30.501503999944152],[-81.3748080003557,30.502567000122067],[-81.37499699960325,30.502579000127696],[-81.42219199989083,30.505636999726583],[-81.43369700041565,30.506565999734658],[-81.434776999966,30.50689599971076],[-81.43678399980409,30.507509000226083],[-81.44180299958587,30.50904399992165],[-81.44211099955746,30.509137999856783],[-81.44215400011349,30.509188000361608],[-81.44456199980957,30.51198299968463],[-81.44731699983531,30.515180999765185],[-81.44767300038576,30.51559500034473],[-81.4499990000661,30.51829600015006],[-81.45081099982782,30.519238000025343],[-81.45118599974657,30.519458000092456],[-81.4515620003885,30.51967799966165],[-81.45431599969102,30.521293000054218],[-81.45707099971676,30.522907999920125],[-81.45895200005647,30.524202999632976],[-81.45978899993256,30.52473100015034],[-81.47993899957785,30.533454000287538],[-81.48439699966808,30.5374439998346],[-81.48800299981362,30.542167999935543],[-81.48809200040037,30.54254099986684],[-81.48856100003043,30.544514999965088],[-81.48859100016767,30.544640000160488],[-81.48862100030489,30.544765999761367],[-81.49053000023369,30.55115000017731],[-81.49096200005383,30.554623000104545],[-81.49957500028557,30.563792999851117],[-81.50273399964405,30.56469199978705],[-81.50926999971747,30.566224999991874],[-81.51401400003796,30.56733699973118],[-81.5153820003667,30.565800999711694],[-81.51548899959852,30.56568100031756],[-81.51556700031465,30.56557400008805],[-81.51726299980812,30.56368999966644],[-81.52381399995016,30.556336999944214],[-81.5210139997186,30.55053700031819],[-81.51978299965721,30.546679000090855],[-81.51994800041196,30.54364499971769],[-81.52049700040796,30.541479000082216],[-81.52137500029193,30.538801000151878],[-81.52283499978387,30.536559999929448],[-81.52375700004876,30.535325000062095],[-81.5248220004288,30.53384400037301],[-81.52518399992873,30.53339699978088],[-81.52631200005796,30.53117500006306],[-81.52780900025812,30.52942599976458],[-81.52908899982499,30.52803699987916],[-81.53023799987062,30.526289999864566],[-81.53327599975357,30.525103999721665],[-81.53720900013724,30.524113000225846],[-81.5401290000194,30.523906999893477],[-81.54301799993945,30.523888999963912],[-81.54406800025086,30.524722999648034],[-81.54695299997294,30.525939000345172],[-81.54910999959887,30.528420000355784],[-81.55077800040158,30.53156200013239],[-81.55100299963415,30.53479299963689],[-81.55079699976984,30.53727999964784],[-81.5506879999899,30.53978300026792],[-81.55090800009793,30.5409359997919],[-81.55092599964127,30.54302700019566],[-81.55158400031553,30.543283999781053],[-81.5552509996621,30.544527999776253],[-81.55626099979054,30.544100000019057],[-81.55925799966562,30.542544999771263],[-81.56130600040993,30.54073400029397],[-81.56287600040501,30.539085000022638],[-81.56495600003805,30.537519999657363],[-81.56702999982332,30.536782000308545],[-81.56780899997307,30.536635999670253],[-81.5727599999828,30.53737699982949],[-81.57721800007303,30.538036999897262],[-81.5772449998372,30.538064000114],[-81.57728500002018,30.53802499962659],[-81.57974899979277,30.53953300036432],[-81.58541000035528,30.544206000369666],[-81.58654099995925,30.545230000148393],[-81.58708900013033,30.54579199970858],[-81.5878199997012,30.54668799987875],[-81.58873699994322,30.54837099970719],[-81.58891500021848,30.549047000188942],[-81.58887199966244,30.54935599984977],[-81.58889400030208,30.549589999990015],[-81.58880300006548,30.550468000274673],[-81.58799299995357,30.552309999616153],[-81.58727599972808,30.553483000049937],[-81.58675000019662,30.55423700011962],[-81.58632199967613,30.555325000194696],[-81.58608400002475,30.55599499963777],[-81.58594400028268,30.556664999870385],[-81.58585100039625,30.5572910001291],[-81.58570999993094,30.55791899985302],[-81.58518400039948,30.55883999971622],[-81.58427399983015,30.560014000312595],[-81.58389399988856,30.561019000236954],[-81.58365600023717,30.56168799965275],[-81.58356300035075,30.562272999649057],[-81.5833270003492,30.563109999686578],[-81.58323500028769,30.563861999703406],[-81.58323899958734,30.564489000080528],[-81.58353300021354,30.565198000094846],[-81.58440600007462,30.5659880001476],[-81.58508399994206,30.56631900029193],[-81.58576099998457,30.56652500038409],[-81.58653500011145,30.56668799978287],[-81.58788599982346,30.56659899964208],[-81.58889900032493,30.566427999933364],[-81.58976700016318,30.566215000349544],[-81.5905859995976,30.565959999840576],[-81.59140499993035,30.565663999746825],[-81.59212700017869,30.565326000338395],[-81.59289700010764,30.564864000368107],[-81.59352200027162,30.564442999966023],[-81.59433999988111,30.563937000361566],[-81.59506100030457,30.563474999964956],[-81.59573400014914,30.5629700001055],[-81.59655099993373,30.56234000026444],[-81.59722399977828,30.5618349999122],[-81.59799299988231,30.561372000167054],[-81.598668000275,30.561118999648503],[-81.59934299976938,30.560989999870085],[-81.60016299992705,30.560860999920106],[-81.60175399983854,30.560560999805144],[-81.60286100005136,30.560053999885007],[-81.60377400009541,30.559297999762034],[-81.60420400026575,30.55858600013385],[-81.60444100009221,30.55795800008492],[-81.60529399986181,30.55532200027453],[-81.60572300020722,30.554401000288724],[-81.60644399973235,30.553855000358737],[-81.60731099974568,30.5535999998578],[-81.60813199972822,30.553638000029558],[-81.60861799997502,30.553695999733662],[-81.60880799994582,30.553717999772452],[-81.60914900042769,30.553820000238666],[-81.6096299997533,30.553965000322545],[-81.61021200025958,30.55437999987218],[-81.61065099975241,30.55500499993705],[-81.61113899964903,30.555837999876072],[-81.61148199978071,30.55671399968168],[-81.61167900032251,30.557339000187394],[-81.61207199978459,30.558339999941104],[-81.61251000035082,30.559047999829314],[-81.61299700042255,30.559673000000558],[-81.61348399959594,30.560338999648916],[-81.61377800022211,30.560964000013858],[-81.61407199995,30.561673999653255],[-81.61426899959348,30.56238300012706],[-81.61417700043029,30.56305200019405],[-81.61374600043507,30.563638999992627],[-81.61324599994457,30.564046000358754],[-81.61307400041544,30.564184999794296],[-81.6122550000827,30.56456499961652],[-81.61148500015375,30.5649030001292],[-81.61101099960251,30.5651239997682],[-81.61076299990539,30.565240000108762],[-81.60970300044656,30.565662999622184],[-81.60869199959487,30.56600200029812],[-81.6077280003955,30.566340999789464],[-81.60657000012904,30.566512999767422],[-81.60589499973636,30.56659999975709],[-81.60512300015759,30.566686999668725],[-81.6043990002594,30.566691000125097],[-81.60357800027684,30.566735999833544],[-81.6027589999441,30.566864999707125],[-81.60237300015471,30.566984999957196],[-81.60193899978646,30.567120000157736],[-81.60146000011065,30.567665000375023],[-81.60141599972971,30.568416999891053],[-81.60156800006568,30.569544999836445],[-81.6018640003417,30.57058799975705],[-81.60215700024465,30.571129999621103],[-81.60274200022567,30.571962000289204],[-81.60332499965854,30.572585999973846],[-81.60397400011198,30.572944999879443],[-81.60442000017582,30.573192000212646],[-81.60497199964652,30.573498000203998],[-81.60685999965895,30.574199999857203],[-81.60778000027402,30.57461300019315],[-81.60844399989777,30.57485099987633],[-81.60868099972421,30.574887000174044],[-81.60871699970922,30.574892000321732],[-81.6087350001509,30.57489400038072],[-81.6088759997179,30.57488400008527],[-81.60899399971866,30.57485299993622],[-81.61100200028,30.575938000031094],[-81.61122700041089,30.576836000317535],[-81.61095000040144,30.5771210002771],[-81.61093500033284,30.57727200037212],[-81.61050400033763,30.577817000003805],[-81.60978200008925,30.57819699978642],[-81.60901200016033,30.578618000043523],[-81.6082909997369,30.57912299964338],[-81.60822399978973,30.579174999668776],[-81.60747399995228,30.579753000304056],[-81.60694500004776,30.58017399999217],[-81.60646600037197,30.580759999838158],[-81.60555499997773,30.581766999740577],[-81.60493200036188,30.582606000056032],[-81.60455099969705,30.583402000265167],[-81.60431300004569,30.58402900038286],[-81.60443199987137,30.584364999709553],[-81.60460799959846,30.584863999976122],[-81.60528700018912,30.585320000265767],[-81.60576599986491,30.58545499969067],[-81.6059680004296,30.585511999786693],[-81.60612200041538,30.585556000122786],[-81.60615800040038,30.585566000090928],[-81.60625700013459,30.585569999768566],[-81.60636699973946,30.58557400021938],[-81.6068839999484,30.585597999827414],[-81.60702700006354,30.58560400011515],[-81.60789599972668,30.585474999646767],[-81.60871500005939,30.5851779996424],[-81.60938799990397,30.584757999957688],[-81.6096430001721,30.584535000342978],[-81.61001300006795,30.584211000033793],[-81.61097299996767,30.583287999878355],[-81.61159700030674,30.582699999946918],[-81.61217200024201,30.58206999987448],[-81.61327600008181,30.581020999903043],[-81.61375599958251,30.580518000077674],[-81.61438199957139,30.580179999842287],[-81.6150569999641,30.580136000159698],[-81.61575400009811,30.58021199980981],[-81.61578199968719,30.58021499973374],[-81.61699199983217,30.58062799997334],[-81.61762200001901,30.58091700025768],[-81.61868700039906,30.5814129998242],[-81.61926900000702,30.58174499987519],[-81.62033400038706,30.582240999845958],[-81.62130400033253,30.58286300000241],[-81.62203200042866,30.58340300020689],[-81.6228090000303,30.584109999747042],[-81.62324800042144,30.58490100034926],[-81.62378499982356,30.585734000329552],[-81.6245129999197,30.586231999823216],[-81.62480900019571,30.5862299999981],[-81.62530600031317,30.586131000095442],[-81.62583299966956,30.5858409999707],[-81.62643000024444,30.58549700021241],[-81.62691899996597,30.58509900024572],[-81.62808100043038,30.58395499973018],[-81.62867700028205,30.583547000217408],[-81.62936900039318,30.583264999641592],[-81.63012599990333,30.582996999809584],[-81.6310819996051,30.582741000166983],[-81.63209299955847,30.58254200014397],[-81.6329189995639,30.582334000137998],[-81.63377899990451,30.582066000052436],[-81.63449799977982,30.58180099987422],[-81.63539300028054,30.58125600020784],[-81.63591999963693,30.58076900033207],[-81.63606500030019,30.580577999895617],[-81.63630200012666,30.579825000339888],[-81.6365380001282,30.579030000138253],[-81.6370159999791,30.5783159999434],[-81.63778699973295,30.57806300030582],[-81.63860900043872,30.578267000214876],[-81.63914300036612,30.578682000225612],[-81.64021200004578,30.57959600031982],[-81.64066200030759,30.579768999972934],[-81.64118000034145,30.579968000273965],[-81.64185700038395,30.58008899975603],[-81.64267699964329,30.580002000265157],[-81.64352000026548,30.57953599989414],[-81.6435910004106,30.57949599984755],[-81.64411699994206,30.578740999643145],[-81.64435399976851,30.577987999742287],[-81.64463900017387,30.577317999816557],[-81.64482800031976,30.57664899991335],[-81.6451129998268,30.576021000003294],[-81.64571500042456,30.575644000266347],[-81.64577399997579,30.575607000227524],[-81.64578700039458,30.575599000050058],[-81.64600599977939,30.575617999697066],[-81.64603900028966,30.57562199978512],[-81.64665600005773,30.575679000248243],[-81.64748000041332,30.57613499965363],[-81.64825500036514,30.576548000256487],[-81.64907799999752,30.57679499992062],[-81.64989800015519,30.576623999625166],[-81.65052199959592,30.576120000175397],[-81.6508079998262,30.57553300010754],[-81.65060299978678,30.573737000344632],[-81.65050099967954,30.57302800009288],[-81.65055500010621,30.572739000272737],[-81.65064100031994,30.572274999916424],[-81.65112099982065,30.571812999783138],[-81.65174699980953,30.571516999759908],[-81.65266200040173,30.571303999748682],[-81.65338600029992,30.57125899983892],[-81.65415799987868,30.571129000326266],[-81.65492899963253,30.570874999657054],[-81.65565000005597,30.570410999664837],[-81.65617899996049,30.57003299969749],[-81.65665699981137,30.569403000087796],[-81.65723099992174,30.568607000208065],[-81.65761400023636,30.56802000030316],[-81.65809399973708,30.56759999977901],[-81.65852499973231,30.567137999809333],[-81.65900400030642,30.566551000297057],[-81.65943399957843,30.565880000134218],[-81.65950899992148,30.56564599982174],[-81.65962299972429,30.565295000228456],[-81.65966600028032,30.564458999840202],[-81.65951499976927,30.56366499990551],[-81.65941299966202,30.562830999702815],[-81.6598190004412,30.562160000111074],[-81.66037099991192,30.561677000150603],[-81.66057799960116,30.561405000320566],[-81.66089599961849,30.561645999648256],[-81.66075599987639,30.561093999998658],[-81.66118199984875,30.560612999726523],[-81.66128300013108,30.560543999884313],[-81.66144799998753,30.560236999845873],[-81.66156400033847,30.56009400021448],[-81.66156400033847,30.559456999718314],[-81.6610589998251,30.55894900002445],[-81.66095199969497,30.55828099971725],[-81.66171300030139,30.558477000191385],[-81.66239899966642,30.558727000048087],[-81.66315100005203,30.558737999884652],[-81.6637419998808,30.558570000064783],[-81.66353500019157,30.558047999846224],[-81.6628820004385,30.557779999950252],[-81.66239500036679,30.55723300025262],[-81.66235299963567,30.556621000350322],[-81.66242299995588,30.556046000234872],[-81.6626299996451,30.55522699991844],[-81.6622830002138,30.554587000022533],[-81.66167499976824,30.554311000239668],[-81.66091499988505,30.554124999976942],[-81.66023700001763,30.55400399982264],[-81.65932800017151,30.553864000254972],[-81.65867000039557,30.55350999983958],[-81.65863299968734,30.552831000269997],[-81.65891999974252,30.552636999741587],[-81.6591659997898,30.552260999902273],[-81.66011300016908,30.551574999763446],[-81.66085799998366,30.551355999981553],[-81.66185100039367,30.551198999678462],[-81.66268200042197,30.551041999894984],[-81.66373299965998,30.550842000315487],[-81.6643109999683,30.5509060002567],[-81.66498600036098,30.551094999776343],[-81.66590799972758,30.551411000234637],[-81.66666900033398,30.551700999647192],[-81.66718200034498,30.552151999818534],[-81.66750399966195,30.55291800014972],[-81.66800900017533,30.55417000009817],[-81.66852600038426,30.55474899989955],[-81.66849799989686,30.554813000359026],[-81.66936400008528,30.55509500011618],[-81.67010499970188,30.555296999904847],[-81.67086299993525,30.555503000190768],[-81.67174699966702,30.555741000344756],[-81.67261600022846,30.556074999758593],[-81.6730060002158,30.55660099985862],[-81.67235799958729,30.55702799998463],[-81.67154300035082,30.55715499996395],[-81.67069200023104,30.55717699999224],[-81.67026500043376,30.55717500034147],[-81.66941799961363,30.55714100008403],[-81.66877699955612,30.557127999641143],[-81.66838499991896,30.55717100026632],[-81.66809500038906,30.557207000163334],[-81.66785600001444,30.55731199991577],[-81.66769399963275,30.557436999878135],[-81.66767400043956,30.557609000169567],[-81.6677329999908,30.557808999729343],[-81.66784799961852,30.558055999924143],[-81.66806899955147,30.55864900018667],[-81.6681349996737,30.558882000161752],[-81.6680569998559,30.559128999946108],[-81.6679589999466,30.55935700014106],[-81.66790100022028,30.559583000199243],[-81.66774100038671,30.56013399975397],[-81.66770399967848,30.56034899989686],[-81.6677329999908,30.56052400020113],[-81.66783300044821,30.560670999903426],[-81.66797700038828,30.56071600008347],[-81.66815499976519,30.560723999941448],[-81.66833700023838,30.560726999694623],[-81.66877999992917,30.560661999864895],[-81.6689990002123,30.56065000007011],[-81.66949499960653,30.560538999770543],[-81.66988700014198,30.56042400017641],[-81.67024199996924,30.560312000211997],[-81.67070899994948,30.560200000118364],[-81.67098199976094,30.56012499966563],[-81.6715149998634,30.559969999990297],[-81.67182500038314,30.559840000046727],[-81.67216799961648,30.559717999869928],[-81.67255699977892,30.559675000373353],[-81.672808999674,30.559745000245606],[-81.67290400010855,30.55986699961499],[-81.67293800044374,30.560085000122477],[-81.6728720003215,30.560364000266805],[-81.67273699970397,30.560722999765876],[-81.67260100015986,30.561065999826237],[-81.67246100041777,30.561451999722884],[-81.67234599989172,30.56176100011461],[-81.67225100035549,30.56203600020646],[-81.67212800033184,30.562319000018846],[-81.6719500000566,30.562469999952715],[-81.67170200035947,30.562566000336645],[-81.67137199974829,30.56262799997007],[-81.67107399982245,30.562624000119666],[-81.67045399968134,30.562704000190287],[-81.67015599975551,30.56275900020058],[-81.66993700037071,30.562734000199754],[-81.66970200019408,30.5627530000463],[-81.66951200022328,30.562849000150173],[-81.66938800037471,30.562946999690908],[-81.669338000146,30.563061000010862],[-81.66934200034396,30.5631790000246],[-81.66939699969723,30.563300999717395],[-81.66974400002687,30.563467999707623],[-81.67016699962616,30.5636890002949],[-81.67086499958506,30.56401300032996],[-81.67140799973329,30.56427700024602],[-81.67201600017884,30.56458000010815],[-81.67259199993902,30.565000999915725],[-81.67334900034747,30.56567900006859],[-81.67358600017393,30.565933999769218],[-81.67376100007613,30.566081999903805],[-81.67394100000118,30.56618700010803],[-81.67412799959892,30.56624299980952],[-81.67435899957762,30.566248999748034],[-81.67452599998218,30.566193000050003],[-81.67462999973927,30.566103000108473],[-81.67477200002949,30.565955000005857],[-81.67491699979445,30.565774000247714],[-81.67499700016039,30.565633999869846],[-81.67506599975735,30.565453999639626],[-81.67520300002471,30.56520299996852],[-81.67538299994976,30.564927000212343],[-81.67553199991268,30.564669999915576],[-81.67574699999783,30.564384999723398],[-81.67588099989212,30.564150000305744],[-81.67616799994731,30.56366499990551],[-81.67630600003957,30.563363999803098],[-81.67644499995676,30.563114000290454],[-81.67660099959234,30.562900000239253],[-81.67678200024064,30.562704000190287],[-81.67694100024929,30.562565000180054],[-81.67708799966407,30.56239300016435],[-81.67732600021377,30.56223499976431],[-81.67756800006309,30.56213899982646],[-81.67782699963087,30.562100999889246],[-81.67805900033277,30.562095999855718],[-81.67827900044081,30.562108999632976],[-81.67851200006932,30.56215000004978],[-81.67871100026095,30.562247000136672],[-81.67894399988946,30.56233400008426],[-81.67922699974666,30.56239200000598],[-81.67946500029635,30.562453999750584],[-81.67963500017565,30.562521000240984],[-81.6798490004359,30.562589000068016],[-81.68012999974498,30.562665999700876],[-81.68036499992162,30.562718000041173],[-81.68064500030411,30.562809000182877],[-81.68114400007138,30.563027999647044],[-81.68131300012578,30.563151999830936],[-81.68148800002798,30.56333199969103],[-81.68170300011313,30.563528000018334],[-81.68194499996245,30.563732999704282],[-81.6821440001541,30.563904999664963],[-81.68227600039859,30.564061000157178],[-81.68237400030787,30.564222999688777],[-81.68260899958621,30.564565999752485],[-81.68268599957909,30.56465799984296],[-81.68280299975494,30.56483300011054],[-81.6829120004332,30.56504599963459],[-81.68301199999232,30.565285999845365],[-81.68313400019107,30.565824000223195],[-81.68320899963582,30.56600399976691],[-81.68333699968234,30.566181000165713],[-81.6835300000262,30.566313000357756],[-81.68375000013421,30.566412000383988],[-81.6839669998692,30.566411000266978],[-81.68420200004583,30.566361999938003],[-81.68435100000873,30.56626799967965],[-81.6844959997737,30.566118000362355],[-81.68469800033837,30.56592299997493],[-81.68487800026342,30.56570299995976],[-81.68501899983043,30.565508999637935],[-81.68520299995343,30.565277000234897],[-81.68537700003071,30.565099000376787],[-81.68553699986428,30.564941999874538],[-81.68565200039032,30.564772999833362],[-81.68580399982798,30.564536999672246],[-81.68593400042263,30.564312999827333],[-81.68608699968519,30.564014999839756],[-81.68616799987605,30.56380899983243],[-81.68625800028775,30.563399000348653],[-81.68638100031139,30.563058999707888],[-81.68641100044862,30.562907999917094],[-81.68654899964255,30.562726999888962],[-81.68677499959836,30.56263099966438],[-81.68703200041463,30.56260400009169],[-81.68726400021822,30.562624000119666],[-81.68748400032624,30.56269699987733],[-81.68764800035778,30.562783000040604],[-81.68777100038142,30.56289500024688],[-81.68807099995708,30.56323600006499],[-81.68815799999571,30.563374999887515],[-81.68826099992788,30.56352900016505],[-81.68831299980641,30.563687000004865],[-81.68836700023309,30.56388999984243],[-81.68842800033245,30.56408599981607],[-81.68846799961712,30.564266000263853],[-81.6884590002946,30.564490000217283],[-81.68842699960923,30.56472599971921],[-81.68830699995863,30.5653080003506],[-81.6882349999886,30.565488000078258],[-81.68815299997284,30.56570199983551],[-81.68813000040662,30.566302999951063],[-81.6881849997599,30.56638599966027],[-81.68826699977566,30.56646300014706],[-81.68836600040818,30.566520999920872],[-81.68874899982451,30.566567999938904],[-81.68917999981973,30.566519999805056],[-81.68974999973211,30.56656099990476],[-81.69004400035831,30.56656500036632],[-81.69035700035275,30.566604000217055],[-81.69065000025572,30.56671200019794],[-81.69134400001667,30.56700399974468],[-81.6917330001791,30.567101999729356],[-81.69209499967903,30.567171999657766],[-81.69238500010725,30.567171000322144],[-81.69277699974442,30.567010999746884],[-81.69291800020973,30.566864999707125],[-81.69307499967024,30.56668500021399],[-81.69315300038636,30.56649399988378],[-81.69316199970889,30.566315999938137],[-81.6931910000212,30.565854000041423],[-81.69316000005907,30.56529600035689],[-81.69308700026414,30.564982999867627],[-81.69304100023338,30.56468099985193],[-81.69303700003542,30.56437499989142],[-81.69306700017265,30.56409900010022],[-81.6931490001884,30.563940000015407],[-81.69331999989264,30.563776999867173],[-81.69350599966548,30.56362000031964],[-81.69366899987209,30.56354600033637],[-81.69391099972144,30.56346000007594],[-81.6946279999469,30.563243000339053],[-81.69496000020793,30.563181999701875],[-81.6952670003546,30.563172999896246],[-81.69552099989951,30.56317000021868],[-81.69570199964946,30.563246000014367],[-81.69585900000831,30.563411999951402],[-81.69605200035215,30.563594999767155],[-81.6961550002843,30.563790000192736],[-81.69616799980479,30.564001000176024],[-81.69615299973617,30.564215000119354],[-81.69609400018494,30.564445000240525],[-81.69601200016918,30.564692999921707],[-81.69589800036637,30.564922999683223],[-81.69573900035772,30.56513200003619],[-81.69559399969444,30.565332999688167],[-81.69540999957141,30.56552700036195],[-81.6952749998522,30.56571000005584],[-81.69518799981357,30.565865999966153],[-81.69516100004938,30.56607499983458],[-81.69519200001152,30.566479999804326],[-81.69523800004227,30.566697000035887],[-81.69534099997443,30.56690699977286],[-81.69545800015031,30.567142000247106],[-81.69553199977014,30.567323999880916],[-81.69567300023546,30.567498999980295],[-81.69584300011478,30.56773600000052],[-81.69613000016996,30.568123999857388],[-81.69646499990571,30.56853599967315],[-81.6966199997164,30.56874800025571],[-81.69676200000663,30.568958000193515],[-81.69689599990093,30.569146000046782],[-81.69708900024477,30.569291999747357],[-81.69723300018482,30.569420000003284],[-81.69738499962247,30.56954900017496],[-81.69756000042298,30.56964300034791],[-81.69775899971629,30.56967199967526],[-81.69794899968707,30.56966599994847],[-81.69818399986372,30.569610999986587],[-81.69839200027619,30.569540000186553],[-81.69853700004114,30.569463999907278],[-81.69873000038498,30.569337999882915],[-81.69890100008922,30.5691689997652],[-81.69906099992276,30.56898300013737],[-81.69918399994644,30.568768999883172],[-81.69943400019169,30.568204000033628],[-81.6995050003368,30.567968999811665],[-81.69958900000239,30.56776100025934],[-81.69971299985095,30.567575000252152],[-81.69987500023265,30.567314000351892],[-81.70011899973181,30.56708400007108],[-81.70035599955827,30.566824999848652],[-81.70065799968206,30.566625999649958],[-81.7008300001095,30.566505999729355],[-81.70105000021753,30.566378000269186],[-81.70124299966307,30.56622000017087],[-81.70137400008264,30.56607399971416],[-81.70155200035788,30.56592600034087],[-81.70164600006919,30.565742000157083],[-81.70166000031291,30.565545999661477],[-81.70160000003844,30.56515999980874],[-81.7015320002664,30.564904999620648],[-81.7014629997711,30.564703999855457],[-81.70116599967018,30.564305999630456],[-81.70099300031613,30.563930000137564],[-81.70109000040051,30.563758000221156],[-81.70121699972381,30.563650000045875],[-81.70138199958025,30.563552999814572],[-81.70204600010229,30.563461000223302],[-81.70259500009828,30.56344900000115],[-81.70287499958245,30.563468999854898],[-81.70381799976374,30.56356000006576],[-81.7041030001691,30.563588000291997],[-81.7043779996304,30.563599000351033],[-81.70459199989065,30.56364299980116],[-81.704757999572,30.56373399984882],[-81.70487499974786,30.56389399964062],[-81.70494500006807,30.56407399967115],[-81.70499399957355,30.564231000031075],[-81.7050320001067,30.564389000274705],[-81.70506200024391,30.564694000056353],[-81.70507399993949,30.564805000243616],[-81.70510400007672,30.564971999965522],[-81.70512499999312,30.56515000005664],[-81.70507399993949,30.565304999965605],[-81.70503399975651,30.565440000183536],[-81.70494800044112,30.56560399998359],[-81.70485499965638,30.565792000149063],[-81.70472999998289,30.56592600034087],[-81.70459100006573,30.56604399996397],[-81.70384100022828,30.566593999840347],[-81.70370599961075,30.56673300026615],[-81.70362799979296,30.56685999991912],[-81.70357000006662,30.566974999619724],[-81.70355900019598,30.567079999630902],[-81.70358400031034,30.567173999875997],[-81.70365700010528,30.567256999613424],[-81.70374099977086,30.56730899981352],[-81.70383799985524,30.56734000005338],[-81.70393499993962,30.567359999878516],[-81.70409200029844,30.567359999878516],[-81.70429700033786,30.567348000138626],[-81.70474300040169,30.567281999995746],[-81.70493599984722,30.567261000046297],[-81.70514099988664,30.567197000061988],[-81.70533300040559,30.567143999692476],[-81.70555099996547,30.567143000356523],[-81.7057919999899,30.567109999834233],[-81.70599700002929,30.567066999746153],[-81.70680499959307,30.56702100008059],[-81.70698600024134,30.56697799995312],[-81.7074199997113,30.566861000031423],[-81.70786599977515,30.56677499961559],[-81.70799800001963,30.566742999855084],[-81.70811799967024,30.566700999718357],[-81.70840700027354,30.566542000030505],[-81.70855100021357,30.56645800033832],[-81.70867099986418,30.56639399982419],[-81.70881599962914,30.56636300005551],[-81.709044999958,30.566267000334676],[-81.7094049998081,30.565994000101874],[-81.70957499968742,30.565895999771406],[-81.70976100035858,30.565858999881346],[-81.70995499962902,30.565865999966153],[-81.71008799969842,30.565920999730896],[-81.71020700042241,30.566000000055716],[-81.710475000211,30.566247999629354],[-81.71059099966365,30.566346000377735],[-81.71067299967942,30.566459999797733],[-81.71073200012897,30.566577000203054],[-81.71087000022122,30.566804999913163],[-81.71100199956739,30.566959000160548],[-81.71113100033713,30.567137999809333],[-81.71121199962967,30.56728400021165],[-81.71133499965332,30.567546999629695],[-81.71142400024009,30.56767900028353],[-81.71154700026374,30.56790599962249],[-81.71165199984571,30.568029999759425],[-81.71175899997584,30.568152999638873],[-81.71186399955782,30.568253000205686],[-81.71196999986306,30.56834299969947],[-81.71205100005389,30.56847000033854],[-81.71212499967375,30.568581000072715],[-81.71223699982673,30.56869800024032],[-81.7124889997218,30.56891099978652],[-81.71311399988578,30.56952000003742],[-81.71345600019255,30.56977000005841],[-81.71385700005055,30.570015999889385],[-81.71427600035021,30.570257000256994],[-81.71475300037618,30.570508000000107],[-81.71517599997549,30.57076999988649],[-81.71551599973411,30.57098699980268],[-81.71594000005663,30.571235999842674],[-81.71643799999902,30.5714079996492],[-81.71674799962041,30.571461000009258],[-81.71705700031521,30.571431999669905],[-81.7174869995872,30.571367000051236],[-81.71773799965736,30.571329999927595],[-81.71794000022204,30.571281999829775],[-81.71833799970697,30.571144999871116],[-81.7187119998008,30.57100699964933],[-81.71973500034805,30.57058500030877],[-81.71998700024312,30.57046800009689],[-81.72024099978802,30.57045800011848],[-81.72043499995678,30.570519000047895],[-81.7206120004071,30.570666000075285],[-81.72081700044652,30.57091899967444],[-81.72099599964834,30.57114800007555],[-81.721154999657,30.571406000291727],[-81.72134999965067,30.571673000386404],[-81.72150700000951,30.571851999844295],[-81.72163000003316,30.571967999873962],[-81.7217389998131,30.571987000232284],[-81.72188299975315,30.571934000159658],[-81.72200300030207,30.571848999661643],[-81.72211100025709,30.571723999703895],[-81.72220599979335,30.571555999940028],[-81.72238400006856,30.57115900005076],[-81.72244400034302,30.57093900030857],[-81.72246600008434,30.570647000231652],[-81.72247600013007,30.570312999929314],[-81.72247299975703,30.57000000015831],[-81.72245799968842,30.56960400017201],[-81.72242099987848,30.569176000384637],[-81.72243400029728,30.56877900003571],[-81.72246500025942,30.56842000017986],[-81.72254499972703,30.56811200021201],[-81.72265199985716,30.567807999676553],[-81.72284299965287,30.56753600001829],[-81.7231680002412,30.5673159997937],[-81.72350399980186,30.567147000020594],[-81.72394999986572,30.566905000322667],[-81.72487600032856,30.566410000150043],[-81.72553800030248,30.566000000055716],[-81.72577799960366,30.56589400030031],[-81.72593800033555,30.565886000095162],[-81.72603899971958,30.565959999840576],[-81.72608499975033,30.56620600005181],[-81.72614300037496,30.566540999914906],[-81.7261669997661,30.56705499997003],[-81.72620600012415,30.567387999781516],[-81.72622200001769,30.56762700028177],[-81.7262789999191,30.567724000307102],[-81.7264050003158,30.567756999847084],[-81.7265259997913,30.567752000105045],[-81.72665399983781,30.567680999717755],[-81.72675400029524,30.5675569999082],[-81.72688800018953,30.567349000245915],[-81.72706999976442,30.567109999834233],[-81.72724899986456,30.56695100004323],[-81.72763499965393,30.56656099990476],[-81.72789099974698,30.566383000082038],[-81.7281100000301,30.566237999989458],[-81.72838600021461,30.566080999783473],[-81.72874100004185,30.565909999935133],[-81.72897100019564,30.565706000332508],[-81.72910400026501,30.565445000044743],[-81.72912199980837,30.565222000105003],[-81.72915299977052,30.564983999999296],[-81.72914100007493,30.564690000291137],[-81.72907999997558,30.56447999962267],[-81.72893500021063,30.56442300031306],[-81.72878100022483,30.564481999896348],[-81.72863599956156,30.564602000000022],[-81.72852400030689,30.56475300024836],[-81.72841100032896,30.56497400022912],[-81.72827300023671,30.56517699969428],[-81.72811500005298,30.565252000109396],[-81.72794000015078,30.565248000367184],[-81.72752699969891,30.564986999620768],[-81.72728300019975,30.564876999774565],[-81.7270680001146,30.564782999624263],[-81.72686200025028,30.564678000221004],[-81.72660199995929,30.56459300032616],[-81.72628800013992,30.564509999856497],[-81.7260260001991,30.564417999625668],[-81.72579100002245,30.56430699976916],[-81.72558400033323,30.564138000168818],[-81.72538000011872,30.563953999687943],[-81.72524700004932,30.563736000137904],[-81.72516800040661,30.563526999871666],[-81.72513400007142,30.563274999706962],[-81.72517900027727,30.562740999736516],[-81.72529100043027,30.56217299987976],[-81.72537099989789,30.56187699983494],[-81.72546600033245,30.56158900022075],[-81.72555099982296,30.56133500009873],[-81.72572700044836,30.561133999899404],[-81.72609999981894,30.560730999623214],[-81.72618900040572,30.560545000061726],[-81.72622899969036,30.56036800021036],[-81.72628599959178,30.560163000376694],[-81.72636000010995,30.55990899961601],[-81.72646300004212,30.559729000367703],[-81.72658799971556,30.559578000035945],[-81.7267860000823,30.559444000359246],[-81.72699600014458,30.559361000126177],[-81.72720799985669,30.55939400019006],[-81.72737699991107,30.55955800015366],[-81.72747800019343,30.559771999840294],[-81.72754199976752,30.560010999763826],[-81.72764999972256,30.560312000211997],[-81.72778299979196,30.5605850001888],[-81.72788099970124,30.560854999648463],[-81.72795799969413,30.561138999982578],[-81.72796100006718,30.561410999784727],[-81.7278630001579,30.56168700026065],[-81.72772800043867,30.561936000192922],[-81.7276029998669,30.56211599998836],[-81.72760799988976,30.56220300005341],[-81.72770999999702,30.56228200031164],[-81.72784100041657,30.562386999987385],[-81.72800700009793,30.562477999666065],[-81.72828099973431,30.56254600029669],[-81.72870599988177,30.56258000020743],[-81.7291510001207,30.562596999771568],[-81.72954899960563,30.562612999950098],[-81.73005199957088,30.56260400009169],[-81.73054500038869,30.562532999804443],[-81.73093500037602,30.562417000094918],[-81.73133299986098,30.562174000040397],[-81.731665000122,30.561864000026535],[-81.73186500013853,30.561623999859602],[-81.73195700020004,30.56134400007486],[-81.73196999972052,30.56107300025686],[-81.73184400022214,30.560838999953518],[-81.731516999984,30.56056800027222],[-81.73118200024824,30.560282000227247],[-81.7307090004202,30.559780999961383],[-81.73050799968046,30.5593980001736],[-81.7304120003193,30.559199000212228],[-81.73027599987687,30.559041000026138],[-81.72997399975307,30.55873299967777],[-81.72988099986665,30.558591999772297],[-81.72983300018608,30.55845000023645],[-81.72981300009458,30.558256000109825],[-81.72985300027756,30.558107999640757],[-81.72990099995812,30.55797199984698],[-81.72998499962372,30.557842999752758],[-81.73009099992895,30.557698000047786],[-81.7301939998611,30.557606000320007],[-81.73030500018918,30.5574980002592],[-81.73042999986265,30.55737600023223],[-81.73058600039657,30.557149999675556],[-81.73067199971199,30.55704199988086],[-81.73076100029876,30.55698799993843],[-81.73086900025379,30.556964000212243],[-81.73099300010234,30.556971000165227],[-81.73112299979869,30.556986999724348],[-81.73123599977659,30.557051000255143],[-81.73135899980024,30.55713599979491],[-81.73147699980102,30.557249999979934],[-81.73173200006916,30.55755099970957],[-81.7320180002994,30.557770999643573],[-81.73216499971419,30.55786400019354],[-81.73227500021737,30.55798600038059],[-81.73241099976148,30.55812200015475],[-81.7325310003104,30.558218000199087],[-81.73273200015184,30.558416999851488],[-81.73300199959027,30.558594000167353],[-81.73314300005559,30.558613000050997],[-81.73345900042307,30.558615999869424],[-81.7336939997014,30.558599000381403],[-81.73388600022035,30.558613000050997],[-81.73406199994744,30.558639999960636],[-81.7342560001162,30.55872099964444],[-81.73440599990401,30.55888499997187],[-81.73443000019348,30.559077000003025],[-81.73452599955462,30.559441999981708],[-81.73461299959325,30.55947899999824],[-81.73472200027152,30.559464000265027],[-81.73483199987638,30.559418000088847],[-81.73500500012875,30.559264000248398],[-81.73521000016814,30.5590309996434],[-81.73536300032902,30.558747000101576],[-81.73575599979111,30.558064000001348],[-81.73631099963488,30.557088999849263],[-81.73655300038253,30.55648099991622],[-81.736529999918,30.5563270000564],[-81.73649700030603,30.55619900031844],[-81.73640699989434,30.556119999749278],[-81.73632999990144,30.556071999861604],[-81.73618000011363,30.556068999964527],[-81.73603199997562,30.556091000239007],[-81.73589999973115,30.55615000024713],[-81.73569800006477,30.55624300002983],[-81.73553300020833,30.556377999705518],[-81.73535800030614,30.556570000055324],[-81.7352210000388,30.556706999710162],[-81.73504799978643,30.55682700014668],[-81.7348970001737,30.55690200005409],[-81.73478099982275,30.556896999752656],[-81.73468799993633,30.556828999804612],[-81.73458199963112,30.55669500019982],[-81.73452399990481,30.556468000158503],[-81.7345160004072,30.556178000290927],[-81.73447700004913,30.55530399997808],[-81.734482000072,30.554842000251156],[-81.73448000042218,30.55445099993611],[-81.73438800036068,30.55399199997811],[-81.7342350001998,30.55354000037066],[-81.73393800009887,30.553116000359033],[-81.73365500024167,30.552774000306464],[-81.73335700031582,30.55252900034006],[-81.73310600024567,30.5522579998874],[-81.732983000222,30.552005999855233],[-81.73297400000119,30.551827000140992],[-81.73299099971962,30.5517389997888],[-81.73304400032139,30.551626999858087],[-81.73316099959892,30.551533000023728],[-81.73331499958472,30.55148399991762],[-81.73349399968487,30.55148399991762],[-81.73360500001294,30.551529999986364],[-81.73378800031105,30.551626000362365],[-81.73397099971083,30.551799999883183],[-81.73426000031417,30.551996999786716],[-81.73454099962323,30.552139999745044],[-81.73479699971628,30.5522169999329],[-81.73508999961923,30.552171999679828],[-81.7353609997809,30.552171999679828],[-81.73568100034633,30.552407999743302],[-81.73589300005844,30.55259599994712],[-81.73605500044015,30.55263800000049],[-81.73614900015147,30.55263800000049],[-81.73628200022088,30.55256599989788],[-81.73636500006154,30.552434000344583],[-81.73655300038253,30.55201600018824],[-81.73668999975155,30.55148399991762],[-81.7369319996009,30.550551000377137],[-81.7370939999826,30.550232000136212],[-81.73727100043294,30.550082000012214],[-81.7376010001458,30.550036000030875],[-81.73774400026095,30.54997200028971],[-81.73777900042103,30.549861000155026],[-81.73776400035243,30.549674000358987],[-81.73771499994862,30.549452000054863],[-81.73756699981062,30.549167000038835],[-81.73748300014505,30.548914999718537],[-81.73745399983271,30.548604000373942],[-81.73730599969471,30.548399999976684],[-81.73707499971603,30.54828900036543],[-81.73660199988801,30.54817400018137],[-81.73629200026662,30.54817400018137],[-81.73593700043936,30.548194999619714],[-81.7356369999654,30.54816100008467],[-81.735247999803,30.54804200007118],[-81.73481400033303,30.547866999695337],[-81.7345039998133,30.54777800008613],[-81.73438099978966,30.54756900026568],[-81.73433700030705,30.547339000376418],[-81.7342279996288,30.5472450002581],[-81.734081000214,30.54726200018751],[-81.73392300003026,30.547312999957757],[-81.73374599957994,30.547351999809543],[-81.73364699984575,30.54727900011389],[-81.73363299960202,30.54716400028068],[-81.73364199982286,30.54703700038058],[-81.73372600038677,30.546858000013895],[-81.73382000009809,30.54664899976024],[-81.73399199962722,30.546381000109257],[-81.73413499974237,30.54618499996542],[-81.73431700021558,30.546103999877293],[-81.73451899988193,30.546065000297848],[-81.73481400033303,30.54607000038369],[-81.73507500044893,30.5461330000503],[-81.73540000013895,30.546236000301462],[-81.73574499992044,30.546448999640393],[-81.73598599994487,30.54666200005935],[-81.73627200017515,30.5467849999468],[-81.73658199979653,30.546951000189395],[-81.73678900038408,30.547088000269017],[-81.73703500043136,30.54712200017978],[-81.73725700018922,30.54706600027491],[-81.73746800007643,30.54692200026073],[-81.73762600026016,30.546636000233047],[-81.73770499990289,30.54636400002564],[-81.73766499971991,30.54612499976337],[-81.7374880001679,30.545937999733827],[-81.73716299957958,30.545840000037856],[-81.73675900024686,30.545796999808484],[-81.73638500015305,30.54570299974449],[-81.73603600017357,30.545452000049504],[-81.73571499978321,30.54511500020912],[-81.73565100020912,30.544859999958845],[-81.7357700000348,30.544629999841323],[-81.73611399999137,30.544322999753778],[-81.73662100015459,30.54407200035966],[-81.73702500038563,30.543829000019805],[-81.73735500009852,30.54362900028039],[-81.73765100037451,30.543399000341566],[-81.73789700042181,30.54306600022168],[-81.73800500037686,30.542827999938023],[-81.73800000035398,30.54274300024796],[-81.7379459999273,30.5426279996842],[-81.73782299990366,30.542529999742147],[-81.73774900028381,30.542512000168358],[-81.73756699981062,30.542440000292395],[-81.73720299976256,30.54239700010466],[-81.73672499991166,30.542427000201673],[-81.73635599984073,30.54245700028942],[-81.73596199965542,30.54249100027448],[-81.73553300020833,30.542385000372747],[-81.73532200032115,30.542264999877112],[-81.73519799957427,30.542137999758456],[-81.73518900025175,30.541954000120427],[-81.735247999803,30.54177099973094],[-81.73540000013895,30.54158799977028],[-81.73568600036921,30.541401000287077],[-81.73604000037153,30.541246999714133],[-81.73637000008442,30.54115800022617],[-81.73674500000315,30.541123999774396],[-81.73702000036276,30.541084999742118],[-81.73719799973966,30.54102100029],[-81.73732099976334,30.54091900030231],[-81.73741899967261,30.540795999947125],[-81.73749800021363,30.540590999782633],[-81.73748300014505,30.54038700034417],[-81.73735500009852,30.540160999692308],[-81.73704999960167,30.53971800033944],[-81.7369459998446,30.53953500037849],[-81.73684299991244,30.53927899977836],[-81.73676400026972,30.53897700024589],[-81.73669999979731,30.53862699977171],[-81.73678400036121,30.538303999733692],[-81.73697099995897,30.53802199994555],[-81.73715300043216,30.53782199985195],[-81.73724700014348,30.537710999753802],[-81.73727499973258,30.537624999813563],[-81.73725600036433,30.53747700038596],[-81.73714800040928,30.537337000197056],[-81.7370300004085,30.53710200028289],[-81.7370649996703,30.536932000089323],[-81.73723200007487,30.536765999740588],[-81.737403999604,30.5367019997634],[-81.73769999988001,30.536646999688898],[-81.73805399988234,30.536539999947053],[-81.73826599959445,30.536411999652664],[-81.73841899975531,30.536241999798857],[-81.73845300009052,30.535972999622494],[-81.73842399977819,30.535688000276753],[-81.73823700018045,30.535189999738503],[-81.73816799968516,30.534882999983388],[-81.73827099961731,30.53468699984399],[-81.73842399977819,30.534571999799137],[-81.73861600029714,30.534528999996315],[-81.73883700023006,30.534524999761803],[-81.73910800039172,30.534576000031702],[-81.73944300012747,30.534656999677214],[-81.73963499974809,30.534712000104808],[-81.73977299984035,30.534707999877813],[-81.7399800004279,30.534635999632297],[-81.74015199995704,30.53451700006596],[-81.7403100001408,30.53432899967373],[-81.74060999971644,30.533933000373423],[-81.74108799956733,30.533422000373744],[-81.74127000004053,30.53326800030241],[-81.7414370004451,30.53324299966997],[-81.7417129997313,30.53326800030241],[-81.7419589997786,30.53330199963576],[-81.74217100038902,30.533315000174245],[-81.74233799989528,30.53325100024442],[-81.74250600012476,30.533118999965904],[-81.74262400012556,30.532893000198058],[-81.7428109997233,30.532548000247214],[-81.74298800017363,30.532232999995735],[-81.74314100033452,30.53206299979186],[-81.74334300000085,30.531982000304655],[-81.7435990000939,30.531955999642932],[-81.74382500004972,30.531972999927557],[-81.74401199964747,30.532029000024863],[-81.7443029999006,30.532105000215807],[-81.74450499956697,30.532161000237018],[-81.74475099961425,30.532186000374224],[-81.74496300022467,30.532194999957774],[-81.74518900018049,30.532194999957774],[-81.74548999958105,30.532169000126878],[-81.74581500016937,30.53211000024665],[-81.74608100030817,30.53200699971415],[-81.74639099992956,30.531849999849275],[-81.74657800042563,30.531619999870006],[-81.7466810003578,30.531398000073334],[-81.74679900035855,30.53102799980063],[-81.74692300020712,30.53081900029736],[-81.74713900011719,30.53077199999175],[-81.7474000002331,30.53082299991077],[-81.74763200003667,30.530971999900128],[-81.74784799994674,30.531082999961736],[-81.7481390001999,30.531151000145954],[-81.7485619997992,30.53117200017048],[-81.74893199969505,30.53122400035902],[-81.74927099962876,30.53134300009056],[-81.74962299998126,30.53145200032153],[-81.75614099961305,30.531149999665686],[-81.7637479999143,30.53491599985743],[-81.76531500043467,30.51866200003762],[-81.76531600025957,30.518652000139358],[-81.76532200010736,30.518440000041906],[-81.7816239997578,30.503335999809646],[-81.79111200039878,30.505532999803194],[-81.79113699961482,30.505535999713207],[-81.79119299969132,30.50554000036712],[-81.79145399980725,30.5055000000126],[-81.79158799970155,30.50555699985488],[-81.79166499969443,30.50560999978692],[-81.79491799966253,30.50540599965654],[-81.8017940003929,30.494834999884056],[-81.80193199958686,30.494656000103227],[-81.80952600036764,30.48453700024063],[-81.82332700043557,30.47353699965206],[-81.82340500025337,30.473477000282188],[-81.83121199967286,30.46744899965196],[-81.83122699974147,30.467436999959855],[-81.83453999998403,30.464324999703855],[-81.83712400030554,30.462028999869556],[-81.8372270002377,30.46193700017039],[-81.84325199994997,30.456592000221605],[-81.84342699985216,30.456437000361028],[-81.85911799958232,30.442473999766],[-81.86602799974959,30.436325999835596],[-81.86610700029061,30.436256000165102],[-81.86620699984972,30.436257000072196],[-81.86629100041363,30.43625899988646],[-81.86988400014036,30.4329819998519],[-81.88015699988058,30.423619000340867],[-81.88092799963441,30.42283700027761],[-81.88241999981172,30.42151400033486],[-81.89096600009631,30.41393699986377],[-81.8987580003455,30.40699999972213],[-81.89882899959228,30.406936999832464],[-81.89889700026266,30.406868999635446],[-81.89942899964191,30.406336999694652],[-81.90304599965808,30.40311499995694],[-81.91592899965909,30.391637000334455],[-81.91628600003446,30.391351999914857],[-81.91736099956191,30.390492000310985],[-81.9173880002244,30.39046999978393],[-81.9174290002323,30.39043699975893],[-81.93540800000797,30.374056999746298],[-81.93542999974927,30.374036999708153],[-81.93548599982576,30.37398899990993],[-81.93549500004659,30.37398100019961],[-81.93555399959783,30.37393100005775],[-81.93822999998085,30.371637000303874],[-81.93832000039254,30.371560999651024],[-81.94356000010725,30.3671269997241],[-81.94602999972763,30.36503699986878],[-81.94614799972842,30.364927000311628],[-81.94619600030731,30.364883000144108],[-81.94626300025445,30.364832000136563],[-81.9518429997278,30.359879999768193],[-81.95222600004246,30.359539999651012],[-81.95240599996751,30.35936799969785],[-81.95243199990678,30.35934300015719],[-81.95487200028823,30.356995999910243],[-81.95499799978661,30.356883999946632],[-81.95695000027145,30.355186999701786],[-81.9580519995631,30.354223000360626],[-81.96143799960059,30.35126200024896],[-81.96205600009188,30.350720999812687],[-81.96290800003656,30.349975999641018],[-81.96447999968149,30.3485569999407],[-81.96650900015922,30.346805999992544],[-81.97413900002668,30.33998899980945],[-81.97443100010474,30.33973700010372],[-81.97743100035287,30.33693699978429],[-82.00796400024156,30.30927000017708],[-82.00837099994733,30.308903000213796],[-82.00838400036614,30.308896000270888],[-82.01020999955594,30.30726499994262],[-82.01026599963244,30.307214000159536],[-82.01040700009774,30.30708799971484],[-82.01044800010564,30.307051999668836],[-82.01051300040297,30.306995000150653],[-82.01149900024195,30.306116999724374],[-82.0120299997963,30.30563899963465],[-82.01514600039538,30.302956000141492],[-82.0153389998409,30.30278999993172],[-82.01535999975731,30.302772000284484],[-82.01563199974387,30.302537000192633],[-82.01578599972964,30.30240299980883],[-82.0240330002635,30.295235999638717],[-82.02417800002847,30.295133000141433],[-82.02419999976975,30.295117000239955],[-82.02473200004734,30.29473700026111],[-82.02487599998737,30.294610000264466],[-82.03688600012725,30.28403399970012],[-82.03716999980938,30.28378400019059],[-82.03754200025337,30.283457000115803],[-82.04318700002406,30.278564999692083],[-82.04911999967483,30.27343399969691],[-82.04923199982782,30.273336999939634],[-82.04923600002577,30.273431999654903],[-82.0492519999193,30.273430999633884],[-82.04930299997291,30.273429999612812],[-82.04931999969136,30.273429999612812],[-82.04931700021665,30.273407999923325],[-82.0493280000873,30.273357999623265],[-82.04933099956202,30.273340000005522],[-82.04931800004154,30.27240199975533],[-82.04927899968348,30.2695899996532],[-82.04926699998792,30.26865300010392],[-82.04925799976708,30.267969999774348],[-82.04919800039094,30.263594999831536],[-82.0489909998034,30.248421000224564],[-82.04892300003134,30.243363999755104],[-82.04891600035863,30.243212000343213],[-82.04890299993984,30.242944000337765],[-82.04884500021353,30.2416859997652],[-82.04882599994696,30.24126699973371],[-82.04881599990122,30.241033000153774],[-82.04881699972611,30.240978000237995],[-82.04884100001559,30.240112000116635],[-82.0488500002364,30.23982399991618],[-82.04887100015279,30.239066999854384],[-82.04892399985624,30.2371759996132],[-82.04892899987912,30.236795999612372],[-82.04893999974976,30.236039999915388],[-82.04896800023717,30.233942999633303],[-82.04905399955258,30.227651999740523],[-82.04907600019222,30.226080999656883],[-82.04908100021507,30.22555499985116],[-82.04912899989566,30.220693999838364],[-82.04915099963696,30.218481000125724],[-82.04927200001079,30.20611100012554],[-82.04927899968348,30.205446000265614],[-82.04931899986646,30.201433999641196],[-82.04931999969136,30.2013050001453],[-82.04931999969136,30.20124999974909],[-82.0493210004146,30.20107500011916],[-82.04932499971423,30.19976599994595],[-82.04934300015589,30.19531399986022],[-82.0493490000037,30.19382999987056],[-82.0493790001409,30.19283799970284],[-82.04947100020242,30.189866000184416],[-82.04950200016457,30.188874999790524],[-82.04941099992796,30.186932999706578],[-82.04836499981451,30.186933999831194],[-82.04523099967209,30.186938000329743],[-82.04418600028184,30.18693999980244],[-82.04350500004138,30.186940999926996],[-82.04150599970089,30.186933999831194],[-82.03346699957949,30.186906000219608],[-82.03109900006636,30.18689799999635],[-82.03078799972174,30.186900000246364],[-82.02870600043889,30.186906000219608],[-82.02246400009331,30.186926000386716],[-82.02045100040742,30.186932999706578],[-82.02038299973704,30.186932999706578],[-82.02031099976702,30.186932999706578],[-82.02025399986562,30.186865999873227],[-82.02022999957616,30.186838000242314],[-82.01997000018348,30.186821999784023],[-82.01907899988072,30.186769000091704],[-82.01878299960471,30.186752000272243],[-82.0185340000827,30.18674299990985],[-82.01825799989817,30.186739000179966],[-82.01668600025324,30.186717999848025],[-82.0161620003716,30.186710999736437],[-82.01614999977772,30.186710999736437],[-82.0161270002115,30.18671299999019],[-82.01602400027933,30.186724999959168],[-82.01598999994414,30.186729999816382],[-82.01594999976116,30.186728999689677],[-82.01583400030854,30.186728999689677],[-82.01579499995047,30.186728999689677],[-82.01577999988187,30.186728999689677],[-82.01543500010037,30.186726000085912],[-82.01442999999479,30.1867200001017],[-82.01441099972823,30.186718999974893],[-82.01407000014467,30.18671000038599],[-82.01393200005242,30.18671199986332],[-82.01342499988922,30.18669700028817],[-82.01149300039418,30.186638999890434],[-82.01142999974668,30.1866379997628],[-82.01095199989578,30.18661999979293],[-82.01084899996364,30.186616000057995],[-82.01075100005433,30.186612000322896],[-82.01045700032645,30.186600999691716],[-82.01036000024209,30.186598000084107],[-82.00599800041134,30.18654699975187],[-82.00368600007639,30.18657699972209],[-82.00352700006772,30.18657899997863],[-82.00339300017342,30.186571999857104],[-82.00320999987532,30.18655000013754],[-82.00312299983668,30.1865380001473],[-82.00278200025315,30.18649199965332],[-82.00276600035961,30.18649199965332],[-82.00272000032886,30.18649199965332],[-82.00270500026025,30.18649299978243],[-82.00258399988643,30.186496000169807],[-82.00246400023583,30.186499999909564],[-82.00223400008205,30.186505999907236],[-82.0022230002114,30.186505999907236],[-82.00210299966248,30.18650900029417],[-82.00204099973821,30.186509999646585],[-82.0020049997532,30.186510999775567],[-82.0019699995931,30.186511999904486],[-82.00188299955447,30.18651300003339],[-82.00185800033843,30.18651300003339],[-82.00179700023905,30.186514000162333],[-82.0006249997289,30.1865299998941],[-81.99802899971183,30.186568000120285],[-81.9971120003681,30.18658100023513],[-81.9959420004061,30.186598000084107],[-81.99536300027287,30.186598000084107],[-81.99411100029508,30.186598000084107],[-81.99362800042132,30.186616000057995],[-81.99305000011302,30.1866379997628],[-81.99263900020928,30.186653000123457],[-81.99140599959976,30.186698999765753],[-81.99099600041924,30.18671500024398],[-81.99095299986321,30.18671699972119],[-81.99044900007307,30.186735999800042],[-81.99040800006517,30.18673499967335],[-81.98864399990133,30.186717999848025],[-81.98805600044558,30.18671299999019],[-81.98627999968785,30.18669700028817],[-81.98564500037644,30.186690000175027],[-81.98047199971056,30.186638999890434],[-81.97876399962318,30.18662200004854],[-81.9784129999939,30.186618000313747],[-81.978039999725,30.186614999930132],[-81.97600299974968,30.18659599982795],[-81.97482899958969,30.186583999843258],[-81.9744829999833,30.18658000010691],[-81.97130700000807,30.186549000009016],[-81.97022800028266,30.186539000275953],[-81.970133999673,30.186539000275953],[-81.96888800044131,30.186539000275953],[-81.96697100011659,30.186539000275953],[-81.96515000005132,30.186539000275953],[-81.96390399992131,30.186539000275953],[-81.96372800019422,30.186539000275953],[-81.96308100028894,30.18651799990143],[-81.9606149999682,30.18643999991308],[-81.96020200041464,30.186426999779624],[-81.95979300016073,30.18641499977435],[-81.95893799984299,30.186396999763716],[-81.95637399961296,30.186343999842652],[-81.95552000001844,30.186326999949845],[-81.95499399958864,30.186330999696526],[-81.95341899957069,30.186346000103924],[-81.95289399986412,30.18635200011092],[-81.95285200003133,30.18635200011092],[-81.95262199987756,30.186354000372024],[-81.9520750004297,30.186365000254327],[-81.94962099980454,30.186419000293903],[-81.94880300019503,30.18643700030056],[-81.9471329997425,30.186485000302127],[-81.94406200024758,30.186575000242026],[-81.94212499983136,30.186630999645487],[-81.94096400009018,30.18666500009974],[-81.94045600010207,30.186679999679765],[-81.94038499995695,30.186679999679765],[-81.94017200041993,30.186684000188567],[-81.94010200009973,30.18668500031578],[-81.94004500019834,30.186685999666416],[-81.93987399959579,30.186691999652762],[-81.93981800041762,30.18669399990696],[-81.93956099960134,30.186703000273777],[-81.93879200039564,30.186733000196494],[-81.9385360003026,30.18674299990985],[-81.93801700044382,30.18674099965671],[-81.9364599999692,30.186736999926673],[-81.93627800039432,30.186736999926673],[-81.93594199993535,30.186735999800042],[-81.93530199970274,30.186747999766162],[-81.9333829997282,30.186787000034347],[-81.93281600018884,30.186797999868315],[-81.93274400021882,30.1868000001203],[-81.93096900018432,30.186834999865358],[-81.92964000021364,30.186862000148277],[-81.92564499990569,30.18693999980244],[-81.92387099969608,30.18697599962194],[-81.92317600011023,30.186968000180872],[-81.921498999985,30.18695199974375],[-81.92109399992904,30.18694699989781],[-81.9204000001681,30.186940999926996],[-81.92022600009082,30.18693899967781],[-81.91973300017132,30.186948000022287],[-81.91773499965574,30.186988999682995],[-81.91707000020709,30.187002999866223],[-81.91704099989478,30.187009999957116],[-81.91695399985613,30.18703100022673],[-81.91692600026705,30.18703899966276],[-81.91616600038385,30.18705799967944],[-81.91388599983597,30.18711900019877],[-81.91312599995277,30.187139000322624],[-81.91309300034081,30.187141999913756],[-81.91299500043152,30.187163000155245],[-81.91296199992124,30.187158999665908],[-81.91276000025486,30.187156000075284],[-81.91215400035746,30.18714899999476],[-81.91195199979278,30.187146999749814],[-81.9107340001502,30.187132000240894],[-81.909818999558,30.187150000117203],[-81.90783799965915,30.18719199981584],[-81.90341999975189,30.18727999964402],[-81.90335399962966,30.187281999886235],[-81.90128800024031,30.187324000305086],[-81.8991940003636,30.18736599992953],[-81.89291199983504,30.187493999709837],[-81.89081899978322,30.187537000156787],[-81.89079000036922,30.187537000156787],[-81.89077100010265,30.1875380002753],[-81.89073599994254,30.1875380002753],[-81.8907250000719,30.187538999617335],[-81.89070800035346,30.18754099985428],[-81.89067200036844,30.187538999617335],[-81.89065999977456,30.187539999735808],[-81.88685899963536,30.18761799962949],[-81.8754550002912,30.187855000062424],[-81.87165499997691,30.18793399982118],[-81.87160200027346,30.187934999935646],[-81.8714420004399,30.187938000279043],[-81.87138999966305,30.187939999731434],[-81.87072100001645,30.18795499989379],[-81.86871599982817,30.18800199981832],[-81.86804800000647,30.18801800008485],[-81.86507600024576,30.188087000136964],[-81.85972000018008,30.188213999645104],[-81.85616099989024,30.188297000335677],[-81.85318999995444,30.188367999635993],[-81.853137000251,30.188374999629875],[-81.85297900006724,30.188395000275175],[-81.8529270001887,30.188403000376844],[-81.85269399966188,30.188432999781753],[-81.85241199962957,30.188471000050164],[-81.85199200040333,30.188474999709786],[-81.85175800005159,30.18847800003673],[-81.8517299995642,30.18847800003673],[-81.85164699972351,30.18847800003673],[-81.85161999995933,30.188479000145676],[-81.84882800012367,30.188507000086577],[-81.84764599956777,30.188519999945566],[-81.84736199988565,30.18852300027114],[-81.8461469997178,30.18853600012795],[-81.84594500005143,30.188538000344707],[-81.84571800027071,30.188539999784926],[-81.84271499964953,30.188569999924542],[-81.8404519997184,30.188594000185024],[-81.83766099970765,30.188624000308256],[-81.83758500043798,30.188624000308256],[-81.8372270002377,30.18862699985416],[-81.83603200016134,30.18863999969726],[-81.83337900024284,30.188668000368885],[-81.83193599957104,30.1886820003135],[-81.83114700027383,30.18868999961536],[-81.83101699967918,30.188691999828986],[-81.82951899965411,30.188707999983432],[-81.82892100015262,30.188713999846605],[-81.8271300002246,30.18873200021029],[-81.8265329996497,30.188739000178295],[-81.8259910002247,30.188748000358235],[-81.825864999828,30.18874999979419],[-81.82497100005052,30.188764999833193],[-81.82171200023463,30.188820000215458],[-81.8103900000079,30.189009999887848],[-81.8092900003661,30.18902800019743],[-81.80902199967916,30.189032999937748],[-81.80863300041506,30.189039999884354],[-81.80825299957515,30.1890459997273],[-81.80752700002714,30.18905800018846],[-81.80551900036413,30.189092999907604],[-81.80526300027108,30.18909700031846],[-81.80479299991781,30.18910599968919],[-81.80436699994544,30.1891120003046],[-81.80405999979878,30.189118000143104],[-81.8031099999448,30.18913500033067],[-81.80309099967822,30.18913500033067],[-81.80298100007337,30.189136999758777],[-81.80282299988963,30.18914100016776],[-81.8026660004291,30.18913899996327],[-81.8025740003676,30.189125000083667],[-81.80229900000798,30.18908499986199],[-81.80220799977138,30.18907200007763],[-81.80141100007828,30.189057000085395],[-81.79902199975041,30.189013000198486],[-81.79822699970714,30.18899800019727],[-81.79273199972427,30.18901599973261],[-81.79236500020147,30.189090999702184],[-81.79220500036791,30.189092999907604],[-81.7917269996187,30.18909999984995],[-81.79156799961004,30.189103000157864],[-81.79086899982622,30.189108999996964],[-81.79070999981757,30.189110000099497],[-81.78813700026502,30.189132000023747],[-81.78728000029746,30.189140000065546],[-81.786234000184,30.189147000004557],[-81.78537700021641,30.189151999738822],[-81.78450699983007,30.18915899967693],[-81.77619099969922,30.1892180002451],[-81.77341999977999,30.18923900004394],[-81.77328900025874,30.18924000014515],[-81.77289900027138,30.189243999773538],[-81.77276899967673,30.189245999975903],[-81.7726399998053,30.18924700007705],[-81.772253000191,30.189250999705155],[-81.77212500014448,30.189252999907396],[-81.77056099999719,30.189270000071605],[-81.76587100010336,30.189322999971083],[-81.76452000039137,30.18933900002308],[-81.76430799978095,30.18933900002308],[-81.76007300017181,30.18933900002308],[-81.75663899955542,30.18933900002308],[-81.74790999987104,30.18933900002308],[-81.74736800044604,30.18933900002308],[-81.7432459999165,30.18933900002308],[-81.7431339997635,30.18933900002308],[-81.74306000014364,30.18933900002308],[-81.7429859996255,30.18933900002308],[-81.74270399959318,30.18934000012328],[-81.74249799972885,30.18934000012328],[-81.74240099964447,30.18933900002308],[-81.74229100003961,30.18933900002308],[-81.74020399983559,30.18933900002308],[-81.74001899988765,30.18933900002308],[-81.73947200043979,30.189328999796786],[-81.73922999969214,30.18932500017186],[-81.73892400026871,30.18932099977033],[-81.73830800032556,30.189745000277423],[-81.73829300025693,30.189754999684975],[-81.73665399976656,30.1908829997962],[-81.73504600013662,30.191989000129517],[-81.73421299956017,30.192563000163315],[-81.73436499989614,30.1928240003491],[-81.73418900016905,30.192952000023723],[-81.73399099980233,30.193097999874116],[-81.73366399956419,30.193336999661913],[-81.73349000038523,30.19346600028094],[-81.73177300007703,30.192953000087236],[-81.73171799982543,30.192934999718656],[-81.72917899970977,30.19216899996184],[-81.72539799966206,30.191029999691366],[-81.7253230002173,30.191007000107838],[-81.72520299966838,30.191008000191108],[-81.72173700016327,30.191054000128773],[-81.71762100037981,30.191107999926896],[-81.71584799999512,30.19113200034531],[-81.7113480000721,30.19119299989424],[-81.7110159998111,30.19119700021978],[-81.71089500033558,30.191198000301117],[-81.70953700005259,30.19120999972363],[-81.70908500014097,30.19121400004843],[-81.7087999997356,30.19120800033762],[-81.70864099972694,30.191167000103864],[-81.70840800009844,30.19109200016237],[-81.70823099964814,30.191021999803084],[-81.70804099967732,30.1909219999799],[-81.70776500039113,30.190759000104936],[-81.70759200013876,30.19065699984108],[-81.707510000123,30.190585999861486],[-81.70746699956698,30.190548999720555],[-81.70725300020506,30.1903649996739],[-81.70680200011834,30.18997799987598],[-81.70653599997956,30.18974999998133],[-81.70635699987942,30.189595999821925],[-81.70486499970211,30.189697999631775],[-81.70467899992929,30.189711000109977],[-81.70463299989854,30.189683999831583],[-81.70351200034033,30.18902499988725],[-81.70350099957135,30.18902499988725],[-81.7034420000201,30.189034000041108],[-81.7032789998135,30.18905999961812],[-81.7032160000643,30.189085999964764],[-81.70323399960765,30.189126000186047],[-81.70325299987422,30.189165000289112],[-81.7032789998135,30.18919899986856],[-81.70336000000434,30.18930599981602],[-81.70360600005164,30.18962699973728],[-81.70368800006742,30.189733999996168],[-81.70370599961075,30.18975799997294],[-81.7037309997251,30.189791000028542],[-81.70376300041048,30.189833000153932],[-81.70378199977873,30.18985900029651],[-81.70377400028113,30.189869999787323],[-81.70375800038761,30.189893999731005],[-81.7037519996415,30.189901999710912],[-81.703743000319,30.18991500016218],[-81.70353800027958,30.190199000155506],[-81.7029270003593,30.191054000128773],[-81.70273200036564,30.19132599975991],[-81.7027239999697,30.19134000010315],[-81.70270300005332,30.191368000007067],[-81.70264399960378,30.19145199967125],[-81.70262500023551,30.19148099962193],[-81.70250700023473,30.19146900023242],[-81.70215300023241,30.191434999883697],[-81.70203600005654,30.191423999791162],[-81.70188100024583,30.191439000199352],[-81.70031200007566,30.191558000198995],[-81.69964799955362,30.19153399988442],[-81.69937700029028,30.191512999798462],[-81.69928699987861,30.191508000184065],[-81.69901700044016,30.191496000021377],[-81.6989279998534,30.191491999708038],[-81.69883900016492,30.19148800017096],[-81.69878599956316,30.191484999935714],[-81.6987599996239,30.19148399985729],[-81.6987379998826,30.191482999778803],[-81.69849199983531,30.191470999613138],[-81.69824999998596,30.191460000301085],[-81.69816799997021,30.191454999907517],[-81.69797899982431,30.19144599997496],[-81.6978370004324,30.19143800012047],[-81.69741300010988,30.191417000014056],[-81.69727199964456,30.191410000236385],[-81.696935000259,30.191392000362164],[-81.6966900000366,30.191380000185355],[-81.69592599995546,30.191344999726084],[-81.69572400028909,30.1913349997035],[-81.69559000039479,30.191330000080043],[-81.69432199962516,30.191259999889876],[-81.6938949998279,30.19125500026263],[-81.69258699977362,30.191240999907357],[-81.69139300042048,30.191210999804838],[-81.69123100003877,30.191211999886086],[-81.68960800034023,30.19112200030107],[-81.68751899958805,30.190982999658914],[-81.68238500017853,30.190664999759015],[-81.68107999959896,30.190592999697703],[-81.67962599995484,30.190494999615918],[-81.68045399961008,30.186909999942774],[-81.68127399976774,30.1833559997951],[-81.68136199963128,30.182972000130377],[-81.68162699994515,30.181822999673674],[-81.6817159996336,30.181439999649516],[-81.68347599959951,30.17954000038185],[-81.68416000021304,30.178802000101538],[-81.68660300006923,30.176163999813546],[-81.68855999967862,30.174052000201186],[-81.68875600039551,30.17384000018474],[-81.69051600036141,30.17194000036812],[-81.69049999956958,30.171371999903055],[-81.690451999889,30.169670999959305],[-81.69043599999547,30.169103999926378],[-81.69038400011694,30.1672920002713],[-81.69023000013114,30.161856000288708],[-81.69021599988744,30.16133999977816],[-81.69036300020055,30.160052999918666],[-81.6907130000049,30.156990000100837],[-81.69102000015158,30.154313000245843],[-81.6916770001026,30.14857199999216],[-81.69176400014123,30.147801999742214],[-81.69189600038571,30.146656000278888],[-81.69211599959542,30.14473999986481],[-81.69181500019486,30.142338999686736],[-81.6904460000412,30.13980500005215],[-81.68641399992333,30.132338999899986],[-81.682798999557,30.125866000268196],[-81.68048799994527,30.121727999616905],[-81.68035200040116,30.121484000205005],[-81.6802150001338,30.121240000190184],[-81.67585999997576,30.12128400002085],[-81.66795700029678,30.121364000298524],[-81.66793300000734,30.121364000298524],[-81.66790799989299,30.121364000298524],[-81.66788199995372,30.121364000298524],[-81.66785500018953,30.121364000298524],[-81.66782599987722,30.121364000298524],[-81.66779599974,30.121364000298524],[-81.66776499977786,30.121364000298524],[-81.6677320001659,30.121364000298524],[-81.66769700000579,30.121364000298524],[-81.66766100002077,30.121364000298524],[-81.66762300038596,30.121364000298524],[-81.66758300020298,30.121364000298524],[-81.66754200019508,30.121364000298524],[-81.66749899963908,30.121364000298524],[-81.66745400033155,30.121364000298524],[-81.66740699957755,30.121364000298524],[-81.66738200036151,30.12136500031131],[-81.66735700024715,30.12136500031131],[-81.66318700003704,30.12140800007393],[-81.65096299963689,30.121536000015585],[-81.65051400009833,30.121541000070643],[-81.64996799957706,30.12178500011873],[-81.64975199966699,30.121882000120067],[-81.64720800042677,30.123020999800435],[-81.64222700027982,30.12525199985872],[-81.64166499986503,30.125522000078863],[-81.63079999957279,30.130736000071046],[-81.62918400044525,30.131511000189082],[-81.62905700022365,30.131568999614355],[-81.6286179998325,30.13175700027663],[-81.6239279999387,30.133596000316913],[-81.62381300031096,30.133640999968275],[-81.62368799973918,30.13363300008357],[-81.62365500012721,30.13363100030653],[-81.62363199966269,30.13362999964104],[-81.62359499985276,30.133626999975395],[-81.62346500015641,30.133619000089492],[-81.62228199977561,30.13354700031064],[-81.6172549995979,30.133241000275994],[-81.61695599984716,30.13322199998611],[-81.61566600023453,30.133143999780067],[-81.61476700043417,30.13309000007945],[-81.61370899972684,30.13302499995458],[-81.6131990000889,30.132994000107086],[-81.6123119999841,30.132941000219912],[-81.61125199962693,30.13271199979397],[-81.61081200030921,30.13261700012969],[-81.61039899985734,30.132527999772467],[-81.61005499990074,30.132453000273376],[-81.60563399962045,30.131496999894047],[-81.60168199986852,30.130642999896637],[-81.60121200041354,30.130541000356512],[-81.59348000043882,30.127144999743244],[-81.59157399998473,30.126308000315184],[-81.59051100015284,30.125841000308412],[-81.59026699975536,30.125835999694086],[-81.58350399990121,30.125676000104],[-81.58115800012939,30.126055000101545],[-81.58088199994486,30.12610000008251],[-81.57852899960203,30.124306000283973],[-81.57842900004293,30.123848000021457],[-81.57818100034581,30.12361500029918],[-81.57801300011633,30.123473000065406],[-81.57786599980322,30.12334800028161],[-81.57781200027488,30.123326999655962],[-81.5777169998403,30.12328899991841],[-81.57769699974881,30.123280999971865],[-81.57757100025044,30.12323100029088],[-81.57702200025443,30.123012999832106],[-81.57677000035936,30.122913000173504],[-81.57675600011567,30.122907000190747],[-81.57641899983177,30.12262799981387],[-81.57640299993825,30.12260399981148],[-81.57605899998165,30.122069999803276],[-81.57578100014732,30.12175199983225],[-81.57572699972063,30.121723000348336],[-81.57538299976406,30.12155100017999],[-81.5746329999266,30.121492000297145],[-81.57434099984856,30.121311000384047],[-81.57394500001344,30.12088900007959],[-81.57371599968458,30.120573000232305],[-81.57355800039915,30.120480999830935],[-81.57329599956,30.120442999775342],[-81.57315800036606,30.120422000085924],[-81.5731419995742,30.120420000041275],[-81.57310800013735,30.120422000085924],[-81.57284199999856,30.120435999620373],[-81.5726679999213,30.120444999819522],[-81.57262299971546,30.120446999863663],[-81.5726050001721,30.12044799988574],[-81.57229899985035,30.12046400023728],[-81.57210800005463,30.120407999772507],[-81.5719430001982,30.120246999910492],[-81.57182500019742,30.11990000026622],[-81.57165899961775,30.119837000061196],[-81.57157199957912,30.119853999762835],[-81.57155800023372,30.11985699984702],[-81.57154200034022,30.119859999931034],[-81.5713799999585,30.119892000045127],[-81.57105199989545,30.119956000242052],[-81.57090200010761,30.11978500013306],[-81.5708169997188,30.119588999739385],[-81.57055399995308,30.119379000051456],[-81.56999499991132,30.11907399965403],[-81.56952200008331,30.11881500010056],[-81.56870699994853,30.118368999754637],[-81.56792899962367,30.117864000006715],[-81.56778700023177,30.11778900024712],[-81.56774399967574,30.11778199990399],[-81.56764199956851,30.117769000042546],[-81.5674650000165,30.117744000363977],[-81.56740300009221,30.117735999968183],[-81.56738200017581,30.117742000265093],[-81.56727800041874,30.117769000042546],[-81.5672469995583,30.117776999658624],[-81.56721700031937,30.117785000051096],[-81.56718700018216,30.117792999665873],[-81.56647699962936,30.117980000092643],[-81.56537299978956,30.11796300006844],[-81.56532400028408,30.117948000136114],[-81.56504999974938,30.11786600010312],[-81.56458100011933,30.11758700024865],[-81.56433300042221,30.117465000164813],[-81.56398500026766,30.117401999960666],[-81.5633269995934,30.117372999976507],[-81.56218000009592,30.11754300032495],[-81.56168899982625,30.11748799981003],[-81.56121400034841,30.11737800024232],[-81.56067700004799,30.117159000017807],[-81.56047200000856,30.11709599961849],[-81.56039900021364,30.11708799994725],[-81.56031299999991,30.11706700032153],[-81.56027899966472,30.11705499964536],[-81.56019900019707,30.117039000295605],[-81.55998699958666,30.117011000261744],[-81.55975200030834,30.117032999955963],[-81.55930899971925,30.11716000007319],[-81.55902500003711,30.117238999751645],[-81.55865299959311,30.117218000158022],[-81.55850000033055,30.117165000349793],[-81.55847699986602,30.117156999907092],[-81.55846299962232,30.11715199963008],[-81.558440999881,30.117143999963385],[-81.55819499983372,30.117057999814552],[-81.55796600040318,30.117082000387658],[-81.55771299978487,30.117255999900408],[-81.55755399977622,30.117438000304283],[-81.55697899984095,30.117633000253846],[-81.55656200008943,30.117767999993383],[-81.5563350003087,30.117786000100132],[-81.55623700039942,30.11779399971483],[-81.55621599958471,30.11779599981265],[-81.55326300009057,30.118164000029797],[-81.55108899984788,30.118435000246397],[-81.5506460001571,30.118490000233965],[-81.54707199979862,30.118936000033496],[-81.54644800035787,30.119013999808928],[-81.53959599991693,30.119869000182742],[-81.5390090002861,30.119941999862597],[-81.53900500008815,30.119713999619158],[-81.53872100040601,30.10451600018],[-81.53871499965992,30.104194999869275],[-81.53871100036028,30.103982999719435],[-81.53870799998724,30.103842000207372],[-81.53870700016232,30.103748000161872],[-81.53564599981483,30.10383000025614],[-81.53055400023811,30.103967999995852],[-81.52596899992628,30.104092000025542],[-81.52593499959109,30.104093000213197],[-81.52362900000226,30.10410299975749],[-81.51967200022746,30.10412100002259],[-81.51827299993656,30.104127999779443],[-81.51774300020715,30.10413100034122],[-81.51742600001474,30.104131999751242],[-81.51676999988862,30.1041350003129],[-81.51672100038313,30.1041350003129],[-81.51662000010079,30.1041350003129],[-81.51644000017573,30.104135999722953],[-81.51631899980192,30.104136999910164],[-81.51624900038001,30.104136999910164],[-81.5155010001924,30.104139999694496],[-81.51538400001652,30.104139999694496],[-81.51514899983988,30.104146000040004],[-81.51494899982336,30.104143999665823],[-81.51483800039358,30.104146000040004],[-81.51438099956077,30.104156999765934],[-81.51420499983367,30.10416099973656],[-81.51392799982425,30.10416800026774],[-81.51372399960974,30.104172999647602],[-81.51354600023282,30.10417699961766],[-81.51260200022661,30.104198999838424],[-81.50949999987125,30.1042729996267],[-81.50925800002192,30.104276000184075],[-81.50426400035448,30.104348000321735],[-81.50382300031353,30.104352999692562],[-81.50361900009904,30.104355000062508],[-81.50329400040903,30.104357999840225],[-81.4954150001212,30.104444000164676],[-81.49519400018825,30.104446999939697],[-81.4947049995684,30.104453000266616],[-81.49449600022935,30.104456000041356],[-81.48322500005624,30.104598999819537],[-81.48283099987096,30.104636999752934],[-81.48277899999242,30.104647000019327],[-81.48223300036946,30.104680999984843],[-81.48179300015342,30.104674999671765],[-81.48121200037036,30.104744999933878],[-81.48086900023868,30.104767000028197],[-81.48032699991538,30.104768999612673],[-81.47993799975295,30.10477200015498],[-81.47986199958497,30.10477200015498],[-81.47961800008581,30.10477300033568],[-81.47951000013079,30.10477300033568],[-81.47943999981057,30.10477399973929],[-81.47932900038082,30.104776000100724],[-81.4791739996718,30.104778999865655],[-81.47897899967813,30.104783999991778],[-81.47438300039396,30.104911000312814],[-81.47265299966698,30.104959000361056],[-81.47260099978844,30.10496099994165],[-81.47257300019935,30.10496200012044],[-81.47252799999352,30.104963999700985],[-81.4721050003942,30.104980000229133],[-81.4718240001868,30.10498999968368],[-81.47173899979799,30.104990999862192],[-81.47120499987061,30.104994999799132],[-81.47104699968685,30.10499599997758],[-81.46847400013432,30.105015000258405],[-81.46801999967457,30.105018000016084],[-81.46752799957999,30.105021999951866],[-81.46724899992073,30.105024000308276],[-81.467206000263,30.105024000308276],[-81.46705700030009,30.105024999709343],[-81.46572099975842,30.105034999936475],[-81.46174300006722,30.105062000078306],[-81.4602569997377,30.105072000301632],[-81.45011799989179,30.105139999928504],[-81.4433580004107,30.105186000289578],[-81.44314599980027,30.105186999689003],[-81.44284700004951,30.105189000042067],[-81.44189100034774,30.105199000252558],[-81.4413459996514,30.105204999756655],[-81.44106199996926,30.105208000285735],[-81.44047500033842,30.105214999965593],[-81.4376790003048,30.10524399963302],[-81.4374519996258,30.10524599998499],[-81.43465300011744,30.10527699999468],[-81.43454000013953,30.105310999743423],[-81.43424899988638,30.105398000190128],[-81.43403399980123,30.105461999674798],[-81.43391499997554,30.105497000310425],[-81.43378299973106,30.10553600007159],[-81.43374099989826,30.105979999734277],[-81.4337369997003,30.10602800004041],[-81.43374599992114,30.10649800018697],[-81.43375000011909,30.106662999790945],[-81.43383799998264,30.11093500022618],[-81.43384100035571,30.111100000191705],[-81.4338970004322,30.11383099983623],[-81.43390900012776,30.114443000375353],[-81.43391400015064,30.114691999711436],[-81.4339180003486,30.11486999986324],[-81.43392300037146,30.11509199995227],[-81.43413199971052,30.12531599968992],[-81.43419000033515,30.128179999784052],[-81.4342780001987,30.132443999614875],[-81.43432400022945,30.13468800036094],[-81.43432500005437,30.134717999798927],[-81.43439299982643,30.13800299962585],[-81.43439399965133,30.138035999918642],[-81.43459000036823,30.14710500026453],[-81.43503200023412,30.16752899989389],[-81.43503200023412,30.167540999869424],[-81.43503200023412,30.167550999977408],[-81.43503300005904,30.16757899965299],[-81.43503399988394,30.16760300036708],[-81.43503499970886,30.167629999707298],[-81.43503600043208,30.16765399963237],[-81.435037000257,30.167680999735285],[-81.43503800008189,30.167705999967755],[-81.43503899990681,30.167731999736837],[-81.43503999973171,30.16775699995638],[-81.43524800014418,30.177348999713605],[-81.43528999997697,30.179278999939065],[-81.4352919996268,30.17936599964578],[-81.4353200001142,30.18064099978971],[-81.43535799974904,30.182368999813995],[-81.43537100016782,30.18296400036408],[-81.43537399964255,30.183090000101735],[-81.43541200017572,30.184837999691727],[-81.43561600039021,30.194219000160853],[-81.43576899965278,30.209618999786354],[-81.4360740001496,30.224216999697667],[-81.43613500024898,30.224926999881003],[-81.43613799972371,30.225003000169778],[-81.43622599958726,30.2272420001968],[-81.4362280001354,30.227373999759447],[-81.43625200042486,30.22865900000261],[-81.43625800027263,30.228983999991748],[-81.43625900009754,30.229043999669297],[-81.43626099974736,30.22910699995103],[-81.43626199957228,30.22917099988791],[-81.43628699968663,30.230526999868005],[-81.4363980000147,30.232958000152404],[-81.43658499961246,30.237046000023334],[-81.43650699979464,30.237140999919628],[-81.43650699979464,30.2371839996301],[-81.43650699979464,30.237337999828643],[-81.43654799980254,30.23728900017967],[-81.43654899962746,30.237361000225654],[-81.43655600019846,30.23760699998469],[-81.4365650004193,30.237947000190363],[-81.43656600024421,30.23798200037304],[-81.43656600024421,30.237992000312115],[-81.43656799989402,30.238053000306213],[-81.43664200041219,30.24089600009471],[-81.43686599981986,30.249431000376553],[-81.4368690001929,30.249542999779994],[-81.4368890002844,30.250498000018332],[-81.43692000024653,30.25189100025293],[-81.43692100007145,30.25195500009882],[-81.43692600009432,30.252180000244643],[-81.43692899956905,30.252314999619166],[-81.43692899956905,30.252334999683164],[-81.43431500000862,30.252344000253842],[-81.43230599962239,30.252285999751923],[-81.43101299963672,30.252249000310243],[-81.43090999970455,30.252245000139126],[-81.4308069997724,30.25224200020461],[-81.43018599980637,30.252242999665434],[-81.43017199956266,30.252242999665434],[-81.43009499956977,30.252242999665434]]]}},{"type":"Feature","properties":{"label":"Nassau County","name":"Nassau County","county_name":"Nassau County","geoid":"12089","statefp":"12","countyfp":"089","boundary_type":"County boundary","source":"U.S. Census Bureau TIGERweb State/County boundary","source_url":"https://tigerweb.geo.census.gov/arcgis/rest/services/TIGERweb/State_County/MapServer/1"},"geometry":{"type":"Polygon","coordinates":[[[-81.45895200005647,30.524202999632976],[-81.45707099971676,30.522907999920125],[-81.45431599969102,30.521293000054218],[-81.4515620003885,30.51967799966165],[-81.45118599974657,30.519458000092456],[-81.45081099982782,30.519238000025343],[-81.4499990000661,30.51829600015006],[-81.44767300038576,30.51559500034473],[-81.44731699983531,30.515180999765185],[-81.44456199980957,30.51198299968463],[-81.44215400011349,30.509188000361608],[-81.44211099955746,30.509137999856783],[-81.44180299958587,30.50904399992165],[-81.43678399980409,30.507509000226083],[-81.434776999966,30.50689599971076],[-81.43369700041565,30.506565999734658],[-81.42219199989083,30.505636999726583],[-81.37499699960325,30.502579000127696],[-81.3748080003557,30.502567000122067],[-81.3587929998621,30.501503999944152],[-81.3591800003747,30.50262200013554],[-81.35999999963404,30.504302000267725],[-81.36163900012444,30.506383000025096],[-81.3622640002884,30.507357000011645],[-81.36238800013697,30.50752999994172],[-81.36425500023299,30.510143999960007],[-81.36644399964598,30.514779999666988],[-81.36804700015136,30.518778000175274],[-81.36964999975842,30.52294499993028],[-81.37161499976372,30.526548999911657],[-81.37500199962614,30.53275800036323],[-81.37697400020245,30.541397999936606],[-81.3776739998112,30.54445999967338],[-81.38027800022418,30.56322499996486],[-81.38066099964053,30.56771199983875],[-81.38141499967593,30.576543000194118],[-81.38186599976262,30.58183999978542],[-81.38201499972554,30.58357899984699],[-81.38237299992585,30.597778999727314],[-81.38243099965216,30.600038999842212],[-81.38243400002521,30.600179999799934],[-81.38243800022317,30.60031999978517],[-81.38244900009381,30.60074099983648],[-81.38238200014666,30.603094000145504],[-81.38233500029101,30.60469900025803],[-81.38219800002365,30.609517000086438],[-81.3821519999929,30.611123000113704],[-81.38205800028157,30.614377999890817],[-81.38201499972554,30.615912999851403],[-81.38125099964438,30.624111000377162],[-81.38116899962863,30.625001999831287],[-81.38114699988732,30.6252379996514],[-81.38086700040314,30.627345000162958],[-81.37957000021954,30.633171000022745],[-81.37793300027728,30.64052599985027],[-81.37567899966865,30.650650999895632],[-81.3749990001514,30.653707000315016],[-81.37481000000551,30.654558000032083],[-81.37481000000551,30.656524999847143],[-81.37339800019416,30.662779000042427],[-81.36813800038794,30.66641600017982],[-81.36783500043924,30.666696999809286],[-81.36284199969842,30.671330999819162],[-81.35816900042136,30.67597599972911],[-81.35493900001947,30.68014900001069],[-81.35155299998198,30.68566599993958],[-81.3492590000887,30.69057700037816],[-81.34720100019696,30.696798000365494],[-81.34676400035396,30.699293999816575],[-81.34638900043522,30.70143799972115],[-81.34635799957478,30.7062789997085],[-81.34679500031609,30.711084999640548],[-81.3469719998681,30.71217000013406],[-81.34701500042411,30.712443999929246],[-81.3517949998313,30.712435000097752],[-81.36613800022255,30.712407999825835],[-81.37091900035296,30.712400000144267],[-81.37129799957131,30.712398999990935],[-81.37184900011546,30.712398999990935],[-81.37243499992138,30.712396999684294],[-81.37281499986297,30.712396999684294],[-81.373034999971,30.712396000303254],[-81.37369600011999,30.712395000149883],[-81.37391700005293,30.712395000149883],[-81.37409699997798,30.712396000303254],[-81.37464000012619,30.712398999990935],[-81.37482099987616,30.712401000297586],[-81.37491200011277,30.712401999678566],[-81.37500300034935,30.712401999678566],[-81.37510799993134,30.712401999678566],[-81.37563199981298,30.712406000291665],[-81.3759719995716,30.71240699967259],[-81.37626000035002,30.71240899997903],[-81.3763430001907,30.71241000013226],[-81.38087599972567,30.712413999972686],[-81.39472399964927,30.71242899995216],[-81.39934099974815,30.712433999944775],[-81.40417499958201,30.712438999937138],[-81.40370199975399,30.709813999957216],[-81.40980900038035,30.709582999776767],[-81.4244079999663,30.709032000352632],[-81.42996200039872,30.70882199998348],[-81.43154099971632,30.708739999781372],[-81.43408999987773,30.708861999868365],[-81.43643200034991,30.709158000045775],[-81.43816399982839,30.70959099969198],[-81.43914499964453,30.709756000304953],[-81.43921699961454,30.709769000336593],[-81.44041400023907,30.709970000127292],[-81.44048299983604,30.709981999951683],[-81.4419020002184,30.709965000006946],[-81.44461100021336,30.709659999898403],[-81.44482299992546,30.709637999759604],[-81.44699100032038,30.70941899982441],[-81.44871500030126,30.709351999815432],[-81.45048899961256,30.709443999792782],[-81.45124099999813,30.7094840001921],[-81.45252200028824,30.709621999936303],[-81.45484200012079,30.709872999754136],[-81.45997600042861,30.71043399997357],[-81.46078800019035,30.71054399970969],[-81.46240000001825,30.71076400035027],[-81.46401299967106,30.710983000321086],[-81.46428899985557,30.711038000278],[-81.46466600032244,30.71111299967716],[-81.46511999988387,30.711202999960417],[-81.46539799971823,30.711257999791822],[-81.4686199997242,30.711995999916393],[-81.46968699975406,30.71235000018871],[-81.4699589997406,30.712441000242976],[-81.47009199981001,30.712477000334054],[-81.47180900011818,30.713022000050433],[-81.47241900021355,30.71327399966036],[-81.47358599980252,30.713686000288977],[-81.47411300005723,30.713913000132692],[-81.47457800038762,30.714143999983065],[-81.47503600014703,30.71439900014833],[-81.47548600040884,30.714684999801047],[-81.47588999974155,30.715016999786968],[-81.47721799988732,30.7162949996584],[-81.47962899995646,30.71891799992169],[-81.48031900041777,30.719760999766542],[-81.48158999976381,30.7213120001099],[-81.48223099982133,30.72220999963782],[-81.48297800018403,30.723081999738465],[-81.4830810001162,30.723223000226348],[-81.48331399974471,30.723540999633144],[-81.48375899998364,30.723985999968303],[-81.48395499980221,30.724182000088987],[-81.48454999982897,30.724864999618088],[-81.48482500018856,30.725112999853923],[-81.48542699988802,30.725492000292707],[-81.48606799994553,30.725795999736867],[-81.48616199965686,30.725829000205596],[-81.4865869998043,30.725978999877345],[-81.4871430003713,30.726122000011124],[-81.48756299959754,30.726231000375652],[-81.48799100011804,30.726288000148774],[-81.48846399994606,30.72630900034118],[-81.48899000037584,30.726288000148774],[-81.48944700031034,30.726236999662444],[-81.48947800027247,30.726233999632953],[-81.48989800039705,30.726156000378907],[-81.4908819996879,30.725931000038663],[-81.49417099964101,30.72527300006605],[-81.49586700003282,30.724986000133587],[-81.49629800002802,30.724911999964],[-81.496626999916,30.72485700019772],[-81.4972599995776,30.724801999627825],[-81.49790099963509,30.724791000127844],[-81.49861399966261,30.72471799983414],[-81.49952599988178,30.724624999728967],[-81.4999769999685,30.724492999998652],[-81.50001999962619,30.72448699983109],[-81.50016299974133,30.724470000126548],[-81.50167800038315,30.72427899996987],[-81.50287599993426,30.72397999976919],[-81.50419900005716,30.72357099998927],[-81.50444699975428,30.723495000201506],[-81.50544699983696,30.723219000062],[-81.50557900008147,30.723197999968647],[-81.50590799996944,30.723145000080546],[-81.50689499963333,30.722989999643065],[-81.50722500024455,30.72293799968455],[-81.50734200042041,30.72291999966271],[-81.50745899969797,30.722901000365322],[-81.50793800027208,30.722825000049383],[-81.50794900014273,30.722824000004177],[-81.50988700038386,30.722614000321443],[-81.51009300024818,30.722606999989466],[-81.51081499959822,30.722585999762863],[-81.51123700027092,30.722572999914423],[-81.51238200011859,30.722537999779263],[-81.51250599996716,30.722535999682872],[-81.5126289999908,30.722535999682872],[-81.51277899977863,30.72253499963465],[-81.51292899956645,30.72253400035868],[-81.51352600014134,30.722529000117486],[-81.51365599983768,30.722528000069254],[-81.51448799969089,30.722546000164282],[-81.5153179998943,30.722592000048678],[-81.51547199988006,30.722600999704515],[-81.51591399974596,30.722641000052526],[-81.5164870000314,30.722692000124596],[-81.51679900020095,30.722726000157678],[-81.51736999993824,30.722735999847142],[-81.51794099967555,30.722747000353838],[-81.51814999991292,30.722751999811496],[-81.51835900015028,30.722757000041128],[-81.51898400031426,30.722767999773126],[-81.52098799977932,30.722804999915645],[-81.52125899994098,30.722816999687506],[-81.52267400012538,30.722881000247348],[-81.52403999990598,30.72300100012074],[-81.52440800015201,30.72302100021383],[-81.52474200006284,30.723040000259807],[-81.52515399979151,30.723084999865993],[-81.52624500011082,30.723392000068383],[-81.52733600043011,30.723649999827057],[-81.52811499968155,30.72378700011568],[-81.53012800026576,30.724142000380407],[-81.53064700012455,30.724207000091514],[-81.53115599993755,30.72421899968888],[-81.53146999975691,30.72422499987307],[-81.53148599965044,30.724225999903744],[-81.53184800004868,30.72417699993331],[-81.53188900005658,30.72417199977733],[-81.53203499964643,30.72415299995445],[-81.53229499993743,30.724091000303147],[-81.53239200002182,30.724045000361755],[-81.53267700042717,30.723911999803285],[-81.53277299978832,30.723857000238713],[-81.53282200019213,30.723825999936793],[-81.53314199985925,30.723628999827646],[-81.5331669999736,30.72360699978657],[-81.53323899994363,30.723542999708634],[-81.53326599970781,30.723520000382184],[-81.53336600016526,30.723433000127105],[-81.53369099985527,30.72306399974351],[-81.53391199978819,30.72265399989173],[-81.53406499994907,30.722248000045678],[-81.53411000015491,30.72201700030216],[-81.53415600018566,30.721790000229028],[-81.53419399982052,30.721295999906637],[-81.53424800024717,30.72097000030232],[-81.53439300001213,30.720551000194064],[-81.53447300037807,30.720165999973172],[-81.53449199974634,30.720074000184216],[-81.53449400029447,30.720058999849357],[-81.53455299984572,30.719528000083777],[-81.53456799991433,30.718950000342627],[-81.53447699967772,30.718091999717053],[-81.5343839997913,30.717563000130827],[-81.53434100013361,30.717312000246256],[-81.53432600006498,30.717206000148078],[-81.53429799957757,30.71699400037437],[-81.53425499991987,30.716731000025607],[-81.53411799965252,30.715886999832097],[-81.53408000001768,30.71559899964225],[-81.53396299984182,30.71472699982984],[-81.53387400015338,30.714051999854853],[-81.53381300005401,30.713175000002426],[-81.53381300005401,30.71209899986568],[-81.53381300005401,30.712054999923318],[-81.53388900022198,30.711773000061815],[-81.5340110004207,30.711446999928356],[-81.53410400030714,30.71127599967368],[-81.53417899975189,30.71113599964598],[-81.5344819997006,30.71068700033764],[-81.53514799987245,30.70970199979842],[-81.53533100017056,30.70949399971004],[-81.53553000036219,30.709316000102632],[-81.53568400034797,30.709213000270935],[-81.53578100043237,30.70914799972063],[-81.53583900015867,30.709118000283624],[-81.53604099982505,30.709016999844934],[-81.53648500023905,30.70885100009478],[-81.53656700025482,30.708820000374963],[-81.53706299964907,30.70870799983435],[-81.53710899967982,30.708698000234854],[-81.53759699957645,30.708650999709228],[-81.53765600002599,30.708653000093612],[-81.53816900003696,30.708673000073198],[-81.53839099979483,30.70865599989769],[-81.53865799975851,30.708690999665063],[-81.53912300008892,30.708803000225423],[-81.53924100008969,30.708845999916406],[-81.53934499984678,30.708882999994348],[-81.53988600034516,30.709077999732557],[-81.5406560002741,30.709459000234084],[-81.54159500025744,30.71006200028752],[-81.54248800021003,30.71083899996254],[-81.54283100034168,30.711134000085433],[-81.54344899993467,30.711781999955072],[-81.54376899960181,30.712206000326354],[-81.54418100022876,30.712825999641247],[-81.54469199969161,30.713719999636158],[-81.54517899976332,30.714981999998223],[-81.54534100014504,30.715401000364345],[-81.54564599974357,30.716113999901186],[-81.545958999738,30.71673599979519],[-81.54597399980662,30.716854000151724],[-81.54601999983737,30.71694200027128],[-81.54609600000536,30.71703000031051],[-81.54632000031134,30.717223000361116],[-81.54645800040362,30.71734100012173],[-81.54659599959756,30.717458999737936],[-81.5467110001236,30.717557999631815],[-81.54682599975133,30.717657000196297],[-81.5469789999122,30.71778799992118],[-81.54698899995796,30.717795999928065],[-81.54727099999026,30.71795299963974],[-81.54762199961954,30.718105000169675],[-81.54800400010927,30.718214000331017],[-81.54837700037817,30.718279000177294],[-81.5483999999444,30.71828000026965],[-81.54875899996959,30.718306999669878],[-81.5487720003884,30.718305000258006],[-81.5488379996123,30.71830400016597],[-81.54890499955945,30.71830300007387],[-81.5493010002929,30.71829199983241],[-81.54999500005385,30.71820600035881],[-81.55009999963583,30.718186000039196],[-81.55039900028488,30.7181300002034],[-81.55078800044731,30.718018999757007],[-81.55120799967358,30.71785199995784],[-81.55213099976339,30.71738600007093],[-81.55264200012454,30.717111999642913],[-81.5531380004171,30.71677999991882],[-81.55332500001485,30.716635000383206],[-81.55344300001562,30.716544999762846],[-81.5541450001725,30.715923000181505],[-81.5542229999903,30.715836000022005],[-81.55445899999185,30.715572000256117],[-81.55449599980179,30.715532000064744],[-81.55451400024344,30.715509999720712],[-81.55494600006357,30.715003999690406],[-81.55512000014085,30.714816999830006],[-81.55516000032382,30.714773000355297],[-81.55540299999805,30.714515000012533],[-81.55557299987737,30.71432300008177],[-81.55563899999962,30.714251999853687],[-81.55580100038132,30.71407899966652],[-81.55592299968174,30.71395900027404],[-81.55602700033712,30.713857000132432],[-81.55606599979687,30.713818000140613],[-81.55610699980477,30.713777999994072],[-81.55614899963756,30.713749999958797],[-81.55679999974079,30.713316000303635],[-81.55745099984405,30.71288299961608],[-81.55813399973435,30.712426000265356],[-81.55831100018466,30.712309000051327],[-81.5596579996987,30.711833999751164],[-81.55981800043058,30.711778000088437],[-81.55997800026415,30.711721000232824],[-81.56002000009694,30.711706000143252],[-81.56024000020497,30.71170100011289],[-81.56044100004642,30.711696000082274],[-81.56070899983503,30.711688999730004],[-81.5614240004107,30.71167200008611],[-81.56177500003997,30.711763000007718],[-81.5619170003302,30.71181999983851],[-81.56209499970711,30.711891000312324],[-81.56242299977016,30.712076000126498],[-81.56269800012977,30.71228600036222],[-81.5629109996668,30.71249200030367],[-81.5631009996376,30.712731000123107],[-81.56329300015655,30.71304099974978],[-81.56346100038603,30.713423000186427],[-81.56356000012022,30.713727999980566],[-81.5636210002196,30.713994999798576],[-81.5636360002882,30.71425799988587],[-81.5636210002196,30.714546000218895],[-81.56346800005872,30.715283999897867],[-81.56332900014155,30.71566599994552],[-81.56332199957055,30.715686000015545],[-81.56325299997357,30.715912999785445],[-81.56319400042234,30.716033999951417],[-81.56318299965336,30.71611000021415],[-81.56312499992704,30.716499000082678],[-81.56312499992704,30.716732000133952],[-81.56315599988919,30.71691599982305],[-81.56317099995779,30.7170049999916],[-81.56328499976061,30.717243000108162],[-81.56340199993649,30.717383999867724],[-81.56350700041678,30.717510000234213],[-81.56379600012177,30.717748999974507],[-81.56410200044353,30.717949000028984],[-81.56440700004205,30.718116999754162],[-81.56475000017373,30.718264000335473],[-81.5650780002368,30.71837399963624],[-81.5651910002147,30.718399000372496],[-81.56528199955298,30.718419999966564],[-81.56596299979344,30.71858799964342],[-81.56653699990382,30.718629000200423],[-81.56687099981464,30.718651999921388],[-81.56733600014506,30.718684999746422],[-81.56762599967496,30.718725000174505],[-81.56786800042262,30.718785000013284],[-81.56803800030193,30.71882799988758],[-81.56818700026484,30.718887999662225],[-81.56824900018914,30.718913000265232],[-81.56841200039575,30.718978999725408],[-81.56873999956049,30.719153999783757],[-81.5690070004225,30.71935099976954],[-81.56908199986727,30.71942599965442],[-81.56946500018189,30.719807000207407],[-81.56980099974257,30.720078999780483],[-81.57024500015658,30.72048899977092],[-81.57044199980007,30.720670999878493],[-81.57094499976532,30.721070999807203],[-81.5715060003552,30.72143900003668],[-81.57160099989143,30.721501999907872],[-81.57166100016589,30.721532000126267],[-81.57239500010981,30.721896999976266],[-81.57244500033853,30.721915000189153],[-81.57315900019097,30.722179000350803],[-81.57337900029898,30.722260999937948],[-81.57342100013179,30.722272999777466],[-81.57421799982491,30.722503999679883],[-81.57523299997622,30.722701999817584],[-81.57537699991626,30.72271699974126],[-81.57588099970643,30.72277300000193],[-81.57613699979946,30.722771999956176],[-81.57691400029941,30.722767999773126],[-81.57769099990104,30.722763000316306],[-81.57965000005858,30.722751999811496],[-81.58074100037788,30.722866000349192],[-81.58095800011284,30.722905999814994],[-81.58155800016246,30.723014999954643],[-81.58202299959456,30.723100999772406],[-81.58307600027904,30.723338000247054],[-81.5833549999383,30.723400999649538],[-81.58363299977263,30.723463999783167],[-81.58364799984125,30.723466999898797],[-81.58447800004464,30.723581000363332],[-81.58524299995071,30.723686000367103],[-81.58676899956487,30.723733999779082],[-81.58723399989529,30.723703000209834],[-81.58768400015708,30.723635000048606],[-81.58812699984787,30.723523999761788],[-81.58832699986442,30.723445999859532],[-81.5885079996144,30.723375000170805],[-81.58885099974604,30.723186000244255],[-81.58919499970264,30.722936999640567],[-81.58929199978702,30.722838999908873],[-81.58982800026253,30.722300000376304],[-81.59030699993833,30.721684999704824],[-81.59047799964256,30.72146600009687],[-81.59064900024511,30.721245999929902],[-81.5910790004154,30.72069399988459],[-81.59157499980965,30.71996900010805],[-81.59201000000282,30.719512999663987],[-81.59216300016371,30.71930499988336],[-81.59233800006588,30.719127999931985],[-81.59237099967784,30.719105000324603],[-81.59265799973304,30.718907999836233],[-81.59307000035999,30.718697000031078],[-81.5934369998828,30.718567000085955],[-81.59363100005156,30.71852600027482],[-81.59384100011384,30.718481000085337],[-81.5939580002897,30.718467999683416],[-81.59412200032124,30.718452999870998],[-81.59428600035277,30.718438000056235],[-81.59458099990555,30.71840899973846],[-81.59500000020519,30.71846600027494],[-81.59533900013892,30.718511999789094],[-81.59567800007262,30.7185569999641],[-81.59579400042358,30.718572999849677],[-81.596176000015,30.718665999614505],[-81.59640500034386,30.71876399972644],[-81.59657500022318,30.718843999728183],[-81.596837000164,30.719013000295575],[-81.59693900027125,30.719078000375536],[-81.59710599977753,30.71932600005237],[-81.59723600037218,30.719592999816573],[-81.59734299960398,30.72000699985461],[-81.5973729997412,30.720225999687504],[-81.59736799971833,30.720268999691466],[-81.59728999990053,30.720996999721518],[-81.59700700004332,30.72172400037619],[-81.59659100011669,30.722905999814994],[-81.59651499994871,30.72312099984476],[-81.59638199987934,30.723499000354394],[-81.59630099968848,30.723771000323104],[-81.59623700011437,30.72399100013389],[-81.59609200034942,30.72461500023544],[-81.59603100025005,30.72507999991225],[-81.59602299985413,30.725339999825064],[-81.5960770002808,30.72574299973255],[-81.5960980001972,30.725898000377022],[-81.59611900011359,30.726054000011747],[-81.59612300031155,30.72608699961998],[-81.59618299968768,30.726527999758666],[-81.59645200019952,30.7272499996349],[-81.59653400021529,30.7274719999943],[-81.59676299964583,30.727683999895028],[-81.59704499967815,30.728030999779076],[-81.59725100044078,30.728239000038705],[-81.59754099997069,30.728461999651408],[-81.59786900003375,30.72865300001411],[-81.59829699965593,30.728828000272948],[-81.5983660001512,30.728849999894702],[-81.59901399988141,30.729056999950835],[-81.59965499993892,30.729224999624755],[-81.60034899969988,30.729370000303003],[-81.60087699977947,30.729444000139015],[-81.60180400006723,30.729575000064152],[-81.60188199988504,30.72958599979044],[-81.60200400008378,30.72957999993989],[-81.60214800002382,30.729572000138603],[-81.60229199996387,30.729564000336683],[-81.60261500000406,30.729546999983143],[-81.60278800025642,30.72951699994244],[-81.60288699999063,30.729500000352804],[-81.60298499989992,30.72948299998799],[-81.60319499996218,30.729446000092025],[-81.60328299982574,30.72941200011253],[-81.6035189998273,30.729324999769688],[-81.60375900002683,30.729238000120503],[-81.60390399979175,30.72915700027005],[-81.60429299995418,30.728938999857675],[-81.60463699991078,30.72866999975318],[-81.60488899980587,30.728395999733216],[-81.6051940003027,30.72806500024571],[-81.60526200007476,30.727980000214878],[-81.60583399963699,30.727263999623975],[-81.6059559998357,30.727011000279987],[-81.60598400032312,30.72689700001064],[-81.60602500033102,30.726728000135463],[-81.60602399960777,30.726663999812917],[-81.60601799976,30.726219000256513],[-81.60600000021665,30.725859999863477],[-81.60593400009441,30.724544999890554],[-81.60591800020089,30.724215000338052],[-81.60581600009363,30.723470000014405],[-81.60576599986491,30.72310299985708],[-81.60571999983416,30.722485000300527],[-81.60571200033655,30.721921999799054],[-81.60573699955259,30.721434999798312],[-81.6058269999643,30.719689999680906],[-81.60591800020089,30.719185000043428],[-81.60600900043747,30.71882799988758],[-81.60604799989723,30.718675999725065],[-81.6062010000581,30.718256000367415],[-81.60642199999103,30.717784999628833],[-81.60669700035064,30.717310000041522],[-81.60690300021497,30.717035000064595],[-81.60715199973698,30.716805000296056],[-81.60762000044046,30.716372999939715],[-81.60806200030635,30.716060999980503],[-81.60840600026292,30.715878999666792],[-81.60862700019585,30.715802999994306],[-81.60908499995526,30.71581999968232],[-81.60925900003252,30.71584099983801],[-81.60958799992049,30.715880999901284],[-81.6098699999528,30.71593299980419],[-81.6101229996728,30.716012999837762],[-81.61028199968146,30.716063000211154],[-81.61065599977528,30.71621700008628],[-81.61121599964191,30.716518999979886],[-81.61127400026656,30.716550999652362],[-81.61128799961195,30.716564000312736],[-81.61174700009458,30.716976000015087],[-81.61193000039268,30.717200999630556],[-81.61215899982322,30.71756200003103],[-81.61233500044862,30.717943000226438],[-81.61250299977982,30.71857600011749],[-81.61261699958263,30.71924200012118],[-81.61279300020803,30.71973899961506],[-81.6130440002782,30.720451000214318],[-81.6133339998081,30.721165000314187],[-81.61361099981755,30.72169100004672],[-81.61373100036647,30.721918000353],[-81.61385299966689,30.722077999689827],[-81.61416599966132,30.722352999956733],[-81.61453200025754,30.722541999971856],[-81.61461099990025,30.722564000255968],[-81.61506600018491,30.722691000078],[-81.61561500018092,30.722740000031518],[-81.61712599972648,30.722645000240842],[-81.61813800040305,30.722506999825388],[-81.61851699962143,30.722455000378663],[-81.61865300006387,30.722437000266634],[-81.61873400025472,30.72242599972456],[-81.61928499990054,30.722350999856562],[-81.62071199978051,30.72247099961739],[-81.62095199998002,30.722508999922375],[-81.62113899957777,30.722539999875554],[-81.62156600027335,30.722648999656755],[-81.62197800000199,30.72279500023333],[-81.62238300005794,30.722989999643065],[-81.62272600018962,30.723206000298962],[-81.6229780000847,30.723466999898797],[-81.6233589998512,30.724055999946852],[-81.62354200014931,30.724679999627625],[-81.62355800004285,30.72495300014847],[-81.6235270000807,30.72522699991642],[-81.62343400019428,30.72555499983208],[-81.62336899989695,30.725740999702708],[-81.62326799961461,30.72587800010862],[-81.62312100019983,30.726089999653986],[-81.6227389997101,30.726643999703377],[-81.62262800028033,30.72680499969497],[-81.62200899996412,30.72754699973929],[-81.6219849996747,30.727580000380847],[-81.62174899967313,30.72791099998941],[-81.62159499968736,30.728067000227384],[-81.62147500003675,30.72818899980194],[-81.62128400024105,30.7284930000069],[-81.62112699988221,30.728832000204545],[-81.6209720000715,30.72916900002339],[-81.62085400007074,30.7294730002262],[-81.62073600006995,30.729778000215408],[-81.6207040002829,30.72986200023284],[-81.62068500001632,30.730027000136637],[-81.62065099968113,30.730328000047702],[-81.62067800034364,30.73088900017988],[-81.62068099981838,30.73095899977862],[-81.62069900026005,30.731082000285205],[-81.62074000026792,30.731234000192135],[-81.62078499957545,30.731442999672772],[-81.6208230001086,30.731620000178967],[-81.62105200043744,30.73230600012504],[-81.62109699974498,30.732457999645884],[-81.62114199995081,30.732609999699104],[-81.62117700011092,30.732728999873235],[-81.6212170002939,30.732810999751933],[-81.6213369999445,30.73305899961966],[-81.62153399958798,30.7333960001015],[-81.62194799986477,30.73410199987037],[-81.62219899993494,30.73448600010376],[-81.62255799996014,30.73490699970913],[-81.62348400042298,30.73578099981776],[-81.62377099957985,30.736051999965863],[-81.62385400031886,30.736104999706296],[-81.62401499997732,30.736208000152807],[-81.62436599960661,30.73634000005435],[-81.62472600035504,30.736429000049625],[-81.62480900019571,30.7364500003489],[-81.6249840000979,30.73647400035435],[-81.62508399965701,30.73648699987224],[-81.62524400038889,30.73650900006203],[-81.62538499995588,30.73650299987041],[-81.62548600023823,30.736499000257187],[-81.6257239998896,30.73649000035468],[-81.62611399987695,30.73643999976576],[-81.62671599957639,30.736364000087207],[-81.6267580003075,30.73635500017208],[-81.62695999997385,30.736313000299795],[-81.62728100036422,30.73619499982515],[-81.62761600009998,30.73600600032782],[-81.62786999964489,30.735822999921982],[-81.62796000005658,30.73576000014484],[-81.62824200008886,30.73549999977105],[-81.62833099977732,30.735394000367723],[-81.62863100025129,30.734973999720577],[-81.62869999984827,30.734861000296586],[-81.62887499975045,30.73463600020159],[-81.62898199988058,30.734395999933003],[-81.62907200029225,30.734124999760514],[-81.62908900001071,30.73407600018934],[-81.62919600014082,30.73346700013065],[-81.62919600014082,30.73280899986869],[-81.62913500004146,30.732145000056224],[-81.628898000215,30.730864000366022],[-81.62877600001625,30.730334999819],[-81.62875299955172,30.73001499971789],[-81.62877000016847,30.729759999926415],[-81.6287729996432,30.729731999899094],[-81.6288289997197,30.729307000168244],[-81.62892099978122,30.729070999677454],[-81.62914199971415,30.72872499966049],[-81.62931800033957,30.72852900028267],[-81.62942200009662,30.728459999677987],[-81.62953099987656,30.728387999833664],[-81.62987499983316,30.728248999928468],[-81.63043200022508,30.72808800003222],[-81.63069199961777,30.728094999966142],[-81.63160700020997,30.728120999716342],[-81.63187599982348,30.72818099988521],[-81.63192699987711,30.728192999760047],[-81.63220899990942,30.728346000350086],[-81.63245300030688,30.728442999901883],[-81.63268199973743,30.728596000095077],[-81.63284300029422,30.72876199983321],[-81.63326199969558,30.72934900000527],[-81.63349100002443,30.729770999631533],[-81.63365900025393,30.730288999768515],[-81.6337499995922,30.730482000303166],[-81.6338340001561,30.731123000161837],[-81.6340169995559,30.731720000155445],[-81.63421599974751,30.732161000003146],[-81.63427699984689,30.73229599988404],[-81.63469600014653,30.7329689996605],[-81.63504699977582,30.73327600004211],[-81.63542099986964,30.733536000239326],[-81.63588700002497,30.733796999666435],[-81.63613100042242,30.73387900018071],[-81.63621900028598,30.73389499983974],[-81.63638300031751,30.733926999922026],[-81.63661900031906,30.73393799992371],[-81.63687100021414,30.733921000341724],[-81.63712300010923,30.73387000003349],[-81.63742199985997,30.733751999655887],[-81.63754200040887,30.73370499975968],[-81.6380579998946,30.733368000358418],[-81.63846999962324,30.732998000231373],[-81.63895599987005,30.73256200007398],[-81.63908899993943,30.732399999714776],[-81.63934800040552,30.732087999885863],[-81.63960799979822,30.731773999914267],[-81.63982999955606,30.73152899969323],[-81.64006899993065,30.731135999629387],[-81.64027999981785,30.730757999724137],[-81.64053900028394,30.73033199991705],[-81.6405650002232,30.730287999800748],[-81.6405860001396,30.730254000118276],[-81.64106700036355,30.729587999740552],[-81.64137199996206,30.729309000124143],[-81.64182600042182,30.728972000022598],[-81.64191500011029,30.72892200016611],[-81.64235600015124,30.728774999619212],[-81.6435849996645,30.728202999654634],[-81.64373899965028,30.728154000161318],[-81.64394899971256,30.728087000041604],[-81.64415899977485,30.728019999875325],[-81.64443900015733,30.727929999843802],[-81.64447699979216,30.72792099991324],[-81.6464150000333,30.727498999909233],[-81.64694200028799,30.727427000119295],[-81.64748299988807,30.727394000197638],[-81.64853599967422,30.727423000129395],[-81.64902399957084,30.727498999909233],[-81.64958099996277,30.727663000002167],[-81.64965999960549,30.727690999858325],[-81.65011499989015,30.727851999645534],[-81.65016900031684,30.72787100028372],[-81.65126999978357,30.728338999662192],[-81.65136699986792,30.728379999933466],[-81.6521529996904,30.72887000031871],[-81.65223100040653,30.728933999948698],[-81.65244099957049,30.72910699973729],[-81.65265099963275,30.729280999965795],[-81.65270000003657,30.729321999836365],[-81.65283899995374,30.729437000303015],[-81.65313299968162,30.72979899964752],[-81.65322999976601,30.729923000061714],[-81.65336600020844,30.73010600008882],[-81.65349500007986,30.73034300032914],[-81.65350799960035,30.73039300022065],[-81.65357899974545,30.730674999679202],[-81.65369400027149,30.730906000296713],[-81.65393799977065,30.731556000015996],[-81.65396600025807,30.731720000155445],[-81.65404499990078,30.732174000102876],[-81.65409000010662,30.733092999856925],[-81.6540669996421,30.733479000119512],[-81.65401399993863,30.733859999954714],[-81.65375500037086,30.735078999667916],[-81.65362700032433,30.735498999857395],[-81.65360800005776,30.735562999718187],[-81.65334699994186,30.736414999847632],[-81.6533350002463,30.736458000351373],[-81.65313699987958,30.736923000030092],[-81.65292299961934,30.73733699976362],[-81.65257399963987,30.738176000361168],[-81.65248099975345,30.738399000144092],[-81.65218299982763,30.739022999619312],[-81.6521739996068,30.739038000091494],[-81.65186300016049,30.73959000009243],[-81.65176100005324,30.739898999962726],[-81.65173699976378,30.73996800009825],[-81.65166899999174,30.74017600007349],[-81.65164600042552,30.740245999875032],[-81.65150400013528,30.740676999937268],[-81.65150400013528,30.740949999926897],[-81.65154000012029,30.74110900024309],[-81.65159199999883,30.74133600037093],[-81.65164499970228,30.74156299996386],[-81.65172699971804,30.741919000227856],[-81.65182800000039,30.742208000381208],[-81.65206700037498,30.74268800000779],[-81.65230500002635,30.7430650003763],[-81.65232799959257,30.743100999840813],[-81.65260499960202,30.743451000066717],[-81.65286599971793,30.743691999999175],[-81.65318899975811,30.74391500013966],[-81.65331900035277,30.743979999640263],[-81.65373399955615,30.744188000218088],[-81.65390699980851,30.744255999775103],[-81.65398499962633,30.744285999859542],[-81.65407400021309,30.744306000168084],[-81.65426800038185,30.744350999881885],[-81.65430400036686,30.744359999822166],[-81.65443599971303,30.74437000035528],[-81.654511999881,30.744376000056977],[-81.65463200042991,30.744384999994917],[-81.65475999957812,30.744359999822166],[-81.65486800043146,30.74433799988096],[-81.65491899958677,30.74432899993863],[-81.65507699977053,30.74429800004517],[-81.65511299975554,30.74429099974407],[-81.65612100023418,30.74395800038435],[-81.65653700016077,30.743821000202196],[-81.65668399957555,30.743772000157424],[-81.65793599955333,30.743252000257453],[-81.65869100031198,30.74296399998403],[-81.65874499984034,30.74294599984184],[-81.6596789998008,30.74263900015872],[-81.66036199969109,30.742413999696765],[-81.66083500041744,30.74233999978343],[-81.66143700011686,30.74246799963941],[-81.66168200033925,30.74255799999119],[-81.66190300027219,30.742639999998335],[-81.66232300039677,30.742864999932447],[-81.66265800013252,30.74311999978861],[-81.6629319997689,30.74341099986261],[-81.6630089997618,30.743492000084984],[-81.66325300015926,30.743831999846424],[-81.66359700011584,30.744428999850832],[-81.6636499998193,30.744789000373615],[-81.66365800021522,30.745146000110264],[-81.66361999968207,30.74549100003238],[-81.6635579997578,30.745702999666985],[-81.66354400041241,30.745728000263234],[-81.6634819995898,30.745853000058876],[-81.66346099967342,30.74587700003813],[-81.6633540004416,30.74600000003097],[-81.66324599958827,30.746122999866795],[-81.66299399969319,30.746410000159575],[-81.66284899992823,30.746537000212566],[-81.66263200019324,30.746729000059794],[-81.6624599997658,30.746880999989152],[-81.66226899997008,30.747049000241486],[-81.6618899998534,30.747418999681162],[-81.66177299967754,30.747534000166855],[-81.66170300025566,30.747589999903866],[-81.66165399985185,30.747628000341024],[-81.66162700008768,30.747647999955568],[-81.66160399962313,30.747666999778602],[-81.66123100025256,30.747961000137728],[-81.66080500028019,30.74829500010811],[-81.6605309997455,30.748510999634032],[-81.66040799972184,30.748607999731725],[-81.66013300026054,30.748869000018882],[-81.660045000397,30.748975999810902],[-81.65989600043409,30.749161000253157],[-81.65977400023537,30.749441000058788],[-81.65972900002951,30.749716000219703],[-81.6597349998773,30.75022800033357],[-81.65973599970222,30.750326000005774],[-81.65977500006026,30.75077100017763],[-81.65978900030396,30.750916000084366],[-81.6598050001975,30.75126499995505],[-81.65990099955866,30.75157700021537],[-81.6599190000003,30.751635999928222],[-81.65997900027477,30.751745999741335],[-81.66003399962804,30.751847999932927],[-81.66015599982676,30.752007000016135],[-81.66032800025421,30.75243899968868],[-81.66033900012486,30.752466000327573],[-81.66083500041744,30.75319299981708],[-81.66106399984797,30.75345600025663],[-81.66139899958372,30.753727000090148],[-81.66154199969887,30.753814000014604],[-81.66169700040787,30.753908000235022],[-81.66179299976902,30.75395399981668],[-81.66200200000641,30.754055000264366],[-81.66232300039677,30.754177000128834],[-81.66250499997165,30.754227999722602],[-81.66265800013252,30.75427199971374],[-81.66305099959459,30.75434599972364],[-81.66334500022077,30.754402000131506],[-81.66345599965055,30.754394000075205],[-81.66356600015371,30.754386999735924],[-81.66378899973647,30.754336999944563],[-81.66386400007954,30.7543200001022],[-81.66440499967962,30.754144000104812],[-81.66454299977187,30.754099000334513],[-81.66471100000138,30.754044999964883],[-81.66540399993742,30.753746000257813],[-81.6655649995959,30.753676999956024],[-81.66624400018657,30.753320999918195],[-81.66741099977551,30.75256499977493],[-81.66752200010362,30.75250200013842],[-81.66758400002789,30.752467999802775],[-81.66768600013513,30.752411000076002],[-81.66778900006729,30.75236499975723],[-81.668168000184,30.75219400029277],[-81.66854599957745,30.752022999752686],[-81.66895200035661,30.751871000218543],[-81.66906500033451,30.751838999920388],[-81.66908600025091,30.751832000167372],[-81.66955499988099,30.75170099962242],[-81.66984399958598,30.7516690000398],[-81.67022699990062,30.751626999895873],[-81.6707819997444,30.75159000001127],[-81.67135500002985,30.75155200036537],[-81.67165799997855,30.75151499967998],[-81.67212800033184,30.751458000161122],[-81.67240399961806,30.751424999977246],[-81.67256400034994,30.751468999705164],[-81.67280100017639,30.751535999778596],[-81.67285899990272,30.75155200036537],[-81.67315900037669,30.75159000001127],[-81.67345800012741,30.75162799964218],[-81.67359000037189,30.751644999959797],[-81.67363499967944,30.751650999980342],[-81.67405900000196,30.75159000001127],[-81.67425499982053,30.75156200015179],[-81.67435899957762,30.751547000085804],[-81.67472000015094,30.751537000297883],[-81.67511599998606,30.751504999888724],[-81.67517799991036,30.75149899985903],[-81.67563599966975,30.751462999673283],[-81.67677600039286,30.751323000109636],[-81.67762699961433,30.751218000110303],[-81.67781599976021,30.751194999668726],[-81.6784350000764,30.751069999858036],[-81.67887399956925,30.750956000259798],[-81.6790689995629,30.75090600023091],[-81.68016200043036,30.750518999777654],[-81.68059000005252,30.750367999945077],[-81.68106000040581,30.750202000372308],[-81.68149899989864,30.749884000159046],[-81.68196699970377,30.74955499990633],[-81.68236400026213,30.749212999958768],[-81.68265999963981,30.748944999868957],[-81.68299199990084,30.748644999989967],[-81.68309599965792,30.748491999977507],[-81.68321200000885,30.74829100021239],[-81.68324799999387,30.74811700034208],[-81.68328800017684,30.74792699974295],[-81.68330099969732,30.747800999764767],[-81.68332599981167,30.74755699993867],[-81.68331099974307,30.74711799988803],[-81.6832580000396,30.74684499962126],[-81.68305899984799,30.746395000063206],[-81.68277699981569,30.74596800009816],[-81.68235699969112,30.745484999628058],[-81.68223600021561,30.745384000229],[-81.68215099982679,30.745314000300564],[-81.68189200025903,30.74517800031616],[-81.6818060000453,30.74514699992381],[-81.68125899969911,30.744959000045583],[-81.68108999964473,30.74491700006366],[-81.68054099964871,30.744785000332303],[-81.6800889997371,30.7447170003767],[-81.67990799998714,30.744692000290115],[-81.67960300038861,30.744702999834896],[-81.67930600028768,30.744744999910058],[-81.67903099992807,30.744816000069036],[-81.67890000040683,30.744867999804327],[-81.67881599984293,30.744901999734857],[-81.67828299974045,30.74511499970761],[-81.67789600012617,30.745308999697066],[-81.67785599994319,30.745328999793188],[-81.67744400021455,30.745567000231823],[-81.67707000012074,30.745822999690347],[-81.67670500024775,30.746110999908538],[-81.67636299994098,30.746379000163714],[-81.67545999994266,30.747091000065755],[-81.67534100011696,30.747199000081334],[-81.67502499974947,30.747486000256103],[-81.67478100025032,30.747706999759433],[-81.67452199978422,30.747994999748524],[-81.6742170001857,30.748213000282792],[-81.67366900001461,30.748464999768423],[-81.6734840000667,30.74855000025812],[-81.67325499973782,30.748607999731725],[-81.67307999983565,30.748610000059013],[-81.6728510004051,30.74856800012508],[-81.67246800009045,30.748435000213508],[-81.67239299974739,30.748408999768138],[-81.67196599995012,30.748192000231555],[-81.67192599976715,30.74816800005709],[-81.6715769997877,30.747957000228208],[-81.67119500019628,30.747687999944315],[-81.67093499990528,30.7474760000465],[-81.670836999996,30.747395999876332],[-81.67067100031464,30.747236999900714],[-81.67048800001653,30.74706199987659],[-81.67030399989353,30.746885999738964],[-81.6698300002406,30.74643300019979],[-81.66978099983679,30.746365999664416],[-81.66972200028555,30.746286000116477],[-81.66960099991174,30.746118999880874],[-81.66934900001665,30.74567200021566],[-81.66915300019807,30.74520400008954],[-81.66907500038026,30.74498599969335],[-81.6688529997241,30.744510999809428],[-81.66879199962473,30.744284000214535],[-81.66875399998989,30.743998000361312],[-81.66875399998989,30.743419999890648],[-81.6688169997391,30.74293099997814],[-81.6688379996555,30.742764999940817],[-81.6688379996555,30.742514000052747],[-81.66909700012157,30.74168000019143],[-81.66919400020596,30.7414699998994],[-81.66927299984867,30.741296999914223],[-81.66929200011525,30.741270000004597],[-81.66969299997325,30.74071300029414],[-81.66998199967824,30.7403740001969],[-81.6706610002689,30.739764999793337],[-81.67127200018916,30.73933400028383],[-81.67141000028144,30.73926299994496],[-81.67203500044542,30.738940999621942],[-81.6721609999438,30.73889499981885],[-81.67224799998243,30.73886700012938],[-81.67249400002973,30.738790000169253],[-81.67303600035305,30.738789000289675],[-81.67352300042474,30.738789000289675],[-81.6737739995966,30.73883400026432],[-81.67432400031583,30.739025000145652],[-81.67460600034813,30.739143000242898],[-81.6747030004325,30.739184999653794],[-81.675012000229,30.73931899985774],[-81.6750330001454,30.73932499987401],[-81.67555200000416,30.739568999705426],[-81.67649000016259,30.740129000222268],[-81.67715399978631,30.74060200037314],[-81.67784099987456,30.740997000149644],[-81.67832899977121,30.741226000249924],[-81.6788779997672,30.741405000249333],[-81.67942000009052,30.741520000194296],[-81.67947000031923,30.74152799977583],[-81.68009100028524,30.741599999840005],[-81.68261899963194,30.741602000312884],[-81.68318100004672,30.741602000312884],[-81.68342100024624,30.741588999940912],[-81.68450699964436,30.74154899973575],[-81.68459000038335,30.741547000033872],[-81.68480600029342,30.74153799983084],[-81.68502100037857,30.741530000250147],[-81.68607300033982,30.74149000002048],[-81.68712500030105,30.741448999922255],[-81.68773600022132,30.741425000383913],[-81.68796999967475,30.74143200012119],[-81.68808400037587,30.741439999710014],[-81.68819399998073,30.741448999922255],[-81.68842599978431,30.741481999663716],[-81.68853999958714,30.741499000228004],[-81.68865199974015,30.741514000314663],[-81.68915499970538,30.74163199967973],[-81.6893759996383,30.741733999773363],[-81.68984900036463,30.74201000016659],[-81.68994999974868,30.742091000022793],[-81.69029200005544,30.74236700016533],[-81.69070399978406,30.742802000127394],[-81.69104699991576,30.7432800002167],[-81.69142100000957,30.7440279997541],[-81.69157400017045,30.744432000085926],[-81.69164199994249,30.744730000326474],[-81.69167999957733,30.745208999926422],[-81.6917549999204,30.74563799978492],[-81.69188600033998,30.746378000362977],[-81.69221400040304,30.747292000019083],[-81.69241299969636,30.747636999975118],[-81.69266499959143,30.747901999717534],[-81.69299299965448,30.748139999974676],[-81.69335099985477,30.74831200024204],[-81.6938930001781,30.748471999766164],[-81.69435099993748,30.748527999729834],[-81.69447499978604,30.748516999849837],[-81.69477799973475,30.74849100019869],[-81.69533500012666,30.748338999722037],[-81.69596100011556,30.748122999810377],[-81.69619899976692,30.74802200008936],[-81.6965560001423,30.747868999859257],[-81.69748900027787,30.747399000019072],[-81.69760700027862,30.747340000026526],[-81.6977250002794,30.747280000206523],[-81.69806599986296,30.747107999640214],[-81.69952200005524,30.74643600037247],[-81.69973999961512,30.74633200025071],[-81.70006400037853,30.74618599981599],[-81.70060699962842,30.74593600015472],[-81.70099599979086,30.74575600027478],[-81.70134700031846,30.74562999977262],[-81.70152200022063,30.7455840000752],[-81.70171300001634,30.74553299976402],[-81.70208700011017,30.74547000015971],[-81.70246799987666,30.745439999671948],[-81.7025320003491,30.745441000254505],[-81.70260500014402,30.745442999875554],[-81.70270999972601,30.745439999671948],[-81.70304000033721,30.745449000282488],[-81.70328899985924,30.74549199984239],[-81.7035819997622,30.745536999774213],[-81.70491699958066,30.74598099987916],[-81.705306999568,30.7461699998818],[-81.70573400026358,30.746434999800258],[-81.70612500007582,30.746710999849093],[-81.7071150001128,30.74740799967449],[-81.70753400041244,30.74762699978114],[-81.70797700010324,30.747789000015565],[-81.70852600009923,30.74792100026244],[-81.70911399955497,30.74797599999021],[-81.7096860000155,30.747950999977455],[-81.71030399960848,30.747835000204034],[-81.71140999999639,30.747585000190593],[-81.7114319997377,30.747578000128378],[-81.71166799973926,30.747501999971647],[-81.71174800010519,30.7474760000465],[-81.7119039997408,30.747425999754928],[-81.71246299978255,30.747243999987724],[-81.71268700008852,30.747147000060327],[-81.71299300041028,30.747016999885176],[-81.71385100020275,30.746649000041298],[-81.71406799993774,30.74657799968931],[-81.71507200021841,30.746251999902405],[-81.71571300027593,30.74600800001253],[-81.71573099981926,30.74600000003097],[-81.7162470002033,30.74576599989089],[-81.71679700002421,30.745490000222357],[-81.71728400009593,30.74524500013376],[-81.71754400038692,30.74511499970761],[-81.71791500010768,30.744912000211702],[-81.71810900027644,30.744806000354306],[-81.71832699983635,30.744740000049156],[-81.71855899963992,30.744671000243265],[-81.71888699970299,30.744621000039743],[-81.71921499976604,30.744605999664785],[-81.71955100022502,30.744616999991447],[-81.71971600008148,30.744646000144748],[-81.71995499955776,30.744689000063115],[-81.72013000035824,30.744719000012715],[-81.72032100015396,30.744791999825427],[-81.72034600026831,30.744807999988538],[-81.72093200007423,30.74511899973522],[-81.72129000027452,30.745375000384456],[-81.72205299963247,30.745996000039938],[-81.7224569998635,30.746363000261624],[-81.72264099998651,30.746475000292687],[-81.7228240002846,30.746554999683713],[-81.72313599955584,30.746622000087616],[-81.72333300009764,30.74662799964903],[-81.72360199971115,30.746637000148564],[-81.72393800017014,30.746615999753697],[-81.7244570000289,30.746545999948527],[-81.72459400029626,30.74652699990442],[-81.72473300021342,30.74652299993528],[-81.7248789998033,30.74651899996598],[-81.72502500029148,30.746514999996496],[-81.72513499989634,30.74651000022742],[-81.72576900028115,30.746572000124768],[-81.72639400044513,30.746721000138184],[-81.72643200007997,30.746734999614617],[-81.72718000026758,30.74702799993644],[-81.72761499956246,30.74725299965762],[-81.72822899985577,30.747482000326784],[-81.72825599961996,30.7474919997637],[-81.72844700031398,30.747610000298348],[-81.72846800023038,30.747625999993343],[-81.7293009999085,30.74825500037153],[-81.72969900029177,30.748520999736165],[-81.7301939998611,30.748851999983255],[-81.7307429998571,30.749152999761503],[-81.73084199959129,30.749208000329805],[-81.73091799975928,30.74924200027237],[-81.731300000249,30.749415999654275],[-81.7316509998783,30.749574999892822],[-81.73181900010778,30.74967499976265],[-81.73205500010934,30.74981500017806],[-81.73241400013454,30.750083999925252],[-81.7324900003025,30.750141000257425],[-81.7328409999318,30.75048600004409],[-81.73309299982687,30.750825999821828],[-81.73317700039077,30.75101699985845],[-81.73318999991126,30.75111099972119],[-81.73321500002561,30.75127600029321],[-81.73316899999486,30.751590999757973],[-81.73308500032928,30.75181199987766],[-81.73295499973462,30.752016000013043],[-81.7324600001653,30.752585999644584],[-81.73194100030652,30.753117000231423],[-81.73148299964879,30.753687000293723],[-81.73140700037914,30.753806999633152],[-81.73135299995245,30.7540069997438],[-81.731368999846,30.754252999649815],[-81.73142499992248,30.754399000206938],[-81.7314750001512,30.754525999760723],[-81.73164300038069,30.754777999710488],[-81.7318569997426,30.754994999846407],[-81.73214700017084,30.755202999795156],[-81.73233999961639,30.755295999723337],[-81.7324259998301,30.755327999644663],[-81.73251200004383,30.75535899984777],[-81.73288899961237,30.755503000087757],[-81.73313100036002,30.755616999706795],[-81.73330299988916,30.755670999966796],[-81.73390899978656,30.755860999954724],[-81.73401300044193,30.75588699993204],[-81.73416099968165,30.755925999884845],[-81.73430899981965,30.755964000120557],[-81.73535900013107,30.756234999843205],[-81.73537300037476,30.756241000349725],[-81.73549899987316,30.75628200032706],[-81.73562500026985,30.756323000286947],[-81.73615800037231,30.75649799969351],[-81.73628200022088,30.756539000333383],[-81.73669099957648,30.75667400001987],[-81.73691499988246,30.756747999727665],[-81.73725800001414,30.756882999893016],[-81.73755599993997,30.75700000003762],[-81.73785499969071,30.75711700004003],[-81.7387689995597,30.757475999767045],[-81.73968300032698,30.75783499969928],[-81.7397410000533,30.757858000098746],[-81.740408999875,30.75811999969653],[-81.74108099989463,30.758458999862174],[-81.74169900038592,30.758850000283314],[-81.74199599958853,30.759070999953142],[-81.74219499978017,30.75925400019345],[-81.74238499975095,30.759488999646003],[-81.74253000041423,30.759747999678883],[-81.74265199971465,30.76004599961468],[-81.74272899970754,30.760328000274146],[-81.74274399977615,30.76058800001882],[-81.74271299981402,30.760847000182714],[-81.74250699994968,30.761456999698883],[-81.74227099994813,30.761816000224165],[-81.74214100025179,30.76195300028025],[-81.74081399993095,30.763001999616954],[-81.74057000043179,30.76327100034704],[-81.74038700013368,30.763598999654786],[-81.74028000000355,30.764012999741038],[-81.74028000000355,30.764245999923784],[-81.74039399980637,30.76454500021325],[-81.7405999996707,30.7648540002954],[-81.74075299983157,30.76500699978157],[-81.7409589996959,30.765141999943484],[-81.74197399984722,30.76561199963035],[-81.74201200038037,30.765628999794433],[-81.74338499983365,30.766183999779138],[-81.74382000002684,30.76632800003663],[-81.74399499992903,30.76638600037966],[-81.74453499970419,30.76653299988148],[-81.74464400038245,30.766562999972713],[-81.74543000020492,30.766732999798762],[-81.746443999633,30.766890999640207],[-81.74664299982464,30.766921999979324],[-81.7478510003198,30.76706500031848],[-81.74800799978033,30.76708400016946],[-81.7485269996391,30.76710499995968],[-81.74940299987324,30.76709599982957],[-81.7498010002565,30.767091999943066],[-81.75003800008297,30.767110999788652],[-81.75082399990542,30.767320999741916],[-81.75084800019486,30.76732799991255],[-81.75223499989185,30.76776099988557],[-81.75278499971277,30.768000000030902],[-81.75392899973552,30.768496999656772],[-81.75456399994523,30.76875099999335],[-81.75521000002561,30.76900900023842],[-81.75594300014464,30.76934400008395],[-81.75645399960749,30.76961499996051],[-81.75701099999941,30.769943000032097],[-81.75823200001504,30.77078399971023],[-81.75826899982496,30.77081099983509],[-81.75852900011596,30.771082999755684],[-81.75902399968528,30.7716010000206],[-81.75932800035723,30.772037000210027],[-81.75953400022154,30.77236299991055],[-81.75979299978931,30.772938999712135],[-81.7603190002191,30.774467999911888],[-81.76037799977033,30.774681000082623],[-81.76052500008342,30.77492499985815],[-81.76056100006842,30.774983999926064],[-81.76060299990124,30.775025999913154],[-81.76073900034366,30.77516200018643],[-81.76087300023796,30.77530000004026],[-81.76091099987279,30.77533800034558],[-81.76123200026316,30.775525000065414],[-81.7617200001598,30.775698000299716],[-81.7620220002836,30.775738000211454],[-81.76225400008718,30.77576799974846],[-81.76314500038993,30.775932000242168],[-81.76321499981184,30.77594499983637],[-81.76339700028501,30.77594900012677],[-81.76368099996715,30.775955000176143],[-81.76411600016033,30.775894000171473],[-81.76535899991728,30.776101000232558],[-81.76557099962939,30.776145000259017],[-81.76583699976817,30.77619899980787],[-81.76610399973185,30.776254000360563],[-81.76613600041723,30.776259999619086],[-81.76686899963791,30.77644699986222],[-81.76760900032795,30.77666900028975],[-81.76786000039812,30.776755000060454],[-81.76853999991536,30.776987000009747],[-81.76934699965422,30.77710199990696],[-81.76963700008244,30.777116000368235],[-81.76971599972516,30.77710799988435],[-81.769873000084,30.777092999940066],[-81.7700560003821,30.77706900002432],[-81.77043200012574,30.776961999812528],[-81.77070599976214,30.77681999977333],[-81.7711409999553,30.776501000013333],[-81.77130199961377,30.776324000176583],[-81.77130900018479,30.77631599962684],[-81.77135600004047,30.77620199982474],[-81.77137100010908,30.77616200010592],[-81.77137100010908,30.776023999944947],[-81.77136100006334,30.775998000004336],[-81.77125700030626,30.775723000053564],[-81.77091199962645,30.775191999903033],[-81.77040799983631,30.774505999774004],[-81.77035699978266,30.774404999944945],[-81.77020199997197,30.77410499990404],[-81.77018699990336,30.77399599968321],[-81.77020299979688,30.773871999664195],[-81.77026399989626,30.773670000112684],[-81.77035599995774,30.773482000355404],[-81.77068800021877,30.773061999866165],[-81.77075500016592,30.772977999702707],[-81.77092400022033,30.77285500021308],[-81.77136000023843,30.772692999704137],[-81.77146999984328,30.772628000290425],[-81.77160999958537,30.772540000087936],[-81.77173599998207,30.772433000241985],[-81.77186499985349,30.77231600033203],[-81.7720489999765,30.77205299970494],[-81.77224700034323,30.771552999758622],[-81.77246800027616,30.771239999859304],[-81.77249699969016,30.77071399972285],[-81.772505999911,30.770566999660748],[-81.77242999974301,30.76985499968961],[-81.77249099984239,30.769574999818804],[-81.77267800033846,30.76927500015581],[-81.77274299973746,30.769174999803074],[-81.77310099993775,30.76875499981093],[-81.77318700015147,30.76863699971857],[-81.77342900000082,30.768304999990633],[-81.77355899969714,30.768007000152195],[-81.77358999965928,30.76770799981165],[-81.77348300042749,30.76699600030009],[-81.77342700035099,30.76683900021933],[-81.77337899977209,30.766751999715225],[-81.77335299983284,30.76670299976045],[-81.77331299964986,30.76666299995217],[-81.77321599956547,30.76656499992705],[-81.77244499981164,30.766015999720956],[-81.77225700038896,30.765850999709222],[-81.7720909998093,30.765740000201795],[-81.7720270002352,30.765696999648895],[-81.77180299992922,30.765467000242737],[-81.77166499983694,30.765325999824903],[-81.77160799993555,30.765267000010297],[-81.77156899957748,30.765157999812864],[-81.77143800005624,30.7649630000652],[-81.77137000028416,30.76481100011858],[-81.77136799973603,30.76479799979204],[-81.77134699981963,30.764648000350856],[-81.77137699995686,30.764473000321374],[-81.77145300012485,30.764305000364256],[-81.77156799975258,30.7641430001279],[-81.77174299965475,30.76396599994386],[-81.7719490004174,30.76381100033528],[-81.77196699996074,30.763801000277304],[-81.77216299977933,30.763697000384244],[-81.77234500025251,30.763636000327846],[-81.77394799985957,30.763286999755557],[-81.77621300033886,30.762721999877837],[-81.77637399999735,30.762681999958936],[-81.77653499965581,30.76264299965529],[-81.7766660000754,30.762608999813104],[-81.77739699964626,30.762425999775296],[-81.78025700015229,30.76168399972652],[-81.78057099997166,30.761570000344015],[-81.78141700006857,30.76139599976682],[-81.78215000018758,30.761340999984764],[-81.78231000002116,30.76134700017304],[-81.78247800025065,30.761382999750982],[-81.78262999968828,30.761453999994178],[-81.78283599955262,30.761590999793544],[-81.78301200017802,30.76170900003352],[-81.78320999964643,30.761885000096516],[-81.78334000024108,30.7620540000559],[-81.78345400004392,30.762254999653237],[-81.78352299964088,30.76246500016685],[-81.78356899967163,30.762692999764596],[-81.78355399960303,30.76297399998846],[-81.78346999993742,30.76330800037431],[-81.78319499957782,30.763850999785078],[-81.7829050000479,30.764213999879104],[-81.7827910002451,30.764405999987698],[-81.78268400011497,30.764680999862033],[-81.78263800008422,30.76495399973486],[-81.78256899958893,30.765153999845786],[-81.78254699984763,30.765730000344167],[-81.78258500038076,30.76607299988386],[-81.78266099965045,30.766366999619052],[-81.78276000028293,30.766613000361385],[-81.78289800037521,30.766863000371192],[-81.78321800004235,30.76725599978696],[-81.78366900012905,30.767615000295947],[-81.78402700032936,30.767899999896972],[-81.7857279998457,30.76889799974207],[-81.78594899977864,30.76899100033351],[-81.7861859996051,30.769135000250355],[-81.78648299970602,30.7694210003145],[-81.78664400026281,30.769634000079918],[-81.78669699996627,30.76980199999714],[-81.78671200003488,30.770005999833153],[-81.78665099993552,30.7701910000029],[-81.78651100019344,30.77038799983853],[-81.78647600003333,30.77043700023258],[-81.78633499956801,30.770573000045744],[-81.78624699970447,30.770660000182954],[-81.78605599990875,30.77078600034866],[-81.78569799970847,30.77096200002214],[-81.78568299963985,30.77096800038251],[-81.78544900018645,30.771070999820775],[-81.78444599973069,30.771510999799208],[-81.78416399969838,30.771686999690363],[-81.78397299990267,30.771851999730114],[-81.78383599963531,30.772024000087754],[-81.78374399957382,30.772199999812425],[-81.7837350002513,30.77222900014837],[-81.78372699985536,30.772262000147432],[-81.78371299961168,30.772326000277097],[-81.78369199969526,30.772389000061626],[-81.78365999990821,30.772604000032683],[-81.78367599980176,30.772878999636415],[-81.78371400033491,30.77313600009645],[-81.78378999960456,30.773333000077407],[-81.78389699973468,30.773530999945713],[-81.78407199963688,30.773745000163803],[-81.78413199991132,30.773802999895633],[-81.78435700004222,30.77401799979439],[-81.78503400008475,30.77466399997401],[-81.78575100031024,30.775796999780848],[-81.78627699984169,30.77655999988656],[-81.78655200020131,30.77690099967461],[-81.78682699966261,30.777201000258636],[-81.7870509999686,30.777419999739227],[-81.78779099976029,30.77814399989725],[-81.78796499983758,30.77831400010167],[-81.78808600021141,30.778430999663826],[-81.78843199981782,30.77882000028523],[-81.78848600024448,30.77887999974304],[-81.78853999977284,30.77894100016968],[-81.78859699967424,30.77900499971537],[-81.78865399957566,30.779068999990205],[-81.78877800032254,30.779207999873762],[-81.78890100034617,30.779346000098027],[-81.78895499987455,30.779407000229156],[-81.7890009999053,30.77948299989551],[-81.78920699976962,30.779818000319263],[-81.7893259995953,30.77998200008282],[-81.7893950000906,30.780082000008548],[-81.78946299986266,30.780180000159007],[-81.79092400007781,30.782242000349036],[-81.79135099987508,30.782804000025088],[-81.79160299977015,30.78331899989882],[-81.79179299974093,30.783631999859526],[-81.79209099966678,30.784122000050324],[-81.79234299956187,30.784659999980075],[-81.79243499962337,30.784906999657004],[-81.79256400039311,30.785251999856147],[-81.79258299976136,30.78547699975545],[-81.79261700009656,30.78585100031317],[-81.7925789995634,30.786330999970676],[-81.79261700009656,30.786776999756036],[-81.79277000025742,30.78706400000179],[-81.79286200031895,30.787157000010684],[-81.79288400006024,30.787166999956476],[-81.7929290002661,30.787186999844916],[-81.79307499985596,30.78725100007753],[-81.79338799985041,30.78730599971285],[-81.7934570003457,30.787305000337124],[-81.79353099996554,30.78730300004223],[-81.79366999988271,30.787300000371516],[-81.79375400044661,30.787282000030224],[-81.79382800006645,30.787268000276853],[-81.79396799980853,30.787238999844234],[-81.79441700024542,30.787004000247144],[-81.79470799960026,30.786851999620612],[-81.7950280001657,30.786651999851784],[-81.7955699995907,30.786364999919847],[-81.7959360001869,30.786145999968404],[-81.79610299969318,30.786028000369225],[-81.79627199974757,30.785909999853544],[-81.79660800020655,30.785620000299303],[-81.79686699977432,30.785356999771768],[-81.7971260002404,30.78502999994379],[-81.79724800043914,30.784844999753993],[-81.79728699989889,30.7847050001247],[-81.79741599977031,30.784257999811874],[-81.79743199966384,30.78410900001764],[-81.7973930002041,30.78382499999326],[-81.79724800043914,30.78356700011912],[-81.79674999959845,30.78305499983301],[-81.79662999994785,30.78292800010737],[-81.79624300033356,30.782597999920842],[-81.7962030001506,30.78256400018338],[-81.7960349999211,30.782349000090043],[-81.79597399982173,30.78223800032032],[-81.79596700014905,30.782129000053345],[-81.79598999971527,30.782020999865214],[-81.79605099981464,30.781909999717033],[-81.79609500019556,30.78186099976381],[-81.79622599971681,30.78171700037107],[-81.79647799961188,30.781575999840303],[-81.79685199970571,30.78146200009755],[-81.79713100026328,30.781467999803056],[-81.79717200027115,30.78146900001117],[-81.79727299965518,30.781497999868453],[-81.79747000019698,30.78155500012124],[-81.79767600006132,30.781668000319517],[-81.7977520002293,30.781709999703736],[-81.79776399992487,30.781717999804858],[-81.7978019995597,30.781743999743057],[-81.79784699976555,30.781774999927347],[-81.79806500022376,30.781923000046948],[-81.79927000034586,30.78294400010636],[-81.79988100026614,30.783532999952502],[-81.80045299982835,30.784208000103487],[-81.80079599996003,30.784731000027186],[-81.80086600028024,30.784853999767325],[-81.80128899987953,30.785605000138894],[-81.80136800042057,30.785743999837837],[-81.80164700007981,30.786406000183103],[-81.80168499971465,30.78655500027716],[-81.80170399998123,30.786620999696083],[-81.80177299957819,30.786742999952523],[-81.80188700027934,30.78687500003037],[-81.80197900034084,30.786932000183377],[-81.80239799974217,30.787196999787618],[-81.8028639998975,30.787388000191083],[-81.80332099983198,30.78765300008216],[-81.80364399987218,30.78789899964779],[-81.80444300011344,30.788507000266165],[-81.8048780003066,30.788879000353283],[-81.80505499985861,30.789011999943874],[-81.80511500013307,30.78905700036713],[-81.80537399970085,30.78925099977289],[-81.80608300042873,30.789739999764354],[-81.80642499983718,30.789899999876546],[-81.80660200028751,30.78998199968615],[-81.80744900020933,30.790118999767266],[-81.80895999975489,30.790253000074603],[-81.81049299994007,30.790268000281642],[-81.81095800027049,30.790293000107102],[-81.81133999986189,30.790263999815075],[-81.81169899988708,30.790198999927117],[-81.8131480004067,30.78972099975746],[-81.81346899989875,30.78965000030777],[-81.81378899956587,30.789613999729838],[-81.81468200041678,30.789588999727815],[-81.81518600020692,30.78959800006882],[-81.81556699997344,30.789606000285513],[-81.81648500004037,30.78968999981941],[-81.81717200012865,30.78975600017345],[-81.81721599961125,30.789759999889405],[-81.81732199991646,30.78976599984892],[-81.81885500010165,30.78990599982731],[-81.81921300030193,30.789910999657412],[-81.81948799976323,30.789885999732668],[-81.81974800005423,30.78983300027196],[-81.82004500015513,30.78974099988649],[-81.82038300026394,30.789594999698057],[-81.82051799998317,30.789537000227593],[-81.82096099967394,30.789267999618627],[-81.82118400015503,30.789064999857114],[-81.8213439999886,30.78892000031631],[-81.82164000026461,30.788651999658047],[-81.82221199982683,30.788235000221047],[-81.82258599992063,30.7878910000608],[-81.82331900003965,30.787111000092192],[-81.82349399994185,30.786926000047046],[-81.82362299981327,30.786846000250975],[-81.82370200035427,30.78683100028179],[-81.82379900043867,30.78681199970012],[-81.8240200003716,30.786825000139164],[-81.82417299963417,30.786870000042413],[-81.82422600023594,30.78688600015733],[-81.82447399993305,30.787020000339698],[-81.82462299989596,30.787135999966722],[-81.82482899976029,30.78735899979466],[-81.82509900009704,30.787734000121564],[-81.82548499988643,30.78827099977184],[-81.825568999552,30.78842000006307],[-81.82569800032174,30.78854399984971],[-81.82588200044475,30.788657999686734],[-81.82599899972232,30.788708000168313],[-81.82611800044631,30.788758999984513],[-81.82646099967967,30.788840999995436],[-81.8266520003737,30.788886999858015],[-81.826850999667,30.78895400012182],[-81.82761300009832,30.789208999823334],[-81.82804800029152,30.789303000199443],[-81.82839800009589,30.789345000107932],[-81.82849099998231,30.789355999952296],[-81.82952100020225,30.789384999746513],[-81.83000900009887,30.789359999684955],[-81.83076399995919,30.789233999924143],[-81.83177900011052,30.789015000332842],[-81.83313999986825,30.788664999848333],[-81.83375400016156,30.788514999801915],[-81.83379299962132,30.788506000131207],[-81.83409399992019,30.78842299969884],[-81.83480000027504,30.788226999890288],[-81.83515900030024,30.78809000020032],[-81.83538000023316,30.78803400010186],[-81.83561700005963,30.787921999807125],[-81.83602899978827,30.787643000186886],[-81.83619500036794,30.78754700021335],[-81.83635699985135,30.787452999664104],[-81.83670800037892,30.78729400025815],[-81.83677199995303,30.787272000096365],[-81.83709699964305,30.787164999658668],[-81.83725099962884,30.787128999693827],[-81.83749599985121,30.78707299980746],[-81.83761899987486,30.78704400008778],[-81.83785499987641,30.786996999964632],[-81.83793900044031,30.786978000187425],[-81.83811900036537,30.786929999880734],[-81.83816600022105,30.78691100009036],[-81.8381789997415,30.786904999952643],[-81.83840100039768,30.78681400000522],[-81.8386209996074,30.786756999782266],[-81.83924300029663,30.786600000306805],[-81.83947699975006,30.786589000147124],[-81.83984499999607,30.786655999696883],[-81.84041800028153,30.786760000241653],[-81.8409659995543,30.786857999761573],[-81.84097899997309,30.7868610002178],[-81.84099099966866,30.786863999902202],[-81.8410640003619,30.786877000334158],[-81.84134600039421,30.78696900037293],[-81.84158300022068,30.787107000266026],[-81.84176999981842,30.78728599984909],[-81.84186400042806,30.78747399963878],[-81.8418800003216,30.787569000312214],[-81.84177400001639,30.787853000084247],[-81.84162099985551,30.788128000083212],[-81.84139999992257,30.78843100001324],[-81.8400650001041,30.790482999648454],[-81.83980499981311,30.790952999784494],[-81.83976800000319,30.791029999696125],[-81.8396910000103,30.791196999954014],[-81.83965300037546,30.791383999709087],[-81.83960700034471,30.791890999909864],[-81.83965300037546,30.792077999858495],[-81.83983599977526,30.792331999668384],[-81.84002599974605,30.792500000073172],[-81.84013700007412,30.79254100003556],[-81.84027099996842,30.792591000041305],[-81.84040999988561,30.792584000165522],[-81.84058300013797,30.792576000196622],[-81.84118499983742,30.792268999826693],[-81.84126199983031,30.79223100003698],[-81.84142699968675,30.792122999618513],[-81.84175800012285,30.791905999861413],[-81.84227000030893,30.79162000027971],[-81.84305500030648,30.79123500015239],[-81.84330100035378,30.7911340001403],[-81.84381799966442,30.79092200024362],[-81.84471099961699,30.790749000382025],[-81.84496300041039,30.79072000022754],[-81.84513300028969,30.790708999767524],[-81.84545899980462,30.790708999767524],[-81.84563799990477,30.790721000339424],[-81.84587100043159,30.7907499997219],[-81.84622200006088,30.790833999799787],[-81.846541999728,30.790952999784494],[-81.84675000014046,30.79107100028539],[-81.84715199982337,30.791302000323437],[-81.84811400027124,30.791736999860657],[-81.84856399963472,30.791996000293093],[-81.8492020002175,30.792398999846622],[-81.85046400024102,30.793196000056113],[-81.85059300011245,30.793280000312],[-81.85074100025045,30.7934199998037],[-81.85083999998466,30.79351399992128],[-81.85093899971886,30.793606999865126],[-81.85195100039543,30.794563000087294],[-81.85235599955308,30.794833999910104],[-81.85256200031571,30.79489500024897],[-81.85269100018716,30.794896999614256],[-81.85276200033226,30.79488300019801],[-81.85289700005146,30.794856999953854],[-81.85329399971151,30.79472700017098],[-81.85350799997174,30.794628000111597],[-81.85427799990069,30.794143999896892],[-81.85444600013018,30.794070999700846],[-81.85462900042829,30.794029000313483],[-81.854820000224,30.794019999615582],[-81.85487700012541,30.794026000080923],[-81.85512499982251,30.794049999623628],[-81.856102000339,30.79424299968303],[-81.85645700016624,30.794262000339657],[-81.85666600040362,30.794272999621544],[-81.8569330003673,30.794246999984075],[-81.85845099958556,30.793912999742155],[-81.85900799997748,30.79390299972625],[-81.8591150001076,30.793911000356413],[-81.85925800022274,30.793924999914193],[-81.85939999961464,30.79393900024163],[-81.85958100026292,30.79395499995188],[-81.85999999966425,30.794030999696783],[-81.86027300037405,30.79405399993264],[-81.86144499998589,30.794150000354495],[-81.86196100036993,30.79419299976484],[-81.86341099981611,30.794289000047893],[-81.86373899987917,30.794274999771435],[-81.86400599984287,30.794221999643366],[-81.86424199984442,30.794136000057794],[-81.86452100040198,30.79397199973759],[-81.8645780003034,30.793938000163166],[-81.8652260000336,30.79361200027438],[-81.86579599994599,30.793532999950312],[-81.86596599982529,30.793509000278554],[-81.86643199998062,30.793417000323874],[-81.86721399960511,30.793164000380237],[-81.86748700031491,30.79307599967345],[-81.86776000012638,30.792987999657736],[-81.8679500000972,30.792926999652213],[-81.86826300009164,30.792849999716502],[-81.86837000022176,30.792849999716502],[-81.8685149999867,30.792906000096785],[-81.86892699971536,30.793227999721253],[-81.8696899999716,30.793925999992744],[-81.870155000302,30.794314999673986],[-81.87030000006696,30.7945609999434],[-81.87040700019709,30.794818999643766],[-81.87052900039583,30.79532600024995],[-81.87052900039583,30.795449999618338],[-81.87049800043368,30.79558400021219],[-81.87032299963319,30.795895000260188],[-81.87018500043925,30.7962149997953],[-81.8701889997389,30.796370999722573],[-81.87020100033277,30.7969109998903],[-81.87021200020342,30.796973999776547],[-81.87026200043213,30.797253000099392],[-81.8703529997704,30.79748299990316],[-81.87049800043368,30.79766100019215],[-81.87072000019154,30.79781900016383],[-81.87085200043602,30.797888999716665],[-81.87113899959289,30.798039999835073],[-81.8713720001197,30.798117000243607],[-81.87158899985467,30.798188999647905],[-81.87189400035152,30.79825200023984],[-81.87319900003274,30.798437000098108],[-81.87449299984331,30.799193000210547],[-81.87455099956964,30.799227000241242],[-81.87574700036924,30.79969199997577],[-81.87619000006003,30.79980499969432],[-81.87667100028396,30.79988900034813],[-81.8767089999188,30.799895999691984],[-81.87722699995265,30.799947999762225],[-81.87752800025154,30.79995699990508],[-81.87773900013873,30.79996299999982],[-81.87918899958491,30.799979000250715],[-81.87929599971504,30.79998100028188],[-81.87943100033259,30.79998200029747],[-81.88013400031436,30.799989999650016],[-81.88112600000115,30.799915000002876],[-81.88149199969904,30.799917000035375],[-81.88185800029524,30.799960999968288],[-81.88220899992453,30.800050999803446],[-81.88251500024629,30.800164999885176],[-81.88266699968392,30.8002819998691],[-81.88274000037717,30.800402999755345],[-81.88280999979905,30.800521000231114],[-81.8828270004158,30.800662999996927],[-81.88284300030934,30.80081000035939],[-81.88281999984478,30.800885000079774],[-81.88249199978173,30.80196999987799],[-81.88242300018477,30.803072000263835],[-81.88220899992453,30.804332999624656],[-81.88214100015246,30.804574999846547],[-81.88214100015246,30.804833999638497],[-81.88222499981805,30.80512799972416],[-81.88242800020763,30.805459999658044],[-81.88246500001756,30.805497999619188],[-81.88268400030067,30.805687000014693],[-81.88290299968548,30.80587699999271],[-81.88343800033608,30.80624800004037],[-81.88386500013334,30.806578000068658],[-81.88411700002843,30.80684099963974],[-81.88434499963404,30.807186999768557],[-81.8843610004259,30.807210999882937],[-81.88452899975707,30.8075979999349],[-81.88471899972787,30.808727000101747],[-81.88475800008592,30.80909500018483],[-81.8847420001924,30.80949599996846],[-81.88465400032885,30.810143000129152],[-81.88465099995582,30.810162999866773],[-81.88459700042745,30.810802000170003],[-81.8846579996285,30.811266000320128],[-81.88470200000943,30.811372000266118],[-81.88471899972787,30.81142199973421],[-81.8848190001853,30.81152900017499],[-81.88515399992104,30.811806000120832],[-81.88526100005117,30.811864999933654],[-81.8853759996789,30.811902999676267],[-81.88587199997146,30.811959999647716],[-81.8863900000053,30.812070999820005],[-81.88664199990039,30.812098999815372],[-81.88677999999265,30.812133999798117],[-81.8869320003286,30.812172000205862],[-81.8873819996921,30.812375999660695],[-81.88776400018183,30.81266999981488],[-81.88785500041843,30.812762999739334],[-81.88815599981899,30.812956000025252],[-81.8890990000003,30.813560000045506],[-81.88923600026764,30.813670999912055],[-81.88943399973604,30.81383100030723],[-81.88973199966188,30.814117000147093],[-81.89014400028884,30.814862000334013],[-81.89025800009165,30.815067000106996],[-81.89027099961213,30.815084000015805],[-81.89032699968863,30.815154999965618],[-81.89038399959004,30.815226999719904],[-81.89079600021701,30.815750999691826],[-81.89120999959545,30.816277000354635],[-81.89131900027374,30.816413000142443],[-81.89136899960414,30.816483000037557],[-81.89143399990145,30.816586000099097],[-81.89149500000083,30.816752000085618],[-81.8915080004196,30.81682000005304],[-81.891521999765,30.816887999972316],[-81.89153099998582,30.816911999977716],[-81.89152000011518,30.8173069997515],[-81.89151699974214,30.817437999683026],[-81.8914720004346,30.817574999973825],[-81.89137100015226,30.817758999831682],[-81.89118899967906,30.81807700019729],[-81.89104399991413,30.818511999669116],[-81.89105999980764,30.818877999661723],[-81.89109800034079,30.81920599987813],[-81.89145599964276,30.820678999932234],[-81.89143300007653,30.821199000296275],[-81.89132900031947,30.82170000030258],[-81.89105200031004,30.822308000014715],[-81.8910210003479,30.82247000024264],[-81.8910289998455,30.822607000298305],[-81.89106700037865,30.822766999693613],[-81.89115100004423,30.822918000059655],[-81.89182200023897,30.82462499971437],[-81.89197500039985,30.824881999938153],[-81.89214299973102,30.825064000172844],[-81.89216399964742,30.825080000100634],[-81.89254699996206,30.825373000188126],[-81.89265699956692,30.825426000105793],[-81.89275299982639,30.825472000199866],[-81.89290599998726,30.82551299998001],[-81.89298200015524,30.82552100029259],[-81.89317299995095,30.825527000333704],[-81.89336399974667,30.8255090002092],[-81.89345300033344,30.825485000037975],[-81.89376499960467,30.8254100002356],[-81.8939720001922,30.825354000283276],[-81.89420599964562,30.825286000186992],[-81.89473200007541,30.825189000261314],[-81.89485099990108,30.825167000288427],[-81.8952020004287,30.825180000167823],[-81.89553799998934,30.82528900021498],[-81.8955770003474,30.825311999911865],[-81.89622099987965,30.825684000247904],[-81.8968650003102,30.826056999658302],[-81.89719400019817,30.826247999974264],[-81.89781199979114,30.826663999815903],[-81.89815499992281,30.82692399995877],[-81.89835499993936,30.827081999636338],[-81.8985759998723,30.82726800002696],[-81.89918400031783,30.8277970000433],[-81.89957400030518,30.828138000130384],[-81.89979799971285,30.828398999858322],[-81.90005499963081,30.828699000176353],[-81.90050499989259,30.82928699993173],[-81.90067999979479,30.829464999924227],[-81.90089400005503,30.829672000336785],[-81.90097299969774,30.82973099997389],[-81.90106200028451,30.829798000302286],[-81.9012449996843,30.829880000007353],[-81.90144300005102,30.829921999923197],[-81.90164899991535,30.82992400010241],[-81.90181700014485,30.82989300002001],[-81.90203100040509,30.82981299973618],[-81.90238899970704,30.82960900029196],[-81.90255899958636,30.829512000105513],[-81.90274199988447,30.82940699983292],[-81.90333899956103,30.829067999821923],[-81.90367900021798,30.82887500028664],[-81.90380700026451,30.82880700036993],[-81.90416899976444,30.828618999668944],[-81.90427400024474,30.828563000045488],[-81.904588999889,30.82839800013851],[-81.90469500019421,30.828343999826856],[-81.90471399956247,30.8283329998168],[-81.90477300001201,30.828301999991993],[-81.9047930001035,30.828293000190307],[-81.90482300024074,30.82827600030544],[-81.90486900027149,30.828252999775813],[-81.90486000005068,30.828304999925745],[-81.9048550000278,30.82834000017398],[-81.90504800037164,30.828265000287587],[-81.90521900007586,30.82819900015396],[-81.90552899969725,30.828023000347226],[-81.90560599969015,30.827959999991744],[-81.90598499980683,30.827644999908326],[-81.90631000039515,30.827333000298353],[-81.90657200033598,30.827030000366772],[-81.90662800041248,30.826964999890308],[-81.90696899999601,30.826489999760216],[-81.90707600012612,30.826286999939548],[-81.90721500004331,30.825859999713884],[-81.9072700002949,30.8255550002635],[-81.90726699992183,30.825422000331354],[-81.90726199989898,30.82523300019204],[-81.90697499984378,30.823915999742034],[-81.90687399956147,30.823651000322204],[-81.90671799992585,30.823390000030365],[-81.90666500022239,30.82331899999665],[-81.906524999582,30.8231319998958],[-81.90632299991563,30.822928999918663],[-81.90596700026349,30.82267199986785],[-81.90528100000013,30.822350999939964],[-81.9051589998014,30.822247999889495],[-81.90492199997495,30.821945000111633],[-81.90472399960821,30.821631999933036],[-81.90445699964454,30.821135000296607],[-81.90423499988667,30.82078200012262],[-81.90422099964297,30.820744999834748],[-81.90409099994663,30.820410000082386],[-81.90407500005311,30.81990200008899],[-81.90412899958147,30.81914900034898],[-81.90415000039619,30.8190070001298],[-81.90421300014538,30.81858999969599],[-81.9043269999482,30.818205000372373],[-81.9045329998125,30.817743000227],[-81.90482300024074,30.817299000297584],[-81.90507500013581,30.81701799986553],[-81.90526500010662,30.81687700019289],[-81.90540999987157,30.816768999696272],[-81.9055399995679,30.816721000379456],[-81.90568500023117,30.81670200030577],[-81.90580700042992,30.816713000105246],[-81.90595999969247,30.816768999696272],[-81.9060740003936,30.81683900010343],[-81.90635600042593,30.817117999841756],[-81.9064459999393,30.81717700024943],[-81.90670700005519,30.817352000042597],[-81.90705100001178,30.817505000103047],[-81.90730200008196,30.81752599968391],[-81.90755399997703,30.817437999683026],[-81.90774499977273,30.817257000260547],[-81.90782599996359,30.817111000209387],[-81.90783699983425,30.817093000050313],[-81.9078760001923,30.816984999796574],[-81.90795499983501,30.816771000149405],[-81.90798499997224,30.81668800020845],[-81.90805799976717,30.81649200017465],[-81.90821000010314,30.816202000304187],[-81.90836300026402,30.81599199985145],[-81.90856900012835,30.81584899974328],[-81.90886700005417,30.815738999930574],[-81.90911099955332,30.815680000182535],[-81.90955300031753,30.815691000099108],[-81.90985100024336,30.81573700022739],[-81.91015599984188,30.815811000018567],[-81.91043799987419,30.815909999858583],[-81.91091599972508,30.816124999728622],[-81.91201700009012,30.816620000147587],[-81.91231500001594,30.816717000242434],[-81.91261999961448,30.816783999622466],[-81.91295600007346,30.816815999920138],[-81.91407699963166,30.816791999890743],[-81.91500399991945,30.816806999813416],[-81.91578600044225,30.81682000005304],[-81.9164159997308,30.816908999688085],[-81.91643499999738,30.816911999977716],[-81.91677800012904,30.817002999975877],[-81.91731200005644,30.817220999993772],[-81.91735399988923,30.817247000359245],[-81.91738999987423,30.817271000274943],[-81.91782300041758,30.81755100013408],[-81.91806799974167,30.817677999635823],[-81.91834999977397,30.817776000035533],[-81.91864699987488,30.817817999845605],[-81.9191130000302,30.817806000342603],[-81.91943299969735,30.817739000132548],[-81.91992399996704,30.817542000096235],[-81.92105600029421,30.81708599964469],[-81.92130999983911,30.816983999957927],[-81.92149399996212,30.81693500013802],[-81.92179799973573,30.816853000178735],[-81.92193599982801,30.816836999651642],[-81.92227899995967,30.816883000002615],[-81.9225540003193,30.816955999843454],[-81.92282799995569,30.81706599980542],[-81.92322499961571,30.81731400014107],[-81.92338600017251,30.817476000306986],[-81.92354500018116,30.81763599976452],[-81.9236749998775,30.817739000132548],[-81.92386599967321,30.817836999698585],[-81.92409500000207,30.81790200018216],[-81.92474299973227,30.817856000319225],[-81.92490599993889,30.817833000379526],[-81.92557499958548,30.817739000132548],[-81.92647500010908,30.81764999972366],[-81.92757099955293,30.817496000060878],[-81.92811500042438,30.817418999751116],[-81.92843599991643,30.817430000240023],[-81.92872100032179,30.817505000103047],[-81.92874100041327,30.817510999873537],[-81.92884799964509,30.817571999704903],[-81.92892399981307,30.817658999751405],[-81.92903099994318,30.817979999932934],[-81.92896999984382,30.81843400035039],[-81.92895499977519,30.818948999892914],[-81.92911499960877,30.81938199964532],[-81.92932899986901,30.81971500027738],[-81.92952700023574,30.819894999888092],[-81.92983199983425,30.82007199974205],[-81.92985100010083,30.820079999736475],[-81.93009200012524,30.820177000194235],[-81.930130999585,30.82018800036725],[-81.93061799965672,30.820321999638146],[-81.93155599981516,30.820430999799502],[-81.93280799979293,30.820410000082386],[-81.9330940000232,30.820434999781845],[-81.93336500018485,30.820458999672365],[-81.93377699991349,30.82055099996858],[-81.93445599960583,30.820767999848556],[-81.93482200020205,30.820885000202516],[-81.93499000043154,30.820919000272088],[-81.93512699980057,30.820980000253247],[-81.93525700039523,30.821065999730845],[-81.93537899969563,30.821223999790348],[-81.93543999979501,30.821394000189034],[-81.9354389999701,30.821403999658557],[-81.9354320002974,30.821584999751547],[-81.93534100006082,30.82171600001951],[-81.93526400006792,30.821763999925697],[-81.93489800037003,30.821898999870836],[-81.93437699996312,30.822067000274682],[-81.93400500041743,30.822186000157842],[-81.93377699991349,30.822311000135677],[-81.93364700021715,30.822435000168912],[-81.93357100004916,30.822615000081537],[-81.93350900012489,30.822830000370736],[-81.93348700038358,30.82304999982753],[-81.9335169996225,30.823376000136516],[-81.93358600011778,30.823514999983775],[-81.93368499985199,30.823641000315217],[-81.93380700005073,30.823748000258746],[-81.93413500011378,30.823921000117032],[-81.93449400013898,30.824033999882932],[-81.93482200020205,30.82407399974088],[-81.93530199970274,30.824063999778],[-81.93558499955996,30.82411200005341],[-81.93595100015618,30.824352000299086],[-81.93606499995899,30.82448200011749],[-81.93617999958673,30.82470699998054],[-81.93622599961749,30.824951000076208],[-81.93620999972394,30.825417000034527],[-81.93614899962458,30.82588399979138],[-81.93611600001262,30.8263319998798],[-81.93611600001262,30.826606000346672],[-81.93611600001262,30.826775999702672],[-81.93613699992902,30.82720700018329],[-81.93619100035568,30.827554999694684],[-81.93629400028784,30.827766000045493],[-81.93647099983986,30.82796399966046],[-81.93677799998653,30.82831300000567],[-81.93697600035324,30.8285110000353],[-81.9371789998445,30.82886299985111],[-81.93768699983262,30.829145999759803],[-81.93804800040596,30.82934400038564],[-81.93838300014173,30.829589999682668],[-81.93883400022844,30.82984899991073],[-81.93920999997206,30.829780999912526],[-81.93923900028439,30.82970600038047],[-81.93922400021577,30.829554999890142],[-81.93917800018502,30.82942599970708],[-81.93854499962511,30.828469999992567],[-81.9384529995636,30.828238000098136],[-81.9384230003247,30.828007000138427],[-81.93844599989092,30.82778699969676],[-81.9385220000589,30.827622999726785],[-81.93865900032624,30.82746899985743],[-81.9387909996724,30.827362999934042],[-81.93885000012196,30.827316000243503],[-81.93907899955249,30.827210999883395],[-81.93932299994998,30.8271520002404],[-81.93957499984504,30.827147000033605],[-81.93994300009108,30.827224000257452],[-81.94033599955316,30.827405000179674],[-81.94077300029447,30.827698000114687],[-81.9411830003733,30.828004999919294],[-81.94145600018477,30.828265000287587],[-81.9418179996847,30.828483000196147],[-81.94219299960344,30.828593000068242],[-81.94255500000168,30.828579000161618],[-81.94281500029268,30.828503999690586],[-81.94285600030057,30.828354000115464],[-81.9428670001712,30.828080999731853],[-81.94269499974376,30.82778699969676],[-81.9422600004489,30.827270000261464],[-81.94185600021784,30.826880999767116],[-81.94166500042213,30.82666200034019],[-81.94146700005544,30.826346999855208],[-81.94142100002468,30.826133999984894],[-81.94145199998681,30.825959999740093],[-81.9415359996524,30.825809000300712],[-81.94166500042213,30.825688999759453],[-81.94171999977542,30.825660999868752],[-81.94182600008062,30.82560700033191],[-81.94202400044735,30.825553999742713],[-81.94231399997726,30.825528999833068],[-81.94257300044335,30.825549999973603],[-81.9428169999425,30.82560899982958],[-81.9429569996846,30.825675999948974],[-81.94313800033285,30.82576199984941],[-81.94369499982648,30.825980999786356],[-81.94410699955512,30.82610900022625],[-81.94528900011102,30.82645999985176],[-81.94618000041376,30.82666200034019],[-81.9464640000959,30.826727000250425],[-81.94662300010457,30.826772999721207],[-81.94700600041921,30.82688500025218],[-81.94776899977713,30.827193999806916],[-81.94806599987804,30.827342999920848],[-81.9483939999411,30.827545000094286],[-81.94866900030073,30.82767500021794],[-81.94908900042529,30.82780500016557],[-81.94950100015396,30.827867000126055],[-81.94963800042129,30.827844999995374],[-81.94980599975246,30.827763999821332],[-81.94987500024774,30.827712000149766],[-81.95143699984693,30.825949000228317],[-81.95352200040115,30.82471699987652],[-81.95524200018409,30.823131000121222],[-81.95570499996637,30.82275100015178],[-81.9594039999983,30.821397000338607],[-81.95977800009211,30.821186999672776],[-81.96152600036245,30.819817999958776],[-81.96294700039464,30.818850000099395],[-81.96392800021076,30.81810000007861],[-81.96421799974067,30.81777400037475],[-81.96448499970437,30.81729699985539],[-81.9645080001689,30.81712100012485],[-81.96447700020677,30.816944000232745],[-81.96441299973435,30.816684000070058],[-81.96420100002224,30.816438000110814],[-81.96387299995918,30.81619200029304],[-81.96347100027627,30.81595300033399],[-81.96168199999806,30.81453999989759],[-81.96121900021578,30.81403699983525],[-81.9613189997749,30.813946000113148],[-81.96147899960846,30.813863999916723],[-81.96172300000593,30.81379899978656],[-81.96183099996098,30.81379299978421],[-81.96228799989547,30.813766000154676],[-81.9627830003631,30.813672999658255],[-81.96311200025106,30.81357399982722],[-81.96357699968318,30.813341000328865],[-81.9637680003772,30.813160000129823],[-81.96388200018,30.81294599967618],[-81.96390499974623,30.812700000173702],[-81.96384399964685,30.812460000127206],[-81.96370700027784,30.81222700024145],[-81.96364500035354,30.812155999670576],[-81.96346200005543,30.811947000293355],[-81.96225000026064,30.8103290001513],[-81.9622190002985,30.81028700015294],[-81.96209700009976,30.810094999816112],[-81.96195200033479,30.80968999978834],[-81.96186000027329,30.808886000321046],[-81.96194399993887,30.80870799999001],[-81.96204299967309,30.808566999693088],[-81.96219599983395,30.808424000105347],[-81.96237099973612,30.808307999932744],[-81.96306799987013,30.808051000109025],[-81.96409600044025,30.807671999823185],[-81.96437000007664,30.80753699994248],[-81.96450099959789,30.80745199986315],[-81.96461500029903,30.807378999744063],[-81.9648660003692,30.807154000180233],[-81.96500399956312,30.806967000241208],[-81.96504200009629,30.806806999988],[-81.96503399970037,30.806477999922596],[-81.96485100030057,30.805993999966862],[-81.96482100016334,30.805943999988724],[-81.96468300007108,30.805714000371506],[-81.9645080001689,30.805502000223356],[-81.96428600041106,30.805315000155684],[-81.96382100008064,30.804782999862738],[-81.96327200008464,30.804080999836223],[-81.96294800021954,30.803489000158656],[-81.96282199982285,30.80325700010376],[-81.96263100002713,30.802719000069253],[-81.96248600026219,30.802391999877443],[-81.96238699962967,30.802168000203558],[-81.96218800033635,30.80178799986578],[-81.96200500003825,30.80154600034174],[-81.96184500020468,30.80127700015571],[-81.96175300014318,30.801064000245894],[-81.96172300000593,30.800992999913845],[-81.9616920000438,30.80079100022544],[-81.96175399996807,30.800273999769175],[-81.96191399980165,30.79968599986411],[-81.96202799960447,30.799142999780454],[-81.96212700023699,30.79727600033603],[-81.96217300026774,30.796977999963897],[-81.96225699993333,30.796682000311097],[-81.96234899999484,30.796475999842755],[-81.96243000018569,30.79636099996241],[-81.96247799986625,30.796291000068504],[-81.96289799999083,30.795846999775055],[-81.96313399999238,30.795663999683022],[-81.96346299988035,30.795524999662792],[-81.96411099961055,30.79538300002302],[-81.96480500026982,30.795183000250784],[-81.96531599973267,30.7949940000334],[-81.96568300015379,30.794755999888498],[-81.96617100005042,30.794289000047893],[-81.96662100031222,30.793914999899535],[-81.96791000009992,30.792687000380667],[-81.96846699959353,30.792155999737815],[-81.96902399998544,30.79127699998863],[-81.96955100024013,30.790263999815075],[-81.96995499957286,30.789075999733498],[-81.97022999993249,30.78801499975789],[-81.9702679995673,30.787822000315682],[-81.97038999976604,30.7871990000847],[-81.97044300036781,30.786567999979198],[-81.97036700019981,30.785869000150637],[-81.97034200008547,30.785643999625034],[-81.97032899966668,30.78552200028948],[-81.97022999993249,30.78506300018222],[-81.97010799973374,30.784644999669936],[-81.97012299980236,30.784356999744304],[-81.97017600040411,30.784213999637647],[-81.9702679995673,30.784122000050324],[-81.9703310002148,30.784093000212444],[-81.97082699960905,30.7838560002785],[-81.97122199961926,30.783668999775195],[-81.97132100025178,30.783561999959183],[-81.9715120000475,30.783247000163247],[-81.97158800021546,30.78302199967735],[-81.97166400038346,30.782386999926114],[-81.97180099975249,30.78148999974901],[-81.97200699961682,30.7807829998799],[-81.97219800031084,30.780352000291987],[-81.97245799970352,30.779925999893813],[-81.97269399970507,30.779633000137355],[-81.97271200014674,30.779613999677142],[-81.97306000030127,30.779253000253888],[-81.97328200005913,30.778954000129083],[-81.9734419998927,30.778827999854933],[-81.97364000025941,30.778719000354457],[-81.97386899968996,30.77866199996464],[-81.97404399959215,30.778650000203196],[-81.97425000035479,30.77868099984102],[-81.97451700031846,30.77868099984102],[-81.97505200007076,30.77862199972505],[-81.97542399961645,30.77851400023],[-81.97558599999816,30.778466999797296],[-81.97583000039563,30.778366000267646],[-81.97606600039718,30.778222999743612],[-81.97637099999571,30.777965999751604],[-81.97676099998304,30.777462000206413],[-81.97738600014702,30.776842000010507],[-81.9777219997077,30.77663600025864],[-81.97804200027313,30.776552000128262],[-81.97823300006885,30.77654600011619],[-81.978884999997,30.77658200018324],[-81.97902499973911,30.776607999966036],[-81.98101999988164,30.776976000294248],[-81.98126500010402,30.77709199968647],[-81.98342299955485,30.77812399967181],[-81.98508999963434,30.778896999878512],[-81.98615900021233,30.779535000201342],[-81.98638000014527,30.779644999776103],[-81.98663200004034,30.779726000385896],[-81.98711099971615,30.77983400006375],[-81.98765800006232,30.779899000011515],[-81.98793300042195,30.779970999938048],[-81.9881910001648,30.780069000201596],[-81.9884659996261,30.780205000291648],[-81.9887119996734,30.780362999621453],[-81.98895500024595,30.780547999942886],[-81.98964399998403,30.781162999893287],[-81.99135899974408,30.782561000364854],[-81.99173100018808,30.782735999912088],[-81.9920990004341,30.782996000084623],[-81.99235100032918,30.783243000176324],[-81.99263599983622,30.783642000171817],[-81.99340400011533,30.78454300027726],[-81.99398099970043,30.785123999774548],[-81.99473700028398,30.785884000269853],[-81.99482900034548,30.786026000047762],[-81.99491399983599,30.78616100004443],[-81.99510600035492,30.786410000038405],[-81.99532100044009,30.786628000005948],[-81.99557300033516,30.78683899995696],[-81.99577099980355,30.78691700022763],[-81.9958930000023,30.78692200021313],[-81.99600699980512,30.78689999996625],[-81.99611200028542,30.786843999946534],[-81.99631499977669,30.78666000031358],[-81.99662199992335,30.786452999823354],[-81.99667799999985,30.786413999893565],[-81.99682199993988,30.786356000047988],[-81.99698799962123,30.786323999639183],[-81.99719299966064,30.786329999813145],[-81.99740600009599,30.786391000145297],[-81.99758299964799,30.786502999907974],[-81.99773499998396,30.78666099969596],[-81.99784700013696,30.786851999620612],[-81.99783600026629,30.787025999698496],[-81.99793300035068,30.78732299990245],[-81.99803999958249,30.787537000307115],[-81.9983359998585,30.788008000320705],[-81.99847800014871,30.78813699978925],[-81.9985419997228,30.788197000380432],[-81.99869499988368,30.788269000268762],[-81.99886300011318,30.788310999857174],[-81.99932000004767,30.788337000328138],[-81.99995400043248,30.788406999839655],[-82.0006730003078,30.788599000288883],[-82.00072299963819,30.788630999940636],[-82.0005050000783,30.78856400022349],[-82.0009689996855,30.788818000055926],[-82.00101800008929,30.788901000147398],[-82.00138100031245,30.78951499980733],[-82.00147199965073,30.78960799976079],[-82.00164800027613,30.789667000082975],[-82.00180999975953,30.78965099965907],[-82.0019129996917,30.789649000184692],[-82.00206900022562,30.789671999925506],[-82.00209400033997,30.78968399985516],[-82.00215399971613,30.789712000199685],[-82.00238499969481,30.78979799988401],[-82.00279700032176,30.790437999892582],[-82.0033420001198,30.791287000277666],[-82.00335200016555,30.791326999880003],[-82.00337399990684,30.791406999806515],[-82.00343500000622,30.79153299980652],[-82.0034619997704,30.791559000177934],[-82.0035870003422,30.79167499973109],[-82.0037780001379,30.791767999910434],[-82.00398499982713,30.791804999782492],[-82.00418300019385,30.791783999981998],[-82.00440400012677,30.791705999800868],[-82.00459400009758,30.79157400018121],[-82.00475399993115,30.791389000233977],[-82.00495200029786,30.790999000180094],[-82.00497499986409,30.790818999681054],[-82.00503599996345,30.790680000372618],[-82.00513499969766,30.790554000026482],[-82.00526399956908,30.790455999643093],[-82.0054619999358,30.79037200000668],[-82.00566799980012,30.790348999661663],[-82.00585199992314,30.790386000079785],[-82.00600500008402,30.790484999877208],[-82.006081000252,30.790588000025917],[-82.00629499961394,30.790756999731176],[-82.00646299984342,30.79093600023665],[-82.00660799960838,30.791135000247934],[-82.0067159995634,30.791347999780367],[-82.00682400041677,30.791721999882746],[-82.0068479998079,30.792207000040257],[-82.00685600020383,30.79236699990555],[-82.00688600034103,30.792456999905678],[-82.00706999956574,30.792696999751378],[-82.00722299972662,30.7928370000921],[-82.00742899959096,30.792959000178644],[-82.00767399981332,30.79303700011491],[-82.00782600014928,30.793058999729297],[-82.0079259997084,30.793046000133163],[-82.00802500034094,30.792985000164435],[-82.00807800004436,30.792900999650737],[-82.00807999969419,30.792879000000205],[-82.00812300025021,30.792405999735852],[-82.00805299993002,30.792052999725513],[-82.00805999960271,30.791682999774977],[-82.00816599990792,30.791253999860096],[-82.00821199993867,30.79115099965313],[-82.00828800010665,30.79106400029895],[-82.008425000374,30.790987999751998],[-82.00874300039132,30.790897999920098],[-82.00881399963811,30.79087800003181],[-82.00895900030139,30.7908819997011],[-82.00911900013496,30.790935000127007],[-82.00937199985495,30.791100000334],[-82.00958100009233,30.791189999976748],[-82.00968499984938,30.79123600025897],[-82.00975400034469,30.791293000141945],[-82.00995199981308,30.791380000060613],[-82.01017299974602,30.791389000233977],[-82.01039500040218,30.791314000049677],[-82.01051699970262,30.79119200019078],[-82.01053199977123,30.79109800011798],[-82.010509000205,30.79101799993444],[-82.01045599960324,30.790952999784494],[-82.01031699968605,30.790882999811352],[-82.01018799981465,30.790693999629237],[-82.0101719999211,30.79063800027561],[-82.01014199978388,30.790534000066632],[-82.01014099995896,30.790382999733602],[-82.01017899959382,30.790235999631307],[-82.01023999969317,30.79012499970438],[-82.01033199975468,30.790033999717377],[-82.0104459995575,30.789979000099002],[-82.01056799975622,30.789953000072042],[-82.01166599974822,30.789559999995188],[-82.01204300021509,30.789457999641982],[-82.01250500017244,30.78933300013595],[-82.01311500026783,30.789224000193293],[-82.01323699956824,30.789201000345383],[-82.0138170004247,30.78914899986363],[-82.0141839999475,30.78920999995099],[-82.01429899957522,30.789280999725644],[-82.01438999981183,30.789395000232275],[-82.01442099977396,30.78950000025448],[-82.01441400010125,30.78959800006882],[-82.0143759995681,30.789702999869355],[-82.01430699997114,30.789789999683347],[-82.01400999987023,30.789975999740058],[-82.01378300008949,30.79009500001501],[-82.01343900013292,30.79027500032607],[-82.01321700037508,30.790431999974945],[-82.01308799960532,30.79055199979918],[-82.01295799990898,30.79077099974829],[-82.01295100023628,30.79085499980777],[-82.01297399980251,30.7909309996882],[-82.01317299999414,30.791092000241605],[-82.01345599985136,30.791209999800202],[-82.01586799974541,30.791590999616247],[-82.01632700022805,30.791580000027576],[-82.01661099991016,30.791508000303452],[-82.01672300006317,30.791479000377915],[-82.0171120002256,30.791288000383712],[-82.01741799964904,30.79107100028539],[-82.01760799961983,30.790836000021223],[-82.01769300000865,30.79063000014478],[-82.01771499974994,30.790577000322504],[-82.01773800021448,30.790207000093798],[-82.01769999968134,30.7898520002567],[-82.01759500009933,30.78958800037582],[-82.01731100041722,30.788867999682576],[-82.01688399972164,30.7879489997523],[-82.01690600036127,30.78787000017715],[-82.01697499995824,30.787797999990115],[-82.01729600034861,30.787676000300387],[-82.01760799961983,30.78762999985849],[-82.01791399994157,30.787643000186886],[-82.01810399991238,30.78770300031464],[-82.01818000008036,30.787741999721607],[-82.01834099973884,30.78782700025414],[-82.01875300036579,30.78800200025145],[-82.01919900042964,30.78814000020557],[-82.01942399966221,30.788209999860502],[-82.02018699991847,30.78834300037643],[-82.02095000017471,30.788377999750534],[-82.02165999982918,30.788303000304456],[-82.02197199999871,30.7882329999455],[-82.02226999992455,30.788135999650432],[-82.0224909998575,30.78802699989433],[-82.02269000004912,30.787888999778104],[-82.02288000001991,30.78770599997278],[-82.02302499978487,30.78752500010945],[-82.02314699998361,30.787291999963028],[-82.02338499963498,30.78672199981822],[-82.02355200003956,30.786319999780282],[-82.02375899972878,30.78526300016875],[-82.02384900014049,30.784799999674874],[-82.02388699977531,30.784404999791796],[-82.02388000010262,30.784033000147627],[-82.02382599967594,30.783638000201368],[-82.02372699994174,30.783276000256144],[-82.02367800043626,30.7831629996318],[-82.02364300027617,30.78308200037288],[-82.02354399964364,30.78292699991438],[-82.02326900018235,30.782693000008706],[-82.02153699980553,30.780610000300587],[-82.02146900003348,30.780437999857174],[-82.02145399996486,30.78008000033522],[-82.02139299986548,30.77968700004364],[-82.02132400026852,30.779417999666634],[-82.02126300016914,30.779293999690022],[-82.02114099997041,30.779183000253738],[-82.02075199980798,30.77894100016968],[-82.0204849998443,30.77882300022042],[-82.020210000383,30.778749999970053],[-82.01976699979389,30.77870299965265],[-82.01962200002893,30.778653000143695],[-82.01942399966221,30.778499999972116],[-82.01927200022456,30.778290999959943],[-82.01927200022456,30.778129000114436],[-82.01948599958651,30.777791000015863],[-82.01957000015041,30.777688000053356],[-82.01972300031129,30.777574999810348],[-82.01976799961881,30.777502999634127],[-82.01976799961881,30.77738100000568],[-82.01965399981599,30.777201999739358],[-82.01907399985784,30.776849000260373],[-82.01844899969387,30.77655899962742],[-82.01783799977359,30.77620400035057],[-82.01748700014431,30.775938999786437],[-82.0173800000142,30.775799999810264],[-82.01731200024213,30.775660000136593],[-82.01728100028,30.775485000065103],[-82.01729700017351,30.775306000130104],[-82.01734999987697,30.775176000158268],[-82.01744899961118,30.77507099993404],[-82.01760199977205,30.774996999648415],[-82.01795999997233,30.774943000196707],[-82.01825799989817,30.774857000349837],[-82.01845399971674,30.774768999870584],[-82.0185549999991,30.774723999708442],[-82.01876099986342,30.774593999722022],[-82.01864700006058,30.77359699981127],[-82.01844899969387,30.772759000144536],[-82.01836500002828,30.772610999819015],[-82.01822000026333,30.772456000240563],[-82.01813599969942,30.772366000047096],[-82.01796800036826,30.772260000311555],[-82.01779199974284,30.772207999932583],[-82.01760199977205,30.772217999888884],[-82.0173730003415,30.77231300019392],[-82.0170219998139,30.772528999864004],[-82.01678499998744,30.772635000075002],[-82.01644199985577,30.77271399981413],[-82.0160989997241,30.772733000093417],[-82.01587699996624,30.772695999830404],[-82.01568699999545,30.772600999903563],[-82.01547000026046,30.772389000061626],[-82.01529000033541,30.772176000219737],[-82.01523400025891,30.772087000070076],[-82.01515999974076,30.77197100004626],[-82.01505299961065,30.77173999988834],[-82.0149859996635,30.771503999932865],[-82.01493200013513,30.771123000042333],[-82.01487100003575,30.77088599979915],[-82.01451399966038,30.77009900012566],[-82.0138170004247,30.76903200028355],[-82.01252000024107,30.76695300030837],[-82.01251299967005,30.766843000116424],[-82.01252699991376,30.766749999764837],[-82.01265499996028,30.766591999691897],[-82.01279100040271,30.7665289999715],[-82.01306300038927,30.766474999627036],[-82.0135010000572,30.766320999793265],[-82.01356200015657,30.76627400035129],[-82.0136070003624,30.766240000247915],[-82.01369699987578,30.76611299993735],[-82.01373500040893,30.765967000163354],[-82.01374200008162,30.76576300025627],[-82.0137119999444,30.76557400011535],[-82.0136280002788,30.76538299962455],[-82.01350699990499,30.765190000315595],[-82.01328000012427,30.76496799964807],[-82.01298399984826,30.76481100011858],[-82.01294399966528,30.764801999773965],[-82.01256100024897,30.764708000155412],[-82.01194000028293,30.76462399964665],[-82.01177399970327,30.76457399976851],[-82.01160800002192,30.764491999912135],[-82.01148599982317,30.764391000378946],[-82.01138700008897,30.76425100031575],[-82.01120499961579,30.76371699974891],[-82.01118100022464,30.763417999974948],[-82.0112120001868,30.76312100006994],[-82.01135100010396,30.76268100032739],[-82.01137500039341,30.76260000003451],[-82.01160299999904,30.761878000301902],[-82.01173100004556,30.761706999978284],[-82.01181800008419,30.76164600020464],[-82.01190500012282,30.761583999977542],[-82.01210099994141,30.761510999770962],[-82.01213899957625,30.761506999652287],[-82.01219399982784,30.761501999889717],[-82.01233600011805,30.76148099964889],[-82.01269699979308,30.761518000364166],[-82.013142000032,30.76169199994895],[-82.01337899985846,30.761687999837847],[-82.01359499976853,30.76159200020828],[-82.01382300027247,30.76142599991538],[-82.01387699980083,30.761317999645485],[-82.01390799976298,30.76126499988332],[-82.01392299983158,30.760902000247015],[-82.01399999982449,30.760676999995752],[-82.0141289996959,30.760471000375],[-82.01430500032131,30.7602939996143],[-82.01448000022351,30.760178000042643],[-82.01469399958543,30.760087999945902],[-82.01487699988355,30.760047999704366],[-82.01506000018165,30.76004200020706],[-82.01586100007273,30.759881999836697],[-82.01606000026435,30.759817000261602],[-82.01622000009792,30.75973300011625],[-82.01640300039601,30.759565000377627],[-82.01664699989517,30.75910899971951],[-82.01688399972164,30.758782999895505],[-82.01716599975396,30.758486000356946],[-82.01737199961828,30.758334999894508],[-82.01762400041166,30.75822400021127],[-82.01793599968289,30.75816700003216],[-82.01821900043842,30.758155999709263],[-82.01868399987052,30.758193999836802],[-82.0190270000022,30.758198000093145],[-82.01943899973082,30.75816499990334],[-82.01970599969452,30.75810799968924],[-82.02001200001628,30.75797299969764],[-82.0201479995604,30.757853000146604],[-82.02016400035225,30.75783899997055],[-82.02026399991135,30.757654999672642],[-82.0202809996298,30.757423000205534],[-82.02021299985773,30.757240000344577],[-82.02001700003915,30.75708299979007],[-82.01986100040354,30.756990000043995],[-82.01978199986252,30.756942999905746],[-82.01928200027031,30.7567010002432],[-82.01917299959204,30.756668000312317],[-82.01886399979557,30.756573999698443],[-82.01780099996367,30.756167000252248],[-82.01777900022236,30.756157999871398],[-82.01755099971841,30.756034999728524],[-82.01737800036437,30.755857000373258],[-82.01728700012778,30.75566800008182],[-82.01726600021138,30.755437999872075],[-82.01732800013566,30.75523300032962],[-82.01758900025156,30.754991000228973],[-82.01793200038324,30.75482000002399],[-82.01829700025624,30.75473000032234],[-82.01883899968121,30.75459500022607],[-82.01925100030817,30.75453099988559],[-82.01963100024977,30.754500999904323],[-82.01991300028207,30.754544999770722],[-82.02017000020003,30.754657000322368],[-82.0203519997749,30.75478299982227],[-82.02068400003591,30.75514000034059],[-82.02077500027254,30.755192999614906],[-82.02097299974092,30.755252999908798],[-82.02116199988681,30.75525500009806],[-82.02136799975113,30.755192999614906],[-82.02155199987415,30.755066000168913],[-82.02163600043804,30.754945000370707],[-82.02171500008077,30.754665000356812],[-82.02172799960125,30.75379900029942],[-82.02175899956339,30.753707000194023],[-82.0218439999522,30.753626000070426],[-82.02195699993011,30.753583000282106],[-82.02235399959014,30.75353500029825],[-82.0237310001397,30.75350700023225],[-82.02404400013417,30.753445999894936],[-82.02431799977055,30.753340999894494],[-82.02453200003077,30.75322000024455],[-82.02473000039751,30.753069000015234],[-82.02538200032566,30.752408999827654],[-82.02605500017022,30.75184199992466],[-82.02677300022062,30.75132799962881],[-82.02714099956833,30.751128000130073],[-82.02759800040114,30.75096600010806],[-82.02768100024181,30.750935000034644],[-82.02786299981668,30.750906999984664],[-82.02803799971888,30.750912000297497],[-82.02821199979616,30.75095099994924],[-82.02838800042156,30.751020999640954],[-82.02843899957686,30.75104899965773],[-82.0289059995571,30.751308999756056],[-82.02907999963438,30.751370999652107],[-82.02926299993248,30.751387000266284],[-82.02955099981257,30.75135499980724],[-82.02979299966191,30.751299999693135],[-82.03001299976994,30.75121700035973],[-82.03024000044896,30.751073999638326],[-82.03043700009245,30.750913000051238],[-82.03050400003961,30.75085199961469],[-82.03061000034482,30.750671999657968],[-82.03073800039134,30.750547999697986],[-82.03087399993545,30.750458999622],[-82.03104899983765,30.750387000003485],[-82.03124600037945,30.750345999832096],[-82.03146599958917,30.750344000312886],[-82.03167900002451,30.75038799976267],[-82.03188400006391,30.750476000145994],[-82.03208200043062,30.750610000083917],[-82.03223499969319,30.75077599972545],[-82.03274100003146,30.75160299980541],[-82.0329030004132,30.751980999763166],[-82.03342300009686,30.75280999977091],[-82.03380600041152,30.753360000138315],[-82.03441099958569,30.754116000215895],[-82.0345860003862,30.75428900033651],[-82.03461999982306,30.754314000247962],[-82.03479999974812,30.75444899996615],[-82.03534000042161,30.75473399995056],[-82.03558399992076,30.754795000243984],[-82.03581900009739,30.75481299971568],[-82.03613799993963,30.754774999797686],[-82.0366069995697,30.7545810003482],[-82.03677300014935,30.754434000349935],[-82.03678599966983,30.754407999980277],[-82.03700999997582,30.75395399981668],[-82.03729100018322,30.75351000018457],[-82.03805500026436,30.752301999989875],[-82.03811600036374,30.752123000168627],[-82.03817900011292,30.752015000270752],[-82.0382059998771,30.751970000277545],[-82.038466999993,30.751522000228004],[-82.03866500035973,30.751087000274158],[-82.03897400015623,30.750284999808418],[-82.03932899998345,30.749363000288447],[-82.03934499987699,30.749307999808714],[-82.03943600011358,30.748991000277332],[-82.03951200028156,30.748530999837257],[-82.03979500013878,30.747296999747558],[-82.03980199981147,30.74712000024626],[-82.03971800014588,30.746348999959057],[-82.03950499971054,30.745126999789946],[-82.03939000008282,30.744824999965868],[-82.03893300014833,30.744101999914857],[-82.03887100022406,30.743903999732822],[-82.03885600015545,30.7436979997431],[-82.0389099996838,30.743454000332267],[-82.03903199988254,30.743216999910963],[-82.03920000011203,30.743053000037154],[-82.0395430002437,30.742849000218698],[-82.03963399958198,30.74273900028116],[-82.03968800000865,30.742596000097343],[-82.03969499968136,30.74247199977688],[-82.03965700004652,30.742309999864975],[-82.03926100021141,30.741439999710014],[-82.03924500031786,30.741264000109393],[-82.03929100034863,30.741089000042965],[-82.03943600011358,30.740859999617022],[-82.03952800017508,30.740769999995177],[-82.03966500044244,30.740702000293766],[-82.03997000004097,30.740660000000023],[-82.04020699986744,30.74057000019134],[-82.04041299973176,30.74040399994619],[-82.04054199960318,30.7401999999229],[-82.04055800039502,30.740036000317748],[-82.04051900003697,30.73988899973753],[-82.0401909999739,30.739465999763365],[-82.04006899977517,30.739200999976],[-82.04005399970656,30.738955000229037],[-82.04009200023971,30.738830999854883],[-82.04042799980036,30.738136000283163],[-82.0404510002649,30.737972000253087],[-82.04041299973176,30.73781200027492],[-82.04030599960164,30.737645999910498],[-82.04021400043845,30.737502999888257],[-82.04009999973731,30.737406000189683],[-82.03942100004495,30.737194000054867],[-82.0390999996546,30.73703799992003],[-82.03895499988965,30.73693299979099],[-82.03886399965305,30.736802999730074],[-82.03883299969091,30.736683000052693],[-82.03883299969091,30.73649000035468],[-82.03889399979029,30.73615299988311],[-82.03897099978317,30.73601899990885],[-82.039084999586,30.73592200026062],[-82.03977199967424,30.735640999852954],[-82.03999299960718,30.73550600002519],[-82.04019900036982,30.73533400005643],[-82.04025799992105,30.735252000008117],[-82.04038199976961,30.735078999667916],[-82.04051099964104,30.734758999875893],[-82.04062600016708,30.734469999770695],[-82.04072499990129,30.734331000143467],[-82.04085499959763,30.73421099970405],[-82.04125899982866,30.733969000062178],[-82.04142700005816,30.73389100011829],[-82.04159799976237,30.733851999736547],[-82.04216000017718,30.7337249999483],[-82.04232000001075,30.733670999738337],[-82.04244999970709,30.733588999819233],[-82.04254099994367,30.73348199992345],[-82.04261000043898,30.733354999647588],[-82.04262499960926,30.733231999725533],[-82.04253400027099,30.73276899987926],[-82.04253400027099,30.732493999984946],[-82.04257899957851,30.732277000118117],[-82.04261000043898,30.732128000157946],[-82.04273199973939,30.731878000308377],[-82.04283899986952,30.731771000057176],[-82.04296799974094,30.731701000276026],[-82.0434640000335,30.731631999625648],[-82.04382300005868,30.731497000358996],[-82.04402899992301,30.73134000031049],[-82.04404099961857,30.731318999669817],[-82.0440709997558,30.73126299974079],[-82.04409000002238,30.731163000062253],[-82.04405900006024,30.731070999957527],[-82.04399100028817,30.731012000003627],[-82.04370099985996,30.73092700025518],[-82.04250300030886,30.730867000251344],[-82.04232800040667,30.730838999773486],[-82.04218299974339,30.730785000262912],[-82.0420150004122,30.73068200019742],[-82.0419230003507,30.730574000197997],[-82.04188499981755,30.730463000179697],[-82.04187499977182,30.730320000308517],[-82.04186200025134,30.730129000160503],[-82.04193099984832,30.730008999894107],[-82.04204499965114,30.729936999662545],[-82.0425490003396,30.72987000001004],[-82.04288499990027,30.729785999999645],[-82.04323499970464,30.729638999998265],[-82.04360200012576,30.729421999880653],[-82.04386099969352,30.72921899975179],[-82.04437399970452,30.728733000304253],[-82.04441800008546,30.72869100019886],[-82.04479200017927,30.728481000169403],[-82.04518100034169,30.72832899978173],[-82.04540200027463,30.728149000211616],[-82.04550900040475,30.727952999662538],[-82.04552699994808,30.7278810002117],[-82.04560800013896,30.727551999720223],[-82.04560099956794,30.727252999632707],[-82.045535000344,30.727109999632308],[-82.04550100000884,30.727036000321064],[-82.04534299982507,30.72679499965535],[-82.04528799957349,30.726711000053886],[-82.0450359996784,30.72643099982421],[-82.04445599972028,30.72615200033626],[-82.04364700033159,30.72562400019958],[-82.04351000006426,30.725586000350255],[-82.0433650002993,30.725582000283968],[-82.04137400035472,30.725317000155087],[-82.04112999995723,30.72524500027976],[-82.04092400009291,30.725146999805418],[-82.04003899963794,30.724585000204215],[-82.0397340000394,30.72419699978239],[-82.03947399974841,30.7236669996762],[-82.03936699961828,30.72357400010163],[-82.03851300002376,30.72263699986403],[-82.03855099965861,30.72254800026042],[-82.03855099965861,30.722444999887784],[-82.03880299955368,30.722140999915744],[-82.0389099996838,30.721941000061612],[-82.03892499975242,30.721848999649687],[-82.0389020001862,30.72168699981881],[-82.0387339999567,30.72143699991754],[-82.03865799978871,30.72122199999366],[-82.0386429997201,30.720975999916494],[-82.03868799992595,30.72074500021436],[-82.03875700042124,30.720594000053147],[-82.03886399965305,30.720440000217913],[-82.03922199985332,30.720114000036084],[-82.03940599997637,30.719906000007384],[-82.0395430002437,30.719670999747024],[-82.03959599994715,30.71950100025323],[-82.03956599980991,30.719299000165197],[-82.0394589996798,30.719149000139552],[-82.0392829999527,30.719067000222495],[-82.03906200001977,30.719067000222495],[-82.03874200035261,30.71914699997291],[-82.03852800009238,30.719141000244914],[-82.03793300006564,30.71919099976869],[-82.03777300023206,30.71917499998567],[-82.03751299994107,30.71906500005416],[-82.03733800003887,30.71894800017181],[-82.03718499987801,30.71877499991405],[-82.03711700010595,30.71862000017382],[-82.03711700010595,30.71853799980697],[-82.03715499974076,30.718450999689914],[-82.03740699963585,30.718180000251404],[-82.03752100033698,30.718133999806593],[-82.03791799999702,30.718041999623413],[-82.03823099999147,30.71800600006509],[-82.03848200006162,30.717928000332353],[-82.03881000012468,30.71773500014825],[-82.03889399979029,30.717651000375593],[-82.03894800021695,30.717550000377422],[-82.0389940002477,30.71727899995135],[-82.03896300028556,30.717089000326986],[-82.0389020001862,30.716976000015087],[-82.03879599988097,30.716826000237248],[-82.03858400016887,30.71652499987103],[-82.03852100041968,30.716433999808867],[-82.03847500038893,30.716302999789203],[-82.0384589995971,30.7161830000748],[-82.03848200006162,30.716046999909114],[-82.03853599958998,30.71591800036976],[-82.03897800035419,30.715287999619164],[-82.03903199988254,30.71513000007743],[-82.03903899955522,30.714952000058812],[-82.03900900031633,30.71482999995177],[-82.03898900022482,30.71479600022365],[-82.03889700016332,30.714634000127667],[-82.0387339999567,30.71441700021631],[-82.03856200042756,30.714240999922456],[-82.03839099982503,30.71410399997171],[-82.03821799957267,30.714004999621178],[-82.03760099980461,30.713803000377222],[-82.03739900013825,30.713698999790918],[-82.0372269997108,30.713582000348843],[-82.03705600000657,30.713423000186427],[-82.03690700004366,30.71323299991576],[-82.0368040001115,30.713033000120713],[-82.03673200014147,30.71279699995271],[-82.03652499955393,30.71115599988302],[-82.03648199989621,30.710437999895944],[-82.03649199994197,30.710139000026793],[-82.03649500031501,30.71012999998017],[-82.0365019999877,30.710092000203282],[-82.03656300008709,30.70977600005584],[-82.03652399972901,30.709039000125365],[-82.03646799965252,30.708598999741895],[-82.03636899991831,30.708119999689828],[-82.03635899987258,30.708071000030895],[-82.03624699971957,30.7073839996702],[-82.0360939995587,30.706757000194024],[-82.03592700005244,30.706204999857896],[-82.03596499968727,30.706072000182044],[-82.03607099999248,30.705956999652447],[-82.03620900008474,30.705914000218463],[-82.03640699955315,30.705914000218463],[-82.03667400041515,30.705883000327244],[-82.03691799991431,30.705806999729546],[-82.03706299967926,30.705704000013075],[-82.03714700024317,30.705574000318823],[-82.03715499974076,30.705412000181443],[-82.0368879997771,30.70461699969778],[-82.0368950003481,30.70452100035613],[-82.03693399980784,30.70444699992944],[-82.03707100007519,30.704357000294316],[-82.03749100019975,30.7043359999554],[-82.03781099986689,30.704220000207936],[-82.03804000019575,30.704048000032707],[-82.03835300019021,30.70365099974635],[-82.0384440004268,30.703448999673952],[-82.03847399966571,30.70327999964031],[-82.03848200006162,30.70323200008864],[-82.03847500038893,30.70305399974053],[-82.03840599989364,30.702807999664877],[-82.03840599989364,30.702683999910157],[-82.0384440004268,30.70255299975332],[-82.03852800009238,30.70243499966609],[-82.03862000015388,30.702362000214116],[-82.03875700042124,30.70232600021008],[-82.03914700040858,30.702329000210955],[-82.03929899984624,30.702329999696282],[-82.03942100004495,30.70235799995688],[-82.03953499984779,30.70235300021436],[-82.03967999961274,30.702294999938413],[-82.03977900024526,30.70219200033456],[-82.039817999705,30.702102999628465],[-82.039817999705,30.702019000145114],[-82.03971800014588,30.70184699990818],[-82.03958699972631,30.70175100012763],[-82.03951200028156,30.701696000282727],[-82.03923000024926,30.701617999718696],[-82.03914599968536,30.701573999630128],[-82.03907700008837,30.701487999925806],[-82.03900900031633,30.70130199962049],[-82.03902400038494,30.701178999744847],[-82.03907700008837,30.701081999801445],[-82.03922199985332,30.700982999989648],[-82.03953400002287,30.700706000031033],[-82.03956599980991,30.700678000063466],[-82.0398100002074,30.700528999933862],[-82.0400849996687,30.700413000243902],[-82.04042799980036,30.700310000175964],[-82.04061899959608,30.70029999970608],[-82.04075599986342,30.700330999846273],[-82.04086999966624,30.70037799979067],[-82.04102799985,30.70048599962557],[-82.04164899981602,30.700907000166595],[-82.04188499981755,30.70101500018178],[-82.04208300018428,30.70105899975283],[-82.04265599957142,30.701055999712466],[-82.0428310003719,30.70100199974294],[-82.04294599999962,30.70088599984922],[-82.04296799974094,30.700738999816846],[-82.04290699964157,30.700525000373002],[-82.04277000027253,30.700324999720248],[-82.04257899957851,30.700186000300725],[-82.04225899991137,30.70005199977062],[-82.04196900038146,30.699974000194825],[-82.04163299992247,30.699930000129108],[-82.04147300008891,30.69986700007022],[-82.04132800032397,30.699748999787943],[-82.04125200015598,30.699642000186223],[-82.04122899969144,30.699534999693437],[-82.04124399976007,30.699384999827966],[-82.04131300025534,30.69921699991809],[-82.04132300030108,30.699205000299578],[-82.04142700005816,30.699085000169987],[-82.04156500015043,30.69899399987563],[-82.04178600008335,30.69890399978876],[-82.04189999988618,30.69880500005967],[-82.04196900038146,30.698682999614054],[-82.04200899966612,30.69853400026615],[-82.04206100044297,30.69833900007222],[-82.04218299974339,30.698218999638147],[-82.04228900004861,30.698185000234748],[-82.04244999970709,30.698175000317033],[-82.04301399977169,30.69825700022946],[-82.0432530001463,30.698247999846828],[-82.04347200042942,30.698239999763544],[-82.0436549998292,30.698151000046934],[-82.04380799999008,30.698031999681376],[-82.04393699986151,30.697878000126412],[-82.04402100042542,30.697714000360246],[-82.04405200038755,30.697565000288694],[-82.04403700031892,30.697369000144896],[-82.04392199979289,30.69695899997567],[-82.04377700002793,30.696695000301258],[-82.04359299990492,30.696444000186936],[-82.04347999992702,30.696289000094964],[-82.04321299996333,30.69606999998428],[-82.04293000010611,30.695927000091714],[-82.04274000013532,30.69589600008168],[-82.04260200004305,30.695927000091714],[-82.04252599987508,30.695973999863703],[-82.04230499994213,30.69619699993262],[-82.04202999958251,30.696333000276],[-82.04186200025134,30.696357999772996],[-82.04174800044852,30.696290999963196],[-82.04167899995323,30.69615200014035],[-82.04164899981602,30.695963000165683],[-82.04166399988462,30.695771999941908],[-82.04173199965668,30.695544999896203],[-82.04173199965668,30.695410000316826],[-82.04150400005106,30.694939000031106],[-82.04141199998955,30.694547999832224],[-82.04142000038547,30.693591999895858],[-82.04148800015751,30.692991000356024],[-82.04147300008891,30.692689999776444],[-82.04137400035472,30.69192499969443],[-82.04121399962283,30.691333999672562],[-82.04123700008736,30.69103199973106],[-82.0413049998594,30.690865999938858],[-82.0414580000203,30.690636000350732],[-82.04163299992247,30.690473999855147],[-82.04183200011411,30.690337999753698],[-82.04202999958251,30.69025000008582],[-82.04224399984275,30.69019899985528],[-82.04279299983875,30.69019899985528],[-82.04290699964157,30.690150999977302],[-82.04298399963447,30.69006500013613],[-82.04301399977169,30.68997199983548],[-82.04299899970307,30.68968800031472],[-82.04295299967234,30.689573000344534],[-82.0429230004334,30.68952999978984],[-82.04278500034115,30.689332999931995],[-82.042746999808,30.689200999798373],[-82.04274000013532,30.68906399982582],[-82.04277000027253,30.688913000284916],[-82.04286900000673,30.688693999661346],[-82.04299899970307,30.68826899985218],[-82.04312900029774,30.687605000051686],[-82.04309099976459,30.686356999786824],[-82.0431059998332,30.686110999640093],[-82.0431970000698,30.685776000099757],[-82.04335000023067,30.685461000324977],[-82.04341899982765,30.685261000130772],[-82.0435410000264,30.684733999859983],[-82.0435410000264,30.68419999977403],[-82.04359399972982,30.684057000065646],[-82.04368599979135,30.683947000264705],[-82.04395299975502,30.68382600002991],[-82.04430400028264,30.683742999768434],[-82.04497499957905,30.683687000026396],[-82.04569900037554,30.683588999820266],[-82.04579100043703,30.683576999803947],[-82.04634100025797,30.683571000181544],[-82.04678300012385,30.683494999781384],[-82.04711100018689,30.683392999882187],[-82.04761499997706,30.68318399979765],[-82.04786699987213,30.683038999987005],[-82.04807299973646,30.682871000211115],[-82.04843099993674,30.682431999950545],[-82.0484920000361,30.68230600012661],[-82.0484769999675,30.68212700011856],[-82.04838200043125,30.68196900035364],[-82.04831700013392,30.681860000189154],[-82.04814100040683,30.681742000297614],[-82.0479279999715,30.68168800033842],[-82.04759200041083,30.6816839999969],[-82.04714200014904,30.681755000240365],[-82.04692000039118,30.681735999788614],[-82.04670699995586,30.68167699978511],[-82.04668000019169,30.681663999831866],[-82.04652399965775,30.681593000294075],[-82.04638599956549,30.681493999806804],[-82.0463029997248,30.681330000017102],[-82.0462950002272,30.681123999990245],[-82.04643199959625,30.680800999734792],[-82.04655999964277,30.680651999824466],[-82.04668400038965,30.680507999786023],[-82.0473019999826,30.67991799989726],[-82.04754600038008,30.67982100021997],[-82.04763800044158,30.67974900038065],[-82.04769100014504,30.679626000080237],[-82.04804400032245,30.67911899988288],[-82.04806500023885,30.679089000382096],[-82.0483010002404,30.67863700033745],[-82.04839900014969,30.67847700003348],[-82.0485680002041,30.678201999857425],[-82.04907899966693,30.677679000199593],[-82.04985799981671,30.67688199970198],[-82.05009399981824,30.676523000354916],[-82.05025500037506,30.676115000015084],[-82.05033099964471,30.67573700004823],[-82.05031700029933,30.67540100029529],[-82.0502930000099,30.674999999775363],[-82.05021699984192,30.674537999861993],[-82.04996599977174,30.673756000297832],[-82.04989499962663,30.673619000045605],[-82.04979300041771,30.673497000221378],[-82.04970200018109,30.67309099981073],[-82.04958199963217,30.67270799986701],[-82.04927200001079,30.672046000061155],[-82.04921500010937,30.671342999811756],[-82.04913100044378,30.67097800033541],[-82.04888399967327,30.67032699979377],[-82.04842699973878,30.66951400015702],[-82.04827899960077,30.668906000280753],[-82.04808899962998,30.668530000364036],[-82.04780900014582,30.6682620000974],[-82.0473220000741,30.667894000273026],[-82.04722800036276,30.66774999975868],[-82.04722499998971,30.667739999779354],[-82.0471539998446,30.667469000100816],[-82.04704500006466,30.667318999866374],[-82.0466960000852,30.667040000201787],[-82.04648799967273,30.66693999962744],[-82.0462950002272,30.66681399968356],[-82.0461250003479,30.666653000031282],[-82.04599999977611,30.66647699994611],[-82.04598999973037,30.66636999978592],[-82.0460340001113,30.666265999856094],[-82.04632700001426,30.666035999628626],[-82.04659300015304,30.665910999913656],[-82.04687400036043,30.665813000215714],[-82.04725500012695,30.665753999758255],[-82.04758900003777,30.665626999947953],[-82.0478450001308,30.665424000032225],[-82.04802400023097,30.665165000026846],[-82.04805900039106,30.665031000342324],[-82.04806500023885,30.664908999718264],[-82.04806000021598,30.664896999699273],[-82.04801699965995,30.664791999855492],[-82.04791700010084,30.664700999692556],[-82.04732399972391,30.664412999750002],[-82.04717700030915,30.664326000290774],[-82.04703699966872,30.66417900022709],[-82.04693499956149,30.66401100010134],[-82.04688299968295,30.663677000289976],[-82.04690199994953,30.663457999620505],[-82.04697999976733,30.66307300034182],[-82.04697399991956,30.66274299996006],[-82.04693899975943,30.662467999811483],[-82.0469210002161,30.662345999815276],[-82.04646299955839,30.6614639996443],[-82.04641499987781,30.661239999815546],[-82.0464070003802,30.661193000137448],[-82.04641400005289,30.660902000043325],[-82.0464369996191,30.660866000034517],[-82.0464709999543,30.660805999732432],[-82.04655700016802,30.660747000081642],[-82.0468719998123,30.660710000098913],[-82.04730000033278,30.660754000264756],[-82.04746699983906,30.660811999996138],[-82.04760999995418,30.660895999785193],[-82.04773700017579,30.66100499965106],[-82.04792999962133,30.661239999815546],[-82.04801699965995,30.66140499962253],[-82.04801300036031,30.661580999672715],[-82.04786600004722,30.66192000006488],[-82.04777800018365,30.66205099972008],[-82.04775999974201,30.662172000187592],[-82.0477799998335,30.662277999687223],[-82.04786699987213,30.662456000262033],[-82.04801500001012,30.662653999977977],[-82.0482309999202,30.66287300015128],[-82.04834399989811,30.662925999917565],[-82.04845100002824,30.662939999967634],[-82.04857400005187,30.662911999865475],[-82.04868299983181,30.662851000166903],[-82.0489359995518,30.662581999706735],[-82.04939599985934,30.662007000144726],[-82.04950200016457,30.66145100006169],[-82.04948999957068,30.66103899978255],[-82.04944699991297,30.660667999746302],[-82.04934999982859,30.660258999755513],[-82.04930999964563,30.659763999802077],[-82.04932700026238,30.659406000140205],[-82.04938300033886,30.659021000174548],[-82.04937300029313,30.658827999648775],[-82.04931700021665,30.65865599974434],[-82.04915700038306,30.658329000330838],[-82.04903799965906,30.6581819996457],[-82.04882799959678,30.657990999651535],[-82.04873300006054,30.65784899972686],[-82.04864799967173,30.657597999872173],[-82.04865500024272,30.65733799980649],[-82.04905500027581,30.656428999825454],[-82.04910700015435,30.65618499988856],[-82.04911200017723,30.65596600001616],[-82.04902299959045,30.65529500013045],[-82.04895900001634,30.65512200014749],[-82.04879099978685,30.654823999710054],[-82.04859800034133,30.654589000174592],[-82.048420999891,30.65433700037345],[-82.04820199960787,30.654251000327754],[-82.0479499997128,30.654189999799666],[-82.04767799972625,30.654044999745444],[-82.04740999993764,30.653789000120792],[-82.04735800005912,30.653687999756347],[-82.04731000037852,30.653510000035546],[-82.04722099979175,30.653381000380328],[-82.04707799967662,30.65329000029239],[-82.04677399990301,30.653180000233114],[-82.04656800003868,30.65317100028595],[-82.04617999970117,30.65335599980427],[-82.04575600027695,30.653479000319777],[-82.04538200018312,30.65341900006904],[-82.044978999777,30.653306000178183],[-82.04474399960036,30.65321200003845],[-82.04453299971317,30.653089999951],[-82.04434500029052,30.652940999806397],[-82.0440919996722,30.652643000373835],[-82.04405700041043,30.652526000345524],[-82.04406900010598,30.652388000130088],[-82.04414199990092,30.652266999779165],[-82.04430500010756,30.652161000120056],[-82.04451199979678,30.65215000006859],[-82.04462499977468,30.652202000300875],[-82.04469199972183,30.652277999817322],[-82.0448580003015,30.65239400014355],[-82.04511400039453,30.652525000344667],[-82.0454640001989,30.652625000378688],[-82.04571699991891,30.65263300037695],[-82.04593299982896,30.65258300037701],[-82.04607400029427,30.652457000262405],[-82.04612399962467,30.652310999924296],[-82.0460759999441,30.652071999667697],[-82.04596600033923,30.651933000342876],[-82.04590600006479,30.651888000018282],[-82.04517299994578,30.651371000195873],[-82.04510099997574,30.651313000209218],[-82.04490599998206,30.651157000312402],[-82.04460100038357,30.650866000144287],[-82.04445300024554,30.650751000322376],[-82.04430400028264,30.65063500034329],[-82.04390699972427,30.650381000236145],[-82.04329699962891,30.650061000064134],[-82.04209099968189,30.64949799982311],[-82.04187700031996,30.649335999886297],[-82.04171699958808,30.649133999794802],[-82.04164100031839,30.64898100035895],[-82.04158799971664,30.648781000377788],[-82.04151900011968,30.648190999955304],[-82.04136599995878,30.64743200017175],[-82.04111499988862,30.64710000037701],[-82.04088599955976,30.646724999927105],[-82.03904699995115,30.643218999731786],[-82.03892499975242,30.642922999906155],[-82.03885600015545,30.642698000294388],[-82.03861199975796,30.640946999752813],[-82.03862699982659,30.64083899980754],[-82.03868100025326,30.640755000367836],[-82.03875700042124,30.64069200035378],[-82.03932200031076,30.640519999873295],[-82.03958900027445,30.640394000270902],[-82.039817999705,30.64024700014086],[-82.03995099977439,30.64012499992638],[-82.04007700017108,30.64001099982761],[-82.04017599990529,30.639867999642647],[-82.04024500040059,30.639709000204824],[-82.04026499959375,30.63953100025674],[-82.04031900002042,30.638978999776505],[-82.04025999957089,30.638841999693067],[-82.0401419995701,30.63878000012184],[-82.03999299960718,30.63877000023718],[-82.03966899974208,30.63889500026738],[-82.03947000044876,30.638934999748294],[-82.03921099998269,30.638934999748294],[-82.03896099973744,30.63887300023667],[-82.03881900034551,30.638787000349673],[-82.0387680002919,30.638663000324133],[-82.03881400032265,30.63851499973644],[-82.03894099964593,30.638615000346295],[-82.03908200011125,30.638465000165656],[-82.03924500031786,30.63832300016156],[-82.03931999976264,30.638218000051708],[-82.03934300022716,30.638183999623674],[-82.03942000022005,30.638018000226495],[-82.03945799985489,30.637786999878966],[-82.03941199982414,30.637347999615457],[-82.03943600011358,30.637109999638078],[-82.03929899984624,30.63708699981386],[-82.03929999967113,30.637022000180192],[-82.03939299955756,30.636935000031354],[-82.03949200019008,30.636928999831643],[-82.03985600023815,30.636793000100155],[-82.04016599985954,30.63675100017855],[-82.04033499991395,30.636667999672536],[-82.04044299986899,30.636570999866283],[-82.04053300028066,30.636443000196184],[-82.04053999995335,30.63622200010146],[-82.04048999972464,30.63605000017504],[-82.04039400036349,30.635883000034767],[-82.04025799992105,30.635786999615366],[-82.04010200028544,30.635734999831488],[-82.03987200013168,30.63572800015575],[-82.03965500039669,30.635785000040396],[-82.03950200023581,30.635883000034767],[-82.03930399986909,30.63610199978961],[-82.03911999974608,30.63607800032774],[-82.03895400006472,30.63599799975958],[-82.03883900043701,30.63588800012645],[-82.03876300026901,30.635768000173236],[-82.03873999980449,30.63568000026749],[-82.03873499978161,30.635648000071125],[-82.03873999980449,30.635501999862132],[-82.03883600006395,30.635321000138937],[-82.03907500043856,30.635130999996896],[-82.03920699978472,30.634937000296702],[-82.03932499978549,30.634565999810622],[-82.03930399986909,30.63414399977216],[-82.03920500013488,30.633965000212736],[-82.03901599998902,30.633849999617212],[-82.03887500042202,30.63382699979089],[-82.03844199987864,30.63367100028681],[-82.0377480001177,30.6334809999962],[-82.03753499968236,30.633386999909696],[-82.03730799990166,30.633253999664216],[-82.03723299955857,30.633215000353747],[-82.036924999587,30.63298299992909],[-82.03650700001057,30.632515999879434],[-82.03596100038763,30.63204899989471],[-82.03581999992231,30.63185299976917],[-82.0357560003482,30.631629000133362],[-82.03580499985371,30.63143899969761],[-82.03613100026695,30.631085999854427],[-82.03664599992774,30.630699999756214],[-82.03677200032445,30.63054200016503],[-82.03684400029447,30.63039199983498],[-82.03689399962487,30.63021600021277],[-82.0368540003402,30.630113000272235],[-82.03672999959333,30.62997499976724],[-82.03656300008709,30.62990299989619],[-82.03592600022752,30.629894000101757],[-82.0355720002252,30.629964000284254],[-82.03523099974335,30.629990999645425],[-82.03396600024507,30.629960000120604],[-82.03372299967252,30.629901999661406],[-82.03347900017339,30.629806999727073],[-82.0333489995787,30.629725999920943],[-82.03324099962367,30.62961300017362],[-82.03317100020179,30.629493000167457],[-82.03313699986661,30.629358999739946],[-82.03316799982875,30.628963999828674],[-82.03325999989026,30.6286320000299],[-82.03342800011974,30.62831100031021],[-82.03359899982395,30.628151999657415],[-82.03393500028294,30.627948999902735],[-82.0343410001638,30.62776999970486],[-82.03463300024187,30.627577000191547],[-82.03471299970948,30.62750099981696],[-82.03485499999972,30.627363999713086],[-82.03492100012194,30.627227999677718],[-82.03494899971103,30.627107999806068],[-82.03495899975678,30.626836999864167],[-82.03490299968028,30.62671199971509],[-82.0348259996874,30.626611999943414],[-82.03396899971982,30.62614699984089],[-82.03291599993366,30.625722000128693],[-82.03209099975315,30.62532500026858],[-82.0319180003991,30.625205000356438],[-82.03173799957572,30.625077999849285],[-82.03168400004736,30.625015999961185],[-82.03164100038967,30.624629999614687],[-82.03166300013098,30.624480000170117],[-82.03141799990858,30.623972000293627],[-82.03101299985263,30.622898000253514],[-82.03096000014918,30.622670999832962],[-82.03093699968466,30.62245199982851],[-82.03097500021781,30.622165999909715],[-82.03105899988338,30.621930999873815],[-82.03115799961759,30.621805000027443],[-82.03144800004583,30.62157199975689],[-82.03163100034392,30.62136799979272],[-82.03180700007101,30.621105000299654],[-82.03191300037622,30.620847999743237],[-82.03194400033836,30.62068599975471],[-82.03194400033836,30.620501000366872],[-82.03175299964434,30.619730000343516],[-82.03164600041254,30.619530000184653],[-82.03148599968064,30.619343000219],[-82.031334000243,30.619220999930906],[-82.03109200039367,30.619070000261228],[-82.03101299985263,30.619019999919388],[-82.03082200005693,30.618943999783227],[-82.03075000008691,30.618927999624937],[-82.03062399969019,30.61889999992123],[-82.03041799982589,30.61889099987677],[-82.03002100016585,30.618938000014033],[-82.02983799986775,30.61898399978093],[-82.02978400033939,30.619007999617047],[-82.02966999963826,30.619059000311932],[-82.02951800020061,30.6191579998107],[-82.02941100007048,30.61925500006469],[-82.02931900000897,30.61938499996574],[-82.02925100023691,30.61953700025907],[-82.02922000027478,30.61967100037055],[-82.02922000027478,30.619837000320672],[-82.02926600030553,30.620011999927268],[-82.02957900029996,30.620704999838978],[-82.02995300039377,30.62138899961561],[-82.03000600009723,30.621559000222902],[-82.03002100016585,30.621738000312348],[-82.02998299963271,30.621912000030182],[-82.02990700036302,30.622078000002595],[-82.02977699976837,30.622236000270707],[-82.02962500033073,30.622355999998646],[-82.02946399977392,30.622439999951624],[-82.02928899987175,30.62247100033919],[-82.02912099964226,30.62245899969162],[-82.02854900008003,30.622313999994827],[-82.02840400031508,30.622209999833288],[-82.02825899965183,30.622010999703335],[-82.02819799955246,30.62183000025545],[-82.0282360000856,30.62163900035993],[-82.02867899977637,30.621107000177975],[-82.02875499994437,30.62095800023933],[-82.02876300034028,30.62068199998064],[-82.02868600034739,30.620415000384774],[-82.02861000017941,30.620294999796684],[-82.02793899998467,30.619869000334194],[-82.02786199999179,30.61978299979069],[-82.02780900028833,30.619682000250315],[-82.02778599982379,30.61953400000638],[-82.02782400035696,30.619399999705248],[-82.02829700018495,30.61878399962704],[-82.02833499981979,30.618678999960633],[-82.02832800014711,30.61855700038192],[-82.0280450002899,30.61800800037509],[-82.02783900042556,30.61772699995276],[-82.02762599999024,30.61748899964768],[-82.02748799989797,30.617242999698412],[-82.02732800006439,30.6166400000072],[-82.02724400039881,30.61604700034052],[-82.02717599972843,30.61573799979312],[-82.02687000030501,30.614849000116653],[-82.02652700017332,30.614048000337295],[-82.02635200027115,30.613725999782556],[-82.02628299977584,30.613390000213325],[-82.02629799984446,30.61308299973489],[-82.02643599993672,30.612820000155043],[-82.02664199980104,30.61269199999528],[-82.02687799980261,30.612582999798367],[-82.02712200020007,30.612513000188777],[-82.02778599982379,30.61237000034313],[-82.02845000034584,30.612088999793386],[-82.02872399998223,30.611904000213364],[-82.02885399967857,30.611761000241525],[-82.02888499964071,30.611684999819104],[-82.02885399967857,30.611580000185203],[-82.02865600021016,30.611404000374105],[-82.02841199981269,30.611306999985693],[-82.02812899995547,30.611298000008496],[-82.02780900028833,30.611394999632783],[-82.02755700039324,30.611422999960606],[-82.02729000042956,30.611394999632783],[-82.02705400042801,30.611313000227756],[-82.02698199955967,30.61121599974813],[-82.02690100026713,30.61110700020916],[-82.02680900020563,30.610871999615373],[-82.02674800010625,30.610410999869966],[-82.02673300003765,30.61006699997013],[-82.0267790000684,30.609547000301216],[-82.02675599960386,30.608818000105554],[-82.02690100026713,30.60815799986308],[-82.0269919996054,30.607981000329975],[-82.02719099979706,30.607693000031414],[-82.02727500036096,30.60741600014972],[-82.02730499959986,30.6070350000231],[-82.02729799992719,30.606813000341845],[-82.0272290003302,30.60666100017607],[-82.02711499962908,30.6064929998781],[-82.02688600019852,30.60628300006234],[-82.02684299964248,30.606256000273905],[-82.02671100029633,30.606172000196693],[-82.02647899959443,30.606064999808776],[-82.02620499995804,30.606043999754892],[-82.02595100041314,30.60605900001474],[-82.02565699978696,30.60611799977727],[-82.02536100040926,30.60622399962721],[-82.02523800038561,30.606286999658106],[-82.02484199965217,30.606563999676048],[-82.02446300043381,30.60674799970503],[-82.02420099959468,30.60681499974219],[-82.0238630003842,30.606829000182625],[-82.02365499997173,30.6067750001295],[-82.02336999956638,30.606611000384785],[-82.02327900022809,30.606513999834636],[-82.0232099997328,30.60640699982453],[-82.02320700025805,30.60594299980028],[-82.02313299973991,30.60579899982069],[-82.02299499964764,30.605607000288067],[-82.02256399965242,30.605214000311666],[-82.02207800030395,30.604882000243933],[-82.02136600010131,30.60448799992128],[-82.0203939996077,30.604014000372608],[-82.02031499996498,30.603754999833395],[-82.01900000023801,30.60313399973195],[-82.01858099993835,30.602972000260973],[-82.01814800029331,30.602851999705006],[-82.01772300014586,30.602779999763982],[-82.01712999976894,30.602719999772205],[-82.01686100015542,30.602659000000266],[-82.0164939997343,30.602511999770872],[-82.0161899999607,30.602307000109466],[-82.01596200035506,30.6020929999549],[-82.01581300039214,30.601850000355093],[-82.01575499976751,30.601683999724433],[-82.01560499997969,30.601028999928847],[-82.01553700020762,30.6009630002894],[-82.01517300015956,30.60071199975023],[-82.01508699994582,30.60060200022389],[-82.01507500025025,30.60049599963432],[-82.01517399998446,30.599944999756374],[-82.01515899991584,30.599770000225654],[-82.01511799990796,30.59963199976741],[-82.01480699956333,30.59901399964099],[-82.01423300035131,30.597052000262373],[-82.01423599982603,30.596933999710192],[-82.0142750001841,30.596818000167545],[-82.01444000004054,30.59662500004083],[-82.0144869998962,30.596526999737158],[-82.01449799976685,30.596409000092127],[-82.01444900026138,30.596285999712897],[-82.01435700019987,30.596194000245024],[-82.01424500004687,30.59615999974717],[-82.01415600035841,30.596169000357733],[-82.01374700010449,30.59629200011222],[-82.01345800039948,30.596281999704217],[-82.01321300017712,30.596224999756064],[-82.01305599981829,30.596057999728522],[-82.0132340000935,30.59564200005679],[-82.01316399977331,30.595516999843657],[-82.01315499955247,30.595436999777288],[-82.01319200026072,30.595287999777245],[-82.01332899962975,30.595135000265277],[-82.0133820002315,30.59503500035775],[-82.01338800007929,30.594897000114745],[-82.01334799989633,30.594779999855668],[-82.0131910004358,30.594597000118853],[-82.01282099964163,30.59457199981954],[-82.01260399990664,30.594478999670066],[-82.01233799976788,30.59416400014705],[-82.01221899994219,30.593910000279386],[-82.01216799988856,30.593578000136553],[-82.01221200026949,30.593349000127468],[-82.01228800043748,30.593225999730404],[-82.01239399984436,30.593120000350535],[-82.01283800025838,30.592795000281786],[-82.01305900019132,30.592584000310314],[-82.01308799960532,30.59242200021105],[-82.01305599981829,30.592342999758948],[-82.01299300006909,30.592267000339874],[-82.01264499991454,30.592123000137644],[-82.01257399976942,30.59205299966134],[-82.01254299980728,30.59195799970736],[-82.01250599999736,30.591492000358652],[-82.01252500026395,30.59117200032468],[-82.0126349998688,30.590709999755315],[-82.01278600037985,30.590399999701965],[-82.01279300005254,30.590302999933087],[-82.01276000044058,30.590211000198174],[-82.01268199972445,30.59012100012076],[-82.01257399976942,30.590060000149666],[-82.01228000004156,30.59001399979116],[-82.0115789997096,30.589467000141443],[-82.01136100014972,30.589249999822428],[-82.01120299996596,30.588991000027974],[-82.01120200014103,30.588882000227052],[-82.01127699958582,30.588775000076215],[-82.01145400003611,30.588652000060424],[-82.0117140003271,30.588551999649596],[-82.01182999977976,30.588479999908603],[-82.01194299975766,30.58836199974477],[-82.01199600035943,30.588217000034913],[-82.01196000037442,30.587771999864316],[-82.01194600013072,30.587246000201194],[-82.01201200025295,30.58697500006041],[-82.01220100039883,30.586661000028467],[-82.01220600042171,30.586393000304867],[-82.01215799984283,30.586262000288674],[-82.01206300030658,30.586162999645417],[-82.01184599967327,30.58602100025695],[-82.01170699975611,30.586005999988082],[-82.01162200026562,30.586039000267146],[-82.0115379997017,30.586110000360897],[-82.0114170002262,30.58631500026343],[-82.01137399967017,30.58647799965394],[-82.0113250001647,30.586926000068203],[-82.01135699995174,30.587016000019094],[-82.01128900017969,30.58711100017729],[-82.01107300026962,30.587157000366943],[-82.01087200042817,30.587115999694603],[-82.01077100014582,30.587049999858486],[-82.01047499986981,30.586748999637607],[-82.01020899973103,30.586419000304716],[-82.01022200014981,30.58628900023568],[-82.01016600007333,30.586130000181846],[-82.0101569998525,30.58595100001346],[-82.01020799990611,30.585773000205204],[-82.0103059998154,30.58560200027702],[-82.01040600027284,30.585511999786693],[-82.0108189998264,30.5852300002869],[-82.01091000006299,30.585114999805707],[-82.01096899961422,30.584968999953077],[-82.01098299985793,30.58481900017216],[-82.01092299958347,30.584292999951817],[-82.01075400042738,30.58371699996533],[-82.01049400013639,30.58322900013436],[-82.01033699977756,30.583094999874486],[-82.0101219996924,30.583056999640135],[-82.00964399984151,30.58312000004089],[-82.0094670002895,30.58316699974859],[-82.00924299998351,30.583162999971815],[-82.00908800017281,30.583118000151565],[-82.00895699975325,30.583036999958555],[-82.00887800011053,30.58293599999538],[-82.00883100025486,30.582819999938486],[-82.0088129998132,30.582695000201838],[-82.00883499955451,30.5825720002047],[-82.00898699989048,30.582319000071998],[-82.00903200009633,30.58220100014195],[-82.00903700011919,30.58205900036344],[-82.00900500033215,30.58195300037143],[-82.00890999989758,30.581792000249425],[-82.00864499958371,30.581476999708237],[-82.00857199978878,30.581428999992525],[-82.00849099959792,30.58137499970394],[-82.00825499959639,30.581290999710884],[-82.00814800036457,30.581215000133163],[-82.00807899986928,30.58110800002632],[-82.00805600030307,30.58097299996164],[-82.0080870002652,30.58088099987853],[-82.00815599986218,30.580822000216454],[-82.00861299979665,30.580643000301023],[-82.00897199982185,30.58041399989278],[-82.0090179998526,30.58028400027817],[-82.00899500028639,30.580148999839494],[-82.0089109997225,30.580034000291416],[-82.00877299963024,30.57995999968295],[-82.00833900016028,30.579926999654628],[-82.00803299983852,30.579824000361246],[-82.00788800007356,30.57973699985921],[-82.0074610002763,30.579397000028624],[-82.00698099987727,30.579094000048457],[-82.00691999977792,30.579001999729236],[-82.00688100031817,30.578897000250205],[-82.00682000021881,30.578544999892944],[-82.0068279997164,30.57828500011807],[-82.00677500001296,30.578100000180896],[-82.0067289999822,30.578002999704932],[-82.00633200032217,30.57746100035437],[-82.0061640000927,30.57727799962839],[-82.0061799999862,30.577211000049612],[-82.00612599955954,30.577124000296664],[-82.00611100038924,30.577027999625265],[-82.00613399995545,30.576932999640704],[-82.00624799975827,30.576789999871046],[-82.00633200032217,30.576754000279845],[-82.00649999965334,30.576764999619225],[-82.0068279997164,30.57692100031174],[-82.00700299961859,30.577056999838057],[-82.00702799973295,30.577070999937753],[-82.00721699987885,30.577182999888755],[-82.00759099997263,30.577323999843347],[-82.00772099966899,30.57731999982551],[-82.00785000043874,30.57726700034714],[-82.00793999995211,30.577174999841283],[-82.00794999999785,30.577165999787116],[-82.00802600016583,30.577029999640196],[-82.00803299983852,30.576997000161523],[-82.00805499957983,30.576895000084864],[-82.00803200001361,30.576759000331265],[-82.00788100040087,30.576484000212687],[-82.00772800024001,30.57634599985363],[-82.0075449999419,30.576248999943306],[-82.00730100044275,30.576040000341003],[-82.00717199967299,30.575929999880927],[-82.00685600020383,30.57575400027743],[-82.00682199986863,30.57573499988363],[-82.0065170002701,30.57550000011951],[-82.00639599989627,30.575379000324904],[-82.00621299959816,30.575061999776466],[-82.00618300035927,30.574956999898173],[-82.00619800042786,30.574808000126303],[-82.00628899976616,30.574680000020038],[-82.00642600003351,30.574597999706125],[-82.00658599986707,30.574581999957477],[-82.0066160000043,30.574588000153526],[-82.00728700019904,30.575227000349823],[-82.00739299960594,30.575254000276267],[-82.0074329997889,30.57524600006968],[-82.00765200007201,30.575203999747654],[-82.00775900020214,30.57514099961722],[-82.00782699997421,30.575066999915133],[-82.00787999967766,30.57496900024359],[-82.00807800004436,30.574284999841588],[-82.00809300011298,30.57416099996678],[-82.00805499957983,30.574014999861063],[-82.00798699980778,30.573899999999142],[-82.00768200020924,30.57378600004183],[-82.00724799984098,30.57368299963948],[-82.0070660002661,30.5736020000722],[-82.00688999964069,30.57348999985255],[-82.00673700037814,30.573365999734698],[-82.00664699996643,30.57325500006228],[-82.00653200033872,30.572940999680984],[-82.0065399998363,30.57284400023207],[-82.00657800036946,30.572742999706065],[-82.00674499987574,30.572522999689586],[-82.00687499957209,30.57240600026857],[-82.00701199983942,30.57233800036172],[-82.00717900024401,30.57229400021459],[-82.00737300041276,30.572280000198788],[-82.00779600001208,30.572250000047593],[-82.00787999967766,30.57222300005821],[-82.00806299997575,30.572093000290714],[-82.00814599981642,30.571898000312704],[-82.00811999987717,30.571257999771948],[-82.0081080001816,30.570941999745916],[-82.00814599981642,30.570438000158617],[-82.00823000038034,30.56991799975478],[-82.00823000038034,30.569711999906733],[-82.00813800031884,30.56936599998844],[-82.00805399975494,30.56924999994076],[-82.00779500018716,30.569051000075973],[-82.00741400042065,30.568829000009345],[-82.00730800011543,30.568732000315464],[-82.00723199994745,30.568556000025172],[-82.00725399968876,30.56836500028497],[-82.00736099981889,30.568168999674597],[-82.00751399997975,30.568042000188427],[-82.00762000028497,30.56785900025269],[-82.00761299971396,30.56776499989794],[-82.0074749996217,30.567554000366187],[-82.00740699984964,30.567496999768757],[-82.0072999997195,30.56747000000331],[-82.0072009999853,30.567489999801627],[-82.00668299995145,30.567362000092867],[-82.00646299984342,30.56718500030188],[-82.00626399965181,30.566753000216487],[-82.00613300013055,30.56639200036336],[-82.00606299981035,30.566398000292637],[-82.00602099997755,30.5662819997897],[-82.00591999969521,30.565994000101874],[-82.00581000009035,30.565357999792802],[-82.005820999961,30.565133000166316],[-82.00588500043344,30.56491899992745],[-82.00604400044209,30.56469199978705],[-82.00617800033639,30.564570000296325],[-82.00635999991125,30.564476999985523],[-82.00653900001141,30.564440000327792],[-82.00719900033549,30.564441999828787],[-82.00755599981255,30.564442999966023],[-82.00800000022657,30.564360000141555],[-82.00817099993078,30.56432499994267],[-82.00830800019816,30.564256999785307],[-82.00831599969574,30.56424800007945],[-82.00838400036614,30.564171000155106],[-82.00842299982587,30.564066000089454],[-82.00840699993233,30.56365799966189],[-82.00830800019816,30.563539000084162],[-82.00796500006646,30.563383000299734],[-82.00761400043719,30.563309000135707],[-82.00742299974316,30.56331299995792],[-82.00728600037412,30.56334100025537],[-82.00715599977947,30.56339800020065],[-82.00704899964934,30.56348399974257],[-82.006630000248,30.563643999946645],[-82.0063549998884,30.563829000385542],[-82.00598099979459,30.564011000046552],[-82.00584400042554,30.564008999763157],[-82.00553100043109,30.563881000102526],[-82.00545500026313,30.563809999976243],[-82.00540099983644,30.563698000052682],[-82.00540099983644,30.563573999793128],[-82.00543900036959,30.563468999854898],[-82.00552300003517,30.56337200021621],[-82.00569100026468,30.56329199992286],[-82.00624799975827,30.56320000008411],[-82.00640799959184,30.563107000007076],[-82.00650800004928,30.562983999918004],[-82.00655300025511,30.562867999974134],[-82.00655300025511,30.56275900020058],[-82.00648499958474,30.56239499970758],[-82.00639300042154,30.562147000340584],[-82.00638500002562,30.562050000153732],[-82.00643899955398,30.56193899990863],[-82.00652999979057,30.56187099962607],[-82.00783500037012,30.56038900010472],[-82.00803299983852,30.560252999640078],[-82.00827800006091,30.56018599990418],[-82.00849899999385,30.56018800026639],[-82.00877299963024,30.560274000332836],[-82.00895699975325,30.560450000177262],[-82.00896599997408,30.56045699987879],[-82.00921600021934,30.560573999788073],[-82.00926200025009,30.560629000232232],[-82.00951400014517,30.561156999970283],[-82.00959699998583,30.561255999843006],[-82.00971199961357,30.56133299976017],[-82.0099180003762,30.561391999675447],[-82.01021499957882,30.561391999675447],[-82.01039899970183,30.56124500029188],[-82.01048200044083,30.56108100008535],[-82.01071099987136,30.560735999727076],[-82.0108409995677,30.560442000296757],[-82.01089400016947,30.560268000024884],[-82.01087900010086,30.560073999665057],[-82.01090199966707,30.559916000130116],[-82.01084899996364,30.55981600025231],[-82.01076500029804,30.55975499978122],[-82.01037600013562,30.559709999929016],[-82.010100999776,30.5596410002183],[-82.00984200020824,30.55951700018874],[-82.00972000000951,30.559390999622114],[-82.00966599958281,30.55922099977715],[-82.00967200032892,30.559192999837812],[-82.00970400011596,30.559043999831346],[-82.00978799978155,30.55888700036095],[-82.00996400040695,30.558749999915868],[-82.0100930002784,30.558590000150687],[-82.01017000027129,30.558411000202227],[-82.0101929998375,30.558249000249525],[-82.01015400037775,30.558073000280864],[-82.010024999608,30.557872999718033],[-82.00995600001104,30.557839999910424],[-82.00968900004735,30.557796000149505],[-82.00952900021379,30.557812000346193],[-82.00939899961914,30.557862999988505],[-82.00904799998985,30.558149000201002],[-82.00887999976035,30.55822799989205],[-82.00874300039132,30.55824299981631],[-82.00862100019259,30.558226000262934],[-82.00852199956007,30.558173999835997],[-82.0084680000317,30.558093999898315],[-82.00844499956717,30.557910999763855],[-82.00849899999385,30.557739000007683],[-82.00923100028795,30.557011000218424],[-82.00935299958839,30.556864000386728],[-82.00952900021379,30.556528000156312],[-82.00959699998583,30.556206000326597],[-82.00957500024454,30.55605700037537],[-82.0094599997185,30.555716000083013],[-82.00923899978557,30.55531900035427],[-82.00904100031715,30.555105000130926],[-82.00874300039132,30.554970000231624],[-82.00855199969729,30.554842000251156],[-82.00843000039688,30.554715999803282],[-82.00840000025964,30.554611000336525],[-82.00842299982587,30.554529000077263],[-82.00847600042763,30.55444699974868],[-82.00868200029194,30.554279000236527],[-82.00901000035502,30.5541589997438],[-82.0094749997871,30.554037000160953],[-82.00959699998583,30.553962999831995],[-82.00975000014671,30.55379500025564],[-82.00985700027682,30.553761000361266],[-82.01075699990211,30.553727999929063],[-82.01087900010086,30.55370299992235],[-82.01098600023097,30.553649999917802],[-82.01107800029249,30.553570000118853],[-82.01113900039185,30.55347299986807],[-82.01116100013316,30.55336799983024],[-82.01112299960002,30.55297500002869],[-82.01097799983505,30.552647000009582],[-82.01069599980275,30.55233799999415],[-82.01034500017347,30.552095000229887],[-82.01007800020977,30.55186099993925],[-82.00987200034545,30.551617000258606],[-82.00968900004735,30.551335999952137],[-82.00966599958281,30.55108999994937],[-82.00967800017669,30.5510150001924],[-82.00970400011596,30.550845999877936],[-82.00980399967509,30.550631000343458],[-82.00995000016326,30.550433999988506],[-82.0101500001798,30.55025199961945],[-82.01031000001336,30.550162000365063],[-82.01050800038009,30.550110000259213],[-82.01073099996285,30.550108999974256],[-82.01099700010164,30.550195999972832],[-82.0111419998666,30.550303999649184],[-82.01175100013704,30.550650999744512],[-82.01188099983338,30.550694000144794],[-82.01204099966695,30.55070599962342],[-82.01219300000292,30.550681999891104],[-82.01259100038617,30.550545999748447],[-82.01279100040271,30.550429999635526],[-82.01289400033488,30.55033600018923],[-82.01295100023628,30.550284000176646],[-82.01316600032143,30.54994599980259],[-82.01323499991841,30.549780000039405],[-82.01325900020787,30.54963100028051],[-82.01325699965973,30.54960499970207],[-82.01323699956824,30.549381999721277],[-82.01310799969681,30.54899500025946],[-82.01304800032068,30.548694000299186],[-82.0130430002978,30.548393000179207],[-82.01306699968892,30.548022999665445],[-82.01315899975043,30.547884000289468],[-82.01351899960055,30.5476449999008],[-82.01377100039394,30.54738000007036],[-82.01383300031821,30.547287999846173],[-82.01402499993884,30.546835999967676],[-82.0140719997945,30.54659099971374],[-82.01385800043256,30.544865000106697],[-82.01390500028825,30.544620999862648],[-82.0139809995579,30.54445200002222],[-82.01404199965728,30.54430699965457],[-82.0140850002133,30.544206000369666],[-82.01409799973376,30.544081999962614],[-82.01369699987578,30.543224999689514],[-82.01342700043735,30.542619999882103],[-82.01341200036873,30.542444000200977],[-82.01345800039948,30.542327999691615],[-82.01353399966916,30.54224599988823],[-82.01396899986236,30.541975000130382],[-82.01431199999402,30.541652999994508],[-82.01435100035206,30.5415779999105],[-82.01435100035206,30.541486999978318],[-82.01454899982048,30.540994999726827],[-82.0147549996848,30.540324999656253],[-82.01490000034808,30.540081000383076],[-82.01503000004442,30.53994399970116],[-82.01518999987799,30.539836999723125],[-82.01564799963738,30.53967099969747],[-82.01572700017843,30.539574000259535],[-82.0157539999426,30.539538999632967],[-82.01576999983611,30.539444000079257],[-82.01573899987397,30.539225000012884],[-82.01576200033853,30.539047000344105],[-82.01582300043788,30.53887699968647],[-82.01595300013423,30.538636999935434],[-82.01599900016498,30.538463999666387],[-82.01595300013423,30.53804000035157],[-82.01599099976906,30.537765000361045],[-82.01600599983769,30.537703999959415],[-82.01635700036526,30.537417999861166],[-82.016471999993,30.537209000179335],[-82.01644900042679,30.537045000369496],[-82.01631899983211,30.53689599963692],[-82.01626600012868,30.536796999678103],[-82.01625000023513,30.536701000114032],[-82.01625799973274,30.536608000179886],[-82.01694499982102,30.535825999657128],[-82.01737900018928,30.535382999874134],[-82.01743299971763,30.535270999645686],[-82.01743299971763,30.535135000355265],[-82.01736400012066,30.535015000186043],[-82.01700599992037,30.534959999929967],[-82.0166550002911,30.53485099976659],[-82.01660900026035,30.53479999964101],[-82.01660900026035,30.534733000133272],[-82.01679199966014,30.53457300024415],[-82.01708999958598,30.534434999857346],[-82.01721900035572,30.534327999999945],[-82.01731100041722,30.534171999692916],[-82.01740199975549,30.533816999756915],[-82.0176689997192,30.53347600027055],[-82.01775300028311,30.53341699963666],[-82.01784500034461,30.533393999956903],[-82.01793300020816,30.533400000378517],[-82.01833300024124,30.53342599987992],[-82.01874499996988,30.533369000130527],[-82.0188520001,30.533313999716214],[-82.01892800026799,30.53324499981361],[-82.01901199993357,30.533118999965904],[-82.01904999956841,30.53301200020643],[-82.01904999956841,30.532888000207553],[-82.01902000032949,30.532768000357443],[-82.0189509998342,30.532674999752643],[-82.01885999959761,30.532623000340738],[-82.01857799956531,30.532623000340738],[-82.01843299980035,30.532646000203087],[-82.01800500017818,30.532714999757406],[-82.01777599984932,30.532659999746567],[-82.01764600015298,30.532546999781335],[-82.01760099994713,30.532319999761977],[-82.01764600015298,30.532174999850383],[-82.01779900031386,30.53205499989328],[-82.01807399977515,30.53175999978769],[-82.01839400034059,30.531418000340693],[-82.01837099987607,30.53126900026166],[-82.01827200014188,30.531137000385026],[-82.01808100034617,30.531022999714153],[-82.01787499958351,30.530950999832374],[-82.0175850000536,30.53092199976818],[-82.01747100025078,30.530880000380282],[-82.01736400012066,30.53076000037103],[-82.01734900005206,30.530627999802793],[-82.01750200021294,30.530218000223687],[-82.01756300031231,30.52992200023712],[-82.01771499974994,30.529649999642555],[-82.01783699994868,30.529509000055953],[-82.01799000010956,30.529386999677747],[-82.01818799957798,30.529273999774322],[-82.01843199997543,30.529185999874862],[-82.01853099970963,30.52908099988181],[-82.01855400017418,30.528992000078834],[-82.01830300010401,30.528520999807693],[-82.01814200044554,30.528432999999982],[-82.01799699978227,30.52842499980248],[-82.01767700011511,30.528354999787314],[-82.01737199961828,30.52832599972201],[-82.01708999958598,30.52833399992766],[-82.01683799969089,30.528363999725737],[-82.0166550002911,30.52841200015721],[-82.016471999993,30.52848800008258],[-82.0162960002659,30.528596999647807],[-82.01613600043234,30.528656000113916],[-82.01580800036928,30.528702000163918],[-82.01567000027701,30.528688000050085],[-82.01557900004042,30.528659999816306],[-82.0154869999789,30.528586999998033],[-82.01543400027546,30.528500999717693],[-82.01543400027546,30.528369999684237],[-82.01546400041268,30.52825199991643],[-82.01552600033695,30.528155999645428],[-82.01561699967525,30.52806500029241],[-82.01592200017208,30.52737399995016],[-82.01606699993704,30.527194999709565],[-82.016211999702,30.52705399965533],[-82.01644100003085,30.526898999798632],[-82.01653999976506,30.526864999772034],[-82.01667000035971,30.526875000372844],[-82.01678400016253,30.52694499990671],[-82.01706700001975,30.527215999815382],[-82.01714300018774,30.527383999724712],[-82.01725699999054,30.527531000084238],[-82.01739500008281,30.52764099969186],[-82.01754700041877,30.52771599970465],[-82.01778400024523,30.527789999918525],[-82.01797500004095,30.52777100019311],[-82.01799699978227,30.527754999688433],[-82.01808800001885,30.527690000222623],[-82.01812700037692,30.527661999701294],[-82.01818099990527,30.527510000046497],[-82.01819599997388,30.527289999636263],[-82.01816500001175,30.527046000118094],[-82.01794200042899,30.526336000260905],[-82.01776099978069,30.52575900002044],[-82.01773800021448,30.52555300008223],[-82.01778400024523,30.525405999825526],[-82.01792099961428,30.52514800036917],[-82.01825200005038,30.524737000333168],[-82.01830599957873,30.524670999849132],[-82.01831800017263,30.524656000154955],[-82.01847800000618,30.524391000275035],[-82.01853999993047,30.524232000154996],[-82.01860000020493,30.52407800021894],[-82.01863799983975,30.523930000271545],[-82.01863100016708,30.523834000373363],[-82.01855400017418,30.52368500027106],[-82.01844000037136,30.523592000257562],[-82.01821900043842,30.5235329998118],[-82.01807399977515,30.523528999898293],[-82.01795199957641,30.52356499988747],[-82.01783699994868,30.523638000383517],[-82.01776900017661,30.523731000352996],[-82.01772300014586,30.52386099989486],[-82.01762400041166,30.523963999777497],[-82.0174789997484,30.524019000068254],[-82.01733399998345,30.524016999734606],[-82.01721900035572,30.523951000309157],[-82.01713499979182,30.52380600028846],[-82.017097000157,30.52364300007627],[-82.0171199997232,30.52326799996474],[-82.01705100012623,30.5230730001706],[-82.01635700036526,30.522144000032938],[-82.0162960002659,30.521903999954958],[-82.01632700022805,30.521687000193225],[-82.01637999993149,30.521600999996696],[-82.01644900042679,30.521529999903084],[-82.01654099958998,30.521474999751295],[-82.01655999985655,30.52146400033626],[-82.01709499960884,30.521147999936815],[-82.01772999981856,30.520770999857238],[-82.01794400007881,30.52061100019017],[-82.01815800033906,30.520409000215004],[-82.01835599980745,30.52015700033928],[-82.01851599964102,30.519869000012875],[-82.01858500013631,30.51948900013577],[-82.01856199967176,30.51922999984468],[-82.01816500001175,30.518704999897945],[-82.01802000024679,30.518648000024967],[-82.0178520000173,30.51866699998637],[-82.0175349998249,30.518830999865227],[-82.01750899988562,30.518844999851517],[-82.01694499982102,30.519327000249657],[-82.01670799999455,30.519566999726703],[-82.01640300039601,30.520046000177512],[-82.01631899983211,30.5201429997681],[-82.01616599967123,30.520219999789106],[-82.01587600014135,30.520273000240408],[-82.01567799977462,30.52023299975646],[-82.01554100040558,30.520098000129643],[-82.01545699984167,30.519764000012128],[-82.01541900020683,30.51936700033261],[-82.01544900034406,30.51887299981799],[-82.01551799994104,30.518679000326646],[-82.01563199974387,30.518506999951093],[-82.01571600030776,30.518283999762506],[-82.01579300030066,30.517932999959623],[-82.01580800036928,30.517700000005636],[-82.01540300031331,30.516457999751914],[-82.01531200007672,30.51625599965832],[-82.01531200007672,30.515762000357974],[-82.01524299958143,30.51531000003954],[-82.01521300034253,30.514832999989043],[-82.01513600034963,30.514385000284364],[-82.01502199964851,30.513972999735476],[-82.01500699957988,30.513700000273335],[-82.0147549996848,30.513251999990796],[-82.01460999991984,30.51277900025911],[-82.01456399988909,30.512311999950008],[-82.0146629996233,30.511181000086676],[-82.01547199991029,30.508367999671087],[-82.01551799994104,30.508109999877338],[-82.01558700043633,30.507943999822153],[-82.0157470002699,30.507717000378896],[-82.01591499960108,30.50758900003985],[-82.01613600043234,30.507502999753694],[-82.01641799956631,30.507501999803893],[-82.01669299992594,30.507426999671463],[-82.01691399985887,30.507298999724608],[-82.017020999989,30.507131999879245],[-82.01701900033918,30.507032999779902],[-82.01701699979104,30.506746000001165],[-82.01700300044564,30.50666400035103],[-82.01693599960018,30.50653900005289],[-82.01679500003318,30.506383000025096],[-82.01671100036761,30.506291999635284],[-82.0165919996436,30.506098999768536],[-82.01651200017596,30.50587699972079],[-82.016471999993,30.50557799999208],[-82.01648500041179,30.505481999770307],[-82.01650499960496,30.5053479997538],[-82.0167740001168,30.50475399990618],[-82.01682199979737,30.5045260000018],[-82.01688299989674,30.504174000077455],[-82.01690600036127,30.504045999718702],[-82.01687299985099,30.50371800011056],[-82.01689299994247,30.503402000074225],[-82.0170009998975,30.5028089999487],[-82.01708200008837,30.502129999683735],[-82.01708700011122,30.50207600017161],[-82.01703600005762,30.501884999693022],[-82.01703100003473,30.501866000321908],[-82.01694599964594,30.501764000253427],[-82.01679000001032,30.501636999828982],[-82.01550200004752,30.50058399975868],[-82.01528500031255,30.500283999987293],[-82.01516599958855,30.49998500009178],[-82.01514999969501,30.49989199985146],[-82.01517200033464,30.499798000267244],[-82.01523199971079,30.4997150001471],[-82.01530000038116,30.49966100006826],[-82.0155430000554,30.499543000278933],[-82.01562599989607,30.499456999843773],[-82.01567000027701,30.49935400031158],[-82.0156769999497,30.499271999846986],[-82.01565299966026,30.49920899998117],[-82.01539099971944,30.498929999863698],[-82.01535800010747,30.4988390002405],[-82.01535700028256,30.4987149999874],[-82.01537900002386,30.498625000204107],[-82.01548399960585,30.498485999816168],[-82.015550999553,30.49833200011774],[-82.01558700043633,30.498154999896865],[-82.01556899999467,30.497969999745976],[-82.01569600021627,30.49771999986171],[-82.01574200024702,30.497538999866517],[-82.0157680001863,30.497433999744924],[-82.01606899958688,30.496988999777592],[-82.01609700007427,30.496838000209728],[-82.01607199995992,30.49666299971507],[-82.01610200009713,30.49658400026438],[-82.01618499993782,30.49650099972406],[-82.01628200002219,30.49644900030999],[-82.01665600011601,30.496246999672866],[-82.01698300035416,30.496142999771383],[-82.017161999556,30.4961170003592],[-82.01734900005206,30.49609100016596],[-82.01754800024369,30.496002999639167],[-82.01765500037381,30.49591800001345],[-82.01775400010803,30.49579199976689],[-82.01772399997078,30.495672999857195],[-82.01764600015298,30.495565999898638],[-82.017493999817,30.495473000077858],[-82.01725600016564,30.495426999784062],[-82.01608500037871,30.49543999997025],[-82.01593300004274,30.495396999883596],[-82.01589000038503,30.49536299967563],[-82.01576399998834,30.495260999754485],[-82.01568600017053,30.495038999738608],[-82.01571700013267,30.494821999616953],[-82.01576999983611,30.494755999723026],[-82.01626699995359,30.494518000319875],[-82.01653499974218,30.49434699986237],[-82.01690999966092,30.49403399983532],[-82.01719199969322,30.49375699976533],[-82.01740699977837,30.493495999634483],[-82.0175979995741,30.493217000161682],[-82.01763600010723,30.493123999643586],[-82.01765100017586,30.492949000208867],[-82.01776599980357,30.492850999706715],[-82.01784199997157,30.492717000092608],[-82.01797900023891,30.492351000079],[-82.01800600000308,30.492156000201213],[-82.01801699987374,30.49207499997034],[-82.01800099998023,30.491996999999675],[-82.01795499994947,30.491942000171324],[-82.01765700002363,30.49187499976138],[-82.0173809998391,30.49177199994239],[-82.01713800016486,30.49163600016462],[-82.01712800011911,30.491631000374095],[-82.01706000034704,30.491526000068713],[-82.0170429997303,30.49129200019701],[-82.017097000157,30.49110700015483],[-82.01718099982257,30.49097600004617],[-82.01727399970898,30.490896999848104],[-82.01744100011356,30.490749999828136],[-82.01760900034306,30.490532000079515],[-82.01773099964346,30.490263999698026],[-82.01777699967423,30.49003399963124],[-82.01774499988719,30.489760000181615],[-82.01762299968844,30.489539000134037],[-82.0174159999992,30.489369000351424],[-82.01716300027921,30.48928699998577],[-82.01687299985099,30.489229999898612],[-82.01663500019961,30.48909499980336],[-82.0164660001452,30.48889099987189],[-82.01640500004584,30.48867000017304],[-82.01642799961206,30.488505000371937],[-82.01668299988019,30.488246999756193],[-82.01671800004029,30.488211999998004],[-82.01695400004185,30.48791800013905],[-82.01716099973108,30.48758900018373],[-82.01725299979257,30.48734199964161],[-82.01728299992982,30.487111999635587],[-82.01725100014276,30.486516000348754],[-82.01714300018774,30.4855830001394],[-82.01705100012623,30.485421999682163],[-82.01689799996534,30.48530099989402],[-82.0167749999417,30.485247999734728],[-82.01620099983136,30.48510599982293],[-82.01604699984556,30.48503100022752],[-82.01591799997414,30.48493399967419],[-82.01574899991972,30.484755999668256],[-82.01567399957666,30.484638999791468],[-82.015634000292,30.484575999739974],[-82.01555700029911,30.484380999764657],[-82.01553499965948,30.484215999658986],[-82.01552600033695,30.484150000312543],[-82.01554800007827,30.483958000059147],[-82.01564799963738,30.483817000006873],[-82.01584000015633,30.483746999614027],[-82.01604000017286,30.483745000000216],[-82.01617700044021,30.48378299962325],[-82.01629899974064,30.483859999791896],[-82.01696599973741,30.48440300001564],[-82.01720299956388,30.484471999750134],[-82.01737199961828,30.484429999648317],[-82.01760099994713,30.48418399979375],[-82.01766000039667,30.484121000221936],[-82.01782500025313,30.483867000367187],[-82.01795699959929,30.483664999930348],[-82.01812800020181,30.48348699992603],[-82.01832200037059,30.48336700025263],[-82.01872099968045,30.483206000000386],[-82.0187680004344,30.48318599987834],[-82.01886499962049,30.483179000028166],[-82.01906600036025,30.48316500032637],[-82.01917199976715,30.48308099975074],[-82.0192179997979,30.482979000115517],[-82.0192100003003,30.482830000114724],[-82.01910999984285,30.482680999885847],[-82.01894199961338,30.48257899983145],[-82.018703999962,30.482521000253776],[-82.01863600018993,30.482505000043822],[-82.018415000257,30.482398000314266],[-82.01823100013398,30.482231000298658],[-82.01810100043764,30.482006000112012],[-82.0179859999116,30.481408000088248],[-82.01782500025313,30.480820999630012],[-82.01763899958196,30.480288000299385],[-82.01744899961118,30.479940999776797],[-82.01743299971763,30.47987499985418],[-82.017493999817,30.479659000216913],[-82.01755499991637,30.47959400033981],[-82.01763100008435,30.47955100021856],[-82.01783699994868,30.47954700004429],[-82.01796699964503,30.479600999673597],[-82.01827999963947,30.47973100014926],[-82.01850899996835,30.479772999956165],[-82.01889899995567,30.479784000215968],[-82.01906700018517,30.479748000276054],[-82.01921199995013,30.479663999848384],[-82.01930400001162,30.479551999681483],[-82.01937900035469,30.479356999705544],[-82.0193869998523,30.479150999783112],[-82.01934800039255,30.47897599999516],[-82.01907999970564,30.478619000071546],[-82.01869800011423,30.478286999674687],[-82.01794200042899,30.477933000308177],[-82.01782600007803,30.477835999649127],[-82.01778800044319,30.47774400017185],[-82.01777300037458,30.477650000094393],[-82.01779199974284,30.477479000190176],[-82.01780199978859,30.477384000371742],[-82.01787899978147,30.477148000038454],[-82.01786299988797,30.477039000088364],[-82.0173809998391,30.476388999677514],[-82.0171130000505,30.47606800009772],[-82.01700599992037,30.475941999698428],[-82.01690700018617,30.47575800017425],[-82.01686000033052,30.475513000360603],[-82.01690600036127,30.47511099980155],[-82.0171120002256,30.47486899998971],[-82.01745399963403,30.47456400001316],[-82.01761400036592,30.47438000020748],[-82.01780500016163,30.4740460002524],[-82.01785000036747,30.473781999792532],[-82.01792599963714,30.473557000208064],[-82.01810800011033,30.47325300029471],[-82.01851200034137,30.47292799999476],[-82.01899299966699,30.472794000048335],[-82.01902899965201,30.472774999642358],[-82.01914599982787,30.472716999643275],[-82.01928300009523,30.472609999994887],[-82.02028900002571,30.471361000098494],[-82.02080700005956,30.470562000299974],[-82.02109699958947,30.47025100032206],[-82.02118000032848,30.470090000057873],[-82.0212179999633,30.46992000037485],[-82.02137799979688,30.46967999995282],[-82.02255100013194,30.468032000333732],[-82.0228869996926,30.467698999869697],[-82.02325300028883,30.467509999999645],[-82.02351000020677,30.467286000223623],[-82.02351699987948,30.467279000004545],[-82.02359499969728,30.467211999652065],[-82.02367500006321,30.467006000359827],[-82.0237860003913,30.46671700024243],[-82.02392600013339,30.46608200005354],[-82.02399800010339,30.465758000203333],[-82.02414200004345,30.465311000203794],[-82.0242030001428,30.46488900010588],[-82.02419999976975,30.46486300008775],[-82.02416399978475,30.464478999786255],[-82.02405599982971,30.464061999613545],[-82.02398700023275,30.463923000191677],[-82.02388000010262,30.4637890002437],[-82.02345199958214,30.463439999739375],[-82.02329799959635,30.46318400009639],[-82.0232449998929,30.46302600021089],[-82.0232590001366,30.462794999647528],[-82.02323599967208,30.462604000279704],[-82.02310599997573,30.46229699977741],[-82.02296799988346,30.46213099977117],[-82.02234799974235,30.46156100022735],[-82.02229599986383,30.46147800001962],[-82.02227199957437,30.461381999653938],[-82.02232500017614,30.46122699967031],[-82.02248599983461,30.46111799970905],[-82.02263099959957,30.461099000122445],[-82.0228289999663,30.46113799971821],[-82.02301999976201,30.4611349999881],[-82.02321800012871,30.461085999995593],[-82.02338600035822,30.460998000342332],[-82.02348500009242,30.460707999778368],[-82.02343800023674,30.460562999946987],[-82.02327099983216,30.460319000282944],[-82.02326300033457,30.460210000080053],[-82.02328599990078,30.46010200019209],[-82.02331100001514,30.460067000381997],[-82.02336200006877,30.459996999949674],[-82.02346199962787,30.459936999981558],[-82.02362800020754,30.45993499987869],[-82.02387500007974,30.459932000111596],[-82.02413500037075,30.459884999617916],[-82.0244340001215,30.459777000144037],[-82.02455700014514,30.459696000072842],[-82.02464199963563,30.459596999722336],[-82.02468900038961,30.45946000023674],[-82.02461499987146,30.459237999875718],[-82.02466199972712,30.45899399999058],[-82.02483300032966,30.458691999661024],[-82.02531100018057,30.45819500018076],[-82.02538899999834,30.458075999994403],[-82.02542900018132,30.45787400025642],[-82.02536200023417,30.457605999796584],[-82.02537200027992,30.457441000004994],[-82.0254340002042,30.457285000254792],[-82.02555800005277,30.45713400026862],[-82.02575700024438,30.456978000026943],[-82.02597999982714,30.45686999965368],[-82.02626400040758,30.456787999792255],[-82.02634200022538,30.45678200006413],[-82.02654600043991,30.456766000270996],[-82.02658499989963,30.45672800017105],[-82.02657800022696,30.456679999982814],[-82.02680800038071,30.456559999796035],[-82.02702900031366,30.45649499998805],[-82.0270460000321,30.456489999941454],[-82.02732800006439,30.456445999984968],[-82.02747299982936,30.456389999730085],[-82.02783900042556,30.456098999685004],[-82.02801500015265,30.455919000211974],[-82.02812999978039,30.455750999990872],[-82.028144999849,30.45572999994284],[-82.02831999975118,30.45539100020098],[-82.02838900024648,30.455193999656135],[-82.02838099985055,30.455044000015874],[-82.02835099971333,30.454894999860635],[-82.02817499998623,30.454587999846343],[-82.02803799971888,30.454454000223038],[-82.0278700003877,30.45435299974945],[-82.0275189998601,30.45420799975288],[-82.02740400023237,30.454198999922244],[-82.02714300011645,30.454066999987266],[-82.02702299956756,30.454005999739845],[-82.0269470002979,30.453940999776965],[-82.02688600019852,30.45384400000187],[-82.02687000030501,30.453721999964095],[-82.02690100026713,30.453602000006395],[-82.02698099973477,30.453505999624106],[-82.02716800023084,30.453280999664308],[-82.02728200003364,30.45299700009877],[-82.02729000042956,30.452788999924657],[-82.02720599986566,30.45258300033472],[-82.02718300029943,30.452452000275056],[-82.02716800023084,30.452363999793185],[-82.02717599972843,30.452186999621816],[-82.02721400026158,30.45201099964884],[-82.02727500036096,30.45192700007772],[-82.02735900002654,30.451875999832616],[-82.02749600029388,30.451848999692018],[-82.02764100005884,30.451863999771017],[-82.0278009998924,30.451949999663256],[-82.02801500015265,30.45225299972331],[-82.02827399972043,30.452450000018608],[-82.0284269998813,30.452518000197088],[-82.02854900008003,30.45254299989773],[-82.02867899977637,30.452536000168063],[-82.02882400043964,30.452488000238077],[-82.02894599974007,30.45241900029728],[-82.02903699997667,30.452330000043386],[-82.02910599957366,30.45221899993472],[-82.02913599971087,30.452112000226602],[-82.02908300000743,30.4520129999143],[-82.02883899960995,30.45188100011596],[-82.02869399984499,30.451700000072396],[-82.02867899977637,30.45165300025425],[-82.02868399979926,30.451644999936992],[-82.02873999987574,30.451557000275233],[-82.02877000001298,30.451448000337624],[-82.0287089999136,30.4511969997051],[-82.02874700044676,30.45113900002238],[-82.02880799964781,30.451120000038664],[-82.02886899974719,30.451129999908265],[-82.02890700028034,30.45116600035964],[-82.02903000030398,30.451186999842385],[-82.02928100037414,30.45116199979388],[-82.02947200016985,30.451069000145672],[-82.02957099990405,30.45094500021853],[-82.02962500033073,30.450742999637136],[-82.02959400036859,30.450554000170875],[-82.02948700023846,30.45036900016213],[-82.02864799981424,30.449854000360506],[-82.02857599984421,30.449785000103624],[-82.02854099968411,30.449752999765952],[-82.02845700001853,30.44962300031874],[-82.02830499968258,30.44926100002713],[-82.0282710002457,30.449130000148628],[-82.02822799968966,30.448964999944714],[-82.0281669995903,30.448094999741638],[-82.02810600038926,30.447688999932176],[-82.02810600038926,30.447444999782476],[-82.028144999849,30.447252000164525],[-82.02836599978194,30.446918000123524],[-82.02850200022438,30.446779000251418],[-82.02917500006893,30.446093000046904],[-82.02939600000187,30.445893999676958],[-82.02956400023137,30.445684000211884],[-82.03008200026522,30.44470799988095],[-82.03021199996157,30.444533999987446],[-82.03039500025967,30.444386999675157],[-82.0308909996539,30.4442539997917],[-82.03106700027931,30.44418699986898],[-82.03127999981633,30.44404799997499],[-82.03144800004583,30.443880000200718],[-82.03169999994088,30.443499000345213],[-82.03182999963724,30.443217999664416],[-82.03185899994956,30.4431119999799],[-82.03190599980522,30.44293800033564],[-82.03197399957729,30.442467000087706],[-82.03209699960092,30.442110000337177],[-82.03226400000551,30.44181400022531],[-82.03246999986982,30.44159899968],[-82.03259200006856,30.44156800037998],[-82.03271500009222,30.44157400027026],[-82.03283700029095,30.44161600026632],[-82.03293600002515,30.44169600002434],[-82.03304999982797,30.44188899979965],[-82.03308800036112,30.442238000044433],[-82.0331569999581,30.44233300006341],[-82.0332559996923,30.44240399986227],[-82.03340100035557,30.44244600027521],[-82.03359200015129,30.442439999664163],[-82.03373699991624,30.44240399986227],[-82.03385599974192,30.442327000219844],[-82.03387400018357,30.442316000376604],[-82.03398100031369,30.44217700013835],[-82.03406499997928,30.441897999992545],[-82.03425599977498,30.44087599997343],[-82.03430799965354,30.440715999820576],[-82.03446900021034,30.440224000164303],[-82.03482800023554,30.439706999685914],[-82.03531600013216,30.4391670000658],[-82.0360640003198,30.438463000269667],[-82.0365449996454,30.43810499991119],[-82.03678099964696,30.437998000200157],[-82.03738400006962,30.437787999991535],[-82.0381699998921,30.437617999712693],[-82.03887899972167,30.43753599991871],[-82.03903199988254,30.43749999985511],[-82.03935200044798,30.437319000216238],[-82.03965000037381,30.437092000271218],[-82.03992400001022,30.436808000008753],[-82.0400010000031,30.43666099966532],[-82.04002399956931,30.436230000252515],[-82.04001600007173,30.435888000340576],[-82.03994699957643,30.43546699976225],[-82.03975599978072,30.434896000025404],[-82.03975599978072,30.43475899989778],[-82.0397259996435,30.434640999678823],[-82.03957300038093,30.434450000124528],[-82.0394589996798,30.43437199969618],[-82.03936699961828,30.43434300027564],[-82.03926100021141,30.434340999647585],[-82.03915400008128,30.43437600017641],[-82.03907700008837,30.434429000134497],[-82.03902400038494,30.434509000367413],[-82.03895499988965,30.434763000362143],[-82.03895499988965,30.435281999779573],[-82.03885600015545,30.435494999708087],[-82.03867299985734,30.435693999617353],[-82.038466999993,30.435783000344383],[-82.03823099999147,30.435779999833855],[-82.03793300006564,30.43564599991382],[-82.03772700020131,30.435473999943113],[-82.03766699992684,30.435379000211988],[-82.03761300039848,30.43529299964181],[-82.03732600034331,30.434534000039495],[-82.03720800034253,30.43422299969741],[-82.03717800020532,30.434056999893325],[-82.03718499987801,30.433785999984007],[-82.03712399977863,30.43330999998945],[-82.03704000011305,30.43290299985698],[-82.03691100024162,30.432438000384412],[-82.03676599957835,30.432117000059694],[-82.0365289997519,30.431788999782746],[-82.03634999965173,30.43160900034274],[-82.03630000032133,30.431559000267253],[-82.0362900002756,30.431549999894635],[-82.0359949998245,30.431313000111082],[-82.03575100032535,30.431185000004817],[-82.03543800033088,30.431092999848858],[-82.03534700009429,30.43101899967729],[-82.03528599999493,30.43090800008924],[-82.03530899956114,30.430432999957734],[-82.03528599999493,30.430146999728226],[-82.03520900000203,30.42981000003902],[-82.03509500019922,30.429522000354144],[-82.03508000013062,30.42938599962647],[-82.0353620001629,30.428135000299246],[-82.03532399962977,30.42799200001878],[-82.03518600043581,30.427901999935145],[-82.03481300016692,30.427843000343078],[-82.03470299966375,30.427842000349663],[-82.03454600020322,30.427839000369435],[-82.0342480002774,30.427877000112353],[-82.03409500011652,30.427864000201957],[-82.03388199968117,30.427774000000284],[-82.03378299994698,30.427649999878984],[-82.03377499955106,30.427555000272857],[-82.03382800015282,30.42724000014234],[-82.03400399987991,30.426736999836482],[-82.03419700022376,30.42632900015346],[-82.03423300020877,30.426254000231086],[-82.03453799980731,30.425763999680896],[-82.03466800040196,30.425622999830143],[-82.03483599973313,30.42552599976503],[-82.03504900016847,30.42546700028516],[-82.03546099989711,30.425401999884727],[-82.03575100032535,30.425287000023566],[-82.03595700018968,30.42513700006825],[-82.0359949998245,30.425062000004168],[-82.03600300022043,30.424967000201633],[-82.03594899979375,30.424833000143522],[-82.0357970003561,30.42465600033965],[-82.03560599966207,30.424514999662104],[-82.03533100020078,30.424386999930878],[-82.03521700039795,30.424273999707868],[-82.03512500033645,30.4241279998703],[-82.0350109996353,30.423805000015644],[-82.03498800006909,30.42355700037047],[-82.03500999981041,30.42347000018312],[-82.03522499989556,30.422624999866024],[-82.03525500003279,30.42240500015036],[-82.03524800036008,30.422254999637342],[-82.03514799990268,30.42207100021133],[-82.03486400022054,30.42179299992361],[-82.03447699970793,30.421412999820596],[-82.03422499981285,30.421092999686817],[-82.03404200041307,30.42069799973271],[-82.03401899994853,30.42053599965002],[-82.03403499984206,30.42036500021776],[-82.03404599971272,30.420236999690033],[-82.03406499997928,30.42003200034102],[-82.03413399957626,30.419924000095044],[-82.03425599977498,30.41983400031524],[-82.03435500040752,30.41979799991525],[-82.03465599980808,30.41974699990688],[-82.03485099980176,30.419713999705014],[-82.03523999996418,30.419601000267207],[-82.03548400036165,30.419512000268256],[-82.0359949998245,30.419258000068556],[-82.03636100042071,30.419131999803472],[-82.03660599974478,30.41908599986287],[-82.03665400032367,30.419060000021616],[-82.03681900018012,30.418970000219574],[-82.03691100024162,30.418881999730324],[-82.03700199957989,30.4186080000053],[-82.03703300044036,30.418361999726756],[-82.03702500004442,30.41810600022074],[-82.03706299967926,30.417973000130573],[-82.0371630001367,30.417854999747384],[-82.0372769999395,30.41772099999267],[-82.03755200029912,30.41753799986283],[-82.03765199985824,30.417504000363873],[-82.03775800016344,30.417468999978723],[-82.03794800013426,30.417479000200714],[-82.03905500034708,30.41794800008755],[-82.03922199985332,30.41799000018714],[-82.03939799958043,30.418000999675343],[-82.03961900041168,30.41797099994141],[-82.04029100043134,30.41778000028311],[-82.04054199960318,30.417638999739875],[-82.04064899973329,30.41753799986283],[-82.04070300015998,30.417454000031206],[-82.04072499990129,30.417357999692378],[-82.04070999983267,30.417294000188726],[-82.04066399980192,30.41723799991075],[-82.04048100040212,30.41719199985211],[-82.040374000272,30.417204000307347],[-82.04003100014033,30.417380999685346],[-82.03989399987297,30.417408000074307],[-82.03974900010802,30.417410000274945],[-82.0395499999164,30.41735999989411],[-82.03939799958043,30.417288000354166],[-82.03925299981549,30.41718299970333],[-82.03913900001267,30.417051000008634],[-82.03907000041569,30.416907999750496],[-82.03906200001977,30.41670200027263],[-82.03931399991484,30.415679999629536],[-82.03941299964903,30.41555599963154],[-82.03950499971054,30.415503000265318],[-82.03962699990929,30.41547800036426],[-82.03974900010802,30.41549299984085],[-82.03984799984222,30.41553699968663],[-82.03998500010958,30.41568799979894],[-82.04005399970656,30.41596599966148],[-82.04013800027046,30.41617199991824],[-82.040366999701,30.41645200017178],[-82.0404510002649,30.416515000118103],[-82.04056500006772,30.41655700005972],[-82.04098500019228,30.416596999765996],[-82.0412670002246,30.4165549998416],[-82.04151900011968,30.416458000057727],[-82.04177799968743,30.416445000175226],[-82.04202200008491,30.41640099996407],[-82.0424649997757,30.416244000281466],[-82.04285399993812,30.415991000212234],[-82.04344099956894,30.415407000331435],[-82.04360899979845,30.415210999689055],[-82.04376199995932,30.414868999680806],[-82.04367800029374,30.414353999869643],[-82.04365099963124,30.41431099962261],[-82.04361700019439,30.414257000222314],[-82.04351799956186,30.41419400036786],[-82.04321999963602,30.41413699972665],[-82.04296799974094,30.414124000309645],[-82.04271699967076,30.414152000183996],[-82.04247300017163,30.414215000065624],[-82.04226700030729,30.414309000133105],[-82.04202999958251,30.41451100026848],[-82.04185499968034,30.41483500002673],[-82.04171699958808,30.415004999727934],[-82.04153400018826,30.415154999765193],[-82.04134300039256,30.41525300019185],[-82.04120600012523,30.41528899994442],[-82.04108399992649,30.41526799970302],[-82.04100000026091,30.415206999972234],[-82.04089300013078,30.41506799983361],[-82.04084700010002,30.414937999853734],[-82.0408320000314,30.414815999941467],[-82.04090900002429,30.414387000334617],[-82.040915999697,30.414004999785643],[-82.04095400023014,30.41387200030425],[-82.04104600029166,30.413746000057586],[-82.04120600012523,30.41363699968838],[-82.04122899969144,30.413630999628992],[-82.04140399959361,30.413586000333815],[-82.04198399955176,30.413638999966366],[-82.0424799998443,30.41358799983813],[-82.04297600013686,30.41343500006824],[-82.04321299996333,30.413277000120083],[-82.04335799972829,30.41305000000667],[-82.04347999992702,30.412610999664956],[-82.04338799986552,30.412406999942487],[-82.04331500007058,30.412360999931007],[-82.04315799971172,30.412262999699408],[-82.04286800018184,30.412153999998278],[-82.04239500035382,30.41205699971405],[-82.0421269996669,30.41191000003412],[-82.04198199990195,30.411764999674386],[-82.04189099966534,30.411604999802222],[-82.0418530000305,30.411459999764155],[-82.04186800009913,30.411314000122573],[-82.04196699983332,30.411174999863025],[-82.0421199999942,30.411087000092376],[-82.0422959997213,30.41106300000034],[-82.0428380000446,30.41098799996511],[-82.04324300010055,30.410865999763995],[-82.04347200042942,30.410741999847904],[-82.04363200026297,30.41055700023632],[-82.04368599979135,30.410408000277535],[-82.04369300036235,30.410174000018287],[-82.04367800029374,30.410069000236184],[-82.04356399959262,30.40971299984652],[-82.0435410000264,30.40937099994262],[-82.04370099985996,30.408722000074707],[-82.04379999959416,30.408503999615373],[-82.04386099969352,30.408277000023546],[-82.04389900022666,30.407989999732866],[-82.04387599976214,30.407770999764136],[-82.04380799999008,30.407619999800293],[-82.0436699998978,30.407468000175456],[-82.04357100016361,30.40735899976869],[-82.04338000036792,30.407211999986906],[-82.0431820000012,30.407105999912062],[-82.04293599995388,30.407115999646322],[-82.04267800021103,30.407127000359992],[-82.04204399982622,30.407269000023454],[-82.04186800009913,30.4072639997769],[-82.04169999986962,30.407216000031337],[-82.04147100043909,30.407074000290777],[-82.04136400030896,30.40697300032782],[-82.04129599963859,30.406832999876507],[-82.041288000141,30.40666900037635],[-82.04132599977581,30.406551000272707],[-82.04143299990594,30.40639999997147],[-82.04157799967089,30.406272999937496],[-82.04173800040279,30.406181000309918],[-82.04182999956598,30.406146999953993],[-82.04185600040356,30.40614199965003],[-82.04191300030497,30.40613199981601],[-82.04202899975759,30.40611099992884],[-82.0428520002883,30.405963000374765],[-82.04316199990969,30.405877999660394],[-82.04331699972042,30.405835999772336],[-82.04381300001295,30.405641999722743],[-82.04398899974004,30.405530999932374],[-82.04414899957362,30.40539700030346],[-82.04450900032204,30.40492899999494],[-82.04460800005624,30.40471499973553],[-82.0446609997597,30.404513000247878],[-82.04467099980543,30.40442000027807],[-82.04470000011774,30.404126999627366],[-82.04468500004914,30.403963000230604],[-82.04463399999551,30.403827000295202],[-82.04460100038357,30.40374200004568],[-82.04430400028264,30.403267000160323],[-82.04419700015251,30.40298299983308],[-82.04402899992301,30.40202900018297],[-82.04392199979289,30.401642000328266],[-82.0437539995634,30.401213000162404],[-82.04341100033005,30.400567999844597],[-82.04324300010055,30.400169000174838],[-82.04281600030329,30.398747999949382],[-82.04250300030886,30.3978250000298],[-82.04234299957696,30.39742499969585],[-82.04222799994925,30.396981999916814],[-82.04220299983487,30.396943000231865],[-82.04218600011644,30.396908999758693],[-82.04210900012353,30.396848000179048],[-82.04196000016063,30.396632000180052],[-82.04193800041932,30.396607999634096],[-82.04130800023246,30.395896000126303],[-82.04123100023958,30.395675000281365],[-82.04126899987442,30.395350999699406],[-82.04123700008736,30.39510700035973],[-82.04112900013232,30.394863999966937],[-82.04068700026644,30.394720000195047],[-82.04050399996834,30.3946369996597],[-82.04026600031698,30.394476000053935],[-82.04024299985244,30.39444499972881],[-82.04021400043845,30.394403000347403],[-82.04017500008037,30.39434799967268],[-82.04015099979094,30.39419300007002],[-82.04019500017186,30.393881999785567],[-82.04014900014111,30.393637999875743],[-82.0400570000796,30.393461999638667],[-82.03984299981936,30.393185000357878],[-82.03968100033597,30.392930000269633],[-82.03960500016798,30.39277499996669],[-82.03946700007572,30.392363000240383],[-82.03963299975706,30.39199800024053],[-82.03976300035173,30.39187400038458],[-82.0398679999337,30.39176999988408],[-82.0400429998359,30.391545000091405],[-82.04007299997313,30.391465000281322],[-82.0400649995772,30.391384999630787],[-82.03993499988086,30.391136000160458],[-82.03992800020818,30.39112899989853],[-82.03975800032886,30.390940000386138],[-82.03888700011758,30.39037499963482],[-82.03877300031476,30.3902479996827],[-82.0387339999567,30.390143999775862],[-82.03872599956078,30.390023999865015],[-82.03890700020906,30.389492000370705],[-82.0389099996838,30.389467999620255],[-82.03892200027767,30.389327999645275],[-82.03889899981314,30.389180000228535],[-82.03883799971378,30.389037000217794],[-82.03873800015467,30.38891299970311],[-82.0383170002052,30.388556999675696],[-82.03828700006795,30.388500000340958],[-82.03812499968625,30.388188000130533],[-82.03794200028645,30.388012999775004],[-82.03723099990874,30.387489999966252],[-82.03707799974788,30.387409999935365],[-82.0370090001509,30.38731699995268],[-82.03700800032601,30.387155000271456],[-82.03717499983226,30.386884999947473],[-82.0372059997944,30.38667699983781],[-82.03724400032755,30.38655100014463],[-82.03733300001602,30.386260000195414],[-82.03723299955857,30.385943999665848],[-82.03707299972503,30.385788999903053],[-82.03689199997505,30.385715000254567],[-82.03677399997426,30.385667999642365],[-82.0364309998426,30.385589999747154],[-82.03613399974166,30.38540800026615],[-82.0358960000903,30.385153999682878],[-82.03583499999094,30.385013000068682],[-82.03582199957214,30.38492099978759],[-82.03581099970148,30.384850999667265],[-82.0358550000824,30.384619999921863],[-82.03591500035688,30.384539000203876],[-82.03601400009107,30.384468999809908],[-82.0361439997874,30.384431999880334],[-82.03652600027714,30.384394000273172],[-82.03673100031656,30.384373000361574],[-82.0369739999908,30.384293000103465],[-82.03704299958778,30.384221000202682],[-82.03721699966506,30.38394400029404],[-82.03733399984091,30.383398999835055],[-82.0375430000783,30.382898000040573],[-82.03758900010905,30.382859999836906],[-82.03759599978173,30.38276700017345],[-82.03764099998757,30.38273300019105],[-82.03770999958455,30.382757999951345],[-82.03781699971468,30.382745999912213],[-82.03797700044656,30.382656999640613],[-82.03804500021862,30.382548999898816],[-82.0380510000664,30.382394999859606],[-82.03811899983847,30.382313999847227],[-82.03815599964838,30.38220900033406],[-82.03814800015078,30.38207100018236],[-82.03807799983059,30.381939999981558],[-82.03781800043791,30.38181400038003],[-82.03758099971311,30.38180500007017],[-82.03751899978884,30.381804000380104],[-82.03722800043403,30.381725999725504],[-82.03689000032522,30.381526000127167],[-82.0368049999364,30.38141200019628],[-82.03678900004289,30.381303000158347],[-82.03682699967771,30.381198000333942],[-82.03693299998292,30.381096000263618],[-82.03702599986934,30.380981999831107],[-82.03743199975021,30.380486999816643],[-82.03759800032987,30.380186999949792],[-82.0376639995538,30.379948999741327],[-82.03760900020052,30.379693000270372],[-82.03754599955302,30.3795390003806],[-82.03746000023762,30.37943599963957],[-82.03740699963585,30.37937200007999],[-82.03720800034253,30.37925200011469],[-82.03713800002234,30.379176999674105],[-82.03707500027315,30.378886000240694],[-82.03675100040805,30.37847300034837],[-82.03671399969981,30.378387999735512],[-82.03667299969193,30.37829300023956],[-82.03663300040726,30.378095999775002],[-82.03663500005709,30.378083000210307],[-82.03667400041515,30.3779310003432],[-82.03675300005787,30.377797000050098],[-82.03686199983781,30.377696999769533],[-82.03692299993719,30.377658999868565],[-82.03707799974788,30.37756299993064],[-82.03730299987878,30.377489000253235],[-82.03751799996392,30.377449999761815],[-82.03802500012715,30.377455999719192],[-82.03814999980061,30.377341999690955],[-82.03817499991496,30.3772220003334],[-82.03813800010505,30.377158000099094],[-82.0379029999284,30.376902000292937],[-82.03787500033931,30.37675499962295],[-82.03811100034086,30.37633800026769],[-82.03854099961286,30.3758200002824],[-82.03869999962151,30.375533999700867],[-82.03877699961441,30.3753029996338],[-82.03877999998747,30.375294000274405],[-82.03881000012468,30.375064999933166],[-82.03881199977452,30.37469299975493],[-82.03877400013967,30.37458600027696],[-82.03871399986521,30.37452499993542],[-82.03863000019963,30.3744870003514],[-82.03852399989442,30.374479999671777],[-82.03843299965781,30.374508999826862],[-82.03753300003254,30.375190999710085],[-82.0372059997944,30.375222999701393],[-82.03687899955625,30.37518000004975],[-82.03676499975343,30.37510900016897],[-82.0367270001186,30.375006000184744],[-82.03682699967771,30.37474000022013],[-82.03692600031023,30.374551999773647],[-82.03725000017532,30.374173999809837],[-82.03748399962875,30.3738979998726],[-82.0379659996776,30.373219000377823],[-82.03814099957978,30.37292400035937],[-82.03815800019652,30.3727900001778],[-82.03805899956402,30.372536000127866],[-82.03792300001987,30.37239100021532],[-82.03777900007984,30.37233399997706],[-82.03760400017767,30.37232500034429],[-82.03740900018398,30.37227699970556],[-82.03726199987089,30.372239999810624],[-82.03718599970291,30.372176999978336],[-82.03714899989299,30.372114000105398],[-82.03715700028893,30.372033000098412],[-82.03721800038828,30.371848000022187],[-82.03730999955147,30.371723000379923],[-82.03744699981881,30.371630999989343],[-82.03770000043714,30.3716070002776],[-82.03785000022495,30.37159300005549],[-82.03819300035663,30.37148300012285],[-82.038466999993,30.371323000140855],[-82.03870299999457,30.371090999624332],[-82.03885600015545,30.371022000249788],[-82.03917499999767,30.370981999702718],[-82.03954099969556,30.37100399996689],[-82.03972999984146,30.370985999680634],[-82.04005100023181,30.370895999749855],[-82.04015699963873,30.37086799987512],[-82.04058299961108,30.3706980000756],[-82.04075099984057,30.370555999952728],[-82.04080500026723,30.370400000005734],[-82.04076699973409,30.37027999987711],[-82.04070700035794,30.37018500025208],[-82.04061500029643,30.370113000034294],[-82.04047899985399,30.37006800006497],[-82.04044899971676,30.370019999868205],[-82.04042699997545,30.369859000004997],[-82.04049499974752,30.36970900015385],[-82.04052599970966,30.369671000248008],[-82.04075500003852,30.36959799983682],[-82.04143899975374,30.369433000012446],[-82.04176000014411,30.369280000053354],[-82.04193500004627,30.369146000302788],[-82.04211800034437,30.368960000367903],[-82.04217900044375,30.36886399963797],[-82.04220200000996,30.368742000302145],[-82.04209700042799,30.368365000179157],[-82.04199199994768,30.368121999940026],[-82.04194699974182,30.368035999796852],[-82.04179399958096,30.36794499964413],[-82.04176900036492,30.367904000331187],[-82.04172699963381,30.367837999756453],[-82.0417119995652,30.367688999739656],[-82.04175799959596,30.36762000028954],[-82.04183399976392,30.367596000368298],[-82.04190999993192,30.36759999970971],[-82.04214900030651,30.36767999967933],[-82.04230400011721,30.367730999751767],[-82.04278299979302,30.36783100015089],[-82.0433529997054,30.36788499964187],[-82.04357399963835,30.36792400007383],[-82.04378000040099,30.367932000279694],[-82.04405300021247,30.36789299985098],[-82.04433400041985,30.36778900018174],[-82.04448699968242,30.367672000227866],[-82.04458700013984,30.367503000133475],[-82.04460999970605,30.367324999653995],[-82.04455000032992,30.36715700034991],[-82.04430799958227,30.366832999769706],[-82.04411900033469,30.36668200008224],[-82.04402800009811,30.366607999919292],[-82.04382300005868,30.366517999834183],[-82.043259999819,30.36649500026418],[-82.04270499997521,30.366370999827012],[-82.04243200016373,30.366264999616206],[-82.04229499989638,30.3661780003152],[-82.0420840000092,30.36595799976865],[-82.0420150004122,30.36581900007357],[-82.04202399973474,30.36565800026905],[-82.04210999994845,30.36547000018588],[-82.04213900026078,30.365409000357477],[-82.04219100013931,30.36538099968655],[-82.04231400016297,30.365314999734174],[-82.04249699956274,30.36524899973732],[-82.04298299980955,30.365219000076355],[-82.04323399987972,30.365242999805872],[-82.04339999956107,30.36519999964034],[-82.04363700028586,30.36507400016411],[-82.04374299969275,30.36506900008314],[-82.04384999982285,30.365097999929226],[-82.04392599999085,30.3651499996585],[-82.04397700004448,30.365229000222687],[-82.04398299989226,30.365459000206968],[-82.04401999970217,30.3656349997217],[-82.04408800037257,30.365802000236705],[-82.04418499955864,30.3659610001],[-82.04432100000106,30.36610999964955],[-82.0445849995917,30.366307000239924],[-82.0446759998283,30.36635499993417],[-82.04478299995843,30.36637599984142],[-82.04495700003571,30.366360999797394],[-82.04511699986928,30.366307000239924],[-82.045239000068,30.36622299974953],[-82.04534600019811,30.366086999983594],[-82.04539300005379,30.365972000022513],[-82.04540099955139,30.365818000220028],[-82.04531199986295,30.36547199990008],[-82.04530500019024,30.36533599986481],[-82.04537499961214,30.36519899978047],[-82.04549000013817,30.3651089999488],[-82.04570199985028,30.36506900008314],[-82.04603699958604,30.365134000340984],[-82.04628600000636,30.36524799987795],[-82.04653500042673,30.365455000002886],[-82.04664099983361,30.365482999877596],[-82.04690699997238,30.365451999656017],[-82.04706599998106,30.36540000008731],[-82.04721999996684,30.365302000020183],[-82.04733499959457,30.365154999735335],[-82.04746600001414,30.364661999919182],[-82.04750000034932,30.36429800019258],[-82.04751600024285,30.36411900020916],[-82.04761699962687,30.36366800002798],[-82.04767100005354,30.363569999775468],[-82.04777099961267,30.363485000157038],[-82.04792299994861,30.36342100023149],[-82.04850899975456,30.363178000108512],[-82.0494619999816,30.36260699999515],[-82.04968999958722,30.36251899987805],[-82.04991899991607,30.362474000289613],[-82.04995800027413,30.36247199973899],[-82.04996800031988,30.36235999984442],[-82.04997400016768,30.36229099973475],[-82.0499769996424,30.362257000381767],[-82.05003699991687,30.361613000146022],[-82.05005700000834,30.361399000349472],[-82.0499830003885,30.35560600003057],[-82.04976099973233,30.338228000282673],[-82.04968700011248,30.332435999973775],[-82.04968700011248,30.332425000157684],[-82.04967399969371,30.328728000280822],[-82.0496379997087,30.317606999743468],[-82.04962600001312,30.313899999745985],[-82.04962799966295,30.313282000135324],[-82.04963699988377,30.311431000086213],[-82.04964100008173,30.3108149996959],[-82.04965199995239,30.30726700007042],[-82.0496889997623,30.296626000210694],[-82.04970200018109,30.293116999754037],[-82.04970200018109,30.293080000186826],[-82.04970200018109,30.292934999694133],[-82.04970200018109,30.2925000000324],[-82.04970200018109,30.292388999815074],[-82.0497010003562,30.292355000233513],[-82.04967700006675,30.290196999802845],[-82.04964799975443,30.287574000150617],[-82.0496040002718,30.283723999810203],[-82.04957999998236,30.281631000176912],[-82.04957999998236,30.281567000278933],[-82.04957800033253,30.281379000094827],[-82.04957800033253,30.281366000097638],[-82.04956499991376,30.281071000236057],[-82.04951499968503,30.27993899984391],[-82.04930499962275,30.275058000191127],[-82.04923600002577,30.273431999654903],[-82.04923199982782,30.273336999939634],[-82.04911999967483,30.27343399969691],[-82.04318700002406,30.278564999692083],[-82.03754200025337,30.283457000115803],[-82.03716999980938,30.28378400019059],[-82.03688600012725,30.28403399970012],[-82.02487599998737,30.294610000264466],[-82.02473200004734,30.29473700026111],[-82.02419999976975,30.295117000239955],[-82.02417800002847,30.295133000141433],[-82.0240330002635,30.295235999638717],[-82.01578599972964,30.30240299980883],[-82.01563199974387,30.302537000192633],[-82.01535999975731,30.302772000284484],[-82.0153389998409,30.30278999993172],[-82.01514600039538,30.302956000141492],[-82.0120299997963,30.30563899963465],[-82.01149900024195,30.306116999724374],[-82.01051300040297,30.306995000150653],[-82.01044800010564,30.307051999668836],[-82.01040700009774,30.30708799971484],[-82.01026599963244,30.307214000159536],[-82.01020999955594,30.30726499994262],[-82.00838400036614,30.308896000270888],[-82.00837099994733,30.308903000213796],[-82.00796400024156,30.30927000017708],[-81.97743100035287,30.33693699978429],[-81.97443100010474,30.33973700010372],[-81.97413900002668,30.33998899980945],[-81.96650900015922,30.346805999992544],[-81.96447999968149,30.3485569999407],[-81.96290800003656,30.349975999641018],[-81.96205600009188,30.350720999812687],[-81.96143799960059,30.35126200024896],[-81.9580519995631,30.354223000360626],[-81.95695000027145,30.355186999701786],[-81.95499799978661,30.356883999946632],[-81.95487200028823,30.356995999910243],[-81.95243199990678,30.35934300015719],[-81.95240599996751,30.35936799969785],[-81.95222600004246,30.359539999651012],[-81.9518429997278,30.359879999768193],[-81.94626300025445,30.364832000136563],[-81.94619600030731,30.364883000144108],[-81.94614799972842,30.364927000311628],[-81.94602999972763,30.36503699986878],[-81.94356000010725,30.3671269997241],[-81.93832000039254,30.371560999651024],[-81.93822999998085,30.371637000303874],[-81.93555399959783,30.37393100005775],[-81.93549500004659,30.37398100019961],[-81.93548599982576,30.37398899990993],[-81.93542999974927,30.374036999708153],[-81.93540800000797,30.374056999746298],[-81.9174290002323,30.39043699975893],[-81.9173880002244,30.39046999978393],[-81.91736099956191,30.390492000310985],[-81.91628600003446,30.391351999914857],[-81.91592899965909,30.391637000334455],[-81.90304599965808,30.40311499995694],[-81.89942899964191,30.406336999694652],[-81.89889700026266,30.406868999635446],[-81.89882899959228,30.406936999832464],[-81.8987580003455,30.40699999972213],[-81.89096600009631,30.41393699986377],[-81.88241999981172,30.42151400033486],[-81.88092799963441,30.42283700027761],[-81.88015699988058,30.423619000340867],[-81.86988400014036,30.4329819998519],[-81.86629100041363,30.43625899988646],[-81.86620699984972,30.436257000072196],[-81.86610700029061,30.436256000165102],[-81.86602799974959,30.436325999835596],[-81.85911799958232,30.442473999766],[-81.84342699985216,30.456437000361028],[-81.84325199994997,30.456592000221605],[-81.8372270002377,30.46193700017039],[-81.83712400030554,30.462028999869556],[-81.83453999998403,30.464324999703855],[-81.83122699974147,30.467436999959855],[-81.83121199967286,30.46744899965196],[-81.82340500025337,30.473477000282188],[-81.82332700043557,30.47353699965206],[-81.80952600036764,30.48453700024063],[-81.80193199958686,30.494656000103227],[-81.8017940003929,30.494834999884056],[-81.79491799966253,30.50540599965654],[-81.79166499969443,30.50560999978692],[-81.79158799970155,30.50555699985488],[-81.79145399980725,30.5055000000126],[-81.79119299969132,30.50554000036712],[-81.79113699961482,30.505535999713207],[-81.79111200039878,30.505532999803194],[-81.7816239997578,30.503335999809646],[-81.76532200010736,30.518440000041906],[-81.76531600025957,30.518652000139358],[-81.76531500043467,30.51866200003762],[-81.7637479999143,30.53491599985743],[-81.75614099961305,30.531149999665686],[-81.74962299998126,30.53145200032153],[-81.74927099962876,30.53134300009056],[-81.74893199969505,30.53122400035902],[-81.7485619997992,30.53117200017048],[-81.7481390001999,30.531151000145954],[-81.74784799994674,30.531082999961736],[-81.74763200003667,30.530971999900128],[-81.7474000002331,30.53082299991077],[-81.74713900011719,30.53077199999175],[-81.74692300020712,30.53081900029736],[-81.74679900035855,30.53102799980063],[-81.7466810003578,30.531398000073334],[-81.74657800042563,30.531619999870006],[-81.74639099992956,30.531849999849275],[-81.74608100030817,30.53200699971415],[-81.74581500016937,30.53211000024665],[-81.74548999958105,30.532169000126878],[-81.74518900018049,30.532194999957774],[-81.74496300022467,30.532194999957774],[-81.74475099961425,30.532186000374224],[-81.74450499956697,30.532161000237018],[-81.7443029999006,30.532105000215807],[-81.74401199964747,30.532029000024863],[-81.74382500004972,30.531972999927557],[-81.7435990000939,30.531955999642932],[-81.74334300000085,30.531982000304655],[-81.74314100033452,30.53206299979186],[-81.74298800017363,30.532232999995735],[-81.7428109997233,30.532548000247214],[-81.74262400012556,30.532893000198058],[-81.74250600012476,30.533118999965904],[-81.74233799989528,30.53325100024442],[-81.74217100038902,30.533315000174245],[-81.7419589997786,30.53330199963576],[-81.7417129997313,30.53326800030241],[-81.7414370004451,30.53324299966997],[-81.74127000004053,30.53326800030241],[-81.74108799956733,30.533422000373744],[-81.74060999971644,30.533933000373423],[-81.7403100001408,30.53432899967373],[-81.74015199995704,30.53451700006596],[-81.7399800004279,30.534635999632297],[-81.73977299984035,30.534707999877813],[-81.73963499974809,30.534712000104808],[-81.73944300012747,30.534656999677214],[-81.73910800039172,30.534576000031702],[-81.73883700023006,30.534524999761803],[-81.73861600029714,30.534528999996315],[-81.73842399977819,30.534571999799137],[-81.73827099961731,30.53468699984399],[-81.73816799968516,30.534882999983388],[-81.73823700018045,30.535189999738503],[-81.73842399977819,30.535688000276753],[-81.73845300009052,30.535972999622494],[-81.73841899975531,30.536241999798857],[-81.73826599959445,30.536411999652664],[-81.73805399988234,30.536539999947053],[-81.73769999988001,30.536646999688898],[-81.737403999604,30.5367019997634],[-81.73723200007487,30.536765999740588],[-81.7370649996703,30.536932000089323],[-81.7370300004085,30.53710200028289],[-81.73714800040928,30.537337000197056],[-81.73725600036433,30.53747700038596],[-81.73727499973258,30.537624999813563],[-81.73724700014348,30.537710999753802],[-81.73715300043216,30.53782199985195],[-81.73697099995897,30.53802199994555],[-81.73678400036121,30.538303999733692],[-81.73669999979731,30.53862699977171],[-81.73676400026972,30.53897700024589],[-81.73684299991244,30.53927899977836],[-81.7369459998446,30.53953500037849],[-81.73704999960167,30.53971800033944],[-81.73735500009852,30.540160999692308],[-81.73748300014505,30.54038700034417],[-81.73749800021363,30.540590999782633],[-81.73741899967261,30.540795999947125],[-81.73732099976334,30.54091900030231],[-81.73719799973966,30.54102100029],[-81.73702000036276,30.541084999742118],[-81.73674500000315,30.541123999774396],[-81.73637000008442,30.54115800022617],[-81.73604000037153,30.541246999714133],[-81.73568600036921,30.541401000287077],[-81.73540000013895,30.54158799977028],[-81.735247999803,30.54177099973094],[-81.73518900025175,30.541954000120427],[-81.73519799957427,30.542137999758456],[-81.73532200032115,30.542264999877112],[-81.73553300020833,30.542385000372747],[-81.73596199965542,30.54249100027448],[-81.73635599984073,30.54245700028942],[-81.73672499991166,30.542427000201673],[-81.73720299976256,30.54239700010466],[-81.73756699981062,30.542440000292395],[-81.73774900028381,30.542512000168358],[-81.73782299990366,30.542529999742147],[-81.7379459999273,30.5426279996842],[-81.73800000035398,30.54274300024796],[-81.73800500037686,30.542827999938023],[-81.73789700042181,30.54306600022168],[-81.73765100037451,30.543399000341566],[-81.73735500009852,30.54362900028039],[-81.73702500038563,30.543829000019805],[-81.73662100015459,30.54407200035966],[-81.73611399999137,30.544322999753778],[-81.7357700000348,30.544629999841323],[-81.73565100020912,30.544859999958845],[-81.73571499978321,30.54511500020912],[-81.73603600017357,30.545452000049504],[-81.73638500015305,30.54570299974449],[-81.73675900024686,30.545796999808484],[-81.73716299957958,30.545840000037856],[-81.7374880001679,30.545937999733827],[-81.73766499971991,30.54612499976337],[-81.73770499990289,30.54636400002564],[-81.73762600026016,30.546636000233047],[-81.73746800007643,30.54692200026073],[-81.73725700018922,30.54706600027491],[-81.73703500043136,30.54712200017978],[-81.73678900038408,30.547088000269017],[-81.73658199979653,30.546951000189395],[-81.73627200017515,30.5467849999468],[-81.73598599994487,30.54666200005935],[-81.73574499992044,30.546448999640393],[-81.73540000013895,30.546236000301462],[-81.73507500044893,30.5461330000503],[-81.73481400033303,30.54607000038369],[-81.73451899988193,30.546065000297848],[-81.73431700021558,30.546103999877293],[-81.73413499974237,30.54618499996542],[-81.73399199962722,30.546381000109257],[-81.73382000009809,30.54664899976024],[-81.73372600038677,30.546858000013895],[-81.73364199982286,30.54703700038058],[-81.73363299960202,30.54716400028068],[-81.73364699984575,30.54727900011389],[-81.73374599957994,30.547351999809543],[-81.73392300003026,30.547312999957757],[-81.734081000214,30.54726200018751],[-81.7342279996288,30.5472450002581],[-81.73433700030705,30.547339000376418],[-81.73438099978966,30.54756900026568],[-81.7345039998133,30.54777800008613],[-81.73481400033303,30.547866999695337],[-81.735247999803,30.54804200007118],[-81.7356369999654,30.54816100008467],[-81.73593700043936,30.548194999619714],[-81.73629200026662,30.54817400018137],[-81.73660199988801,30.54817400018137],[-81.73707499971603,30.54828900036543],[-81.73730599969471,30.548399999976684],[-81.73745399983271,30.548604000373942],[-81.73748300014505,30.548914999718537],[-81.73756699981062,30.549167000038835],[-81.73771499994862,30.549452000054863],[-81.73776400035243,30.549674000358987],[-81.73777900042103,30.549861000155026],[-81.73774400026095,30.54997200028971],[-81.7376010001458,30.550036000030875],[-81.73727100043294,30.550082000012214],[-81.7370939999826,30.550232000136212],[-81.7369319996009,30.550551000377137],[-81.73668999975155,30.55148399991762],[-81.73655300038253,30.55201600018824],[-81.73636500006154,30.552434000344583],[-81.73628200022088,30.55256599989788],[-81.73614900015147,30.55263800000049],[-81.73605500044015,30.55263800000049],[-81.73589300005844,30.55259599994712],[-81.73568100034633,30.552407999743302],[-81.7353609997809,30.552171999679828],[-81.73508999961923,30.552171999679828],[-81.73479699971628,30.5522169999329],[-81.73454099962323,30.552139999745044],[-81.73426000031417,30.551996999786716],[-81.73397099971083,30.551799999883183],[-81.73378800031105,30.551626000362365],[-81.73360500001294,30.551529999986364],[-81.73349399968487,30.55148399991762],[-81.73331499958472,30.55148399991762],[-81.73316099959892,30.551533000023728],[-81.73304400032139,30.551626999858087],[-81.73299099971962,30.5517389997888],[-81.73297400000119,30.551827000140992],[-81.732983000222,30.552005999855233],[-81.73310600024567,30.5522579998874],[-81.73335700031582,30.55252900034006],[-81.73365500024167,30.552774000306464],[-81.73393800009887,30.553116000359033],[-81.7342350001998,30.55354000037066],[-81.73438800036068,30.55399199997811],[-81.73448000042218,30.55445099993611],[-81.734482000072,30.554842000251156],[-81.73447700004913,30.55530399997808],[-81.7345160004072,30.556178000290927],[-81.73452399990481,30.556468000158503],[-81.73458199963112,30.55669500019982],[-81.73468799993633,30.556828999804612],[-81.73478099982275,30.556896999752656],[-81.7348970001737,30.55690200005409],[-81.73504799978643,30.55682700014668],[-81.7352210000388,30.556706999710162],[-81.73535800030614,30.556570000055324],[-81.73553300020833,30.556377999705518],[-81.73569800006477,30.55624300002983],[-81.73589999973115,30.55615000024713],[-81.73603199997562,30.556091000239007],[-81.73618000011363,30.556068999964527],[-81.73632999990144,30.556071999861604],[-81.73640699989434,30.556119999749278],[-81.73649700030603,30.55619900031844],[-81.736529999918,30.5563270000564],[-81.73655300038253,30.55648099991622],[-81.73631099963488,30.557088999849263],[-81.73575599979111,30.558064000001348],[-81.73536300032902,30.558747000101576],[-81.73521000016814,30.5590309996434],[-81.73500500012875,30.559264000248398],[-81.73483199987638,30.559418000088847],[-81.73472200027152,30.559464000265027],[-81.73461299959325,30.55947899999824],[-81.73452599955462,30.559441999981708],[-81.73443000019348,30.559077000003025],[-81.73440599990401,30.55888499997187],[-81.7342560001162,30.55872099964444],[-81.73406199994744,30.558639999960636],[-81.73388600022035,30.558613000050997],[-81.7336939997014,30.558599000381403],[-81.73345900042307,30.558615999869424],[-81.73314300005559,30.558613000050997],[-81.73300199959027,30.558594000167353],[-81.73273200015184,30.558416999851488],[-81.7325310003104,30.558218000199087],[-81.73241099976148,30.55812200015475],[-81.73227500021737,30.55798600038059],[-81.73216499971419,30.55786400019354],[-81.7320180002994,30.557770999643573],[-81.73173200006916,30.55755099970957],[-81.73147699980102,30.557249999979934],[-81.73135899980024,30.55713599979491],[-81.73123599977659,30.557051000255143],[-81.73112299979869,30.556986999724348],[-81.73099300010234,30.556971000165227],[-81.73086900025379,30.556964000212243],[-81.73076100029876,30.55698799993843],[-81.73067199971199,30.55704199988086],[-81.73058600039657,30.557149999675556],[-81.73042999986265,30.55737600023223],[-81.73030500018918,30.5574980002592],[-81.7301939998611,30.557606000320007],[-81.73009099992895,30.557698000047786],[-81.72998499962372,30.557842999752758],[-81.72990099995812,30.55797199984698],[-81.72985300027756,30.558107999640757],[-81.72981300009458,30.558256000109825],[-81.72983300018608,30.55845000023645],[-81.72988099986665,30.558591999772297],[-81.72997399975307,30.55873299967777],[-81.73027599987687,30.559041000026138],[-81.7304120003193,30.559199000212228],[-81.73050799968046,30.5593980001736],[-81.7307090004202,30.559780999961383],[-81.73118200024824,30.560282000227247],[-81.731516999984,30.56056800027222],[-81.73184400022214,30.560838999953518],[-81.73196999972052,30.56107300025686],[-81.73195700020004,30.56134400007486],[-81.73186500013853,30.561623999859602],[-81.731665000122,30.561864000026535],[-81.73133299986098,30.562174000040397],[-81.73093500037602,30.562417000094918],[-81.73054500038869,30.562532999804443],[-81.73005199957088,30.56260400009169],[-81.72954899960563,30.562612999950098],[-81.7291510001207,30.562596999771568],[-81.72870599988177,30.56258000020743],[-81.72828099973431,30.56254600029669],[-81.72800700009793,30.562477999666065],[-81.72784100041657,30.562386999987385],[-81.72770999999702,30.56228200031164],[-81.72760799988976,30.56220300005341],[-81.7276029998669,30.56211599998836],[-81.72772800043867,30.561936000192922],[-81.7278630001579,30.56168700026065],[-81.72796100006718,30.561410999784727],[-81.72795799969413,30.561138999982578],[-81.72788099970124,30.560854999648463],[-81.72778299979196,30.5605850001888],[-81.72764999972256,30.560312000211997],[-81.72754199976752,30.560010999763826],[-81.72747800019343,30.559771999840294],[-81.72737699991107,30.55955800015366],[-81.72720799985669,30.55939400019006],[-81.72699600014458,30.559361000126177],[-81.7267860000823,30.559444000359246],[-81.72658799971556,30.559578000035945],[-81.72646300004212,30.559729000367703],[-81.72636000010995,30.55990899961601],[-81.72628599959178,30.560163000376694],[-81.72622899969036,30.56036800021036],[-81.72618900040572,30.560545000061726],[-81.72609999981894,30.560730999623214],[-81.72572700044836,30.561133999899404],[-81.72555099982296,30.56133500009873],[-81.72546600033245,30.56158900022075],[-81.72537099989789,30.56187699983494],[-81.72529100043027,30.56217299987976],[-81.72517900027727,30.562740999736516],[-81.72513400007142,30.563274999706962],[-81.72516800040661,30.563526999871666],[-81.72524700004932,30.563736000137904],[-81.72538000011872,30.563953999687943],[-81.72558400033323,30.564138000168818],[-81.72579100002245,30.56430699976916],[-81.7260260001991,30.564417999625668],[-81.72628800013992,30.564509999856497],[-81.72660199995929,30.56459300032616],[-81.72686200025028,30.564678000221004],[-81.7270680001146,30.564782999624263],[-81.72728300019975,30.564876999774565],[-81.72752699969891,30.564986999620768],[-81.72794000015078,30.565248000367184],[-81.72811500005298,30.565252000109396],[-81.72827300023671,30.56517699969428],[-81.72841100032896,30.56497400022912],[-81.72852400030689,30.56475300024836],[-81.72863599956156,30.564602000000022],[-81.72878100022483,30.564481999896348],[-81.72893500021063,30.56442300031306],[-81.72907999997558,30.56447999962267],[-81.72914100007493,30.564690000291137],[-81.72915299977052,30.564983999999296],[-81.72912199980837,30.565222000105003],[-81.72910400026501,30.565445000044743],[-81.72897100019564,30.565706000332508],[-81.72874100004185,30.565909999935133],[-81.72838600021461,30.566080999783473],[-81.7281100000301,30.566237999989458],[-81.72789099974698,30.566383000082038],[-81.72763499965393,30.56656099990476],[-81.72724899986456,30.56695100004323],[-81.72706999976442,30.567109999834233],[-81.72688800018953,30.567349000245915],[-81.72675400029524,30.5675569999082],[-81.72665399983781,30.567680999717755],[-81.7265259997913,30.567752000105045],[-81.7264050003158,30.567756999847084],[-81.7262789999191,30.567724000307102],[-81.72622200001769,30.56762700028177],[-81.72620600012415,30.567387999781516],[-81.7261669997661,30.56705499997003],[-81.72614300037496,30.566540999914906],[-81.72608499975033,30.56620600005181],[-81.72603899971958,30.565959999840576],[-81.72593800033555,30.565886000095162],[-81.72577799960366,30.56589400030031],[-81.72553800030248,30.566000000055716],[-81.72487600032856,30.566410000150043],[-81.72394999986572,30.566905000322667],[-81.72350399980186,30.567147000020594],[-81.7231680002412,30.5673159997937],[-81.72284299965287,30.56753600001829],[-81.72265199985716,30.567807999676553],[-81.72254499972703,30.56811200021201],[-81.72246500025942,30.56842000017986],[-81.72243400029728,30.56877900003571],[-81.72242099987848,30.569176000384637],[-81.72245799968842,30.56960400017201],[-81.72247299975703,30.57000000015831],[-81.72247600013007,30.570312999929314],[-81.72246600008434,30.570647000231652],[-81.72244400034302,30.57093900030857],[-81.72238400006856,30.57115900005076],[-81.72220599979335,30.571555999940028],[-81.72211100025709,30.571723999703895],[-81.72200300030207,30.571848999661643],[-81.72188299975315,30.571934000159658],[-81.7217389998131,30.571987000232284],[-81.72163000003316,30.571967999873962],[-81.72150700000951,30.571851999844295],[-81.72134999965067,30.571673000386404],[-81.721154999657,30.571406000291727],[-81.72099599964834,30.57114800007555],[-81.72081700044652,30.57091899967444],[-81.7206120004071,30.570666000075285],[-81.72043499995678,30.570519000047895],[-81.72024099978802,30.57045800011848],[-81.71998700024312,30.57046800009689],[-81.71973500034805,30.57058500030877],[-81.7187119998008,30.57100699964933],[-81.71833799970697,30.571144999871116],[-81.71794000022204,30.571281999829775],[-81.71773799965736,30.571329999927595],[-81.7174869995872,30.571367000051236],[-81.71705700031521,30.571431999669905],[-81.71674799962041,30.571461000009258],[-81.71643799999902,30.5714079996492],[-81.71594000005663,30.571235999842674],[-81.71551599973411,30.57098699980268],[-81.71517599997549,30.57076999988649],[-81.71475300037618,30.570508000000107],[-81.71427600035021,30.570257000256994],[-81.71385700005055,30.570015999889385],[-81.71345600019255,30.56977000005841],[-81.71311399988578,30.56952000003742],[-81.7124889997218,30.56891099978652],[-81.71223699982673,30.56869800024032],[-81.71212499967375,30.568581000072715],[-81.71205100005389,30.56847000033854],[-81.71196999986306,30.56834299969947],[-81.71186399955782,30.568253000205686],[-81.71175899997584,30.568152999638873],[-81.71165199984571,30.568029999759425],[-81.71154700026374,30.56790599962249],[-81.71142400024009,30.56767900028353],[-81.71133499965332,30.567546999629695],[-81.71121199962967,30.56728400021165],[-81.71113100033713,30.567137999809333],[-81.71100199956739,30.566959000160548],[-81.71087000022122,30.566804999913163],[-81.71073200012897,30.566577000203054],[-81.71067299967942,30.566459999797733],[-81.71059099966365,30.566346000377735],[-81.710475000211,30.566247999629354],[-81.71020700042241,30.566000000055716],[-81.71008799969842,30.565920999730896],[-81.70995499962902,30.565865999966153],[-81.70976100035858,30.565858999881346],[-81.70957499968742,30.565895999771406],[-81.7094049998081,30.565994000101874],[-81.709044999958,30.566267000334676],[-81.70881599962914,30.56636300005551],[-81.70867099986418,30.56639399982419],[-81.70855100021357,30.56645800033832],[-81.70840700027354,30.566542000030505],[-81.70811799967024,30.566700999718357],[-81.70799800001963,30.566742999855084],[-81.70786599977515,30.56677499961559],[-81.7074199997113,30.566861000031423],[-81.70698600024134,30.56697799995312],[-81.70680499959307,30.56702100008059],[-81.70599700002929,30.567066999746153],[-81.7057919999899,30.567109999834233],[-81.70555099996547,30.567143000356523],[-81.70533300040559,30.567143999692476],[-81.70514099988664,30.567197000061988],[-81.70493599984722,30.567261000046297],[-81.70474300040169,30.567281999995746],[-81.70429700033786,30.567348000138626],[-81.70409200029844,30.567359999878516],[-81.70393499993962,30.567359999878516],[-81.70383799985524,30.56734000005338],[-81.70374099977086,30.56730899981352],[-81.70365700010528,30.567256999613424],[-81.70358400031034,30.567173999875997],[-81.70355900019598,30.567079999630902],[-81.70357000006662,30.566974999619724],[-81.70362799979296,30.56685999991912],[-81.70370599961075,30.56673300026615],[-81.70384100022828,30.566593999840347],[-81.70459100006573,30.56604399996397],[-81.70472999998289,30.56592600034087],[-81.70485499965638,30.565792000149063],[-81.70494800044112,30.56560399998359],[-81.70503399975651,30.565440000183536],[-81.70507399993949,30.565304999965605],[-81.70512499999312,30.56515000005664],[-81.70510400007672,30.564971999965522],[-81.70507399993949,30.564805000243616],[-81.70506200024391,30.564694000056353],[-81.7050320001067,30.564389000274705],[-81.70499399957355,30.564231000031075],[-81.70494500006807,30.56407399967115],[-81.70487499974786,30.56389399964062],[-81.704757999572,30.56373399984882],[-81.70459199989065,30.56364299980116],[-81.7043779996304,30.563599000351033],[-81.7041030001691,30.563588000291997],[-81.70381799976374,30.56356000006576],[-81.70287499958245,30.563468999854898],[-81.70259500009828,30.56344900000115],[-81.70204600010229,30.563461000223302],[-81.70138199958025,30.563552999814572],[-81.70121699972381,30.563650000045875],[-81.70109000040051,30.563758000221156],[-81.70099300031613,30.563930000137564],[-81.70116599967018,30.564305999630456],[-81.7014629997711,30.564703999855457],[-81.7015320002664,30.564904999620648],[-81.70160000003844,30.56515999980874],[-81.70166000031291,30.565545999661477],[-81.70164600006919,30.565742000157083],[-81.70155200035788,30.56592600034087],[-81.70137400008264,30.56607399971416],[-81.70124299966307,30.56622000017087],[-81.70105000021753,30.566378000269186],[-81.7008300001095,30.566505999729355],[-81.70065799968206,30.566625999649958],[-81.70035599955827,30.566824999848652],[-81.70011899973181,30.56708400007108],[-81.69987500023265,30.567314000351892],[-81.69971299985095,30.567575000252152],[-81.69958900000239,30.56776100025934],[-81.6995050003368,30.567968999811665],[-81.69943400019169,30.568204000033628],[-81.69918399994644,30.568768999883172],[-81.69906099992276,30.56898300013737],[-81.69890100008922,30.5691689997652],[-81.69873000038498,30.569337999882915],[-81.69853700004114,30.569463999907278],[-81.69839200027619,30.569540000186553],[-81.69818399986372,30.569610999986587],[-81.69794899968707,30.56966599994847],[-81.69775899971629,30.56967199967526],[-81.69756000042298,30.56964300034791],[-81.69738499962247,30.56954900017496],[-81.69723300018482,30.569420000003284],[-81.69708900024477,30.569291999747357],[-81.69689599990093,30.569146000046782],[-81.69676200000663,30.568958000193515],[-81.6966199997164,30.56874800025571],[-81.69646499990571,30.56853599967315],[-81.69613000016996,30.568123999857388],[-81.69584300011478,30.56773600000052],[-81.69567300023546,30.567498999980295],[-81.69553199977014,30.567323999880916],[-81.69545800015031,30.567142000247106],[-81.69534099997443,30.56690699977286],[-81.69523800004227,30.566697000035887],[-81.69519200001152,30.566479999804326],[-81.69516100004938,30.56607499983458],[-81.69518799981357,30.565865999966153],[-81.6952749998522,30.56571000005584],[-81.69540999957141,30.56552700036195],[-81.69559399969444,30.565332999688167],[-81.69573900035772,30.56513200003619],[-81.69589800036637,30.564922999683223],[-81.69601200016918,30.564692999921707],[-81.69609400018494,30.564445000240525],[-81.69615299973617,30.564215000119354],[-81.69616799980479,30.564001000176024],[-81.6961550002843,30.563790000192736],[-81.69605200035215,30.563594999767155],[-81.69585900000831,30.563411999951402],[-81.69570199964946,30.563246000014367],[-81.69552099989951,30.56317000021868],[-81.6952670003546,30.563172999896246],[-81.69496000020793,30.563181999701875],[-81.6946279999469,30.563243000339053],[-81.69391099972144,30.56346000007594],[-81.69366899987209,30.56354600033637],[-81.69350599966548,30.56362000031964],[-81.69331999989264,30.563776999867173],[-81.6931490001884,30.563940000015407],[-81.69306700017265,30.56409900010022],[-81.69303700003542,30.56437499989142],[-81.69304100023338,30.56468099985193],[-81.69308700026414,30.564982999867627],[-81.69316000005907,30.56529600035689],[-81.6931910000212,30.565854000041423],[-81.69316199970889,30.566315999938137],[-81.69315300038636,30.56649399988378],[-81.69307499967024,30.56668500021399],[-81.69291800020973,30.566864999707125],[-81.69277699974442,30.567010999746884],[-81.69238500010725,30.567171000322144],[-81.69209499967903,30.567171999657766],[-81.6917330001791,30.567101999729356],[-81.69134400001667,30.56700399974468],[-81.69065000025572,30.56671200019794],[-81.69035700035275,30.566604000217055],[-81.69004400035831,30.56656500036632],[-81.68974999973211,30.56656099990476],[-81.68917999981973,30.566519999805056],[-81.68874899982451,30.566567999938904],[-81.68836600040818,30.566520999920872],[-81.68826699977566,30.56646300014706],[-81.6881849997599,30.56638599966027],[-81.68813000040662,30.566302999951063],[-81.68815299997284,30.56570199983551],[-81.6882349999886,30.565488000078258],[-81.68830699995863,30.5653080003506],[-81.68842699960923,30.56472599971921],[-81.6884590002946,30.564490000217283],[-81.68846799961712,30.564266000263853],[-81.68842800033245,30.56408599981607],[-81.68836700023309,30.56388999984243],[-81.68831299980641,30.563687000004865],[-81.68826099992788,30.56352900016505],[-81.68815799999571,30.563374999887515],[-81.68807099995708,30.56323600006499],[-81.68777100038142,30.56289500024688],[-81.68764800035778,30.562783000040604],[-81.68748400032624,30.56269699987733],[-81.68726400021822,30.562624000119666],[-81.68703200041463,30.56260400009169],[-81.68677499959836,30.56263099966438],[-81.68654899964255,30.562726999888962],[-81.68641100044862,30.562907999917094],[-81.68638100031139,30.563058999707888],[-81.68625800028775,30.563399000348653],[-81.68616799987605,30.56380899983243],[-81.68608699968519,30.564014999839756],[-81.68593400042263,30.564312999827333],[-81.68580399982798,30.564536999672246],[-81.68565200039032,30.564772999833362],[-81.68553699986428,30.564941999874538],[-81.68537700003071,30.565099000376787],[-81.68520299995343,30.565277000234897],[-81.68501899983043,30.565508999637935],[-81.68487800026342,30.56570299995976],[-81.68469800033837,30.56592299997493],[-81.6844959997737,30.566118000362355],[-81.68435100000873,30.56626799967965],[-81.68420200004583,30.566361999938003],[-81.6839669998692,30.566411000266978],[-81.68375000013421,30.566412000383988],[-81.6835300000262,30.566313000357756],[-81.68333699968234,30.566181000165713],[-81.68320899963582,30.56600399976691],[-81.68313400019107,30.565824000223195],[-81.68301199999232,30.565285999845365],[-81.6829120004332,30.56504599963459],[-81.68280299975494,30.56483300011054],[-81.68268599957909,30.56465799984296],[-81.68260899958621,30.564565999752485],[-81.68237400030787,30.564222999688777],[-81.68227600039859,30.564061000157178],[-81.6821440001541,30.563904999664963],[-81.68194499996245,30.563732999704282],[-81.68170300011313,30.563528000018334],[-81.68148800002798,30.56333199969103],[-81.68131300012578,30.563151999830936],[-81.68114400007138,30.563027999647044],[-81.68064500030411,30.562809000182877],[-81.68036499992162,30.562718000041173],[-81.68012999974498,30.562665999700876],[-81.6798490004359,30.562589000068016],[-81.67963500017565,30.562521000240984],[-81.67946500029635,30.562453999750584],[-81.67922699974666,30.56239200000598],[-81.67894399988946,30.56233400008426],[-81.67871100026095,30.562247000136672],[-81.67851200006932,30.56215000004978],[-81.67827900044081,30.562108999632976],[-81.67805900033277,30.562095999855718],[-81.67782699963087,30.562100999889246],[-81.67756800006309,30.56213899982646],[-81.67732600021377,30.56223499976431],[-81.67708799966407,30.56239300016435],[-81.67694100024929,30.562565000180054],[-81.67678200024064,30.562704000190287],[-81.67660099959234,30.562900000239253],[-81.67644499995676,30.563114000290454],[-81.67630600003957,30.563363999803098],[-81.67616799994731,30.56366499990551],[-81.67588099989212,30.564150000305744],[-81.67574699999783,30.564384999723398],[-81.67553199991268,30.564669999915576],[-81.67538299994976,30.564927000212343],[-81.67520300002471,30.56520299996852],[-81.67506599975735,30.565453999639626],[-81.67499700016039,30.565633999869846],[-81.67491699979445,30.565774000247714],[-81.67477200002949,30.565955000005857],[-81.67462999973927,30.566103000108473],[-81.67452599998218,30.566193000050003],[-81.67435899957762,30.566248999748034],[-81.67412799959892,30.56624299980952],[-81.67394100000118,30.56618700010803],[-81.67376100007613,30.566081999903805],[-81.67358600017393,30.565933999769218],[-81.67334900034747,30.56567900006859],[-81.67259199993902,30.565000999915725],[-81.67201600017884,30.56458000010815],[-81.67140799973329,30.56427700024602],[-81.67086499958506,30.56401300032996],[-81.67016699962616,30.5636890002949],[-81.66974400002687,30.563467999707623],[-81.66939699969723,30.563300999717395],[-81.66934200034396,30.5631790000246],[-81.669338000146,30.563061000010862],[-81.66938800037471,30.562946999690908],[-81.66951200022328,30.562849000150173],[-81.66970200019408,30.5627530000463],[-81.66993700037071,30.562734000199754],[-81.67015599975551,30.56275900020058],[-81.67045399968134,30.562704000190287],[-81.67107399982245,30.562624000119666],[-81.67137199974829,30.56262799997007],[-81.67170200035947,30.562566000336645],[-81.6719500000566,30.562469999952715],[-81.67212800033184,30.562319000018846],[-81.67225100035549,30.56203600020646],[-81.67234599989172,30.56176100011461],[-81.67246100041777,30.561451999722884],[-81.67260100015986,30.561065999826237],[-81.67273699970397,30.560722999765876],[-81.6728720003215,30.560364000266805],[-81.67293800044374,30.560085000122477],[-81.67290400010855,30.55986699961499],[-81.672808999674,30.559745000245606],[-81.67255699977892,30.559675000373353],[-81.67216799961648,30.559717999869928],[-81.67182500038314,30.559840000046727],[-81.6715149998634,30.559969999990297],[-81.67098199976094,30.56012499966563],[-81.67070899994948,30.560200000118364],[-81.67024199996924,30.560312000211997],[-81.66988700014198,30.56042400017641],[-81.66949499960653,30.560538999770543],[-81.6689990002123,30.56065000007011],[-81.66877999992917,30.560661999864895],[-81.66833700023838,30.560726999694623],[-81.66815499976519,30.560723999941448],[-81.66797700038828,30.56071600008347],[-81.66783300044821,30.560670999903426],[-81.6677329999908,30.56052400020113],[-81.66770399967848,30.56034899989686],[-81.66774100038671,30.56013399975397],[-81.66790100022028,30.559583000199243],[-81.6679589999466,30.55935700014106],[-81.6680569998559,30.559128999946108],[-81.6681349996737,30.558882000161752],[-81.66806899955147,30.55864900018667],[-81.66784799961852,30.558055999924143],[-81.6677329999908,30.557808999729343],[-81.66767400043956,30.557609000169567],[-81.66769399963275,30.557436999878135],[-81.66785600001444,30.55731199991577],[-81.66809500038906,30.557207000163334],[-81.66838499991896,30.55717100026632],[-81.66877699955612,30.557127999641143],[-81.66941799961363,30.55714100008403],[-81.67026500043376,30.55717500034147],[-81.67069200023104,30.55717699999224],[-81.67154300035082,30.55715499996395],[-81.67235799958729,30.55702799998463],[-81.6730060002158,30.55660099985862],[-81.67261600022846,30.556074999758593],[-81.67174699966702,30.555741000344756],[-81.67086299993525,30.555503000190768],[-81.67010499970188,30.555296999904847],[-81.66936400008528,30.55509500011618],[-81.66849799989686,30.554813000359026],[-81.66852600038426,30.55474899989955],[-81.66800900017533,30.55417000009817],[-81.66750399966195,30.55291800014972],[-81.66718200034498,30.552151999818534],[-81.66666900033398,30.551700999647192],[-81.66590799972758,30.551411000234637],[-81.66498600036098,30.551094999776343],[-81.6643109999683,30.5509060002567],[-81.66373299965998,30.550842000315487],[-81.66268200042197,30.551041999894984],[-81.66185100039367,30.551198999678462],[-81.66085799998366,30.551355999981553],[-81.66011300016908,30.551574999763446],[-81.6591659997898,30.552260999902273],[-81.65891999974252,30.552636999741587],[-81.65863299968734,30.552831000269997],[-81.65867000039557,30.55350999983958],[-81.65932800017151,30.553864000254972],[-81.66023700001763,30.55400399982264],[-81.66091499988505,30.554124999976942],[-81.66167499976824,30.554311000239668],[-81.6622830002138,30.554587000022533],[-81.6626299996451,30.55522699991844],[-81.66242299995588,30.556046000234872],[-81.66235299963567,30.556621000350322],[-81.66239500036679,30.55723300025262],[-81.6628820004385,30.557779999950252],[-81.66353500019157,30.558047999846224],[-81.6637419998808,30.558570000064783],[-81.66315100005203,30.558737999884652],[-81.66239899966642,30.558727000048087],[-81.66171300030139,30.558477000191385],[-81.66095199969497,30.55828099971725],[-81.6610589998251,30.55894900002445],[-81.66156400033847,30.559456999718314],[-81.66156400033847,30.56009400021448],[-81.66144799998753,30.560236999845873],[-81.66128300013108,30.560543999884313],[-81.66118199984875,30.560612999726523],[-81.66075599987639,30.561093999998658],[-81.66089599961849,30.561645999648256],[-81.66057799960116,30.561405000320566],[-81.66037099991192,30.561677000150603],[-81.6598190004412,30.562160000111074],[-81.65941299966202,30.562830999702815],[-81.65951499976927,30.56366499990551],[-81.65966600028032,30.564458999840202],[-81.65962299972429,30.565295000228456],[-81.65950899992148,30.56564599982174],[-81.65943399957843,30.565880000134218],[-81.65900400030642,30.566551000297057],[-81.65852499973231,30.567137999809333],[-81.65809399973708,30.56759999977901],[-81.65761400023636,30.56802000030316],[-81.65723099992174,30.568607000208065],[-81.65665699981137,30.569403000087796],[-81.65617899996049,30.57003299969749],[-81.65565000005597,30.570410999664837],[-81.65492899963253,30.570874999657054],[-81.65415799987868,30.571129000326266],[-81.65338600029992,30.57125899983892],[-81.65266200040173,30.571303999748682],[-81.65174699980953,30.571516999759908],[-81.65112099982065,30.571812999783138],[-81.65064100031994,30.572274999916424],[-81.65055500010621,30.572739000272737],[-81.65050099967954,30.57302800009288],[-81.65060299978678,30.573737000344632],[-81.6508079998262,30.57553300010754],[-81.65052199959592,30.576120000175397],[-81.64989800015519,30.576623999625166],[-81.64907799999752,30.57679499992062],[-81.64825500036514,30.576548000256487],[-81.64748000041332,30.57613499965363],[-81.64665600005773,30.575679000248243],[-81.64603900028966,30.57562199978512],[-81.64600599977939,30.575617999697066],[-81.64578700039458,30.575599000050058],[-81.64577399997579,30.575607000227524],[-81.64571500042456,30.575644000266347],[-81.6451129998268,30.576021000003294],[-81.64482800031976,30.57664899991335],[-81.64463900017387,30.577317999816557],[-81.64435399976851,30.577987999742287],[-81.64411699994206,30.578740999643145],[-81.6435910004106,30.57949599984755],[-81.64352000026548,30.57953599989414],[-81.64267699964329,30.580002000265157],[-81.64185700038395,30.58008899975603],[-81.64118000034145,30.579968000273965],[-81.64066200030759,30.579768999972934],[-81.64021200004578,30.57959600031982],[-81.63914300036612,30.578682000225612],[-81.63860900043872,30.578267000214876],[-81.63778699973295,30.57806300030582],[-81.6370159999791,30.5783159999434],[-81.6365380001282,30.579030000138253],[-81.63630200012666,30.579825000339888],[-81.63606500030019,30.580577999895617],[-81.63591999963693,30.58076900033207],[-81.63539300028054,30.58125600020784],[-81.63449799977982,30.58180099987422],[-81.63377899990451,30.582066000052436],[-81.6329189995639,30.582334000137998],[-81.63209299955847,30.58254200014397],[-81.6310819996051,30.582741000166983],[-81.63012599990333,30.582996999809584],[-81.62936900039318,30.583264999641592],[-81.62867700028205,30.583547000217408],[-81.62808100043038,30.58395499973018],[-81.62691899996597,30.58509900024572],[-81.62643000024444,30.58549700021241],[-81.62583299966956,30.5858409999707],[-81.62530600031317,30.586131000095442],[-81.62480900019571,30.5862299999981],[-81.6245129999197,30.586231999823216],[-81.62378499982356,30.585734000329552],[-81.62324800042144,30.58490100034926],[-81.6228090000303,30.584109999747042],[-81.62203200042866,30.58340300020689],[-81.62130400033253,30.58286300000241],[-81.62033400038706,30.582240999845958],[-81.61926900000702,30.58174499987519],[-81.61868700039906,30.5814129998242],[-81.61762200001901,30.58091700025768],[-81.61699199983217,30.58062799997334],[-81.61578199968719,30.58021499973374],[-81.61575400009811,30.58021199980981],[-81.6150569999641,30.580136000159698],[-81.61438199957139,30.580179999842287],[-81.61375599958251,30.580518000077674],[-81.61327600008181,30.581020999903043],[-81.61217200024201,30.58206999987448],[-81.61159700030674,30.582699999946918],[-81.61097299996767,30.583287999878355],[-81.61001300006795,30.584211000033793],[-81.6096430001721,30.584535000342978],[-81.60938799990397,30.584757999957688],[-81.60871500005939,30.5851779996424],[-81.60789599972668,30.585474999646767],[-81.60702700006354,30.58560400011515],[-81.6068839999484,30.585597999827414],[-81.60636699973946,30.58557400021938],[-81.60625700013459,30.585569999768566],[-81.60615800040038,30.585566000090928],[-81.60612200041538,30.585556000122786],[-81.6059680004296,30.585511999786693],[-81.60576599986491,30.58545499969067],[-81.60528700018912,30.585320000265767],[-81.60460799959846,30.584863999976122],[-81.60443199987137,30.584364999709553],[-81.60431300004569,30.58402900038286],[-81.60455099969705,30.583402000265167],[-81.60493200036188,30.582606000056032],[-81.60555499997773,30.581766999740577],[-81.60646600037197,30.580759999838158],[-81.60694500004776,30.58017399999217],[-81.60747399995228,30.579753000304056],[-81.60822399978973,30.579174999668776],[-81.6082909997369,30.57912299964338],[-81.60901200016033,30.578618000043523],[-81.60978200008925,30.57819699978642],[-81.61050400033763,30.577817000003805],[-81.61093500033284,30.57727200037212],[-81.61095000040144,30.5771210002771],[-81.61122700041089,30.576836000317535],[-81.61100200028,30.575938000031094],[-81.60899399971866,30.57485299993622],[-81.6088759997179,30.57488400008527],[-81.6087350001509,30.57489400038072],[-81.60871699970922,30.574892000321732],[-81.60868099972421,30.574887000174044],[-81.60844399989777,30.57485099987633],[-81.60778000027402,30.57461300019315],[-81.60685999965895,30.574199999857203],[-81.60497199964652,30.573498000203998],[-81.60442000017582,30.573192000212646],[-81.60397400011198,30.572944999879443],[-81.60332499965854,30.572585999973846],[-81.60274200022567,30.571962000289204],[-81.60215700024465,30.571129999621103],[-81.6018640003417,30.57058799975705],[-81.60156800006568,30.569544999836445],[-81.60141599972971,30.568416999891053],[-81.60146000011065,30.567665000375023],[-81.60193899978646,30.567120000157736],[-81.60237300015471,30.566984999957196],[-81.6027589999441,30.566864999707125],[-81.60357800027684,30.566735999833544],[-81.6043990002594,30.566691000125097],[-81.60512300015759,30.566686999668725],[-81.60589499973636,30.56659999975709],[-81.60657000012904,30.566512999767422],[-81.6077280003955,30.566340999789464],[-81.60869199959487,30.56600200029812],[-81.60970300044656,30.565662999622184],[-81.61076299990539,30.565240000108762],[-81.61101099960251,30.5651239997682],[-81.61148500015375,30.5649030001292],[-81.6122550000827,30.56456499961652],[-81.61307400041544,30.564184999794296],[-81.61324599994457,30.564046000358754],[-81.61374600043507,30.563638999992627],[-81.61417700043029,30.56305200019405],[-81.61426899959348,30.56238300012706],[-81.61407199995,30.561673999653255],[-81.61377800022211,30.560964000013858],[-81.61348399959594,30.560338999648916],[-81.61299700042255,30.559673000000558],[-81.61251000035082,30.559047999829314],[-81.61207199978459,30.558339999941104],[-81.61167900032251,30.557339000187394],[-81.61148199978071,30.55671399968168],[-81.61113899964903,30.555837999876072],[-81.61065099975241,30.55500499993705],[-81.61021200025958,30.55437999987218],[-81.6096299997533,30.553965000322545],[-81.60914900042769,30.553820000238666],[-81.60880799994582,30.553717999772452],[-81.60861799997502,30.553695999733662],[-81.60813199972822,30.553638000029558],[-81.60731099974568,30.5535999998578],[-81.60644399973235,30.553855000358737],[-81.60572300020722,30.554401000288724],[-81.60529399986181,30.55532200027453],[-81.60444100009221,30.55795800008492],[-81.60420400026575,30.55858600013385],[-81.60377400009541,30.559297999762034],[-81.60286100005136,30.560053999885007],[-81.60175399983854,30.560560999805144],[-81.60016299992705,30.560860999920106],[-81.59934299976938,30.560989999870085],[-81.598668000275,30.561118999648503],[-81.59799299988231,30.561372000167054],[-81.59722399977828,30.5618349999122],[-81.59655099993373,30.56234000026444],[-81.59573400014914,30.5629700001055],[-81.59506100030457,30.563474999964956],[-81.59433999988111,30.563937000361566],[-81.59352200027162,30.564442999966023],[-81.59289700010764,30.564864000368107],[-81.59212700017869,30.565326000338395],[-81.59140499993035,30.565663999746825],[-81.5905859995976,30.565959999840576],[-81.58976700016318,30.566215000349544],[-81.58889900032493,30.566427999933364],[-81.58788599982346,30.56659899964208],[-81.58653500011145,30.56668799978287],[-81.58576099998457,30.56652500038409],[-81.58508399994206,30.56631900029193],[-81.58440600007462,30.5659880001476],[-81.58353300021354,30.565198000094846],[-81.58323899958734,30.564489000080528],[-81.58323500028769,30.563861999703406],[-81.5833270003492,30.563109999686578],[-81.58356300035075,30.562272999649057],[-81.58365600023717,30.56168799965275],[-81.58389399988856,30.561019000236954],[-81.58427399983015,30.560014000312595],[-81.58518400039948,30.55883999971622],[-81.58570999993094,30.55791899985302],[-81.58585100039625,30.5572910001291],[-81.58594400028268,30.556664999870385],[-81.58608400002475,30.55599499963777],[-81.58632199967613,30.555325000194696],[-81.58675000019662,30.55423700011962],[-81.58727599972808,30.553483000049937],[-81.58799299995357,30.552309999616153],[-81.58880300006548,30.550468000274673],[-81.58889400030208,30.549589999990015],[-81.58887199966244,30.54935599984977],[-81.58891500021848,30.549047000188942],[-81.58873699994322,30.54837099970719],[-81.5878199997012,30.54668799987875],[-81.58708900013033,30.54579199970858],[-81.58654099995925,30.545230000148393],[-81.58541000035528,30.544206000369666],[-81.57974899979277,30.53953300036432],[-81.57728500002018,30.53802499962659],[-81.5772449998372,30.538064000114],[-81.57721800007303,30.538036999897262],[-81.5727599999828,30.53737699982949],[-81.56780899997307,30.536635999670253],[-81.56702999982332,30.536782000308545],[-81.56495600003805,30.537519999657363],[-81.56287600040501,30.539085000022638],[-81.56130600040993,30.54073400029397],[-81.55925799966562,30.542544999771263],[-81.55626099979054,30.544100000019057],[-81.5552509996621,30.544527999776253],[-81.55158400031553,30.543283999781053],[-81.55092599964127,30.54302700019566],[-81.55090800009793,30.5409359997919],[-81.5506879999899,30.53978300026792],[-81.55079699976984,30.53727999964784],[-81.55100299963415,30.53479299963689],[-81.55077800040158,30.53156200013239],[-81.54910999959887,30.528420000355784],[-81.54695299997294,30.525939000345172],[-81.54406800025086,30.524722999648034],[-81.54301799993945,30.523888999963912],[-81.5401290000194,30.523906999893477],[-81.53720900013724,30.524113000225846],[-81.53327599975357,30.525103999721665],[-81.53023799987062,30.526289999864566],[-81.52908899982499,30.52803699987916],[-81.52780900025812,30.52942599976458],[-81.52631200005796,30.53117500006306],[-81.52518399992873,30.53339699978088],[-81.5248220004288,30.53384400037301],[-81.52375700004876,30.535325000062095],[-81.52283499978387,30.536559999929448],[-81.52137500029193,30.538801000151878],[-81.52049700040796,30.541479000082216],[-81.51994800041196,30.54364499971769],[-81.51978299965721,30.546679000090855],[-81.5210139997186,30.55053700031819],[-81.52381399995016,30.556336999944214],[-81.51726299980812,30.56368999966644],[-81.51556700031465,30.56557400008805],[-81.51548899959852,30.56568100031756],[-81.5153820003667,30.565800999711694],[-81.51401400003796,30.56733699973118],[-81.50926999971747,30.566224999991874],[-81.50273399964405,30.56469199978705],[-81.49957500028557,30.563792999851117],[-81.49096200005383,30.554623000104545],[-81.49053000023369,30.55115000017731],[-81.48862100030489,30.544765999761367],[-81.48859100016767,30.544640000160488],[-81.48856100003043,30.544514999965088],[-81.48809200040037,30.54254099986684],[-81.48800299981362,30.542167999935543],[-81.48439699966808,30.5374439998346],[-81.47993899957785,30.533454000287538],[-81.45978899993256,30.52473100015034],[-81.45895200005647,30.524202999632976]]]}},{"type":"Feature","properties":{"label":"St. Johns County","name":"St. Johns County","county_name":"St. Johns County","geoid":"12109","statefp":"12","countyfp":"109","boundary_type":"County boundary","source":"U.S. Census Bureau TIGERweb State/County boundary","source_url":"https://tigerweb.geo.census.gov/arcgis/rest/services/TIGERweb/State_County/MapServer/1"},"geometry":{"type":"Polygon","coordinates":[[[-81.27691600029044,29.65244099975116],[-81.27669299980936,29.652569999824532],[-81.27667600009092,29.65257600007811],[-81.27629600014932,29.652833999713444],[-81.27562300030476,29.652814999738684],[-81.27528600002088,29.65265999968708],[-81.27467099990264,29.652639999637806],[-81.27446599986322,29.65268099977351],[-81.27447099988609,29.652910000357448],[-81.27469099999412,29.653018999855735],[-81.27512799983712,29.65323299991683],[-81.27616300007993,29.653817000336392],[-81.2763010001722,29.65417600028125],[-81.27594700016986,29.65451900014126],[-81.2732819996575,29.65486399965185],[-81.27322099955813,29.654869999768653],[-81.27270099987446,29.65519400007952],[-81.27270099987446,29.655462000165244],[-81.27274600008029,29.655600999611067],[-81.27303300013548,29.65582899978588],[-81.27373600011727,29.65617400026995],[-81.27438800004542,29.65685900003333],[-81.27428799958798,29.65751500002031],[-81.27395600022528,29.657779000207647],[-81.27350400031366,29.657865000136834],[-81.27307800034131,29.657874000043513],[-81.27279200011105,29.657757999623755],[-81.27202300000702,29.656878000025248],[-81.27167700040062,29.656606999801003],[-81.27139600019323,29.65627200007635],[-81.27084899984706,29.65616300019814],[-81.27018100002536,29.656293000189713],[-81.26990599966575,29.65656899971124],[-81.26984200009166,29.65688600002079],[-81.26996699976512,29.657128000365578],[-81.27031699956949,29.657575000372077],[-81.27055099992123,29.657713000030586],[-81.27103200014514,29.657691000222158],[-81.271542999608,29.657876000022657],[-81.271802999899,29.65810399972657],[-81.27239600027592,29.65972299970227],[-81.27243700028382,29.660213999979142],[-81.27234100002435,29.660609999916257],[-81.27220999960478,29.66079199993237],[-81.27194799966395,29.66090400013885],[-81.2715569998517,29.66085499977111],[-81.2700859995908,29.659889000250022],[-81.26962799983141,29.65976100016219],[-81.26928499969974,29.659923999959027],[-81.26913699956174,29.660283999939484],[-81.26918299959249,29.66122200001782],[-81.26897300042852,29.66140199979836],[-81.26821400037024,29.66178500038478],[-81.26803000024721,29.66187199996215],[-81.2680150001786,29.662191999797173],[-81.26807200008,29.662425000371012],[-81.26844500034889,29.662832000316683],[-81.26839099992223,29.663127000228094],[-81.26778699967466,29.663714999934463],[-81.2674169997788,29.663974999749595],[-81.26684900041454,29.66400400002657],[-81.26624900036492,29.663863999769625],[-81.26618599971742,29.663845000316325],[-81.26602099986097,29.663814000132444],[-81.26585099998165,29.66383500023289],[-81.26568299975217,29.663931999673444],[-81.2655589999036,29.66405899999059],[-81.26547400041312,29.664213999656408],[-81.26546500019228,29.664418000081294],[-81.2654590003445,29.664710000260484],[-81.26544000007793,29.66500300029139],[-81.26541099976559,29.665150999862675],[-81.26530100016075,29.665267000344873],[-81.26508799972541,29.665351000287547],[-81.26483800037848,29.665390000097748],[-81.26465400025545,29.66537699964233],[-81.26430100007805,29.66538499974261],[-81.26391199991562,29.665469000367338],[-81.26347099987466,29.665643000100133],[-81.26301599958998,29.665893999646524],[-81.26263499982349,29.66620300020269],[-81.2623269998519,29.666633999698774],[-81.26219600033065,29.667077000028886],[-81.26216799984324,29.66751999996901],[-81.26214699992684,29.668034000220654],[-81.26205200039061,29.668354999853207],[-81.2618470003512,29.668676000022458],[-81.26153900037961,29.668868999740457],[-81.2614680002345,29.668897000287522],[-81.26101799997271,29.66907599972601],[-81.26064999972668,29.669114999652972],[-81.26022399975433,29.669039000321696],[-81.26019199996728,29.669018999625447],[-81.25970900009351,29.6687189996317],[-81.2590749997087,29.668231999823295],[-81.25870700036099,29.668071999882887],[-81.25820000019777,29.66787399996527],[-81.25818299958104,29.66786199972121],[-81.2579120003177,29.66767599965788],[-81.25766200007244,29.66743299981231],[-81.25751399993443,29.667162999815748],[-81.25741799967497,29.666745999645833],[-81.25741000017737,29.666463999735964],[-81.25750300006379,29.665809000246586],[-81.25765700004958,29.66537200006713],[-81.25778099989813,29.664998999835802],[-81.25781699988313,29.66470399994991],[-81.25774300026329,29.664467000274815],[-81.25752200033037,29.66428100017827],[-81.25706500039585,29.66405099978479],[-81.25634399997242,29.66377599964222],[-81.25578499993068,29.66365500012189],[-81.25525600002616,29.66356599987866],[-81.25491799991737,29.6634580000303],[-81.25474800003805,29.663336000192178],[-81.25461599979357,29.663194999849495],[-81.2543299995633,29.6627079998364],[-81.25426000014141,29.662570999946375],[-81.25408400041432,29.662301000169677],[-81.2537379999096,29.66186600026288],[-81.25356800003028,29.66169600004836],[-81.2533789998844,29.661585999848285],[-81.2531460002559,29.661542000359113],[-81.25287500009424,29.661573999634697],[-81.25269199979616,29.66167300037837],[-81.25213799977728,29.662057999829134],[-81.25182300013302,29.662217999968387],[-81.25137500041933,29.6624270002597],[-81.25096600016542,29.662498000185177],[-81.25071400027035,29.662491999742684],[-81.25060100029245,29.662459000034392],[-81.25022300000067,29.66230499995194],[-81.2497879998075,29.6619959999117],[-81.24960500040771,29.661881000290965],[-81.24920799984935,29.661479000169876],[-81.24867200027215,29.660697999690683],[-81.2484639998597,29.660280000076867],[-81.24837500017122,29.65999999993206],[-81.24822399966017,29.65969699966694],[-81.24806700019965,29.659477000239768],[-81.24785200011452,29.659301000039434],[-81.24763200000648,29.659169000077412],[-81.24725999956249,29.659093000257307],[-81.24684399963587,29.659137000036917],[-81.2464160000137,29.659251999671568],[-81.24489200004935,29.659582999732876],[-81.24416800015116,29.659842000108593],[-81.24312200003772,29.66029900020344],[-81.24217100035881,29.66083299986906],[-81.2418750000828,29.660992999614702],[-81.24140300007969,29.661307000171128],[-81.24077299989285,29.66168699970299],[-81.23993600001677,29.662027999823483],[-81.2393689995791,29.662182000330027],[-81.23858799977951,29.66244100025995],[-81.23809700040815,29.66255100030579],[-81.2375230002978,29.662645000377328],[-81.2369819997994,29.662700000303744],[-81.23603699996828,29.662712000383024],[-81.23540099993365,29.66268499961717],[-81.23451200017902,29.66267899996638],[-81.2335609996018,29.662800999820647],[-81.23271700005301,29.662993999882936],[-81.23257899996075,29.663048999618557],[-81.23228299968474,29.66316400024591],[-81.23170899957441,29.663407000256733],[-81.23120599960914,29.663763999689802],[-81.23093500034582,29.66402300023043],[-81.23063900006981,29.664440999904304],[-81.2303429997938,29.664986000110435],[-81.23012900043187,29.6655139996138],[-81.22997799992082,29.665828000109517],[-81.22976399966058,29.666240999776136],[-81.22949300039724,29.666559999860446],[-81.22880700013388,29.667307999643793],[-81.2285050000101,29.66765800003636],[-81.22841700014655,29.66775999993047],[-81.22817100009925,29.668167000146525],[-81.2280199995882,29.66867899966901],[-81.22793900029566,29.66911700018921],[-81.2279130003564,29.669256000283486],[-81.22780000037848,29.66954799968738],[-81.22761700008039,29.669894999699707],[-81.2273090001088,29.670537999974645],[-81.22463299972578,29.670564000330234],[-81.22210299983095,29.670589999898556],[-81.22200499992167,29.670590999761746],[-81.22190700001238,29.670590999761746],[-81.2216049998886,29.67059400013177],[-81.22159099964487,29.67059400013177],[-81.22137399990991,29.670595999858048],[-81.2206559998595,29.67060299968019],[-81.22064499998885,29.67060299968019],[-81.22056499962291,29.670604000323788],[-81.22047099991158,29.670606000049872],[-81.22004599976414,29.6706100002824],[-81.21962200033992,29.670613999734268],[-81.2194580003084,29.67061500037776],[-81.2192900000789,29.67061700010363],[-81.21872199981634,29.670623000061443],[-81.2178819995672,29.670633000250586],[-81.21742999965558,29.670638000344812],[-81.21695799965246,29.670642999658238],[-81.21665999972663,29.67064199979557],[-81.2166410003584,29.67064199979557],[-81.21594400022438,29.670640999932903],[-81.21557799962817,29.670640999932903],[-81.21541299977174,29.67064199979557],[-81.21384799979951,29.670662000169088],[-81.2130159999463,29.67066999984903],[-81.21238499993451,29.670656000213516],[-81.21132999960024,29.670634000113342],[-81.20794899958561,29.670658999801073],[-81.20163000014546,29.67070600035237],[-81.15081700001681,29.671087000141164],[-81.151540999915,29.673238000043042],[-81.15293000016013,29.67692199966154],[-81.15405599974122,29.680098000283138],[-81.15558700027657,29.685199000321234],[-81.15724099993726,29.689458000258277],[-81.1587509996579,29.6927039996834],[-81.1602579999038,29.696286999800577],[-81.16160500031614,29.700442999780535],[-81.16223700015283,29.702941000268794],[-81.16295199983018,29.704732000179387],[-81.16369599981984,29.707466999621342],[-81.16390099985927,29.710267000059776],[-81.16415299975435,29.712122999772316],[-81.16456100018334,29.713777999657324],[-81.16541999980073,29.716682000189657],[-81.16562999986301,29.717490000357653],[-81.16623800030857,29.719823000180856],[-81.16740300024772,29.723100999659774],[-81.16880099981536,29.726008999967473],[-81.17012399993826,29.72874799962656],[-81.17148600041921,29.731386000269065],[-81.17334299957116,29.734735999935392],[-81.17489400019801,29.7378470003438],[-81.17557600026339,29.739099000339728],[-81.17579399982328,29.739336000261748],[-81.18142299970043,29.750249000227676],[-81.18310800022158,29.753449000029317],[-81.18639899982452,29.760080000335336],[-81.18922099979741,29.768155999838978],[-81.1927680003917,29.778326000352955],[-81.19440399961071,29.78447500014693],[-81.19508800022425,29.78703799980513],[-81.19919999980974,29.801156999925077],[-81.19936100036654,29.80251299963345],[-81.20043300041927,29.811511999800658],[-81.20216200042303,29.815492999993733],[-81.2039840003132,29.8196879997235],[-81.20517699984146,29.82243299973635],[-81.20617000025145,29.835382000231327],[-81.20619600019073,29.838480999620966],[-81.20627599965835,29.84798600033373],[-81.20651400020805,29.855567000124246],[-81.20762899991847,29.863010000092572],[-81.20815500034826,29.868025999688857],[-81.20903099968409,29.874180999797034],[-81.20926800040885,29.875246999663418],[-81.20937999966354,29.87561099999123],[-81.21190500043382,29.883810999969306],[-81.21492700042323,29.890963000309444],[-81.21803100042843,29.901219000031077],[-81.2208659999218,29.911946999687526],[-81.22385299975112,29.92155999999414],[-81.22629999980528,29.927753000142747],[-81.22683899975553,29.929117000351074],[-81.23257200028806,29.93738100001834],[-81.23516800030514,29.9422719998837],[-81.2370310002032,29.947905999809034],[-81.23909099974476,29.95559699997004],[-81.24215499956698,29.96244499963381],[-81.24574300016916,29.97204600010318],[-81.24979299983036,29.98288500010131],[-81.25513399982744,30.000244999931102],[-81.2627910003574,30.03196100029669],[-81.28531400043701,30.125244000071135],[-81.30047899973741,30.18061999971085],[-81.31598500041797,30.23611600015194],[-81.31862499991765,30.246181000343043],[-81.32018499986702,30.25292000014186],[-81.37075699997123,30.252931000342596],[-81.37480400015774,30.252931000342596],[-81.37631700025142,30.252890999677245],[-81.37820500026383,30.252842000023335],[-81.37977299971081,30.252908999939837],[-81.38050599982981,30.252941000312408],[-81.38072400028803,30.25292400028551],[-81.38180499966326,30.252840999792554],[-81.38183099960253,30.252840999792554],[-81.38631499963203,30.252840999792554],[-81.38657800029607,30.252840999792554],[-81.38804899965866,30.252840999792554],[-81.38817400023045,30.252840999792554],[-81.38827399978956,30.252840999792554],[-81.38828899985818,30.252840999792554],[-81.3884110000569,30.252840999792554],[-81.39045700025306,30.25283900010705],[-81.39046899994864,30.25283900010705],[-81.39203800011882,30.25283699964553],[-81.39369599997748,30.252834999959887],[-81.39423300027791,30.252834999959887],[-81.39426400024004,30.252833999729106],[-81.39431100009573,30.252833000274272],[-81.39648600016329,30.252792000113708],[-81.39711499962692,30.252780999897414],[-81.40021299978434,30.252723999885443],[-81.40059899957372,30.25271699981365],[-81.40061000034268,30.25271699981365],[-81.40068300013762,30.252719000277626],[-81.40085899986472,30.252720999965607],[-81.40095699977401,30.252720999965607],[-81.40101500039863,30.252720999965607],[-81.4010339997669,30.252720999965607],[-81.40120299982131,30.252718000045643],[-81.4013919999672,30.252708000053136],[-81.40152099983861,30.252706000364874],[-81.40226400000337,30.252693999906725],[-81.4027379996563,30.252696000371156],[-81.40320800000958,30.252679999758303],[-81.40401100044878,30.2526669998404],[-81.40402700034232,30.2526669998404],[-81.40686400038382,30.25262200023077],[-81.40699400008018,30.25261999976482],[-81.40711700010381,30.252618000074765],[-81.40718400005096,30.252616999841766],[-81.40726900043978,30.25261500015171],[-81.40733499966369,30.25261399991861],[-81.4079749998963,30.25260399991553],[-81.40878800038125,30.252590999987625],[-81.41012499984951,30.252569999742207],[-81.41017000005537,30.252569000284705],[-81.41030499977457,30.252566999817677],[-81.41031700036847,30.252566999817677],[-81.41033200043708,30.252566999817677],[-81.41037300044496,30.252566000360083],[-81.41041500027775,30.252565000126552],[-81.4104400003921,30.252565000126552],[-81.41049599957029,30.252563999892992],[-81.41054900017205,30.252562999659446],[-81.41058299960893,30.252562999659446],[-81.41099100003794,30.2525569998098],[-81.41391000009519,30.252510999915646],[-81.41480600042082,30.252496999741144],[-81.41493899959191,30.252495000048643],[-81.41579999975743,30.252482000106262],[-81.41637800006575,30.252473000324223],[-81.41663800035674,30.25246900016216],[-81.41666599994583,30.25246799992764],[-81.41672299984725,30.252466999693098],[-81.4168040000381,30.25246600023454],[-81.41705500010826,30.252462000072203],[-81.4171849998046,30.252460000378928],[-81.41724199970601,30.252459000144313],[-81.41727100001833,30.252459000144313],[-81.41728899956169,30.252459000144313],[-81.41748399955536,30.252456000216334],[-81.41753299995915,30.25245499998167],[-81.41780199957267,30.252450999818937],[-81.41785599999935,30.25245000036016],[-81.41798400004586,30.252447999890727],[-81.41811000044255,30.25244600019716],[-81.41835399994171,30.25244200003406],[-81.41838499990385,30.25244200003406],[-81.41844400035339,30.2524409997992],[-81.41898599977839,30.252433000248352],[-81.41958699965292,30.25242399968583],[-81.4202400003043,30.2524139996634],[-81.42025199999989,30.2524139996634],[-81.4213869998018,30.2523970003213],[-81.42155900022925,30.252394999850775],[-81.4216400004201,30.2523939996155],[-81.42206899986718,30.25238700029612],[-81.42208399993578,30.25238700029612],[-81.42249800021258,30.252380999659746],[-81.42264999965023,30.25237899996488],[-81.4233230003931,30.252367999702276],[-81.42566499996697,30.252331000291473],[-81.42579499966331,30.252328999819596],[-81.42592400043304,30.25232700012369],[-81.42606699964986,30.252324999651673],[-81.42895700029312,30.25227999988538],[-81.42919300029467,30.252275999715447],[-81.42925199984592,30.252275000254954],[-81.42950200009116,30.25227100008483],[-81.42950999958877,30.252243999902262],[-81.43005100008716,30.252242999665434],[-81.43009499956977,30.252242999665434],[-81.43017199956266,30.252242999665434],[-81.43018599980637,30.252242999665434],[-81.4308069997724,30.25224200020461],[-81.43090999970455,30.252245000139126],[-81.43101299963672,30.252249000310243],[-81.43230599962239,30.252285999751923],[-81.43431500000862,30.252344000253842],[-81.43692899956905,30.252334999683164],[-81.43692899956905,30.252314999619166],[-81.43692600009432,30.252180000244643],[-81.43692100007145,30.25195500009882],[-81.43692000024653,30.25189100025293],[-81.4368890002844,30.250498000018332],[-81.4368690001929,30.249542999779994],[-81.43686599981986,30.249431000376553],[-81.43664200041219,30.24089600009471],[-81.43656799989402,30.238053000306213],[-81.43656600024421,30.237992000312115],[-81.43656600024421,30.23798200037304],[-81.4365650004193,30.237947000190363],[-81.43655600019846,30.23760699998469],[-81.43654899962746,30.237361000225654],[-81.43654799980254,30.23728900017967],[-81.43650699979464,30.237337999828643],[-81.43650699979464,30.2371839996301],[-81.43650699979464,30.237140999919628],[-81.43658499961246,30.237046000023334],[-81.4363980000147,30.232958000152404],[-81.43628699968663,30.230526999868005],[-81.43626199957228,30.22917099988791],[-81.43626099974736,30.22910699995103],[-81.43625900009754,30.229043999669297],[-81.43625800027263,30.228983999991748],[-81.43625200042486,30.22865900000261],[-81.4362280001354,30.227373999759447],[-81.43622599958726,30.2272420001968],[-81.43613799972371,30.225003000169778],[-81.43613500024898,30.224926999881003],[-81.4360740001496,30.224216999697667],[-81.43576899965278,30.209618999786354],[-81.43561600039021,30.194219000160853],[-81.43541200017572,30.184837999691727],[-81.43537399964255,30.183090000101735],[-81.43537100016782,30.18296400036408],[-81.43535799974904,30.182368999813995],[-81.4353200001142,30.18064099978971],[-81.4352919996268,30.17936599964578],[-81.43528999997697,30.179278999939065],[-81.43524800014418,30.177348999713605],[-81.43503999973171,30.16775699995638],[-81.43503899990681,30.167731999736837],[-81.43503800008189,30.167705999967755],[-81.435037000257,30.167680999735285],[-81.43503600043208,30.16765399963237],[-81.43503499970886,30.167629999707298],[-81.43503399988394,30.16760300036708],[-81.43503300005904,30.16757899965299],[-81.43503200023412,30.167550999977408],[-81.43503200023412,30.167540999869424],[-81.43503200023412,30.16752899989389],[-81.43459000036823,30.14710500026453],[-81.43439399965133,30.138035999918642],[-81.43439299982643,30.13800299962585],[-81.43432500005437,30.134717999798927],[-81.43432400022945,30.13468800036094],[-81.4342780001987,30.132443999614875],[-81.43419000033515,30.128179999784052],[-81.43413199971052,30.12531599968992],[-81.43392300037146,30.11509199995227],[-81.4339180003486,30.11486999986324],[-81.43391400015064,30.114691999711436],[-81.43390900012776,30.114443000375353],[-81.4338970004322,30.11383099983623],[-81.43384100035571,30.111100000191705],[-81.43383799998264,30.11093500022618],[-81.43375000011909,30.106662999790945],[-81.43374599992114,30.10649800018697],[-81.4337369997003,30.10602800004041],[-81.43374099989826,30.105979999734277],[-81.43378299973106,30.10553600007159],[-81.43391499997554,30.105497000310425],[-81.43403399980123,30.105461999674798],[-81.43424899988638,30.105398000190128],[-81.43454000013953,30.105310999743423],[-81.43465300011744,30.10527699999468],[-81.4374519996258,30.10524599998499],[-81.4376790003048,30.10524399963302],[-81.44047500033842,30.105214999965593],[-81.44106199996926,30.105208000285735],[-81.4413459996514,30.105204999756655],[-81.44189100034774,30.105199000252558],[-81.44284700004951,30.105189000042067],[-81.44314599980027,30.105186999689003],[-81.4433580004107,30.105186000289578],[-81.45011799989179,30.105139999928504],[-81.4602569997377,30.105072000301632],[-81.46174300006722,30.105062000078306],[-81.46572099975842,30.105034999936475],[-81.46705700030009,30.105024999709343],[-81.467206000263,30.105024000308276],[-81.46724899992073,30.105024000308276],[-81.46752799957999,30.105021999951866],[-81.46801999967457,30.105018000016084],[-81.46847400013432,30.105015000258405],[-81.47104699968685,30.10499599997758],[-81.47120499987061,30.104994999799132],[-81.47173899979799,30.104990999862192],[-81.4718240001868,30.10498999968368],[-81.4721050003942,30.104980000229133],[-81.47252799999352,30.104963999700985],[-81.47257300019935,30.10496200012044],[-81.47260099978844,30.10496099994165],[-81.47265299966698,30.104959000361056],[-81.47438300039396,30.104911000312814],[-81.47897899967813,30.104783999991778],[-81.4791739996718,30.104778999865655],[-81.47932900038082,30.104776000100724],[-81.47943999981057,30.10477399973929],[-81.47951000013079,30.10477300033568],[-81.47961800008581,30.10477300033568],[-81.47986199958497,30.10477200015498],[-81.47993799975295,30.10477200015498],[-81.48032699991538,30.104768999612673],[-81.48086900023868,30.104767000028197],[-81.48121200037036,30.104744999933878],[-81.48179300015342,30.104674999671765],[-81.48223300036946,30.104680999984843],[-81.48277899999242,30.104647000019327],[-81.48283099987096,30.104636999752934],[-81.48322500005624,30.104598999819537],[-81.49449600022935,30.104456000041356],[-81.4947049995684,30.104453000266616],[-81.49519400018825,30.104446999939697],[-81.4954150001212,30.104444000164676],[-81.50329400040903,30.104357999840225],[-81.50361900009904,30.104355000062508],[-81.50382300031353,30.104352999692562],[-81.50426400035448,30.104348000321735],[-81.50925800002192,30.104276000184075],[-81.50949999987125,30.1042729996267],[-81.51260200022661,30.104198999838424],[-81.51354600023282,30.10417699961766],[-81.51372399960974,30.104172999647602],[-81.51392799982425,30.10416800026774],[-81.51420499983367,30.10416099973656],[-81.51438099956077,30.104156999765934],[-81.51483800039358,30.104146000040004],[-81.51494899982336,30.104143999665823],[-81.51514899983988,30.104146000040004],[-81.51538400001652,30.104139999694496],[-81.5155010001924,30.104139999694496],[-81.51624900038001,30.104136999910164],[-81.51631899980192,30.104136999910164],[-81.51644000017573,30.104135999722953],[-81.51662000010079,30.1041350003129],[-81.51672100038313,30.1041350003129],[-81.51676999988862,30.1041350003129],[-81.51742600001474,30.104131999751242],[-81.51774300020715,30.10413100034122],[-81.51827299993656,30.104127999779443],[-81.51967200022746,30.10412100002259],[-81.52362900000226,30.10410299975749],[-81.52593499959109,30.104093000213197],[-81.52596899992628,30.104092000025542],[-81.53055400023811,30.103967999995852],[-81.53564599981483,30.10383000025614],[-81.53870700016232,30.103748000161872],[-81.53870799998724,30.103842000207372],[-81.53871100036028,30.103982999719435],[-81.53871499965992,30.104194999869275],[-81.53872100040601,30.10451600018],[-81.53900500008815,30.119713999619158],[-81.5390090002861,30.119941999862597],[-81.53959599991693,30.119869000182742],[-81.54644800035787,30.119013999808928],[-81.54707199979862,30.118936000033496],[-81.5506460001571,30.118490000233965],[-81.55108899984788,30.118435000246397],[-81.55326300009057,30.118164000029797],[-81.55621599958471,30.11779599981265],[-81.55623700039942,30.11779399971483],[-81.5563350003087,30.117786000100132],[-81.55656200008943,30.117767999993383],[-81.55697899984095,30.117633000253846],[-81.55755399977622,30.117438000304283],[-81.55771299978487,30.117255999900408],[-81.55796600040318,30.117082000387658],[-81.55819499983372,30.117057999814552],[-81.558440999881,30.117143999963385],[-81.55846299962232,30.11715199963008],[-81.55847699986602,30.117156999907092],[-81.55850000033055,30.117165000349793],[-81.55865299959311,30.117218000158022],[-81.55902500003711,30.117238999751645],[-81.55930899971925,30.11716000007319],[-81.55975200030834,30.117032999955963],[-81.55998699958666,30.117011000261744],[-81.56019900019707,30.117039000295605],[-81.56027899966472,30.11705499964536],[-81.56031299999991,30.11706700032153],[-81.56039900021364,30.11708799994725],[-81.56047200000856,30.11709599961849],[-81.56067700004799,30.117159000017807],[-81.56121400034841,30.11737800024232],[-81.56168899982625,30.11748799981003],[-81.56218000009592,30.11754300032495],[-81.5633269995934,30.117372999976507],[-81.56398500026766,30.117401999960666],[-81.56433300042221,30.117465000164813],[-81.56458100011933,30.11758700024865],[-81.56504999974938,30.11786600010312],[-81.56532400028408,30.117948000136114],[-81.56537299978956,30.11796300006844],[-81.56647699962936,30.117980000092643],[-81.56718700018216,30.117792999665873],[-81.56721700031937,30.117785000051096],[-81.5672469995583,30.117776999658624],[-81.56727800041874,30.117769000042546],[-81.56738200017581,30.117742000265093],[-81.56740300009221,30.117735999968183],[-81.5674650000165,30.117744000363977],[-81.56764199956851,30.117769000042546],[-81.56774399967574,30.11778199990399],[-81.56778700023177,30.11778900024712],[-81.56792899962367,30.117864000006715],[-81.56870699994853,30.118368999754637],[-81.56952200008331,30.11881500010056],[-81.56999499991132,30.11907399965403],[-81.57055399995308,30.119379000051456],[-81.5708169997188,30.119588999739385],[-81.57090200010761,30.11978500013306],[-81.57105199989545,30.119956000242052],[-81.5713799999585,30.119892000045127],[-81.57154200034022,30.119859999931034],[-81.57155800023372,30.11985699984702],[-81.57157199957912,30.119853999762835],[-81.57165899961775,30.119837000061196],[-81.57182500019742,30.11990000026622],[-81.5719430001982,30.120246999910492],[-81.57210800005463,30.120407999772507],[-81.57229899985035,30.12046400023728],[-81.5726050001721,30.12044799988574],[-81.57262299971546,30.120446999863663],[-81.5726679999213,30.120444999819522],[-81.57284199999856,30.120435999620373],[-81.57310800013735,30.120422000085924],[-81.5731419995742,30.120420000041275],[-81.57315800036606,30.120422000085924],[-81.57329599956,30.120442999775342],[-81.57355800039915,30.120480999830935],[-81.57371599968458,30.120573000232305],[-81.57394500001344,30.12088900007959],[-81.57434099984856,30.121311000384047],[-81.5746329999266,30.121492000297145],[-81.57538299976406,30.12155100017999],[-81.57572699972063,30.121723000348336],[-81.57578100014732,30.12175199983225],[-81.57605899998165,30.122069999803276],[-81.57640299993825,30.12260399981148],[-81.57641899983177,30.12262799981387],[-81.57675600011567,30.122907000190747],[-81.57677000035936,30.122913000173504],[-81.57702200025443,30.123012999832106],[-81.57757100025044,30.12323100029088],[-81.57769699974881,30.123280999971865],[-81.5777169998403,30.12328899991841],[-81.57781200027488,30.123326999655962],[-81.57786599980322,30.12334800028161],[-81.57801300011633,30.123473000065406],[-81.57818100034581,30.12361500029918],[-81.57842900004293,30.123848000021457],[-81.57852899960203,30.124306000283973],[-81.58088199994486,30.12610000008251],[-81.58115800012939,30.126055000101545],[-81.58350399990121,30.125676000104],[-81.59026699975536,30.125835999694086],[-81.59051100015284,30.125841000308412],[-81.59157399998473,30.126308000315184],[-81.59348000043882,30.127144999743244],[-81.60121200041354,30.130541000356512],[-81.60168199986852,30.130642999896637],[-81.60563399962045,30.131496999894047],[-81.61005499990074,30.132453000273376],[-81.61039899985734,30.132527999772467],[-81.61081200030921,30.13261700012969],[-81.61125199962693,30.13271199979397],[-81.6123119999841,30.132941000219912],[-81.6131990000889,30.132994000107086],[-81.61370899972684,30.13302499995458],[-81.61476700043417,30.13309000007945],[-81.61566600023453,30.133143999780067],[-81.61695599984716,30.13322199998611],[-81.6172549995979,30.133241000275994],[-81.62228199977561,30.13354700031064],[-81.62346500015641,30.133619000089492],[-81.62359499985276,30.133626999975395],[-81.62363199966269,30.13362999964104],[-81.62365500012721,30.13363100030653],[-81.62368799973918,30.13363300008357],[-81.62381300031096,30.133640999968275],[-81.6239279999387,30.133596000316913],[-81.6286179998325,30.13175700027663],[-81.62905700022365,30.131568999614355],[-81.62918400044525,30.131511000189082],[-81.63079999957279,30.130736000071046],[-81.64166499986503,30.125522000078863],[-81.64222700027982,30.12525199985872],[-81.64720800042677,30.123020999800435],[-81.64975199966699,30.121882000120067],[-81.64996799957706,30.12178500011873],[-81.65051400009833,30.121541000070643],[-81.65096299963689,30.121536000015585],[-81.66318700003704,30.12140800007393],[-81.66735700024715,30.12136500031131],[-81.66738200036151,30.12136500031131],[-81.66740699957755,30.121364000298524],[-81.66745400033155,30.121364000298524],[-81.66749899963908,30.121364000298524],[-81.66754200019508,30.121364000298524],[-81.66758300020298,30.121364000298524],[-81.66762300038596,30.121364000298524],[-81.66766100002077,30.121364000298524],[-81.66769700000579,30.121364000298524],[-81.6677320001659,30.121364000298524],[-81.66776499977786,30.121364000298524],[-81.66779599974,30.121364000298524],[-81.66782599987722,30.121364000298524],[-81.66785500018953,30.121364000298524],[-81.66788199995372,30.121364000298524],[-81.66790799989299,30.121364000298524],[-81.66793300000734,30.121364000298524],[-81.66795700029678,30.121364000298524],[-81.67585999997576,30.12128400002085],[-81.6802150001338,30.121240000190184],[-81.68011100037671,30.12070799983835],[-81.67997300028446,30.119117999672717],[-81.6800240003381,30.118669999837937],[-81.68019000001945,30.11722499976403],[-81.68021699978362,30.117039000295605],[-81.68061000014401,30.11433700008363],[-81.68095999994839,30.112157999874157],[-81.68113999987344,30.110986000033005],[-81.68145000039314,30.10898400025232],[-81.68150800011946,30.108424999951733],[-81.68158299956421,30.10768199990623],[-81.6817359997251,30.106177000097407],[-81.68174599977084,30.10545200026801],[-81.6817569996415,30.10470700004202],[-81.68175800036471,30.10458800014287],[-81.68176300038759,30.104235000330448],[-81.6817650000374,30.104117000050348],[-81.68178000010603,30.103030999642463],[-81.68177000006028,30.10281100005406],[-81.6816029996557,30.09932299966294],[-81.68116699963761,30.09584099983118],[-81.68109700021573,30.0954559996205],[-81.68061000014401,30.092737999728786],[-81.68043500024181,30.091398000309372],[-81.68023699987509,30.089876999847686],[-81.68007299984357,30.086621000221733],[-81.68055999991529,30.08265400008933],[-81.68138500009582,30.080045000049985],[-81.68174300029611,30.078913000156483],[-81.68331800031409,30.075453000279325],[-81.68419500037314,30.073686000003708],[-81.68489300033204,30.072278999860096],[-81.68585300023179,30.070612000247984],[-81.68602499976093,30.07031499974815],[-81.68707500007233,30.068687000004935],[-81.68742900007466,30.06815300021191],[-81.68782099971183,30.067541999743064],[-81.6882130002473,30.06660200002848],[-81.68855499965575,30.0657599996184],[-81.6888829997188,30.064863000344587],[-81.6890159997882,30.064242000092253],[-81.68931999956182,30.062960000301935],[-81.6893470002243,30.062745000117747],[-81.68934800004922,30.062732999844197],[-81.68935300007209,30.062696999792262],[-81.6893549997219,30.062686000119292],[-81.6895289997992,30.06131600026938],[-81.68958499987569,30.06088000020701],[-81.6897559995799,30.058823000024823],[-81.68978900009019,30.05718700034323],[-81.68981300037963,30.05604499969937],[-81.68982300042536,30.055807999952485],[-81.68992600035753,30.053211000311286],[-81.68995800014459,30.05243100002792],[-81.69029799990321,30.047319999950666],[-81.69037599972101,30.045430000248537],[-81.69046899960743,30.043210000126226],[-81.6904579997368,30.042833999888057],[-81.69036800022342,30.03997599978897],[-81.69011200013038,30.03690200007061],[-81.6900009998023,30.035553000305715],[-81.68941300034655,30.031233999900444],[-81.68887600004612,30.02856600012187],[-81.68780700036643,30.02552900014078],[-81.68672600009289,30.022981999909202],[-81.68540299996998,30.020600999844902],[-81.68506999988405,30.020000000290516],[-81.68494299966244,30.019770000153464],[-81.68458899966011,30.019268999776916],[-81.6845319997587,30.019186000120673],[-81.6836920004079,30.01795999993601],[-81.6828069999529,30.016694000099292],[-81.68218099996403,30.016018000286742],[-81.6814889998529,30.015277000015256],[-81.68094200040501,30.014691999656556],[-81.68020900028601,30.014070000362292],[-81.67976700042013,30.013656999724002],[-81.67824299955748,30.01223299977669],[-81.6773429999322,30.011580000048973],[-81.6745829998836,30.009581000156828],[-81.67108800006615,30.00724199961307],[-81.66652500039395,30.00461800032432],[-81.66313699980832,30.00286300024615],[-81.66295400040853,30.002768999984948],[-81.65985799990094,30.0010680001166],[-81.65822900035461,30.000244000250017],[-81.65818599979858,30.00022000012115],[-81.658058999577,30.00014799969968],[-81.65801699974419,30.00012400032557],[-81.65476100030136,29.998284999611872],[-81.65148900006668,29.996437999741833],[-81.64760599991172,29.994246000039134],[-81.6449930001762,29.99277000025936],[-81.64372299975676,29.99205400016728],[-81.64273000024505,29.99149299972168],[-81.64173699983503,29.99093299977089],[-81.64072599988168,29.990361999852954],[-81.6400930002201,29.99000399993809],[-81.63971499992833,29.98979099976304],[-81.63736199958551,29.988463999718913],[-81.63516099957864,29.987220999660682],[-81.6350099999659,29.987136000020904],[-81.63361099967503,29.986345999796693],[-81.63351699996369,29.986295000350214],[-81.6331939999235,29.986120000295937],[-81.63222800017599,29.98559499983862],[-81.63190699978563,29.98542099993717],[-81.63187300034875,29.98540200004574],[-81.6317710002415,29.985347999843054],[-81.63173799973121,29.98532999976895],[-81.63136100016267,29.985124999905185],[-81.63023300003344,29.98451299962748],[-81.62985700028982,29.98430900025286],[-81.62481199967044,29.981572000081574],[-81.62476700036292,29.98154200011232],[-81.62470000041577,29.98150500026751],[-81.6246819999741,29.98149500001267],[-81.62434999971308,29.981264000225874],[-81.6241609995672,29.9811259998645],[-81.62380300026521,29.98088299992916],[-81.62346099995845,29.98064399969139],[-81.62279700033474,29.98017999974617],[-81.62236899981426,29.97989300018582],[-81.62205800036794,29.97967300011315],[-81.62172600010692,29.97942600017236],[-81.6213510001882,29.97916700011967],[-81.62090199975131,29.9788340000601],[-81.62036399962595,29.97845099997803],[-81.62013400037051,29.978315000180704],[-81.61980499958423,29.978119999660063],[-81.6193309999313,29.977736999937356],[-81.61908900008197,29.977571000328187],[-81.61862299992664,29.977251999920718],[-81.61770200038497,29.97660499987306],[-81.61655900018712,29.975641999926147],[-81.61600099997031,29.975270999956358],[-81.61565100016594,29.97502899963848],[-81.61521599997275,29.974691000021263],[-81.6145930003569,29.974161000124788],[-81.61408000034592,29.97374500009005],[-81.61298900002662,29.972831999857263],[-81.61252200004638,29.972412999820722],[-81.61239800019781,29.97230200015938],[-81.61204800039346,29.971998000213727],[-81.6113400003888,29.971350000214816],[-81.61125800037303,29.97125799963213],[-81.61101800017352,29.971037999889635],[-81.61075899970744,29.97079000028914],[-81.61058899982812,29.97062100002787],[-81.61049299956865,29.970526000385647],[-81.61014600013732,29.970235000236386],[-81.60977299986843,29.969817000129723],[-81.60958399972253,29.969619000079806],[-81.60946900009482,29.969497999725395],[-81.6092349997431,29.969172999889818],[-81.60890000000732,29.96884899976663],[-81.60853400030945,29.9684360000619],[-81.60821100026925,29.968062999631545],[-81.60785700026692,29.967700000223907],[-81.60747099957922,29.96720500009726],[-81.60716799963053,29.96686900035624],[-81.60680799978041,29.966490000144148],[-81.60676400029779,29.966429999647403],[-81.6064410002576,29.965983999930135],[-81.6061309997379,29.965505000311243],[-81.60598599997294,29.965243999696618],[-81.60592300022375,29.965130999739667],[-81.60557500006921,29.964685999679272],[-81.60536599983185,29.964327999823055],[-81.60510100041627,29.963899000033578],[-81.60486700006456,29.963497999825854],[-81.6045880004053,29.962947999797333],[-81.60426600019002,29.96240899974263],[-81.60405699995265,29.96197900016439],[-81.60382299960092,29.961533999999418],[-81.60297599967909,29.95999399964264],[-81.60276700034002,29.959543000163475],[-81.6022230003669,29.958514000195343],[-81.60201499995445,29.95815800010964],[-81.60200800028174,29.958145999629785],[-81.60170500033306,29.95748599980484],[-81.60098999975737,29.956017000209542],[-81.60083900014463,29.95559300022606],[-81.60066199969432,29.95515300016693],[-81.60045300035524,29.95453699992594],[-81.59985800032851,29.95223799972341],[-81.59956000040268,29.950461000038583],[-81.59926300030178,29.948327000048746],[-81.59917399971499,29.947467999627754],[-81.59902800012512,29.94596699964658],[-81.5989140003223,29.94500400016288],[-81.59883800015432,29.944206000022426],[-81.5987810002529,29.943556999950424],[-81.59871099993272,29.94295199998798],[-81.5987100001078,29.94163700032815],[-81.59873500022215,29.94103799969084],[-81.59877299985699,29.940558999754085],[-81.59886099972053,29.940052999888312],[-81.59897500042167,29.939525000364224],[-81.59906300028521,29.93924999981032],[-81.59914500030098,29.93890800032265],[-81.59924599968501,29.938445999953622],[-81.59934100011955,29.938100000368298],[-81.5996120002812,29.93731299967844],[-81.59971900041133,29.936938999702544],[-81.59986400017628,29.93655400022794],[-81.60006599984266,29.936129999778224],[-81.60022400002639,29.93575000038094],[-81.60038200021015,29.935403999982828],[-81.60053899967066,29.934969000256707],[-81.60066599989229,29.93465000013115],[-81.6007019998773,29.93456100008449],[-81.60089299967301,29.934100000116864],[-81.6011329998725,29.93348299990652],[-81.60137200024711,29.93302699984622],[-81.60157399991348,29.932580999759853],[-81.60180800026522,29.93210800023145],[-81.6022240001918,29.931078999754448],[-81.6026030003085,29.930292000362257],[-81.60278599970827,29.929819000074723],[-81.60320900020591,29.92896099982649],[-81.60344199983442,29.928459999826888],[-81.60366899961512,29.927997999993032],[-81.6041029999834,29.927179999927436],[-81.60414200034145,29.927106000235174],[-81.60441400032802,29.926452000163582],[-81.60469800001016,29.925857000137693],[-81.60514599972382,29.924900000156377],[-81.60532200034922,29.924547999862234],[-81.60556199965042,29.92402499971657],[-81.6057580003673,29.923540999700062],[-81.6059969998436,29.923068000029073],[-81.60647100039483,29.921851999809935],[-81.60662799985536,29.921417000019872],[-81.60689300016924,29.920762000240483],[-81.60703200008642,29.920449000302945],[-81.6072089996384,29.919981000063125],[-81.60732800036243,29.91968900020975],[-81.60746700027958,29.91930400018202],[-81.60760600019675,29.91897399964067],[-81.60773800044123,29.918628000092735],[-81.60786499976454,29.91821499969502],[-81.60796500022195,29.917830000196382],[-81.60804100038995,29.917559999872285],[-81.60807200035208,29.91741599986719],[-81.60812300040571,29.917181000163296],[-81.60824300005629,29.916497999902997],[-81.60830599980548,29.916075000185614],[-81.6083560000342,29.915694999742957],[-81.6083750003008,29.915287999738204],[-81.60836799972978,29.91489200011509],[-81.60838699999636,29.914534000107118],[-81.60839299984413,29.914005999895434],[-81.6083550002093,29.91300999969664],[-81.60836100005707,29.912569999729378],[-81.6083540003844,29.91208600008964],[-81.6083540003844,29.911712000314235],[-81.60828999991197,29.910848000147684],[-81.60823600038361,29.910315999853108],[-81.60823300001056,29.91028299998422],[-81.60818199995693,29.90944600036152],[-81.60811300035995,29.90895599985338],[-81.60802999962098,29.908256999668257],[-81.6078909997038,29.907449000068265],[-81.60782100028192,29.906987000069517],[-81.60775799963442,29.906640000299628],[-81.60769499988523,29.90618900033395],[-81.60760600019675,29.905655000365893],[-81.60750499991441,29.90524799982405],[-81.607448000013,29.9049900003146],[-81.60737799969282,29.904599000339786],[-81.60722600025515,29.90394999974243],[-81.60710599970623,29.903592000118522],[-81.60701700001779,29.903020000129096],[-81.6069550000935,29.902756000224347],[-81.60683399971968,29.902239000201565],[-81.60667499971103,29.901608000243765],[-81.6065750001519,29.901150000008922],[-81.60647300004466,29.90064399994392],[-81.60633999997526,29.899911999651533],[-81.60622000032468,29.899328999691946],[-81.60609999977576,29.898872999727814],[-81.60598599997294,29.898399999703386],[-81.60585299990356,29.897816000309962],[-81.60571999983416,29.897277000163626],[-81.60562600012284,29.896931000002684],[-81.60551800016779,29.89649099988142],[-81.60539799961887,29.896138999631702],[-81.6053630003571,29.896027999737584],[-81.60525899970172,29.89569899990746],[-81.60510700026407,29.895197999992497],[-81.60500000013394,29.894883999968116],[-81.60487299991233,29.89460400009909],[-81.60479699974435,29.894301000186157],[-81.60469600036032,29.89402100023682],[-81.60459500007799,29.89364099977042],[-81.60441199977988,29.893185000257773],[-81.6042720000378,29.89267300034077],[-81.60411399985405,29.892260999787673],[-81.6039559996703,29.891764999690487],[-81.60375400000395,29.891171000364704],[-81.60358999997241,29.89060499997669],[-81.60347600016961,29.890230999778627],[-81.60334300010021,29.8897359997182],[-81.60314700028162,29.889097999891398],[-81.60300800036447,29.88859200015997],[-81.60288199996776,29.888172999668267],[-81.60272999963179,29.887612000345456],[-81.60252700014053,29.88698499984032],[-81.60227500024544,29.886155000339784],[-81.60206000016028,29.885355000333806],[-81.60202199962713,29.885213999905886],[-81.60197800014451,29.885118999709498],[-81.60197099957351,29.88510400036713],[-81.6019200004182,29.88490599995683],[-81.60181900013585,29.88458100028369],[-81.60169899958693,29.884256999619783],[-81.60161699957116,29.883833000016285],[-81.6014910000728,29.883436999985356],[-81.60133299988905,29.882991999863677],[-81.601224999934,29.882667000182714],[-81.60113700007047,29.88234799996894],[-81.60097200021403,29.88183599969228],[-81.60078899991592,29.881303000178683],[-81.60069400037969,29.880873999963594],[-81.60055499956421,29.880472000004346],[-81.60047900029453,29.88022499986495],[-81.60020099956186,29.879398999861735],[-81.6000619996447,29.878915000330228],[-81.59994799984187,29.878574000152625],[-81.59986599982612,29.878310000144022],[-81.59977799996257,29.87797500024523],[-81.5995689997252,29.877319999924097],[-81.59934799979224,29.876593999800278],[-81.59923399998944,29.876285999708998],[-81.59908900022448,29.875774000244515],[-81.5990130000565,29.875422000061768],[-81.59882499973551,29.87503100015055],[-81.59756100006219,29.872285999967907],[-81.59614000002999,29.86944799991507],[-81.5956610003542,29.86849800026475],[-81.59507999967282,29.86734599975258],[-81.59449899988978,29.866192999711252],[-81.59257099969439,29.862368999805405],[-81.5915000003649,29.860308000289848],[-81.5912760000589,29.8598770003028],[-81.58914199999919,29.85574000005308],[-81.5855800002346,29.84872099973265],[-81.58521000033876,29.847995000327316],[-81.5843340001046,29.84627600008437],[-81.58345700004554,29.844556000170414],[-81.58300900033188,29.843677999639418],[-81.58166799976733,29.84104600026713],[-81.58162099991165,29.84095400003989],[-81.58120699963487,29.84017600023463],[-81.58112899981708,29.840029999629955],[-81.58088899961756,29.83952899983364],[-81.58070600021777,29.83920999962288],[-81.58060499993542,29.838935000370014],[-81.58046000017048,29.838664999871163],[-81.57947500015638,29.836238999805147],[-81.57727800034748,29.830254000332584],[-81.57711900033883,29.829843999623012],[-81.57626800021905,29.827640999902687],[-81.57534000010635,29.825093999764796],[-81.57403299987698,29.821561999810307],[-81.57277099985346,29.818003000240253],[-81.57207700009249,29.816138000208998],[-81.57201500016824,29.815968000193596],[-81.57176800029602,29.815284999638813],[-81.57080800039628,29.813001999927053],[-81.57027199992076,29.81181400010323],[-81.57005099998783,29.811274999931],[-81.56998800023864,29.811111000353467],[-81.56953399977888,29.80993200019287],[-81.56919300019534,29.80906299978391],[-81.56905400027817,29.80864499985745],[-81.56865000004711,29.807731999850276],[-81.56822099970174,29.80667499998323],[-81.56797499965442,29.806130999815537],[-81.56764699959136,29.80543200018565],[-81.56722399999207,29.804481000238617],[-81.56689000008123,29.803797999955275],[-81.56652400038332,29.80290200034653],[-81.56616500035813,29.8021589997579],[-81.56588099977769,29.801598000322507],[-81.56555299971461,29.8009979999625],[-81.56522499965158,29.800365000312148],[-81.5648460004332,29.799700000101726],[-81.56477799976282,29.7995779997931],[-81.56451800037014,29.79911100005482],[-81.56446300011855,29.799016999915736],[-81.5641710000405,29.79851699969854],[-81.56389400003106,29.79805999965139],[-81.56367300009813,29.797719000078118],[-81.56335000005795,29.797249999916485],[-81.56302299981978,29.796821999647257],[-81.56276400025203,29.796447999650677],[-81.56245499955722,29.796090999625527],[-81.56209600043033,29.795612000197952],[-81.56177400021507,29.79528199972221],[-81.56133900002187,29.79490300006542],[-81.56084699992729,29.794451000045974],[-81.56039300036585,29.794060999802696],[-81.55980599983671,29.793582000012602],[-81.55936499979575,29.79319200028039],[-81.55826199978087,29.792264999734414],[-81.55763599979197,29.791738999932086],[-81.55683099970295,29.79105400031056],[-81.55589199971959,29.790246999906937],[-81.55495299973627,29.789438999773925],[-81.55385200026954,29.788493000292686],[-81.55286100040766,29.787719999638114],[-81.55284299996599,29.78770599995348],[-81.55115900016808,29.7863469999164],[-81.55042799969888,29.785748000379616],[-81.54996699956644,29.785394999943744],[-81.54956400005862,29.78499900013543],[-81.54911600034497,29.784619999739746],[-81.54862400025037,29.78414700017482],[-81.54803800044446,29.783667999715764],[-81.54788600010849,29.783491999643594],[-81.54766600000046,29.78326099990761],[-81.54740700043268,29.78296899986684],[-81.5470219995699,29.78255600005044],[-81.54653700004633,29.78208899962334],[-81.54629699984682,29.781825000302987],[-81.54590600003458,29.78130699965489],[-81.54557200012373,29.780883999877233],[-81.54523800021288,29.78050399994841],[-81.54486599976889,29.780009000124856],[-81.54457600023898,29.77957400017348],[-81.54429800040462,29.779129000373786],[-81.54373099996697,29.778077999865513],[-81.54340899975169,29.77741799993957],[-81.54332799956083,29.777142000339225],[-81.54309400010743,29.776553999670995],[-81.54296199986295,29.776108000112995],[-81.54294699979434,29.77607100038209],[-81.54282999961848,29.775762000283414],[-81.54272199966343,29.77545300001102],[-81.5426279999521,29.775144999946356],[-81.5425080003015,29.774672000063415],[-81.54242000043796,29.77426500033429],[-81.54230599973684,29.773851999703886],[-81.54219899960671,29.77349500017859],[-81.54213599985752,29.773082000271483],[-81.54202299987959,29.772558999921984],[-81.54192800034336,29.77209199965447],[-81.54189099963513,29.771784000169827],[-81.54183999958151,29.771470000348057],[-81.54178400040331,29.77128299994676],[-81.54173900019748,29.77106900027673],[-81.54173300034971,29.77104199979039],[-81.54168899996877,29.77085900028726],[-81.54162000037181,29.770644999711344],[-81.5415500000516,29.770518000057],[-81.54151300024168,29.770407999735088],[-81.54139299969276,29.770226999934913],[-81.54123500040733,29.770000999832927],[-81.54073699956663,29.769554999943516],[-81.54044100018895,29.76930800000882],[-81.54000599999577,29.76891699961829],[-81.53961500018352,29.768619999962933],[-81.53951399990116,29.768540999735695],[-81.53901000011102,29.768146999675896],[-81.53830299993129,29.767525000044976],[-81.53779300029333,29.76716700012099],[-81.53722500003076,29.76671100011206],[-81.53638700032977,29.766089000142692],[-81.53490500019821,29.764977000219705],[-81.53411099997983,29.76442099991866],[-81.53342399989157,29.76392100001434],[-81.53270500001626,29.763446999656917],[-81.5321309999059,29.76311199982042],[-81.53155799962045,29.76275899990972],[-81.53120699999118,29.762515000338006],[-81.53072499994232,29.76218100023581],[-81.53011400002207,29.761828999899],[-81.52964700004182,29.76154899972287],[-81.52922500026743,29.76132300031904],[-81.5289630003266,29.76115899998394],[-81.52873300017285,29.761014999696638],[-81.52841799963026,29.760849999892784],[-81.52826100016973,29.76077699980788],[-81.52810899983376,29.76070599994126],[-81.52782500015165,29.76060700009823],[-81.52777699957274,29.760582000185444],[-81.52763000015798,29.760506999629747],[-81.52726399956177,29.760321000348846],[-81.52661500000666,29.760046000180004],[-81.5263499996928,29.759936999810616],[-81.52586699981903,29.759739000066936],[-81.52574100032065,29.759685999754076],[-81.52567600002332,29.759659999855206],[-81.52556600041846,29.75962000023753],[-81.52539800018896,29.759557999706892],[-81.525358000006,29.75954300022679],[-81.52522999995948,29.75949699967556],[-81.52522800030965,29.759404000310717],[-81.52522699958644,29.759366000109353],[-81.52522199956356,29.75912400037691],[-81.52521900008882,29.75897499990939],[-81.52521700043901,29.758845000205024],[-81.52517700025604,29.75687399985723],[-81.52513600024815,29.75483000000114],[-81.52512100017954,29.750961000206686],[-81.52512100017954,29.750710000287345],[-81.52511899963139,29.75024500004699],[-81.5251339997,29.74899099988316],[-81.52513799989796,29.748678000248894],[-81.52514999959355,29.747739000162333],[-81.52515399979151,29.747425999738947],[-81.52515399979151,29.746744999954604],[-81.52514100027102,29.746667000305926],[-81.52513799989796,29.74662100008471],[-81.52512899967715,29.746420000108266],[-81.52514100027102,29.746204999702925],[-81.52511699998158,29.744406000386487],[-81.52509799971499,29.744280000144446],[-81.52509600006518,29.74420499986944],[-81.52507900034674,29.743400000093256],[-81.5250629995549,29.74155999984805],[-81.52504900020952,29.739785000345748],[-81.52504900020952,29.73972499993667],[-81.52504900020952,29.738794999925855],[-81.52501900007229,29.73604000013376],[-81.52502499992006,29.735186000331915],[-81.52500700037672,29.73420099981006],[-81.52500400000368,29.73414800003596],[-81.52493899970634,29.732505000170416],[-81.52493899970634,29.732481000297224],[-81.52493299985856,29.73206699982605],[-81.52493000038382,29.7318190002969],[-81.52489799969847,29.72908899999578],[-81.5248929996756,29.728655999886605],[-81.52487000010937,29.726813000382762],[-81.52485000001789,29.72508399967665],[-81.52480399998713,29.721586000199608],[-81.5247810004209,29.719899000115472],[-81.52476399980416,29.718821999911192],[-81.52475499958334,29.71821799999861],[-81.52470000023006,29.714646999838465],[-81.5246960000321,29.71434899992086],[-81.52469299965904,29.712439999690265],[-81.52469299965904,29.7122929997543],[-81.52469299965904,29.71201899996265],[-81.52469299965904,29.71184399991225],[-81.52469100000923,29.71066600019163],[-81.52469000018432,29.7106120002255],[-81.5246890003594,29.709811999781333],[-81.52468400033653,29.707250000224803],[-81.5246829996133,29.706396999918677],[-81.5246809999635,29.705695999753544],[-81.52468000013859,29.705075000034515],[-81.52468000013859,29.704525999798957],[-81.52460899999346,29.701110999648957],[-81.52458499970402,29.699959999778738],[-81.52458300005419,29.6998119999482],[-81.52457899985625,29.69964399983422],[-81.52457700020642,29.699421999698483],[-81.52451500028212,29.699260999880067],[-81.52451600010704,29.69795700014975],[-81.52451600010704,29.697429000131237],[-81.52451799975687,29.69269200006182],[-81.52451299973399,29.69141700030376],[-81.5245119999091,29.69081100010652],[-81.524436999566,29.690012999703786],[-81.52438499968747,29.689523999893105],[-81.52432199993828,29.688929000377442],[-81.52429599999903,29.68868600038839],[-81.52436799996903,29.68148899975784],[-81.52428799960309,29.674482999962777],[-81.52420599958732,29.667164999610176],[-81.52420700031055,29.66709900012655],[-81.52417700017332,29.664209000023423],[-81.52417200015047,29.663727999824122],[-81.52415999955657,29.662603999617854],[-81.52414299983815,29.661000000105133],[-81.52413899964017,29.660697999690683],[-81.52413000031767,29.659792000033768],[-81.52412699994461,29.659490999869888],[-81.52412600011971,29.65943199985412],[-81.52411000022617,29.657997000248265],[-81.52409199978453,29.656204999685336],[-81.52405999999746,29.653517000287536],[-81.52404300027902,29.6520240002347],[-81.5240419995558,29.652013999757017],[-81.5240419995558,29.651976000274928],[-81.52404099973089,29.65184900031982],[-81.52403200040837,29.65105400002062],[-81.52401800016466,29.649672000268556],[-81.52400300009606,29.64829000027832],[-81.52399300005031,29.647368999924268],[-81.52397100030902,29.64542299968255],[-81.52394000034685,29.642506000122005],[-81.52390799966152,29.639587000029895],[-81.52388699974512,29.63764200025605],[-81.5238859999202,29.637600000050533],[-81.5238859999202,29.637537999900967],[-81.52388500009529,29.6374750003018],[-81.52388500009529,29.637434000219287],[-81.523823000171,29.633528000388747],[-81.52386599982871,29.631538000360102],[-81.52383700041469,29.631373999632213],[-81.52378800001091,29.63108899978897],[-81.5237729999423,29.63089799996878],[-81.52377399976719,29.63085600007425],[-81.52377899979007,29.630706999786444],[-81.52379300003376,29.630579000070725],[-81.52379700023172,29.62964600001715],[-81.52379700023172,29.629618000261956],[-81.52379600040682,29.629422999687296],[-81.52378999966072,29.6286190001669],[-81.5237889998358,29.628434999980417],[-81.52380499972935,29.627275000369597],[-81.5238010004297,29.627189000076633],[-81.52379100038395,29.627004999621033],[-81.5237450003532,29.626075999705016],[-81.52369099992653,29.62499500028417],[-81.52368400025382,29.62462400021519],[-81.52365900013947,29.623344999997656],[-81.52366400016236,29.62312100022316],[-81.52367199965994,29.622750000282164],[-81.5236619996142,29.622522999724733],[-81.5236599999644,29.62243199991495],[-81.52040399962323,29.622506000178415],[-81.51832700036324,29.62252400006544],[-81.51499400002919,29.62255400013031],[-81.50689600035658,29.622655999659255],[-81.50230900039492,29.62271199990799],[-81.50183400001877,29.62270299998171],[-81.50155700000934,29.62270299998171],[-81.500794999578,29.62272900020047],[-81.49995400040228,29.622757999865936],[-81.49980000041647,29.622762999995903],[-81.49860600016503,29.62275499963166],[-81.49704500039076,29.622743999813046],[-81.49451999962048,29.622725999965326],[-81.4924940004141,29.622759000204315],[-81.49212699999299,29.622764999891626],[-81.49175999957187,29.622771000359545],[-81.4910440000696,29.622782000175157],[-81.49032799966903,29.62279400032764],[-81.48848900006041,29.622822999974346],[-81.48402500012241,29.622895000057554],[-81.4830810001162,29.622912999875087],[-81.48291799990957,29.622916000104723],[-81.48016700008182,29.622968999981044],[-81.48013500029477,29.62297000031727],[-81.47809599977128,29.623009999704166],[-81.47808499990063,29.623009999704166],[-81.47601100011538,29.62304900030145],[-81.47597299958223,29.623049999856022],[-81.47394400000283,29.62308899965692],[-81.47390999966763,29.62308999999202],[-81.47355999986326,29.62309699999464],[-81.47344699988534,29.623102000107824],[-81.47186000017182,29.623126000335112],[-81.47184699975303,29.623126000335112],[-81.4697899996862,29.623158000108695],[-81.46976299992203,29.623158000108695],[-81.46771500007604,29.623189000318874],[-81.46770400020539,29.623189000318874],[-81.465635000443,29.623221000072444],[-81.46561600017644,29.623221000072444],[-81.46356099975942,29.623252000263296],[-81.46148000030148,29.623282999663694],[-81.45814699996744,29.623334000243457],[-81.45806800032473,29.623325999924557],[-81.45771299959917,29.623339000344835],[-81.45760800001719,29.623341000229185],[-81.45726200041076,29.62334699988184],[-81.45682300001964,29.623353999866616],[-81.45674000017894,29.62335599975066],[-81.45659000039113,29.623350000098487],[-81.4565610000788,29.62335099965007],[-81.45615600002286,29.623365999950984],[-81.4555819999125,29.623376999701698],[-81.45551099976738,29.62337900036615],[-81.45544600036837,29.623379999917454],[-81.45530999992593,29.623381999800937],[-81.45522700008527,29.62338399968437],[-81.4545819998298,29.623393999881912],[-81.45076399997217,29.62341600015694],[-81.44862099969161,29.623428999784686],[-81.44675199994577,29.6234800002906],[-81.43909899961378,29.623593999720327],[-81.43886599998527,29.623636999848472],[-81.43801700041361,29.623657000192395],[-81.43708900030094,29.623690999674697],[-81.43614799976946,29.623716999638578],[-81.43409999992346,29.62377300007852],[-81.43407700035725,29.623773999625953],[-81.4339180003486,29.6237789997055],[-81.4319900001532,29.623836999985492],[-81.42992800006351,29.62389399990497],[-81.42784400023253,29.623959000061493],[-81.42577399974691,29.624020999979503],[-81.42448300030938,29.624063999925475],[-81.42367999987016,29.624089999793064],[-81.42365800012885,29.62409100011821],[-81.42350300031815,29.624113999785017],[-81.4233860001423,29.624113999785017],[-81.41464099966608,29.624308000161],[-81.40831100035527,29.624447999990963],[-81.40795200033007,29.6244549998993],[-81.4078779998119,29.62445699976145],[-81.40680599975919,29.624480999665987],[-81.40548299963629,29.62450900006798],[-81.39013800041084,29.624827999664433],[-81.38022799999547,29.624992000116507],[-81.37386299962627,29.62509699968485],[-81.36957600013858,29.625153999672442],[-81.36519699969107,29.625211999941833],[-81.36222599975527,29.62525099968682],[-81.35725700020218,29.625295000201923],[-81.35625299992152,29.62530700005507],[-81.35246500020112,29.62535099976487],[-81.35154299993623,29.62536099976719],[-81.3513510003156,29.625362999611347],[-81.3439869996886,29.62544000021938],[-81.34057700025998,29.625470000196906],[-81.33926699965757,29.62549200001859],[-81.3384039998422,29.625498999854397],[-81.3359040000846,29.625520999669757],[-81.33244600007707,29.625543999791027],[-81.33061900016403,29.625563000226713],[-81.32663700027487,29.625606000295466],[-81.3246260002388,29.625626999777616],[-81.32405899980114,29.625609999974095],[-81.32416599993127,29.630706999786444],[-81.32425499961973,29.63495899972265],[-81.32426100036582,29.63525899963881],[-81.32436199974984,29.64011299973561],[-81.32420799976406,29.64011799978494],[-81.32436099992495,29.64178599973014],[-81.32435900027511,29.643130999659988],[-81.32435900027511,29.643188000372962],[-81.3245199999336,29.65353500009708],[-81.32434500003141,29.653477999778303],[-81.32309800007648,29.653075999653804],[-81.3225349998368,29.652871999652284],[-81.32212300010814,29.652716999688465],[-81.32185799979426,29.652665999935227],[-81.32145600011137,29.652558000097045],[-81.32134899998125,29.65252999968636],[-81.3210719999718,29.6524919996184],[-81.32090299991742,29.65240599978139],[-81.3203949999293,29.652106000210523],[-81.32014399985913,29.65196100033157],[-81.31970899966596,29.65165399985545],[-81.31966600000824,29.651622999818905],[-81.31937599958002,29.651464000060557],[-81.31870299973545,29.65138200034231],[-81.31852000033568,29.6512940002276],[-81.31840599963455,29.651112000207632],[-81.31827400028838,29.650755999663218],[-81.31787300043038,29.650255000207018],[-81.3178039999351,29.650175999702093],[-81.31772600011729,29.64993700002045],[-81.3175649995605,29.64967599977211],[-81.31747500004712,29.649569999992472],[-81.31722399997696,29.649318000244993],[-81.31680899987526,29.64898499983416],[-81.31609500002281,29.648509999960332],[-81.3160590000378,29.648442999866763],[-81.31599600028862,29.64835099996862],[-81.31578600022635,29.647828999938834],[-81.31510499998586,29.647071000367834],[-81.314847000243,29.646803999898104],[-81.31466599959471,29.646622999668185],[-81.31431800033849,29.646190000122527],[-81.31362700005228,29.645560000277385],[-81.31334500001996,29.64513500021208],[-81.3132499995854,29.644942000249547],[-81.31318699983622,29.644840999984144],[-81.31295800040569,29.64423699963692],[-81.31280199987175,29.644006000146497],[-81.3125730004412,29.643847000067577],[-81.31219599997435,29.643597999660397],[-81.31181100000987,29.64329299971162],[-81.31174900008561,29.64323300021447],[-81.31163500028278,29.643102999749964],[-81.31142699987032,29.642846999653802],[-81.31116900012746,29.64268900022723],[-81.31110300000523,29.64266499997638],[-81.3106920001015,29.642513999698362],[-81.30998400009682,29.64218600014972],[-81.3095179999415,29.64214400027791],[-81.30865199975311,29.642064999653662],[-81.30859499985169,29.642071999899255],[-81.30765800041651,29.642180000057564],[-81.30752000032422,29.642263000389672],[-81.30745000000402,29.642344000365604],[-81.30742400006477,29.642459999812825],[-81.30733600020122,29.64255899984113],[-81.30715999957582,29.642591999828934],[-81.30689599998516,29.642574999765586],[-81.30647400021077,29.642502999695125],[-81.30618499960747,29.642513000336937],[-81.30602999979675,29.642584000258747],[-81.30591400034413,29.64264699978456],[-81.30588400020689,29.64277300027939],[-81.30590199975023,29.642987000262835],[-81.30586900013827,29.643096999712448],[-81.30577500042695,29.643268000250803],[-81.30574299974158,29.643350000332816],[-81.3057439995665,29.64351400029656],[-81.30540999965565,29.643752000263923],[-81.3052659997156,29.643861000310498],[-81.30514600006501,29.64414100007529],[-81.30510699970694,29.64438799967306],[-81.30498200003348,29.64493299996718],[-81.30503800010997,29.645124999830703],[-81.30503800010997,29.645230000272146],[-81.30499399972904,29.645361999779468],[-81.30466999986395,29.645777000131286],[-81.30446499982452,29.64591099991905],[-81.30437699996098,29.645987999652302],[-81.304308000364,29.6460810002554],[-81.30426999983085,29.64619100022815],[-81.30425800013529,29.64627400037649],[-81.30435100002171,29.646406000076396],[-81.30428200042475,29.64662599997227],[-81.3040899999058,29.646736000130257],[-81.30402299995865,29.646801999698916],[-81.30381600026942,29.646917000157053],[-81.30372699968264,29.64698800009595],[-81.30370199956829,29.647087000355963],[-81.30372199965979,29.647268999846574],[-81.30362799994843,29.647379000082726],[-81.3035269996661,29.6474560002545],[-81.30337600005335,29.647533000367446],[-81.30331300030417,29.647609999640764],[-81.30321000037202,29.64788500024514],[-81.30312400015829,29.648042000017703],[-81.30303499957151,29.6481810003429],[-81.30302299987596,29.648715000295862],[-81.30278299967644,29.649186999755294],[-81.30226899984054,29.649640999621493],[-81.30221100011423,29.64969799977127],[-81.3020339996639,29.649807999695156],[-81.30171900001963,29.64981799961124],[-81.30153499989662,29.649999999628996],[-81.30139199978149,29.650104000383642],[-81.301379000261,29.65011000000354],[-81.30129700024523,29.650142999858215],[-81.30128499965136,29.650077000137973],[-81.30107299993925,29.6502330003296],[-81.30102400043377,29.650283999754222],[-81.30079099990695,29.65048400006527],[-81.30064399959386,29.650598000158492],[-81.30038500002608,29.650811999902462],[-81.30017900016175,29.65098299982691],[-81.2977329999325,29.651124000107572],[-81.2954010004044,29.65059299984893],[-81.29378600020344,29.650231000198552],[-81.29333599994166,29.650198000372665],[-81.29257699988338,29.650142999858215],[-81.29149300013508,29.650065000113255],[-81.29141399959406,29.650026999895328],[-81.2913679995633,29.65002599982777],[-81.29131099966189,29.650020000202872],[-81.29126399980622,29.65001100037451],[-81.2912269999963,29.649994000002557],[-81.2911140000184,29.649896000328305],[-81.29107499966032,29.649862000323452],[-81.29106100031494,29.649840999648838],[-81.29095500000975,29.649741999755236],[-81.29078099993248,29.649741999755236],[-81.29068800004605,29.649721999906895],[-81.29057199969509,29.64969999991291],[-81.29046399974007,29.649683000269132],[-81.29041299968644,29.649650000263645],[-81.29035599978502,29.649615000104045],[-81.29032300017306,29.6495740002808],[-81.29024799983,29.649642999764257],[-81.29013400002718,29.649785999719963],[-81.29003299974484,29.64992900025321],[-81.28991499974406,29.65002399969261],[-81.28974200039002,29.65005500022165],[-81.28949499961948,29.650045000329033],[-81.28913899996734,29.64998600023985],[-81.28886899963061,29.650027999962884],[-81.28864000020005,29.65015800007244],[-81.28861199971264,29.650423000106223],[-81.28866799978915,29.650829000136252],[-81.28863400035227,29.651176999973778],[-81.28847000032074,29.651352000276393],[-81.28830999958886,29.651315999873184],[-81.28822300044854,29.651101999639394],[-81.28804299962518,29.650977000259058],[-81.28782500006527,29.650979999652677],[-81.28773399982869,29.65109600007863],[-81.28782800043832,29.651358999876216],[-81.2878540003776,29.651753000210512],[-81.28769899966858,29.65190900014646],[-81.28745799964415,29.651823999861048],[-81.28724199973408,29.65151599969491],[-81.28715399987054,29.65146500011384],[-81.28699900005984,29.65137499996339],[-81.28691799986899,29.651364000147666],[-81.28685799959453,29.651315999873184],[-81.28670199995892,29.651342999786426],[-81.28668299969236,29.651347000004296],[-81.2865039995922,29.651358999876216],[-81.28611000030523,29.651363000093376],[-81.28570500024928,29.651367000310447],[-81.28500800011527,29.651379000179976],[-81.28462499980063,29.651628000077288],[-81.28446599979196,29.65152700027473],[-81.28437799992841,29.651321000146822],[-81.28429599991264,29.65096500034158],[-81.28394600010827,29.650707999879433],[-81.2836520003804,29.65071899976686],[-81.2830320002393,29.651402999914723],[-81.28277199994831,29.651380000234113],[-81.28258700000038,29.651264000135452],[-81.28234900034899,29.651086000289464],[-81.28235400037187,29.650691999686142],[-81.28212000002016,29.6504159996606],[-81.28166800010852,29.65047400021534],[-81.2813840004264,29.650963000225087],[-81.28079900044537,29.651124000107572],[-81.2799559998232,29.651355999713196],[-81.27950200026176,29.651738000233937],[-81.27895999993846,29.651860000082493],[-81.27847299986675,29.65175400026087],[-81.27816999991802,29.651605999719273],[-81.27767899964836,29.651681999729206],[-81.27739800033928,29.652003000011113],[-81.27713800004828,29.65216099965235],[-81.27691600029044,29.65244099975116]]]}}]}
