{
  "type": "FeatureCollection",
  "features": [
    {
      "type": "Feature",
      "id": 4,
      "geometry": {
        "type": "Polygon",
        "coordinates": [
          [
            [
              -81.624759065544,
              30.37361666857939
            ],
            [
              -81.63096090400985,
              30.371436739025896
            ],
            [
              -81.63186901362552,
              30.371347803635143
            ],
            [
              -81.6332318154037,
              30.371313712101355
            ],
            [
              -81.6341410083876,
              30.371393164182184
            ],
            [
              -81.63485549512693,
              30.371474242997845
            ],
            [
              -81.63556943658888,
              30.37147077316412
            ],
            [
              -81.63615320587795,
              30.371411567412125
            ],
            [
              -81.63660766986838,
              30.371430662745613
            ],
            [
              -81.63703023108982,
              30.37152689966621
            ],
            [
              -81.63735548140981,
              30.371638044274867
            ],
            [
              -81.63774600152169,
              30.37180523527102
            ],
            [
              -81.63805573075018,
              30.37202849716816
            ],
            [
              -81.63823501381965,
              30.372154100168235
            ],
            [
              -81.63841385132471,
              30.37219584405266
            ],
            [
              -81.63873791227526,
              30.372123460125568
            ],
            [
              -81.63912624139617,
              30.371953153271406
            ],
            [
              -81.63936869040316,
              30.371811054217254
            ],
            [
              -81.63956273997924,
              30.371708371622233
            ],
            [
              -81.63961217157438,
              30.371827734470994
            ],
            [
              -81.63966160855942,
              30.371932662207755
            ],
            [
              -81.63972706340428,
              30.37201688952756
            ],
            [
              -81.63982469230935,
              30.37206590325925
            ],
            [
              -81.63995468392088,
              30.37209344939813
            ],
            [
              -81.64004400879945,
              30.37209988525139
            ],
            [
              -81.64018992394769,
              30.372092296927676
            ],
            [
              -81.64028705249115,
              30.372049203670322
            ],
            [
              -81.64037583029574,
              30.371971781930107
            ],
            [
              -81.64185984534846,
              30.37062066949544
            ],
            [
              -81.64196449368917,
              30.370500551056097
            ],
            [
              -81.64202049017241,
              30.370380671957715
            ],
            [
              -81.64206024062374,
              30.370246437326905
            ],
            [
              -81.64206703637886,
              30.37004293815546
            ],
            [
              -81.64205803525971,
              30.369908943325786
            ],
            [
              -81.64196756323251,
              30.369726544171144
            ],
            [
              -81.64185267499587,
              30.36952295556185
            ],
            [
              -81.64170077976279,
              30.369251498256457
            ],
            [
              -81.64152427158923,
              30.368928608295374
            ],
            [
              -81.64131914398907,
              30.368577674884204
            ],
            [
              -81.641196065812,
              30.36836381588733
            ],
            [
              -81.64104426400368,
              30.368106104967104
            ],
            [
              -81.64097043506375,
              30.367983424955305
            ],
            [
              -81.64092492730978,
              30.367842735398984
            ],
            [
              -81.64092012940785,
              30.36773002782011
            ],
            [
              -81.64092754679716,
              30.36762138533246
            ],
            [
              -81.64095932829359,
              30.367526370723336
            ],
            [
              -81.64101144135985,
              30.367434005977625
            ],
            [
              -81.64111210207902,
              30.36731047022209
            ],
            [
              -81.64137866007158,
              30.367129755872586
            ],
            [
              -81.64175839141691,
              30.366890744958575
            ],
            [
              -81.64196849478546,
              30.366759798045955
            ],
            [
              -81.64220695437425,
              30.366631460631584
            ],
            [
              -81.64260714215523,
              30.366415030328067
            ],
            [
              -81.64268792405545,
              30.366358267654586
            ],
            [
              -81.64279277451712,
              30.36626976711307
            ],
            [
              -81.64287337585597,
              30.36618551004002
            ],
            [
              -81.64303421830928,
              30.365977129495498
            ],
            [
              -81.64331583116771,
              30.36561486774701
            ],
            [
              -81.64360924609232,
              30.365209242530558
            ],
            [
              -81.6437982749843,
              30.364947793577272
            ],
            [
              -81.64389535412043,
              30.364913633929678
            ],
            [
              -81.644243120713,
              30.364743511390238
            ],
            [
              -81.644724183819,
              30.364501929868894
            ],
            [
              -81.64481320506704,
              30.364462997055234
            ],
            [
              -81.64495078025615,
              30.364409390196197
            ],
            [
              -81.64508851804037,
              30.364380528112196
            ],
            [
              -81.64529927987401,
              30.364351304826865
            ],
            [
              -81.64569231167543,
              30.364299872040547
            ],
            [
              -81.6459396565007,
              30.36427390411972
            ],
            [
              -81.64608959879635,
              30.36426285207499
            ],
            [
              -81.6463450284592,
              30.36424577988403
            ],
            [
              -81.64654397295527,
              30.364272978659237
            ],
            [
              -81.64716157998447,
              30.36442458276224
            ],
            [
              -81.64729576583002,
              30.364473409627298
            ],
            [
              -81.64745019251558,
              30.36451113872108
            ],
            [
              -81.64760034322038,
              30.364531703423467
            ],
            [
              -81.64775056668871,
              30.364548143865942
            ],
            [
              -81.6479128545313,
              30.36454596431184
            ],
            [
              -81.64809127970966,
              30.36454164318305
            ],
            [
              -81.64824927450351,
              30.3645195507793
            ],
            [
              -81.64840337869389,
              30.364508475509613
            ],
            [
              -81.648662974743,
              30.364507187308977
            ],
            [
              -81.64899578079282,
              30.364533717883525
            ],
            [
              -81.64937718659785,
              30.364552444842086
            ],
            [
              -81.6495110831859,
              30.364557279080174
            ],
            [
              -81.64960430136291,
              30.364538943543185
            ],
            [
              -81.64970141373672,
              30.36451027837048
            ],
            [
              -81.64978622907257,
              30.364450054584726
            ],
            [
              -81.64992347907156,
              30.364347639417257
            ],
            [
              -81.64999218581778,
              30.364308804203777
            ],
            [
              -81.65015006203402,
              30.36426883811496
            ],
            [
              -81.65039332491463,
              30.36424013255822
            ],
            [
              -81.65055953480176,
              30.36423174450385
            ],
            [
              -81.65072581745243,
              30.364234353466305
            ],
            [
              -81.65084364497667,
              30.364251638809773
            ],
            [
              -81.65097365185952,
              30.364282610733422
            ],
            [
              -81.6510631042989,
              30.36432409599725
            ],
            [
              -81.6511446255126,
              30.364380055306306
            ],
            [
              -81.65129958130586,
              30.364497512626894
            ],
            [
              -81.65136492206469,
              30.364563862696624
            ],
            [
              -81.65141812119411,
              30.364637147448477
            ],
            [
              -81.65146320045172,
              30.364711159954048
            ],
            [
              -81.65150828330256,
              30.364770737930225
            ],
            [
              -81.65159402390317,
              30.36486516925041
            ],
            [
              -81.65169611384195,
              30.364959519095233
            ],
            [
              -81.6517939286983,
              30.36503670533596
            ],
            [
              -81.651997636062,
              30.36516904118368
            ],
            [
              -81.65214429052372,
              30.365259731560577
            ],
            [
              -81.65231533963528,
              30.365368171274813
            ],
            [
              -81.65244159245857,
              30.365445215352736
            ],
            [
              -81.65257178888596,
              30.365504367361307
            ],
            [
              -81.65276291354749,
              30.36557696313541
            ],
            [
              -81.65291744803088,
              30.365630494171576
            ],
            [
              -81.65296932034865,
              30.365503757371183
            ],
            [
              -81.65299455222834,
              30.365379214668668
            ],
            [
              -81.65664067113444,
              30.36836480408893
            ],
            [
              -81.65662023086848,
              30.367337272085116
            ],
            [
              -81.65660768769217,
              30.366676073870664
            ],
            [
              -81.65661374593046,
              30.36636672218311
            ],
            [
              -81.65666850004364,
              30.366063998762055
            ],
            [
              -81.656739173202,
              30.36571170487896
            ],
            [
              -81.65679392641687,
              30.365408981755508
            ],
            [
              -81.65685694772563,
              30.36512752604994
            ],
            [
              -81.65698259688105,
              30.364506188992223
            ],
            [
              -81.6571313983163,
              30.36371701406919
            ],
            [
              -81.65725616263114,
              30.362963703771364
            ],
            [
              -81.65723921232005,
              30.362844184382688
            ],
            [
              -81.6573956197908,
              30.361977984179862
            ],
            [
              -81.65760023265632,
              30.361031117538378
            ],
            [
              -81.65869010020005,
              30.36145455672226
            ],
            [
              -81.65978815409096,
              30.36187107077682
            ],
            [
              -81.66061769705188,
              30.36218376345335
            ],
            [
              -81.66098367788516,
              30.36232626327701
            ],
            [
              -81.66242357128439,
              30.362916308543394
            ],
            [
              -81.66444144792396,
              30.363785914735566
            ],
            [
              -81.6650839490663,
              30.364025292106742
            ],
            [
              -81.66540934401505,
              30.364156988320858
            ],
            [
              -81.6656614840473,
              30.36425468724929
            ],
            [
              -81.66590535059579,
              30.364330431599964
            ],
            [
              -81.66629546017761,
              30.364434300081513
            ],
            [
              -81.66670176818062,
              30.364530523735773
            ],
            [
              -81.66761178491963,
              30.364736904533217
            ],
            [
              -81.66808316328856,
              30.364857536960326
            ],
            [
              -81.66839183879323,
              30.364919197507195
            ],
            [
              -81.66854605796792,
              30.364925282718122
            ],
            [
              -81.67067171896687,
              30.364950136665737
            ],
            [
              -81.67114211637549,
              30.364926412795484
            ],
            [
              -81.67260232247995,
              30.36490859586122
            ],
            [
              -81.67343788415326,
              30.36490429335053
            ],
            [
              -81.67390024972495,
              30.364894349752348
            ],
            [
              -81.67417624092633,
              30.364914234622454
            ],
            [
              -81.67446857607595,
              30.364962217948396
            ],
            [
              -81.67496438502737,
              30.365089573194187
            ],
            [
              -81.67546031345469,
              30.365248545537625
            ],
            [
              -81.67582616043899,
              30.365352510704692
            ],
            [
              -81.67621633200454,
              30.365463223634766
            ],
            [
              -81.67654159939251,
              30.36557358300198
            ],
            [
              -81.67680970967388,
              30.36562856034251
            ],
            [
              -81.67705325193056,
              30.36565548125399
            ],
            [
              -81.67733727137563,
              30.36567531868937
            ],
            [
              -81.67775113690513,
              30.365686920882162
            ],
            [
              -81.68014441680697,
              30.36567861278531
            ],
            [
              -81.68093830293932,
              30.366694550070264
            ],
            [
              -81.68248552345544,
              30.36868744169291
            ],
            [
              -81.68289463060889,
              30.36918159309621
            ],
            [
              -81.6831723941863,
              30.369454405385635
            ],
            [
              -81.68355578347146,
              30.36975484741699
            ],
            [
              -81.6847054779148,
              30.370586056879635
            ],
            [
              -81.68512930665912,
              30.370858099510563
            ],
            [
              -81.68518515402201,
              30.370724455341637
            ],
            [
              -81.68521632825733,
              30.370548323154313
            ],
            [
              -81.68519816432226,
              30.370259719275023
            ],
            [
              -81.68516296473618,
              30.369872909019726
            ],
            [
              -81.68514558862364,
              30.36971146636109
            ],
            [
              -81.68518523127712,
              30.36957034603787
            ],
            [
              -81.68520867371276,
              30.369450618484183
            ],
            [
              -81.68521488646128,
              30.369176321956463
            ],
            [
              -81.68521336741014,
              30.36895843088078
            ],
            [
              -81.68534209149877,
              30.368803095708607
            ],
            [
              -81.68564168413761,
              30.368710102822277
            ],
            [
              -81.68587652082088,
              30.368652505193662
            ],
            [
              -81.68598174947326,
              30.36860933523956
            ],
            [
              -81.68604576791196,
              30.36848252169371
            ],
            [
              -81.68606871986748,
              30.368292684721563
            ],
            [
              -81.68614903554209,
              30.368172658754823
            ],
            [
              -81.68642331455453,
              30.367945758431173
            ],
            [
              -81.68671465526916,
              30.367849369173456
            ],
            [
              -81.68793668924569,
              30.367420891835287
            ],
            [
              -81.6889970561155,
              30.367070929601695
            ],
            [
              -81.68911838437438,
              30.367020798039277
            ],
            [
              -81.68927251192095,
              30.367013111662548
            ],
            [
              -81.68936936647825,
              30.366934927139635
            ],
            [
              -81.68961958321749,
              30.3667542012451
            ],
            [
              -81.68986878486047,
              30.366429130501245
            ],
            [
              -81.69006185796785,
              30.366196464207697
            ],
            [
              -81.69015772437834,
              30.36599180639051
            ],
            [
              -81.69025304730808,
              30.365695730455954
            ],
            [
              -81.69030021425039,
              30.36548445548329
            ],
            [
              -81.69040445295931,
              30.3653010621681
            ],
            [
              -81.69055684496075,
              30.365061049248542
            ],
            [
              -81.69072538777267,
              30.364792768270146
            ],
            [
              -81.68898944738503,
              30.364826676056328
            ],
            [
              -81.68834853266749,
              30.36482249213056
            ],
            [
              -81.68831445417887,
              30.36343691456835
            ],
            [
              -81.68830160198209,
              30.362761975284787
            ],
            [
              -81.6882777175753,
              30.3616574823549
            ],
            [
              -81.68825844152595,
              30.36122522167207
            ],
            [
              -81.68824184245614,
              30.360014833074125
            ],
            [
              -81.68822081469196,
              30.359332375427964
            ],
            [
              -81.68819976716485,
              30.358632733655806
            ],
            [
              -81.68817874029901,
              30.357950275668653
            ],
            [
              -81.68816596356069,
              30.357285646749393
            ],
            [
              -81.68813652037895,
              30.356561303249002
            ],
            [
              -81.68814001572373,
              30.355900024431612
            ],
            [
              -81.68811091839336,
              30.35521073523637
            ],
            [
              -81.68638314548828,
              30.35522669199276
            ],
            [
              -81.6863346454461,
              30.35408383282975
            ],
            [
              -81.68630872545688,
              30.352698209349224
            ],
            [
              -81.68629100259464,
              30.351322853860864
            ],
            [
              -81.68847288735057,
              30.351297633659183
            ],
            [
              -81.68846786307319,
              30.350580035035957
            ],
            [
              -81.68847901116587,
              30.349865787795018
            ],
            [
              -81.68849023381871,
              30.349148102700504
            ],
            [
              -81.68850953232597,
              30.348423501273285
            ],
            [
              -81.688512632412,
              30.347705859091473
            ],
            [
              -81.68855641809559,
              30.3458517612844
            ],
            [
              -81.68671017716747,
              30.345136970973066
            ],
            [
              -81.6854983561374,
              30.34467522284944
            ],
            [
              -81.68416458701087,
              30.344154986785405
            ],
            [
              -81.68207433490551,
              30.343328675620956
            ],
            [
              -81.67976455969752,
              30.342425798481337
            ],
            [
              -81.67771494647728,
              30.341606766479135
            ],
            [
              -81.67555174847588,
              30.34077385478801
            ],
            [
              -81.67561984975757,
              30.34005931192298
            ],
            [
              -81.67569600174085,
              30.339334416821316
            ],
            [
              -81.67604898485027,
              30.336412589399384
            ],
            [
              -81.67598360456556,
              30.33515776558305
            ],
            [
              -81.67588408919839,
              30.333663221083526
            ],
            [
              -81.6759446212755,
              30.331847527847092
            ],
            [
              -81.67615859368797,
              30.331115045572925
            ],
            [
              -81.6763807749055,
              30.330410015674257
            ],
            [
              -81.67657085752131,
              30.329747769282033
            ],
            [
              -81.67664926876752,
              30.329353492550247
            ],
            [
              -81.67675929262688,
              30.328846321517897
            ],
            [
              -81.67767875245616,
              30.328110184145444
            ],
            [
              -81.67825932733608,
              30.327628755589267
            ],
            [
              -81.67858156650321,
              30.327317761469278
            ],
            [
              -81.67891946330577,
              30.32692213740976
            ],
            [
              -81.67912818955698,
              30.32661104334679
            ],
            [
              -81.67941730514465,
              30.3262087968942
            ],
            [
              -81.67972096176182,
              30.325545956052245
            ],
            [
              -81.68026348220968,
              30.324262539344293
            ],
            [
              -81.68050157618416,
              30.323501741104632
            ],
            [
              -81.681027739209,
              30.322204657875737
            ],
            [
              -81.68125103523582,
              30.32165427544008
            ],
            [
              -81.68154051823443,
              30.321308388042052
            ],
            [
              -81.68173376292003,
              30.32111010191735
            ],
            [
              -81.68197583283796,
              30.32092599578754
            ],
            [
              -81.68223424041597,
              30.32076998650263
            ],
            [
              -81.68260614384191,
              30.320613385309812
            ],
            [
              -81.68299477569506,
              30.320526808359514
            ],
            [
              -81.68346471316629,
              30.320467988192167
            ],
            [
              -81.68330833983151,
              30.320141610606775
            ],
            [
              -81.68317621202625,
              30.319797920906666
            ],
            [
              -81.68305181063077,
              30.319397137663024
            ],
            [
              -81.68267857230832,
              30.318189289407243
            ],
            [
              -81.6824541938116,
              30.317409590931568
            ],
            [
              -81.682189362381,
              30.316636977147237
            ],
            [
              -81.68174118480091,
              30.315144250807506
            ],
            [
              -81.68140941181368,
              30.31407022152105
            ],
            [
              -81.68088652045309,
              30.312338670997136
            ],
            [
              -81.68068716363028,
              30.311650260836267
            ],
            [
              -81.68009549725154,
              30.309778837565194
            ],
            [
              -81.67256404975728,
              30.309823266552705
            ],
            [
              -81.67057081390594,
              30.314586772562116
            ],
            [
              -81.6701875494866,
              30.315314615436037
            ],
            [
              -81.66972451826331,
              30.315192569502926
            ],
            [
              -81.66865245892177,
              30.314945095298715
            ],
            [
              -81.66621583440913,
              30.314351938832008
            ],
            [
              -81.66520884992511,
              30.314117852111238
            ],
            [
              -81.66429982582449,
              30.314002865530064
            ],
            [
              -81.66332656140126,
              30.31396587306908
            ],
            [
              -81.65998621823807,
              30.314024697139857
            ],
            [
              -81.65805691907879,
              30.314098342338944
            ],
            [
              -81.65669520785535,
              30.314175298046347
            ],
            [
              -81.65573855507839,
              30.31419384387039
            ],
            [
              -81.65481382303669,
              30.31414279728585
            ],
            [
              -81.65359676842178,
              30.314036151133216
            ],
            [
              -81.65294745535462,
              30.313940409821306
            ],
            [
              -81.65244365588879,
              30.3137745135177
            ],
            [
              -81.65185763272666,
              30.313439927510107
            ],
            [
              -81.65115598381105,
              30.312782155024834
            ],
            [
              -81.65060114117246,
              30.31226387517817
            ],
            [
              -81.64991593142656,
              30.311648632266827
            ],
            [
              -81.64918313073355,
              30.311173848062417
            ],
            [
              -81.64796102579008,
              30.310293176177233
            ],
            [
              -81.64750254094045,
              30.310854979081192
            ],
            [
              -81.64702008724237,
              30.31146226713293
            ],
            [
              -81.64652954691013,
              30.312090902648624
            ],
            [
              -81.64605524632158,
              30.312705020633626
            ],
            [
              -81.64248308481449,
              30.31745321307961
            ],
            [
              -81.64198840863867,
              30.317289293954193
            ],
            [
              -81.63877421050096,
              30.31608147709868
            ],
            [
              -81.6356904899633,
              30.31520632964066
            ],
            [
              -81.63238853091389,
              30.314744597021107
            ],
            [
              -81.63183948151055,
              30.31466820011015
            ],
            [
              -81.62837751544106,
              30.314796230333766
            ],
            [
              -81.62568997350327,
              30.315699280026262
            ],
            [
              -81.62390083578282,
              30.31670934938902
            ],
            [
              -81.62198411393582,
              30.317831358509636
            ],
            [
              -81.62046262386438,
              30.32062044567542
            ],
            [
              -81.61958164247199,
              30.32329512523705
            ],
            [
              -81.6184776489204,
              30.33131185688106
            ],
            [
              -81.61787227964032,
              30.337044779316276
            ],
            [
              -81.61699457979367,
              30.340276204457165
            ],
            [
              -81.61587279151465,
              30.345511129434904
            ],
            [
              -81.61564964820141,
              30.35085316975579
            ],
            [
              -81.61580302565473,
              30.35485784259004
            ],
            [
              -81.61633854642989,
              30.358415974045506
            ],
            [
              -81.61738804458305,
              30.36208303022641
            ],
            [
              -81.61895193244096,
              30.365914674384147
            ],
            [
              -81.62063688265644,
              30.368577169546175
            ],
            [
              -81.62322228884138,
              30.371568731397335
            ],
            [
              -81.624759065544,
              30.37361666857939
            ]
          ]
        ]
      },
      "properties": {
        "OBJECTID": 4,
        "DIST": 1,
        "NAME": "Urban Core",
        "DISTCODE": "1",
        "DCODE": 1,
        "PD_ID": 1,
        "CPAC": "Urban Core",
        "Chair_Name": "Bryant Shumaker",
        "ACRES": 9128.64598327,
        "planning_district": 1,
        "cpac_district": 1,
        "cpac_name": "Urban Core",
        "cpac_label": "CPAC District 1: Urban Core",
        "cpac_url": "https://www.jacksonville.gov/departments/neighborhoods/neighborhood-services-office/citizen-planning-advisory-committees-(cpacs)/cpac-district-1-urban-core",
        "source_url": "https://maps.coj.net/myneighborhood/#"
      }
    },
    {
      "type": "Feature",
      "id": 6,
      "geometry": {
        "type": "Polygon",
        "coordinates": [
          [
            [
              -81.56107027439452,
              30.3866497693246
            ],
            [
              -81.56429258970915,
              30.389027990499546
            ],
            [
              -81.56635960329645,
              30.39135615403473
            ],
            [
              -81.56804422922012,
              30.39412999656691
            ],
            [
              -81.57011144043678,
              30.39645809584867
            ],
            [
              -81.57217809649458,
              30.39867412014117
            ],
            [
              -81.57475894642437,
              30.400999891303208
            ],
            [
              -81.57772697473324,
              30.403657278643013
            ],
            [
              -81.5804351339051,
              30.405758972039084
            ],
            [
              -81.58288534992796,
              30.407639734198433
            ],
            [
              -81.58520463559988,
              30.409076300431188
            ],
            [
              -81.58777939585036,
              30.41028827550122
            ],
            [
              -81.59060695549655,
              30.410832296984026
            ],
            [
              -81.59394332271627,
              30.410594453555838
            ],
            [
              -81.59676212109349,
              30.40969144447182
            ],
            [
              -81.60021625295539,
              30.407728264679935
            ],
            [
              -81.60968871813185,
              30.403344952625638
            ],
            [
              -81.61557389057856,
              30.400201451447483
            ],
            [
              -81.62209834460567,
              30.396721264337913
            ],
            [
              -81.62529657518921,
              30.39503703388213
            ],
            [
              -81.62733883390221,
              30.39324692586148
            ],
            [
              -81.6284811603636,
              30.391238408185252
            ],
            [
              -81.62923270620165,
              30.38834229170208
            ],
            [
              -81.62925652952299,
              30.388116028671515
            ],
            [
              -81.62959562198319,
              30.38489126498932
            ],
            [
              -81.62931327430286,
              30.380886565778525
            ],
            [
              -81.6280085971168,
              30.37755491603919
            ],
            [
              -81.62555191591883,
              30.3746735074785
            ],
            [
              -81.624759065544,
              30.37361666857939
            ],
            [
              -81.62322228884138,
              30.371568731397335
            ],
            [
              -81.62063688265644,
              30.368577169546175
            ],
            [
              -81.61895193244096,
              30.365914674384147
            ],
            [
              -81.61738804458305,
              30.36208303022641
            ],
            [
              -81.61633854642989,
              30.358415974045506
            ],
            [
              -81.61580302565473,
              30.35485784259004
            ],
            [
              -81.61564964820141,
              30.35085316975579
            ],
            [
              -81.61587279151465,
              30.345511129434904
            ],
            [
              -81.61699457979367,
              30.340276204457165
            ],
            [
              -81.61787227964032,
              30.337044779316276
            ],
            [
              -81.6184776489204,
              30.33131185688106
            ],
            [
              -81.61958164247199,
              30.32329512523705
            ],
            [
              -81.62046262386438,
              30.32062044567542
            ],
            [
              -81.62198411393582,
              30.317831358509636
            ],
            [
              -81.62390083578282,
              30.31670934938902
            ],
            [
              -81.62568997350327,
              30.315699280026262
            ],
            [
              -81.62837751544106,
              30.314796230333766
            ],
            [
              -81.63183948151055,
              30.31466820011015
            ],
            [
              -81.63238853091389,
              30.314744597021107
            ],
            [
              -81.62978805010019,
              30.31048570657959
            ],
            [
              -81.62923505080452,
              30.309461408075805
            ],
            [
              -81.62891082905556,
              30.308593419388696
            ],
            [
              -81.62858676900335,
              30.307765298187054
            ],
            [
              -81.62844466900013,
              30.30689711998194
            ],
            [
              -81.62875854036038,
              30.30614498322472
            ],
            [
              -81.62807390823122,
              30.305871940172338
            ],
            [
              -81.62784347958106,
              30.305437928569994
            ],
            [
              -81.6277934003006,
              30.304727408248784
            ],
            [
              -81.62778886650337,
              30.304015981565847
            ],
            [
              -81.62787594110216,
              30.30338385226028
            ],
            [
              -81.62821169003286,
              30.302553935785536
            ],
            [
              -81.6271025482364,
              30.302012781029756
            ],
            [
              -81.62531371953641,
              30.30120472076454
            ],
            [
              -81.62339440874477,
              30.3002714659921
            ],
            [
              -81.6211340884881,
              30.299240816341158
            ],
            [
              -81.6199956930544,
              30.29871211203189
            ],
            [
              -81.61635279730355,
              30.296977159002484
            ],
            [
              -81.61519829956839,
              30.29646223550668
            ],
            [
              -81.61449955670273,
              30.296211870547832
            ],
            [
              -81.6135574530401,
              30.295948895477466
            ],
            [
              -81.61255047125098,
              30.29566559494595
            ],
            [
              -81.609610139799,
              30.294764405277466
            ],
            [
              -81.60597175448916,
              30.29372615376244
            ],
            [
              -81.6019272058051,
              30.29252813246769
            ],
            [
              -81.59942581186218,
              30.291793790188507
            ],
            [
              -81.59749295717099,
              30.291218344148476
            ],
            [
              -81.59569019649923,
              30.290719951850328
            ],
            [
              -81.594894829045,
              30.29055515804571
            ],
            [
              -81.59406697312018,
              30.29040425401882
            ],
            [
              -81.59190905182278,
              30.290146634179898
            ],
            [
              -81.58882636434771,
              30.28978728299751
            ],
            [
              -81.58614916651041,
              30.289448040906784
            ],
            [
              -81.57808566753458,
              30.28849199067701
            ],
            [
              -81.57338036573822,
              30.2878864693308
            ],
            [
              -81.57091451902942,
              30.28764359822958
            ],
            [
              -81.56692376954939,
              30.287232008297668
            ],
            [
              -81.5638741715178,
              30.286949600246118
            ],
            [
              -81.56220341558212,
              30.28679524809003
            ],
            [
              -81.56059753148469,
              30.286661219214263
            ],
            [
              -81.55878144610234,
              30.286612618061376
            ],
            [
              -81.55662480400589,
              30.28655169166431
            ],
            [
              -81.55036719992383,
              30.2866413905922
            ],
            [
              -81.54420672438525,
              30.286715952302966
            ],
            [
              -81.53566313697551,
              30.286815119344844
            ],
            [
              -81.5304591552121,
              30.28687136807575
            ],
            [
              -81.52815718187236,
              30.286922607272647
            ],
            [
              -81.5256766342339,
              30.286925718624744
            ],
            [
              -81.52105631575836,
              30.28698612196477
            ],
            [
              -81.51624130900457,
              30.287040944078168
            ],
            [
              -81.50743815968168,
              30.287124170866676
            ],
            [
              -81.5026394636385,
              30.28717774169424
            ],
            [
              -81.50075879567542,
              30.287199385352167
            ],
            [
              -81.49680327901916,
              30.28727769715828
            ],
            [
              -81.4931070466966,
              30.287333604315275
            ],
            [
              -81.48861617006361,
              30.287371754087985
            ],
            [
              -81.48594108236892,
              30.287381711764958
            ],
            [
              -81.47986155761384,
              30.287453632428125
            ],
            [
              -81.47378204902846,
              30.28751083490419
            ],
            [
              -81.4676862575802,
              30.28758156089521
            ],
            [
              -81.46178507625682,
              30.287666440239562
            ],
            [
              -81.4588669376839,
              30.287704885424073
            ],
            [
              -81.45573797170033,
              30.287736438513342
            ],
            [
              -81.45275487684755,
              30.28777497365136
            ],
            [
              -81.44834526091684,
              30.287839643581094
            ],
            [
              -81.44412983919099,
              30.28782583073302
            ],
            [
              -81.44062802295718,
              30.287887157374268
            ],
            [
              -81.43764494876565,
              30.287910913098678
            ],
            [
              -81.43271615600807,
              30.28792042469521
            ],
            [
              -81.4299764884276,
              30.28799956747215
            ],
            [
              -81.42503172901417,
              30.288050773500565
            ],
            [
              -81.42134673012423,
              30.288068186321134
            ],
            [
              -81.42147079375319,
              30.288647954376785
            ],
            [
              -81.42156926437968,
              30.289170063754053
            ],
            [
              -81.42174090907429,
              30.289900906410576
            ],
            [
              -81.42191264449872,
              30.290652371934286
            ],
            [
              -81.42218071166097,
              30.29142414725629
            ],
            [
              -81.42242464378648,
              30.29215475670779
            ],
            [
              -81.42254700510794,
              30.29263485554022
            ],
            [
              -81.42271776675862,
              30.29315672961476
            ],
            [
              -81.42288924706153,
              30.293845640405763
            ],
            [
              -81.42310903157389,
              30.294576325672097
            ],
            [
              -81.42335342543346,
              30.29541072847899
            ],
            [
              -81.42352491471951,
              30.29609963817381
            ],
            [
              -81.42364782401332,
              30.296704841224877
            ],
            [
              -81.4237474929924,
              30.297477845592123
            ],
            [
              -81.4238229119504,
              30.2982296183765
            ],
            [
              -81.42397025811488,
              30.29889798252362
            ],
            [
              -81.42416572882576,
              30.29956550368607
            ],
            [
              -81.42428874501908,
              30.300170705512148
            ],
            [
              -81.42441238643984,
              30.300943630592354
            ],
            [
              -81.42453666835941,
              30.301841661125426
            ],
            [
              -81.42461227776023,
              30.3026353640236
            ],
            [
              -81.42463948952681,
              30.30336598301866
            ],
            [
              -81.42464687278014,
              30.305078962258246
            ],
            [
              -81.42460433036491,
              30.30637485060262
            ],
            [
              -81.4246383253102,
              30.307001649682537
            ],
            [
              -81.42465661770434,
              30.30733979104547
            ],
            [
              -81.42466056220675,
              30.308254708453696
            ],
            [
              -81.42471185061959,
              30.308964626213072
            ],
            [
              -81.42476412358597,
              30.309925442522932
            ],
            [
              -81.42491365624984,
              30.311094911662753
            ],
            [
              -81.42506247295644,
              30.31209734555024
            ],
            [
              -81.42525869915049,
              30.312931898587863
            ],
            [
              -81.42559842132968,
              30.31355770265335
            ],
            [
              -81.4262270506874,
              30.31414063367007
            ],
            [
              -81.4269989936723,
              30.31447219288631
            ],
            [
              -81.42772281390742,
              30.314804592381222
            ],
            [
              -81.42863907932755,
              30.315093738249686
            ],
            [
              -81.42945917021505,
              30.315425125186554
            ],
            [
              -81.43051994402167,
              30.31571447084809
            ],
            [
              -81.43124378222309,
              30.31604616277361
            ],
            [
              -81.43196752610142,
              30.316377851249936
            ],
            [
              -81.43259602700007,
              30.316918820459293
            ],
            [
              -81.43308012281848,
              30.317502195208213
            ],
            [
              -81.43351508887567,
              30.31783551807881
            ],
            [
              -81.43424042546701,
              30.318501263992093
            ],
            [
              -81.43530447093788,
              30.319542574366807
            ],
            [
              -81.43603075794678,
              30.320417275989037
            ],
            [
              -81.43685324374282,
              30.321250408913663
            ],
            [
              -81.4371878158805,
              30.32163010993435
            ],
            [
              -81.43785154690795,
              30.322373029793976
            ],
            [
              -81.43837933498516,
              30.323280003051845
            ],
            [
              -81.43877641459525,
              30.323925513260505
            ],
            [
              -81.43892345892579,
              30.324627540940405
            ],
            [
              -81.43910728297901,
              30.325469673793428
            ],
            [
              -81.43922207150263,
              30.326999436621534
            ],
            [
              -81.43926144016997,
              30.32776437769716
            ],
            [
              -81.43917547588886,
              30.328654846810934
            ],
            [
              -81.43898318341745,
              30.32993542628358
            ],
            [
              -81.4386287306642,
              30.331170494307322
            ],
            [
              -81.43829101352473,
              30.332139481343077
            ],
            [
              -81.43808265378617,
              30.333842175216155
            ],
            [
              -81.43801536458149,
              30.334903742247974
            ],
            [
              -81.4379817406404,
              30.335450334893267
            ],
            [
              -81.43835586110846,
              30.338602858111035
            ],
            [
              -81.43857682421049,
              30.339726698090832
            ],
            [
              -81.43868871207405,
              30.34023448338868
            ],
            [
              -81.43597069838351,
              30.34026666692978
            ],
            [
              -81.43601815188839,
              30.34037006632988
            ],
            [
              -81.43473571339553,
              30.34039237894008
            ],
            [
              -81.4320742172111,
              30.340518699384404
            ],
            [
              -81.43203409665388,
              30.340303607593242
            ],
            [
              -81.42392742284888,
              30.340360671463483
            ],
            [
              -81.42325375555606,
              30.340397910574957
            ],
            [
              -81.42190677490666,
              30.3404166987491
            ],
            [
              -81.42029500325084,
              30.34043701189808
            ],
            [
              -81.41885591743706,
              30.34046156428036
            ],
            [
              -81.41715193731058,
              30.340486945431834
            ],
            [
              -81.41505664206319,
              30.34050873547619
            ],
            [
              -81.4112092861604,
              30.340522541675547
            ],
            [
              -81.41128320942346,
              30.344198337312154
            ],
            [
              -81.41334911718462,
              30.344170410420972
            ],
            [
              -81.41355647170839,
              30.34966205629221
            ],
            [
              -81.41360491874997,
              30.350251001186887
            ],
            [
              -81.41365726268327,
              30.351719114979822
            ],
            [
              -81.41367241007558,
              30.352587935453833
            ],
            [
              -81.41371045911777,
              30.35343674938799
            ],
            [
              -81.4136907069613,
              30.35420532100774
            ],
            [
              -81.41364776120251,
              30.354924473607834
            ],
            [
              -81.41356650229685,
              30.35548633289742
            ],
            [
              -81.40692390543686,
              30.35510848868261
            ],
            [
              -81.40692740886647,
              30.355332568513013
            ],
            [
              -81.40702316747912,
              30.356205951252026
            ],
            [
              -81.40709413258993,
              30.35669034453838
            ],
            [
              -81.40715320220974,
              30.357029734440395
            ],
            [
              -81.40720594499504,
              30.357228914434266
            ],
            [
              -81.40732845633516,
              30.35762309827336
            ],
            [
              -81.40748025994007,
              30.358151920287046
            ],
            [
              -81.40758557572904,
              30.358556467875747
            ],
            [
              -81.40769080797469,
              30.358940394433397
            ],
            [
              -81.40781921495802,
              30.35936961584675
            ],
            [
              -81.40792432323617,
              30.359723296801278
            ],
            [
              -81.40801289891981,
              30.360247503222176
            ],
            [
              -81.39767384785338,
              30.360369415489625
            ],
            [
              -81.39770107758628,
              30.360781082688025
            ],
            [
              -81.39769030229445,
              30.36105676154576
            ],
            [
              -81.39780291779341,
              30.362196808538144
            ],
            [
              -81.39775969086193,
              30.362484271228894
            ],
            [
              -81.39770410311216,
              30.362704407482298
            ],
            [
              -81.39767972193704,
              30.362947819586505
            ],
            [
              -81.3977383298228,
              30.363327083733466
            ],
            [
              -81.39775382216818,
              30.36402130657083
            ],
            [
              -81.39774334781197,
              30.364567130476885
            ],
            [
              -81.39776875665979,
              30.365948718195213
            ],
            [
              -81.3977514955316,
              30.36638457993067
            ],
            [
              -81.39779165471637,
              30.36842327227898
            ],
            [
              -81.3977446368944,
              30.369194672900043
            ],
            [
              -81.39777609050576,
              30.370649105014678
            ],
            [
              -81.39776119643835,
              30.37098459918461
            ],
            [
              -81.39774173264108,
              30.371414967494747
            ],
            [
              -81.39773428291245,
              30.37265917509437
            ],
            [
              -81.3976990384106,
              30.373304058961853
            ],
            [
              -81.39770306735463,
              30.374152291664355
            ],
            [
              -81.3976491756241,
              30.374940209781244
            ],
            [
              -81.39767420538288,
              30.375248086633267
            ],
            [
              -81.39746138011901,
              30.37770685681725
            ],
            [
              -81.39742895722547,
              30.379833752595527
            ],
            [
              -81.39739840372602,
              30.380169294291775
            ],
            [
              -81.39735463511045,
              30.380471880268175
            ],
            [
              -81.39728488721683,
              30.380722304171695
            ],
            [
              -81.39715985340739,
              30.381172239940252
            ],
            [
              -81.3971364154633,
              30.381307040011794
            ],
            [
              -81.39709109096565,
              30.381568387872203
            ],
            [
              -81.39702304897277,
              30.38224086551134
            ],
            [
              -81.39701085254615,
              30.382361883964734
            ],
            [
              -81.39701998661596,
              30.383248594541787
            ],
            [
              -81.39698211184695,
              30.38368589183057
            ],
            [
              -81.39694576062065,
              30.384108061977106
            ],
            [
              -81.39679029548265,
              30.384877040390503
            ],
            [
              -81.39664590477545,
              30.38559099319911
            ],
            [
              -81.39655243327353,
              30.386201682933876
            ],
            [
              -81.39633257869257,
              30.387127581588054
            ],
            [
              -81.39615012996003,
              30.387695921595057
            ],
            [
              -81.39594335574795,
              30.388671959120263
            ],
            [
              -81.39578649552628,
              30.389295213105296
            ],
            [
              -81.39529535422112,
              30.390639866010066
            ],
            [
              -81.39515558983763,
              30.39098123567431
            ],
            [
              -81.3949545917928,
              30.391475392155126
            ],
            [
              -81.3947159022353,
              30.392061772242236
            ],
            [
              -81.39382573197587,
              30.39435622629779
            ],
            [
              -81.39351199805782,
              30.395165545534727
            ],
            [
              -81.3932535716152,
              30.395778103230743
            ],
            [
              -81.39316588526368,
              30.396058823690577
            ],
            [
              -81.39315139184488,
              30.39620184519112
            ],
            [
              -81.39308789442904,
              30.396830313036784
            ],
            [
              -81.39307893014082,
              30.39691832565705
            ],
            [
              -81.39699292037645,
              30.400379881729794
            ],
            [
              -81.40056865807668,
              30.40148322664073
            ],
            [
              -81.40635302158222,
              30.403357060153724
            ],
            [
              -81.41380396475567,
              30.404668578497276
            ],
            [
              -81.42035221964623,
              30.404981739356337
            ],
            [
              -81.4253518751067,
              30.40340792539137
            ],
            [
              -81.42957825268574,
              30.401168322883542
            ],
            [
              -81.43213427048615,
              30.39860073616204
            ],
            [
              -81.43583351665649,
              30.393358776465533
            ],
            [
              -81.43889660109542,
              30.389453763289453
            ],
            [
              -81.44183510717075,
              30.38643995773371
            ],
            [
              -81.44464911932413,
              30.384315995486347
            ],
            [
              -81.44753192086871,
              30.383221449091835
            ],
            [
              -81.4506755464594,
              30.38304360742212
            ],
            [
              -81.4518949861014,
              30.383095073745046
            ],
            [
              -81.453693290231,
              30.383422227135572
            ],
            [
              -81.45587740730042,
              30.38391573292879
            ],
            [
              -81.45767677683196,
              30.38446554128653
            ],
            [
              -81.46005558397627,
              30.385403036871658
            ],
            [
              -81.46185683637665,
              30.3863425312737
            ],
            [
              -81.46340195752997,
              30.387394266180117
            ],
            [
              -81.46539917651124,
              30.389056150225166
            ],
            [
              -81.46810482668853,
              30.391216573650354
            ],
            [
              -81.46932872826254,
              30.392158030692034
            ],
            [
              -81.4710013059816,
              30.392986501881115
            ],
            [
              -81.47338034489127,
              30.39392374988689
            ],
            [
              -81.47543653198275,
              30.394416702082864
            ],
            [
              -81.47691418426834,
              30.394745386638306
            ],
            [
              -81.47928961734044,
              30.394903728065863
            ],
            [
              -81.48134275554985,
              30.394784821891946
            ],
            [
              -81.48326698461767,
              30.394555003262575
            ],
            [
              -81.485958713603,
              30.39379370160595
            ],
            [
              -81.48813823668804,
              30.39328515680892
            ],
            [
              -81.49038130479967,
              30.39266429239852
            ],
            [
              -81.49249581501098,
              30.391988883862904
            ],
            [
              -81.49794871454972,
              30.391579151207935
            ],
            [
              -81.50269948816747,
              30.391894339266702
            ],
            [
              -81.50629732711863,
              30.392659254985386
            ],
            [
              -81.5091233757985,
              30.393093698950256
            ],
            [
              -81.51169042131734,
              30.39308366833532
            ],
            [
              -81.51528194421373,
              30.392624124038758
            ],
            [
              -81.52015517527268,
              30.391826001597884
            ],
            [
              -81.52387318006278,
              30.391032335172376
            ],
            [
              -81.53002973894672,
              30.390228692606904
            ],
            [
              -81.53887598045377,
              30.388412171536267
            ],
            [
              -81.55003143572178,
              30.386473995947064
            ],
            [
              -81.55336709237412,
              30.38623719744975
            ],
            [
              -81.55695888656173,
              30.38588855252365
            ],
            [
              -81.56107027439452,
              30.3866497693246
            ]
          ]
        ]
      },
      "properties": {
        "OBJECTID": 6,
        "DIST": 2,
        "NAME": "Greater Arlington/B",
        "DISTCODE": "2",
        "DCODE": 2,
        "PD_ID": 2,
        "CPAC": "Greater Arlington/B",
        "Chair_Name": "Herbert Ramsdell",
        "ACRES": 58287.5681688,
        "planning_district": 2,
        "cpac_district": 2,
        "cpac_name": "Greater Arlington/B",
        "cpac_label": "CPAC District 2: Greater Arlington/Beaches",
        "cpac_url": "https://www.jacksonville.gov/departments/neighborhoods/neighborhood-services-office/citizen-planning-advisory-committees-(cpacs)/cpac-district-2-greater-arlington-beaches",
        "source_url": "https://maps.coj.net/myneighborhood/#"
      }
    },
    {
      "type": "Feature",
      "id": 5,
      "geometry": {
        "type": "Polygon",
        "coordinates": [
          [
            [
              -81.63238853091389,
              30.314744597021107
            ],
            [
              -81.6356904899633,
              30.31520632964066
            ],
            [
              -81.63877421050096,
              30.31608147709868
            ],
            [
              -81.64198840863867,
              30.317289293954193
            ],
            [
              -81.64248308481449,
              30.31745321307961
            ],
            [
              -81.64605524632158,
              30.312705020633626
            ],
            [
              -81.64652954691013,
              30.312090902648624
            ],
            [
              -81.64702008724237,
              30.31146226713293
            ],
            [
              -81.64750254094045,
              30.310854979081192
            ],
            [
              -81.64796102579008,
              30.310293176177233
            ],
            [
              -81.64918313073355,
              30.311173848062417
            ],
            [
              -81.64991593142656,
              30.311648632266827
            ],
            [
              -81.65060114117246,
              30.31226387517817
            ],
            [
              -81.65115598381105,
              30.312782155024834
            ],
            [
              -81.65185763272666,
              30.313439927510107
            ],
            [
              -81.65244365588879,
              30.3137745135177
            ],
            [
              -81.65294745535462,
              30.313940409821306
            ],
            [
              -81.65359676842178,
              30.314036151133216
            ],
            [
              -81.65481382303669,
              30.31414279728585
            ],
            [
              -81.65573855507839,
              30.31419384387039
            ],
            [
              -81.65669520785535,
              30.314175298046347
            ],
            [
              -81.65805691907879,
              30.314098342338944
            ],
            [
              -81.65998621823807,
              30.314024697139857
            ],
            [
              -81.66332656140126,
              30.31396587306908
            ],
            [
              -81.66429982582449,
              30.314002865530064
            ],
            [
              -81.66520884992511,
              30.314117852111238
            ],
            [
              -81.66621583440913,
              30.314351938832008
            ],
            [
              -81.66865245892177,
              30.314945095298715
            ],
            [
              -81.66972451826331,
              30.315192569502926
            ],
            [
              -81.6701875494866,
              30.315314615436037
            ],
            [
              -81.67057081390594,
              30.314586772562116
            ],
            [
              -81.67256404975728,
              30.309823266552705
            ],
            [
              -81.67334696925661,
              30.307952299312426
            ],
            [
              -81.67467208850528,
              30.304730567121013
            ],
            [
              -81.67637424684834,
              30.300592648104995
            ],
            [
              -81.67851073973297,
              30.29619399689663
            ],
            [
              -81.68016731755851,
              30.29278351913619
            ],
            [
              -81.68318063622904,
              30.285004469020205
            ],
            [
              -81.68545652249293,
              30.278958678596265
            ],
            [
              -81.68671217412235,
              30.275168711249925
            ],
            [
              -81.68744722419684,
              30.270269269352113
            ],
            [
              -81.68716139644309,
              30.266041949416888
            ],
            [
              -81.68405416160456,
              30.261607366413912
            ],
            [
              -81.67889340946758,
              30.256738621457323
            ],
            [
              -81.67553812821954,
              30.253417995439406
            ],
            [
              -81.67115323302716,
              30.24943441400544
            ],
            [
              -81.66600275851532,
              30.24590000451721
            ],
            [
              -81.66239485753466,
              30.243025056645504
            ],
            [
              -81.65827318758512,
              30.239930559110846
            ],
            [
              -81.6543947975842,
              30.23483164452888
            ],
            [
              -81.65334463647434,
              30.231053460498078
            ],
            [
              -81.65357000311789,
              30.226378731542237
            ],
            [
              -81.65482773255056,
              30.222811741284143
            ],
            [
              -81.65837527932054,
              30.216785435635828
            ],
            [
              -81.66142642335272,
              30.213209360367006
            ],
            [
              -81.66444495674347,
              30.209671186022106
            ],
            [
              -81.67116093787733,
              30.20255953529441
            ],
            [
              -81.67608859336777,
              30.197451603887554
            ],
            [
              -81.67799750166843,
              30.194996674688852
            ],
            [
              -81.67963371378818,
              30.190467876870827
            ],
            [
              -81.68127416236281,
              30.18335647890948
            ],
            [
              -81.68171642004515,
              30.181440462465943
            ],
            [
              -81.68190000873979,
              30.181200293849034
            ],
            [
              -81.69051228043782,
              30.17190216613113
            ],
            [
              -81.69043720014469,
              30.169104158359893
            ],
            [
              -81.69043698724397,
              30.162404760340472
            ],
            [
              -81.69040001348519,
              30.16110026916429
            ],
            [
              -81.69043691807369,
              30.160776996882547
            ],
            [
              -81.69211537796126,
              30.144741399706568
            ],
            [
              -81.6802556129678,
              30.121326487768552
            ],
            [
              -81.68021252797014,
              30.12124147262729
            ],
            [
              -81.65051768319098,
              30.121540397888424
            ],
            [
              -81.64222422718053,
              30.125251973441415
            ],
            [
              -81.63955377569103,
              30.12684260597175
            ],
            [
              -81.636967163967,
              30.12823343033043
            ],
            [
              -81.63428467235774,
              30.1296672864255
            ],
            [
              -81.6317438288991,
              30.13072439496307
            ],
            [
              -81.62934476384682,
              30.13140407579893
            ],
            [
              -81.62742637562495,
              30.132082104871216
            ],
            [
              -81.62593973838993,
              30.132632251887294
            ],
            [
              -81.6247393286589,
              30.132846941626575
            ],
            [
              -81.62325030100688,
              30.133021057867808
            ],
            [
              -81.62152148246281,
              30.133279469325647
            ],
            [
              -81.61950342885514,
              30.133414802725003
            ],
            [
              -81.61777199531527,
              30.133255920193506
            ],
            [
              -81.6163276157295,
              30.13288669585554
            ],
            [
              -81.6144506775715,
              30.132519480036137
            ],
            [
              -81.61276549828561,
              30.132067479231374
            ],
            [
              -81.61112760451965,
              30.13149012793936
            ],
            [
              -81.60949111212554,
              30.1311217221004
            ],
            [
              -81.60862588358997,
              30.131125734964055
            ],
            [
              -81.60708727522245,
              30.131048994066237
            ],
            [
              -81.60492298486969,
              30.130850697653408
            ],
            [
              -81.60343191265208,
              30.130689830581662
            ],
            [
              -81.60184451408657,
              30.130488143662948
            ],
            [
              -81.6004009932902,
              30.13024453572199
            ],
            [
              -81.59895571089756,
              30.129708082264397
            ],
            [
              -81.59722009120848,
              30.12883816491838
            ],
            [
              -81.59562812021817,
              30.127884396700075
            ],
            [
              -81.59423028683882,
              30.12722256725823
            ],
            [
              -81.59254528541938,
              30.126770303671623
            ],
            [
              -81.5910041689556,
              30.126276126595723
            ],
            [
              -81.58946465328968,
              30.126032141529855
            ],
            [
              -81.58807010415104,
              30.12591328464156
            ],
            [
              -81.58662902138235,
              30.12606546127616
            ],
            [
              -81.58617223704354,
              30.126046879171085
            ],
            [
              -81.5857149352751,
              30.125923811097085
            ],
            [
              -81.58520900231046,
              30.125717093620207
            ],
            [
              -81.58477547535435,
              30.125551983654876
            ],
            [
              -81.58441486464986,
              30.125532279497122
            ],
            [
              -81.5839830633574,
              30.125659996712056
            ],
            [
              -81.58352725908054,
              30.125807753522047
            ],
            [
              -81.58304704488249,
              30.12587244139309
            ],
            [
              -81.58244641511384,
              30.12591703898431
            ],
            [
              -81.58172566621867,
              30.12594154321499
            ],
            [
              -81.58100408099197,
              30.125840251304044
            ],
            [
              -81.5804023489905,
              30.12569649364136
            ],
            [
              -81.57982412589998,
              30.125448142854598
            ],
            [
              -81.57922103564579,
              30.125054168092078
            ],
            [
              -81.57883397494605,
              30.124617306073894
            ],
            [
              -81.57856649797695,
              30.12407474209867
            ],
            [
              -81.5782273614993,
              30.123617044567712
            ],
            [
              -81.57788919699881,
              30.123325695857886
            ],
            [
              -81.5774554481588,
              30.123118631063175
            ],
            [
              -81.57692565144863,
              30.122933296149693
            ],
            [
              -81.57644292017116,
              30.122580023890233
            ],
            [
              -81.576079173448,
              30.12201794199846
            ],
            [
              -81.57566799657614,
              30.121559866631944
            ],
            [
              -81.57516271219514,
              30.121457593524703
            ],
            [
              -81.57473006828293,
              30.121438865251626
            ],
            [
              -81.57434448890511,
              30.121252201603845
            ],
            [
              -81.57395782705738,
              30.12087787711719
            ],
            [
              -81.57373975383562,
              30.120565369925753
            ],
            [
              -81.57349875201457,
              30.120441313646378
            ],
            [
              -81.57306577123416,
              30.12038064950412
            ],
            [
              -81.57260947468053,
              30.120424572015857
            ],
            [
              -81.57217673195366,
              30.120405148115577
            ],
            [
              -81.5719595094365,
              30.120239052554787
            ],
            [
              -81.57188613234914,
              30.12000977635104
            ],
            [
              -81.57181287473772,
              30.119801122584658
            ],
            [
              -81.5716923271148,
              30.119739092818897
            ],
            [
              -81.5715004460718,
              30.119802482374883
            ],
            [
              -81.57133258238623,
              30.11986576699217
            ],
            [
              -81.5711884953096,
              30.11988701622403
            ],
            [
              -81.57104428965536,
              30.119887643281007
            ],
            [
              -81.57094761745604,
              30.119783576626666
            ],
            [
              -81.57087448471046,
              30.119596231507767
            ],
            [
              -81.57068118432932,
              30.119430029688054
            ],
            [
              -81.57029538396591,
              30.119202109850605
            ],
            [
              -81.56957227789145,
              30.118807923681167
            ],
            [
              -81.56872853346421,
              30.118351700639163
            ],
            [
              -81.56819782226908,
              30.11799929237358
            ],
            [
              -81.56781203268547,
              30.11777136534922
            ],
            [
              -81.56735502646278,
              30.11768947550924
            ],
            [
              -81.56699528442915,
              30.117816138324613
            ],
            [
              -81.56646720260287,
              30.117922904150156
            ],
            [
              -81.5657943204376,
              30.117925804055098
            ],
            [
              -81.56528964062278,
              30.117907354845975
            ],
            [
              -81.56492847026786,
              30.117783799526038
            ],
            [
              -81.5646149753017,
              30.1175967963967
            ],
            [
              -81.56430160340472,
              30.117431101728773
            ],
            [
              -81.564012821092,
              30.117348478078696
            ],
            [
              -81.56367626457588,
              30.117329300672967
            ],
            [
              -81.56326789134604,
              30.117351674830708
            ],
            [
              -81.56273969004381,
              30.117437803712722
            ],
            [
              -81.56218723422892,
              30.117482101290072
            ],
            [
              -81.5617064711602,
              30.11746284853727
            ],
            [
              -81.5612253370873,
              30.117360418886992
            ],
            [
              -81.56067146373087,
              30.117153810919245
            ],
            [
              -81.5601660993998,
              30.117030857643524
            ],
            [
              -81.55982942520436,
              30.11699036116855
            ],
            [
              -81.55949322262444,
              30.117033725715807
            ],
            [
              -81.55913357132066,
              30.117160366837812
            ],
            [
              -81.55867683099929,
              30.117141687480686
            ],
            [
              -81.5581954867206,
              30.117018624626485
            ],
            [
              -81.55788328083688,
              30.11704057381118
            ],
            [
              -81.55761971603083,
              30.11718811195907
            ],
            [
              -81.55735683304607,
              30.117439446378672
            ],
            [
              -81.55697341501482,
              30.117629424315393
            ],
            [
              -81.55656527355032,
              30.11769370882096
            ],
            [
              -81.5560129282282,
              30.11775860326031
            ],
            [
              -81.55507610935437,
              30.11782580779267
            ],
            [
              -81.55397164867887,
              30.11799751218135
            ],
            [
              -81.55281984499123,
              30.118294516329588
            ],
            [
              -81.55152371617343,
              30.118571493900635
            ],
            [
              -81.54991515150319,
              30.118849767558782
            ],
            [
              -81.54804263305638,
              30.119192365145533
            ],
            [
              -81.54681772536925,
              30.119322580154012
            ],
            [
              -81.54595291994016,
              30.11936811002698
            ],
            [
              -81.54508812798584,
              30.119434256708978
            ],
            [
              -81.5441511680765,
              30.119480074029866
            ],
            [
              -81.5432860320674,
              30.119483656117453
            ],
            [
              -81.5424211071624,
              30.119507853465596
            ],
            [
              -81.54150850417368,
              30.119616106241306
            ],
            [
              -81.54052351853264,
              30.11968271819455
            ],
            [
              -81.53963423221543,
              30.119644442765196
            ],
            [
              -81.53876878269428,
              30.119608813089503
            ],
            [
              -81.5385905093312,
              30.1037824970349
            ],
            [
              -81.53485268231607,
              30.103883694217387
            ],
            [
              -81.53417622216104,
              30.103902257177662
            ],
            [
              -81.53118385040631,
              30.10395219747648
            ],
            [
              -81.52938775253904,
              30.104000692256072
            ],
            [
              -81.52928716099015,
              30.104003159698703
            ],
            [
              -81.5292033697337,
              30.104005559529394
            ],
            [
              -81.52702822952894,
              30.10406448514752
            ],
            [
              -81.52593151951767,
              30.104094314368023
            ],
            [
              -81.52359503380303,
              30.10410502189257
            ],
            [
              -81.52308490570601,
              30.10410705413055
            ],
            [
              -81.51759169606552,
              30.104132247660925
            ],
            [
              -81.51714392452395,
              30.104134011005733
            ],
            [
              -81.51522852409873,
              30.10414291166118
            ],
            [
              -81.51494460257003,
              30.104144025311665
            ],
            [
              -81.51345666277783,
              30.104179407992707
            ],
            [
              -81.51264055591862,
              30.104198405321956
            ],
            [
              -81.50949688092058,
              30.10427250225379
            ],
            [
              -81.50563315950994,
              30.10432867428908
            ],
            [
              -81.50456117203362,
              30.10434448218831
            ],
            [
              -81.50385105829311,
              30.10435476925056
            ],
            [
              -81.50362376925486,
              30.10435701519818
            ],
            [
              -81.5006385831241,
              30.104389047534266
            ],
            [
              -81.49980640989604,
              30.104397715800655
            ],
            [
              -81.4954123258366,
              30.1044446055597
            ],
            [
              -81.49504530834749,
              30.10444942618254
            ],
            [
              -81.49050612211514,
              30.104512508475405
            ],
            [
              -81.49006341078356,
              30.104518972752828
            ],
            [
              -81.48897471194802,
              30.104534028347036
            ],
            [
              -81.48794599901389,
              30.104548851573277
            ],
            [
              -81.48652921747026,
              30.10456854204283
            ],
            [
              -81.48373913194447,
              30.104607029256314
            ],
            [
              -81.48271654102902,
              30.104621101752013
            ],
            [
              -81.4801836746101,
              30.10461388598453
            ],
            [
              -81.47962181523083,
              30.104648934326224
            ],
            [
              -81.47885021001248,
              30.104697118684353
            ],
            [
              -81.47874766013626,
              30.104703679315293
            ],
            [
              -81.47825871341534,
              30.104734331335724
            ],
            [
              -81.47794024268082,
              30.104765049403667
            ],
            [
              -81.47638458608584,
              30.104822256310552
            ],
            [
              -81.47521952056968,
              30.10486497106957
            ],
            [
              -81.47414980762767,
              30.104904581912336
            ],
            [
              -81.47372186370104,
              30.104920562244498
            ],
            [
              -81.47255778453506,
              30.104963249761138
            ],
            [
              -81.47182125673194,
              30.104990643932297
            ],
            [
              -81.47071334652573,
              30.10499943027108
            ],
            [
              -81.46866749814482,
              30.105014994041237
            ],
            [
              -81.46711892925747,
              30.10502669542712
            ],
            [
              -81.46572501971932,
              30.105037144063367
            ],
            [
              -81.46544040469121,
              30.10503883978093
            ],
            [
              -81.45995516580223,
              30.105076031320834
            ],
            [
              -81.45947389069381,
              30.105079090916337
            ],
            [
              -81.45889557148358,
              30.105083174003575
            ],
            [
              -81.45561331967488,
              30.10510559678599
            ],
            [
              -81.45302263588766,
              30.105122804964417
            ],
            [
              -81.45197519577479,
              30.10512984972434
            ],
            [
              -81.44656534350447,
              30.105166223680705
            ],
            [
              -81.4345804297172,
              30.105304029601566
            ],
            [
              -81.43396126680594,
              30.105483430746258
            ],
            [
              -81.43393303634983,
              30.105785301624326
            ],
            [
              -81.4345889574242,
              30.137794195878925
            ],
            [
              -81.43580999516908,
              30.193976684791032
            ],
            [
              -81.43596302227942,
              30.20937693348102
            ],
            [
              -81.436268036251,
              30.223975809159974
            ],
            [
              -81.43632895460367,
              30.224685700088457
            ],
            [
              -81.43642001862064,
              30.227001275799307
            ],
            [
              -81.43648103309306,
              30.230286196583418
            ],
            [
              -81.43677801253273,
              30.236805269361216
            ],
            [
              -81.43669995522272,
              30.236899704489293
            ],
            [
              -81.43674289020174,
              30.237098222154522
            ],
            [
              -81.43719802433539,
              30.249287173893578
            ],
            [
              -81.43719798121627,
              30.25209385252381
            ],
            [
              -81.43700459100359,
              30.25209518488164
            ],
            [
              -81.43700211345003,
              30.25231791264186
            ],
            [
              -81.4343468830147,
              30.25235424006063
            ],
            [
              -81.43359259192512,
              30.252330617734202
            ],
            [
              -81.43245164886929,
              30.252293832479435
            ],
            [
              -81.43149936459953,
              30.252259853150196
            ],
            [
              -81.43076579674526,
              30.252244394875564
            ],
            [
              -81.43029319936248,
              30.25224594760932
            ],
            [
              -81.43003902105285,
              30.25224334575206
            ],
            [
              -81.43000582291322,
              30.253074528173578
            ],
            [
              -81.42991244034448,
              30.253722371386665
            ],
            [
              -81.4296510485631,
              30.25449656093343
            ],
            [
              -81.42929307980384,
              30.25518651520276
            ],
            [
              -81.42898322211627,
              30.255856376048534
            ],
            [
              -81.42869767373858,
              30.256609332905747
            ],
            [
              -81.42843618224421,
              30.25734158815749
            ],
            [
              -81.42819936387745,
              30.258240801488853
            ],
            [
              -81.42743835249124,
              30.26033231199472
            ],
            [
              -81.42705656849549,
              30.261085579041495
            ],
            [
              -81.42643388239168,
              30.261777075299623
            ],
            [
              -81.42581136427283,
              30.26250981264883
            ],
            [
              -81.42545388599373,
              30.263326236863563
            ],
            [
              -81.42504819333668,
              30.264142129016214
            ],
            [
              -81.42447429922754,
              30.265000496829753
            ],
            [
              -81.42380435994315,
              30.265901104876995
            ],
            [
              -81.42306268389513,
              30.266927049275097
            ],
            [
              -81.42258506133666,
              30.267805719394534
            ],
            [
              -81.42239539104757,
              30.268475176066882
            ],
            [
              -81.42232644714613,
              30.2692274193757
            ],
            [
              -81.42230659348004,
              30.27020909700694
            ],
            [
              -81.42223915784997,
              30.271337345228023
            ],
            [
              -81.42217155154002,
              30.2724030401295
            ],
            [
              -81.42205564641048,
              30.27344826842059
            ],
            [
              -81.4219154113098,
              30.274430333636698
            ],
            [
              -81.4218474447754,
              30.275412852952492
            ],
            [
              -81.42180370939747,
              30.27643653815174
            ],
            [
              -81.4217596066086,
              30.27739767084932
            ],
            [
              -81.42169145412295,
              30.278337571322044
            ],
            [
              -81.4215758957431,
              30.279466660128094
            ],
            [
              -81.42148439694154,
              30.280573674247847
            ],
            [
              -81.42143994201307,
              30.28143032206222
            ],
            [
              -81.42129915714341,
              30.282287279676144
            ],
            [
              -81.42108699932781,
              30.283332815389077
            ],
            [
              -81.42102333392701,
              30.285349173564644
            ],
            [
              -81.4210514161611,
              30.28626814058488
            ],
            [
              -81.42127429177634,
              30.287729529367386
            ],
            [
              -81.42134673012423,
              30.288068186321134
            ],
            [
              -81.42503172901417,
              30.288050773500565
            ],
            [
              -81.4299764884276,
              30.28799956747215
            ],
            [
              -81.43271615600807,
              30.28792042469521
            ],
            [
              -81.43764494876565,
              30.287910913098678
            ],
            [
              -81.44062802295718,
              30.287887157374268
            ],
            [
              -81.44412983919099,
              30.28782583073302
            ],
            [
              -81.44834526091684,
              30.287839643581094
            ],
            [
              -81.45275487684755,
              30.28777497365136
            ],
            [
              -81.45573797170033,
              30.287736438513342
            ],
            [
              -81.4588669376839,
              30.287704885424073
            ],
            [
              -81.46178507625682,
              30.287666440239562
            ],
            [
              -81.4676862575802,
              30.28758156089521
            ],
            [
              -81.47378204902846,
              30.28751083490419
            ],
            [
              -81.47986155761384,
              30.287453632428125
            ],
            [
              -81.48594108236892,
              30.287381711764958
            ],
            [
              -81.48861617006361,
              30.287371754087985
            ],
            [
              -81.4931070466966,
              30.287333604315275
            ],
            [
              -81.49680327901916,
              30.28727769715828
            ],
            [
              -81.50075879567542,
              30.287199385352167
            ],
            [
              -81.5026394636385,
              30.28717774169424
            ],
            [
              -81.50743815968168,
              30.287124170866676
            ],
            [
              -81.51624130900457,
              30.287040944078168
            ],
            [
              -81.52105631575836,
              30.28698612196477
            ],
            [
              -81.5256766342339,
              30.286925718624744
            ],
            [
              -81.52815718187236,
              30.286922607272647
            ],
            [
              -81.5304591552121,
              30.28687136807575
            ],
            [
              -81.53566313697551,
              30.286815119344844
            ],
            [
              -81.54420672438525,
              30.286715952302966
            ],
            [
              -81.55036719992383,
              30.2866413905922
            ],
            [
              -81.55662480400589,
              30.28655169166431
            ],
            [
              -81.55878144610234,
              30.286612618061376
            ],
            [
              -81.56059753148469,
              30.286661219214263
            ],
            [
              -81.56220341558212,
              30.28679524809003
            ],
            [
              -81.5638741715178,
              30.286949600246118
            ],
            [
              -81.56692376954939,
              30.287232008297668
            ],
            [
              -81.57091451902942,
              30.28764359822958
            ],
            [
              -81.57338036573822,
              30.2878864693308
            ],
            [
              -81.57808566753458,
              30.28849199067701
            ],
            [
              -81.58614916651041,
              30.289448040906784
            ],
            [
              -81.58882636434771,
              30.28978728299751
            ],
            [
              -81.59190905182278,
              30.290146634179898
            ],
            [
              -81.59406697312018,
              30.29040425401882
            ],
            [
              -81.594894829045,
              30.29055515804571
            ],
            [
              -81.59569019649923,
              30.290719951850328
            ],
            [
              -81.59749295717099,
              30.291218344148476
            ],
            [
              -81.59942581186218,
              30.291793790188507
            ],
            [
              -81.6019272058051,
              30.29252813246769
            ],
            [
              -81.60597175448916,
              30.29372615376244
            ],
            [
              -81.609610139799,
              30.294764405277466
            ],
            [
              -81.61255047125098,
              30.29566559494595
            ],
            [
              -81.6135574530401,
              30.295948895477466
            ],
            [
              -81.61449955670273,
              30.296211870547832
            ],
            [
              -81.61519829956839,
              30.29646223550668
            ],
            [
              -81.61635279730355,
              30.296977159002484
            ],
            [
              -81.6199956930544,
              30.29871211203189
            ],
            [
              -81.6211340884881,
              30.299240816341158
            ],
            [
              -81.62339440874477,
              30.3002714659921
            ],
            [
              -81.62531371953641,
              30.30120472076454
            ],
            [
              -81.6271025482364,
              30.302012781029756
            ],
            [
              -81.62821169003286,
              30.302553935785536
            ],
            [
              -81.62787594110216,
              30.30338385226028
            ],
            [
              -81.62778886650337,
              30.304015981565847
            ],
            [
              -81.6277934003006,
              30.304727408248784
            ],
            [
              -81.62784347958106,
              30.305437928569994
            ],
            [
              -81.62807390823122,
              30.305871940172338
            ],
            [
              -81.62875854036038,
              30.30614498322472
            ],
            [
              -81.62844466900013,
              30.30689711998194
            ],
            [
              -81.62858676900335,
              30.307765298187054
            ],
            [
              -81.62891082905556,
              30.308593419388696
            ],
            [
              -81.62923505080452,
              30.309461408075805
            ],
            [
              -81.62978805010019,
              30.31048570657959
            ],
            [
              -81.63238853091389,
              30.314744597021107
            ]
          ]
        ]
      },
      "properties": {
        "OBJECTID": 5,
        "DIST": 3,
        "NAME": "Southeast",
        "DISTCODE": "3",
        "DCODE": 3,
        "PD_ID": 3,
        "CPAC": "Southeast",
        "Chair_Name": "Joanne Parker Griffin",
        "ACRES": 114777.012001,
        "planning_district": 3,
        "cpac_district": 3,
        "cpac_name": "Southeast",
        "cpac_label": "CPAC District 3: Southeast",
        "cpac_url": "https://www.jacksonville.gov/departments/neighborhoods/neighborhood-services-office/citizen-planning-advisory-committees-(cpacs)/cpac-district-3-southeast",
        "source_url": "https://maps.coj.net/myneighborhood/#"
      }
    },
    {
      "type": "Feature",
      "id": 3,
      "geometry": {
        "type": "Polygon",
        "coordinates": [
          [
            [
              -81.90418222386373,
              30.335528455415567
            ],
            [
              -81.9043606903646,
              30.33570868541519
            ],
            [
              -81.90458202087756,
              30.33591817555648
            ],
            [
              -81.90480313848981,
              30.336115294314855
            ],
            [
              -81.90500088014173,
              30.33636618844219
            ],
            [
              -81.90528555984852,
              30.3367319582299
            ],
            [
              -81.90539186288599,
              30.336884504367912
            ],
            [
              -81.90554772957093,
              30.33723466839746
            ],
            [
              -81.90569874984492,
              30.337585552982485
            ],
            [
              -81.9058228332368,
              30.337861701125963
            ],
            [
              -81.90585701054009,
              30.337948072029157
            ],
            [
              -81.90591175387351,
              30.338191707761307
            ],
            [
              -81.90604019768777,
              30.33868297017729
            ],
            [
              -81.90622958410924,
              30.339058333304738
            ],
            [
              -81.90662068363449,
              30.33984540375958
            ],
            [
              -81.90686363749467,
              30.340335871740926
            ],
            [
              -81.90744920251598,
              30.34153125882437
            ],
            [
              -81.90821923388594,
              30.343080729046413
            ],
            [
              -81.90889715200669,
              30.34445761908045
            ],
            [
              -81.9095070604739,
              30.345698192624614
            ],
            [
              -81.91023365470662,
              30.347181964556544
            ],
            [
              -81.91098452770652,
              30.348706804317718
            ],
            [
              -81.91173060819439,
              30.35023579634183
            ],
            [
              -81.91238908677238,
              30.351567434595694
            ],
            [
              -81.91306704172403,
              30.352935363500208
            ],
            [
              -81.91391793584263,
              30.35469112647951
            ],
            [
              -81.91435540101295,
              30.355581637486274
            ],
            [
              -81.9153277320866,
              30.35758467741822
            ],
            [
              -81.9155600741483,
              30.35794735183065
            ],
            [
              -81.91594713664466,
              30.358539894652633
            ],
            [
              -81.91623741465231,
              30.35898464531744
            ],
            [
              -81.91652877243493,
              30.35954486359176
            ],
            [
              -81.91676071025478,
              30.35987385765904
            ],
            [
              -81.91743715424013,
              30.360812171203634
            ],
            [
              -81.91762987700456,
              30.36102596222704
            ],
            [
              -81.9188162945767,
              30.36244046373912
            ],
            [
              -81.92012492884157,
              30.363655446551157
            ],
            [
              -81.92097157842043,
              30.36442688788376
            ],
            [
              -81.92172102220071,
              30.36501685846997
            ],
            [
              -81.92206690412783,
              30.36527905209488
            ],
            [
              -81.92285321117413,
              30.365720286576682
            ],
            [
              -81.9242351201184,
              30.36660408889574
            ],
            [
              -81.92750831780735,
              30.36878113680228
            ],
            [
              -81.93175140494901,
              30.371612427068197
            ],
            [
              -81.9327884794018,
              30.372332941287933
            ],
            [
              -81.93532764121422,
              30.37404762051476
            ],
            [
              -81.93559996818756,
              30.373800284228533
            ],
            [
              -81.93839996482586,
              30.37139988761993
            ],
            [
              -81.943729961359,
              30.366890244262223
            ],
            [
              -81.94620003014967,
              30.364800001394805
            ],
            [
              -81.94636400323174,
              30.364655155879245
            ],
            [
              -81.95201298523406,
              30.35964316165142
            ],
            [
              -81.95240002527254,
              30.359300100490223
            ],
            [
              -81.95503598055681,
              30.356772699817018
            ],
            [
              -81.95711999386256,
              30.3549497068276
            ],
            [
              -81.95822199674747,
              30.353986206685985
            ],
            [
              -81.96160703558759,
              30.35102495909695
            ],
            [
              -81.96307699919267,
              30.349739090259835
            ],
            [
              -81.96464904105841,
              30.348319791765746
            ],
            [
              -81.96667803345129,
              30.346569227905512
            ],
            [
              -81.97430795336871,
              30.33975174683476
            ],
            [
              -81.9745999561417,
              30.339500059734966
            ],
            [
              -81.97759999411906,
              30.33670005418936
            ],
            [
              -82.00849998724235,
              30.30869966508507
            ],
            [
              -82.0122000176419,
              30.305399961876688
            ],
            [
              -82.01579997302389,
              30.302300266108954
            ],
            [
              -82.0241999674304,
              30.294999674530047
            ],
            [
              -82.02490002722627,
              30.294499984401636
            ],
            [
              -82.03829995916425,
              30.282699685484502
            ],
            [
              -82.04335499037207,
              30.27832777331214
            ],
            [
              -82.04932973653074,
              30.27316059171337
            ],
            [
              -82.04931689331711,
              30.27222313980587
            ],
            [
              -82.04931532755357,
              30.272113175644385
            ],
            [
              -82.04910148360018,
              30.2565634311264
            ],
            [
              -82.0490815176447,
              30.255113264960332
            ],
            [
              -82.04901465244482,
              30.250245927777016
            ],
            [
              -82.04892808629248,
              30.24395110005814
            ],
            [
              -82.04891995653917,
              30.243362785238368
            ],
            [
              -82.04889726419675,
              30.242866006268297
            ],
            [
              -82.04886212659443,
              30.242101256629876
            ],
            [
              -82.04881741205284,
              30.24112418881329
            ],
            [
              -82.04881316841144,
              30.24103211698903
            ],
            [
              -82.04882048069784,
              30.240770174470438
            ],
            [
              -82.0488375459933,
              30.24015003941197
            ],
            [
              -82.04885142765937,
              30.239649529890993
            ],
            [
              -82.04889008396269,
              30.238248381017023
            ],
            [
              -82.0489033790289,
              30.237767122896354
            ],
            [
              -82.04891966907824,
              30.237176549866614
            ],
            [
              -82.04902935517107,
              30.22919472945847
            ],
            [
              -82.04904569911935,
              30.22800340216635
            ],
            [
              -82.04907212306344,
              30.226084078784694
            ],
            [
              -82.04914118105091,
              30.219093059236855
            ],
            [
              -82.04915555140052,
              30.21764123633706
            ],
            [
              -82.0492125153693,
              30.211877934424823
            ],
            [
              -82.04924969933386,
              30.208128760279134
            ],
            [
              -82.04927824330201,
              30.205234046079852
            ],
            [
              -82.04928314091694,
              30.20474460433289
            ],
            [
              -82.0492958871125,
              30.203456383431725
            ],
            [
              -82.04931522514563,
              30.201502741074737
            ],
            [
              -82.04931586564443,
              30.20143262467228
            ],
            [
              -82.04934610832679,
              30.19382944937466
            ],
            [
              -82.04949861980414,
              30.188876454135627
            ],
            [
              -82.04947332324573,
              30.188291021412184
            ],
            [
              -82.04941461834193,
              30.186933258279158
            ],
            [
              -82.04452733673362,
              30.186940654387055
            ],
            [
              -82.04350183078505,
              30.186941944144
            ],
            [
              -82.03487663233007,
              30.18691268195466
            ],
            [
              -82.03291621642765,
              30.18690614076514
            ],
            [
              -82.03109594759103,
              30.18689984261796
            ],
            [
              -82.02939161891823,
              30.186905670209466
            ],
            [
              -82.02591412277411,
              30.18691710952594
            ],
            [
              -82.02508030562906,
              30.186920192208756
            ],
            [
              -82.02477025660033,
              30.186921240476234
            ],
            [
              -82.02221825606587,
              30.186929470539933
            ],
            [
              -82.02089013285091,
              30.186933629443466
            ],
            [
              -82.02057009545453,
              30.186934746042233
            ],
            [
              -82.02030781164608,
              30.18693541149782
            ],
            [
              -82.02023156084813,
              30.18683977298047
            ],
            [
              -82.0200659968497,
              30.186830062909593
            ],
            [
              -82.0194601451743,
              30.186794219112304
            ],
            [
              -82.01887547936659,
              30.186760269951364
            ],
            [
              -82.0185300043763,
              30.186740270527118
            ],
            [
              -82.01591346168532,
              30.186646461246152
            ],
            [
              -82.01582137628385,
              30.18664579967111
            ],
            [
              -82.01572988466879,
              30.186645133437064
            ],
            [
              -82.01394768912886,
              30.186638303372977
            ],
            [
              -82.01227949698499,
              30.186638129437743
            ],
            [
              -82.01142696074606,
              30.18663852079207
            ],
            [
              -82.01095394744333,
              30.186622920973708
            ],
            [
              -82.01018536775085,
              30.186593100388247
            ],
            [
              -82.00837186951652,
              30.18652319699951
            ],
            [
              -82.00756945388056,
              30.186492245803112
            ],
            [
              -82.00613194011851,
              30.18643729381688
            ],
            [
              -82.00346190365067,
              30.186479745741195
            ],
            [
              -82.00322646958774,
              30.18648498399569
            ],
            [
              -82.00306509353516,
              30.186488280228886
            ],
            [
              -82.00278277639755,
              30.186493188471392
            ],
            [
              -82.0027062318505,
              30.186493773950723
            ],
            [
              -82.00246336692356,
              30.186497692934836
            ],
            [
              -82.00200551808112,
              30.186504628612344
            ],
            [
              -82.00145886807792,
              30.186512927819162
            ],
            [
              -82.00114796295472,
              30.186517363173405
            ],
            [
              -81.9998304811826,
              30.186537037290478
            ],
            [
              -81.99950583632712,
              30.186542260788507
            ],
            [
              -81.99812072309223,
              30.186563807811886
            ],
            [
              -81.99786608843843,
              30.186567807548958
            ],
            [
              -81.99736898411639,
              30.186575713066414
            ],
            [
              -81.99593877275927,
              30.18659757922274
            ],
            [
              -81.99544495447456,
              30.186597891374543
            ],
            [
              -81.99411540114166,
              30.186597665413917
            ],
            [
              -81.99321344768065,
              30.186631306361654
            ],
            [
              -81.99252613318203,
              30.186657131084772
            ],
            [
              -81.99120786089247,
              30.186706968168828
            ],
            [
              -81.99045311884865,
              30.186735352978985
            ],
            [
              -81.9880972322188,
              30.18671394343287
            ],
            [
              -81.98646329373504,
              30.186698060981882
            ],
            [
              -81.9861359934596,
              30.1866950233289
            ],
            [
              -81.98486694255939,
              30.18668256367051
            ],
            [
              -81.98406565251248,
              30.186674830543787
            ],
            [
              -81.98310610087209,
              30.18666552967029
            ],
            [
              -81.98129223702342,
              30.186647494763093
            ],
            [
              -81.98092388823106,
              30.186644064201282
            ],
            [
              -81.97954207540653,
              30.186630333411326
            ],
            [
              -81.97866917076685,
              30.186621728274712
            ],
            [
              -81.97822831715128,
              30.186617455989484
            ],
            [
              -81.97781357935763,
              30.18661367522654
            ],
            [
              -81.97658023649,
              30.186601555663476
            ],
            [
              -81.9763609433561,
              30.18659906466137
            ],
            [
              -81.9753146467986,
              30.186588977189242
            ],
            [
              -81.97510554774655,
              30.186587095736943
            ],
            [
              -81.97391810609497,
              30.18657598484036
            ],
            [
              -81.97338309017299,
              30.186571020694235
            ],
            [
              -81.97240167533519,
              30.186561116472554
            ],
            [
              -81.970226687844,
              30.18654010600823
            ],
            [
              -81.96996063829789,
              30.186540012052077
            ],
            [
              -81.96686229318743,
              30.186539518976204
            ],
            [
              -81.96428219604581,
              30.186538580190863
            ],
            [
              -81.96372616134283,
              30.186538542918996
            ],
            [
              -81.96342817219679,
              30.186529047131707
            ],
            [
              -81.96192933404355,
              30.186482308960635
            ],
            [
              -81.96020532867277,
              30.186428954225782
            ],
            [
              -81.95979693208672,
              30.18641613423846
            ],
            [
              -81.95576059400436,
              30.186334255556947
            ],
            [
              -81.95551681459243,
              30.186336032186674
            ],
            [
              -81.9527742104193,
              30.18635460992365
            ],
            [
              -81.95261726216276,
              30.18635574982394
            ],
            [
              -81.95122350354157,
              30.186385112347075
            ],
            [
              -81.95042472428587,
              30.186401901022272
            ],
            [
              -81.9497418312951,
              30.186415784037685
            ],
            [
              -81.9488023408316,
              30.18643564375819
            ],
            [
              -81.94872611788144,
              30.18643894465206
            ],
            [
              -81.94643587653931,
              30.1865077322735
            ],
            [
              -81.94170696342401,
              30.186649002719385
            ],
            [
              -81.93981475839776,
              30.18669281963275
            ],
            [
              -81.93853275199453,
              30.186743242953046
            ],
            [
              -81.93689951419668,
              30.18673911044233
            ],
            [
              -81.93614219308967,
              30.18673764441819
            ],
            [
              -81.93593864382945,
              30.186737034868997
            ],
            [
              -81.93295438116678,
              30.18679610289011
            ],
            [
              -81.93048283734244,
              30.186845280659572
            ],
            [
              -81.93011073179557,
              30.186852731905223
            ],
            [
              -81.92889206739966,
              30.186877178292107
            ],
            [
              -81.9238686667713,
              30.186976586651422
            ],
            [
              -81.92109413557466,
              30.18694798449244
            ],
            [
              -81.92022923941573,
              30.186939621649707
            ],
            [
              -81.91868919554041,
              30.186971039378435
            ],
            [
              -81.91783274354516,
              30.186988033724596
            ],
            [
              -81.91707052661984,
              30.187002988995292
            ],
            [
              -81.91692557716055,
              30.187039745872937
            ],
            [
              -81.9135321031399,
              30.18712941529654
            ],
            [
              -81.91312600803762,
              30.18713018091839
            ],
            [
              -81.9107378790756,
              30.18713235121559
            ],
            [
              -81.90798914300234,
              30.18718852811891
            ],
            [
              -81.9077634817114,
              30.18719283998044
            ],
            [
              -81.90386132677963,
              30.187272031287264
            ],
            [
              -81.90341604267307,
              30.187281285513997
            ],
            [
              -81.90129245049425,
              30.187324078730697
            ],
            [
              -81.9012140365531,
              30.187325992781517
            ],
            [
              -81.89072510517477,
              30.18753924809396
            ],
            [
              -81.89065639483532,
              30.18754246431351
            ],
            [
              -81.88718754407748,
              30.187614779530033
            ],
            [
              -81.88628193447327,
              30.187633275494452
            ],
            [
              -81.8848881183599,
              30.18766193336156
            ],
            [
              -81.88445726838331,
              30.18767102604212
            ],
            [
              -81.88343922653644,
              30.187692322789342
            ],
            [
              -81.88222261838423,
              30.187717696871168
            ],
            [
              -81.87482454286187,
              30.18787035975117
            ],
            [
              -81.87169415125194,
              30.187935195610226
            ],
            [
              -81.87142191590677,
              30.187941129519125
            ],
            [
              -81.86960577482888,
              30.18798274141385
            ],
            [
              -81.86877157320491,
              30.1880020176775
            ],
            [
              -81.86841567955395,
              30.18800987338471
            ],
            [
              -81.8680496052959,
              30.1880184838355
            ],
            [
              -81.8656574617629,
              30.18807485047228
            ],
            [
              -81.85713863282068,
              30.188275839603794
            ],
            [
              -81.85623965547819,
              30.188296834168156
            ],
            [
              -81.85318703371736,
              30.18836896946322
            ],
            [
              -81.85279976820175,
              30.188420979832326
            ],
            [
              -81.85241626033897,
              30.18847296455003
            ],
            [
              -81.85136833872912,
              30.188483895865282
            ],
            [
              -81.85117192748213,
              30.18848585803547
            ],
            [
              -81.85041130147319,
              30.188493541325062
            ],
            [
              -81.84917656082696,
              30.188506354053647
            ],
            [
              -81.84767340716711,
              30.188521576980033
            ],
            [
              -81.84647545612503,
              30.188534125701178
            ],
            [
              -81.84436378369169,
              30.188555986763888
            ],
            [
              -81.84307662185705,
              30.188569079017633
            ],
            [
              -81.83364686079257,
              30.188666476137417
            ],
            [
              -81.83318668800851,
              30.188671462695915
            ],
            [
              -81.83139988590779,
              30.188689675823035
            ],
            [
              -81.83079106260544,
              30.18869559570981
            ],
            [
              -81.82969516467122,
              30.188706657449
            ],
            [
              -81.82652111853174,
              30.188740446760594
            ],
            [
              -81.8260261530984,
              30.18874837695105
            ],
            [
              -81.8250244659796,
              30.188765680029544
            ],
            [
              -81.8230577690567,
              30.18879865867619
            ],
            [
              -81.82083107992767,
              30.188835985595986
            ],
            [
              -81.82013328747959,
              30.1888479115408
            ],
            [
              -81.81973326229368,
              30.188854537237596
            ],
            [
              -81.81890275364384,
              30.188868661392306
            ],
            [
              -81.81832590677234,
              30.18887844813365
            ],
            [
              -81.81774055465173,
              30.188888286121575
            ],
            [
              -81.81570196016678,
              30.188922977639017
            ],
            [
              -81.8148950825988,
              30.188936242222237
            ],
            [
              -81.81367740185811,
              30.188956863159728
            ],
            [
              -81.80961612025526,
              30.18902530193712
            ],
            [
              -81.80501209452402,
              30.189102447306116
            ],
            [
              -81.80448656840471,
              30.189111171026987
            ],
            [
              -81.80310492266682,
              30.189135449134312
            ],
            [
              -81.80282330711344,
              30.189132361862004
            ],
            [
              -81.80092323284529,
              30.189113733401516
            ],
            [
              -81.79942033161201,
              30.189089908751583
            ],
            [
              -81.79897777209572,
              30.18908435693875
            ],
            [
              -81.7981143087497,
              30.189072429469636
            ],
            [
              -81.79773406356803,
              30.189067181258558
            ],
            [
              -81.7947271274276,
              30.1890874993425
            ],
            [
              -81.79405676683334,
              30.189092246724687
            ],
            [
              -81.7923703900932,
              30.189105196035374
            ],
            [
              -81.78727392139793,
              30.189138638125023
            ],
            [
              -81.7871977658214,
              30.18913909469348
            ],
            [
              -81.78518173971132,
              30.18915393006013
            ],
            [
              -81.78261334043134,
              30.189172718467187
            ],
            [
              -81.78214810384402,
              30.18917618077647
            ],
            [
              -81.78065101560895,
              30.189187162484636
            ],
            [
              -81.7797261784644,
              30.189194038960522
            ],
            [
              -81.77686433281876,
              30.189215146694718
            ],
            [
              -81.77553933484268,
              30.1892250506495
            ],
            [
              -81.77341846815243,
              30.189241011893525
            ],
            [
              -81.77328356904452,
              30.189242494962865
            ],
            [
              -81.77119589151074,
              30.18926578613695
            ],
            [
              -81.76986657712973,
              30.189280470071765
            ],
            [
              -81.76872052535487,
              30.18929337898096
            ],
            [
              -81.76452201890581,
              30.1893399170404
            ],
            [
              -81.74982201634256,
              30.18934092257594
            ],
            [
              -81.74001529793037,
              30.189340257136614
            ],
            [
              -81.73961753021075,
              30.189332877514882
            ],
            [
              -81.73920651413735,
              30.189326258838552
            ],
            [
              -81.73892439193415,
              30.189321662103897
            ],
            [
              -81.73830630879787,
              30.189745827996713
            ],
            [
              -81.73436922557124,
              30.192825460847455
            ],
            [
              -81.73362342176448,
              30.193371988543035
            ],
            [
              -81.7334920862733,
              30.19346827059965
            ],
            [
              -81.73177531683214,
              30.192955442788996
            ],
            [
              -81.72880945795471,
              30.192060473510914
            ],
            [
              -81.7258090525664,
              30.191154630304236
            ],
            [
              -81.72539677166507,
              30.191030430627773
            ],
            [
              -81.72352872952332,
              30.19104212492117
            ],
            [
              -81.72173437259109,
              30.191053386723905
            ],
            [
              -81.71101485086585,
              30.191197177252814
            ],
            [
              -81.70908461656035,
              30.191213127306806
            ],
            [
              -81.7082146880392,
              30.191198581093683
            ],
            [
              -81.70774171156738,
              30.190785947289044
            ],
            [
              -81.7066142423425,
              30.189804238094826
            ],
            [
              -81.70467435294432,
              30.189724627199563
            ],
            [
              -81.70370812592303,
              30.189143465481887
            ],
            [
              -81.70393500622782,
              30.189613802023757
            ],
            [
              -81.7027903899608,
              30.19123875904281
            ],
            [
              -81.70262218491541,
              30.191481623894486
            ],
            [
              -81.70186667660865,
              30.19140868103254
            ],
            [
              -81.70061535396059,
              30.191437368859447
            ],
            [
              -81.69969988175286,
              30.19145875330857
            ],
            [
              -81.6989138648624,
              30.19158942577195
            ],
            [
              -81.69731954477761,
              30.191496177830324
            ],
            [
              -81.6957323240785,
              30.191427619642454
            ],
            [
              -81.6943133614254,
              30.19138839603872
            ],
            [
              -81.69181471093734,
              30.19124006271972
            ],
            [
              -81.69150567341163,
              30.191220383330418
            ],
            [
              -81.67963371378818,
              30.190467876870827
            ],
            [
              -81.67799750166843,
              30.194996674688852
            ],
            [
              -81.67608859336777,
              30.197451603887554
            ],
            [
              -81.67116093787733,
              30.20255953529441
            ],
            [
              -81.66444495674347,
              30.209671186022106
            ],
            [
              -81.66142642335272,
              30.213209360367006
            ],
            [
              -81.65837527932054,
              30.216785435635828
            ],
            [
              -81.65482773255056,
              30.222811741284143
            ],
            [
              -81.65357000311789,
              30.226378731542237
            ],
            [
              -81.65334463647434,
              30.231053460498078
            ],
            [
              -81.6543947975842,
              30.23483164452888
            ],
            [
              -81.65827318758512,
              30.239930559110846
            ],
            [
              -81.66239485753466,
              30.243025056645504
            ],
            [
              -81.66600275851532,
              30.24590000451721
            ],
            [
              -81.67115323302716,
              30.24943441400544
            ],
            [
              -81.67553812821954,
              30.253417995439406
            ],
            [
              -81.67889340946758,
              30.256738621457323
            ],
            [
              -81.68405416160456,
              30.261607366413912
            ],
            [
              -81.68716139644309,
              30.266041949416888
            ],
            [
              -81.68744722419684,
              30.270269269352113
            ],
            [
              -81.68671217412235,
              30.275168711249925
            ],
            [
              -81.68545652249293,
              30.278958678596265
            ],
            [
              -81.68318063622904,
              30.285004469020205
            ],
            [
              -81.69943874239807,
              30.296356718050337
            ],
            [
              -81.70183688488056,
              30.298325611596763
            ],
            [
              -81.70198547341508,
              30.298487037817058
            ],
            [
              -81.70351069329156,
              30.299740199217084
            ],
            [
              -81.70535579425758,
              30.301311940079934
            ],
            [
              -81.7062113793786,
              30.302049701219254
            ],
            [
              -81.70737770433279,
              30.303034610372944
            ],
            [
              -81.70800501226874,
              30.303557753780954
            ],
            [
              -81.70933681138983,
              30.304689537450283
            ],
            [
              -81.71018663291997,
              30.305402556896077
            ],
            [
              -81.71183801039835,
              30.306817842774773
            ],
            [
              -81.71239679574272,
              30.30725266491541
            ],
            [
              -81.71259070338503,
              30.307418643608678
            ],
            [
              -81.71317821415725,
              30.307922043999486
            ],
            [
              -81.71352246743874,
              30.30769401828095
            ],
            [
              -81.71523467972646,
              30.306551175063312
            ],
            [
              -81.71665774678212,
              30.30657225837674
            ],
            [
              -81.71698822889032,
              30.30654913924563
            ],
            [
              -81.72208929156993,
              30.306684685834803
            ],
            [
              -81.72427760287341,
              30.30672758219049
            ],
            [
              -81.72635569717973,
              30.306770366072975
            ],
            [
              -81.72858342386291,
              30.30682671891532
            ],
            [
              -81.73054348582913,
              30.306870093721418
            ],
            [
              -81.73057685285202,
              30.30924618758444
            ],
            [
              -81.73115906895399,
              30.309209253819166
            ],
            [
              -81.73179644251267,
              30.30919881675524
            ],
            [
              -81.73244965875973,
              30.309188287402243
            ],
            [
              -81.73499167451982,
              30.309153411093657
            ],
            [
              -81.7363138041752,
              30.309139104133525
            ],
            [
              -81.73724230464948,
              30.309113254193594
            ],
            [
              -81.73849332546361,
              30.309058770141533
            ],
            [
              -81.73935076470735,
              30.308998937227372
            ],
            [
              -81.73992489776838,
              30.308941388214507
            ],
            [
              -81.74085303352668,
              30.308854337959055
            ],
            [
              -81.74156850661618,
              30.30876092516102
            ],
            [
              -81.74270060665636,
              30.30859090743587
            ],
            [
              -81.74367524999354,
              30.308408027170373
            ],
            [
              -81.74463414496547,
              30.30823828957724
            ],
            [
              -81.74562401564503,
              30.308001005445167
            ],
            [
              -81.74661397974938,
              30.30777677307606
            ],
            [
              -81.7473839212878,
              30.307594345758737
            ],
            [
              -81.74809067802413,
              30.307385467436173
            ],
            [
              -81.74879753627005,
              30.307190332094212
            ],
            [
              -81.75030498297865,
              30.3067039675206
            ],
            [
              -81.75140377618307,
              30.30630104371399
            ],
            [
              -81.75240799475434,
              30.305885593816566
            ],
            [
              -81.75377328306922,
              30.305331956212857
            ],
            [
              -81.75504409107413,
              30.304791909560585
            ],
            [
              -81.75799406234744,
              30.303586373981773
            ],
            [
              -81.75937503165392,
              30.303045646838925
            ],
            [
              -81.76055183904917,
              30.302561083541757
            ],
            [
              -81.76288925182519,
              30.301550088897898
            ],
            [
              -81.7672170375217,
              30.299435151569284
            ],
            [
              -81.76844013959511,
              30.298840952669256
            ],
            [
              -81.77036837604743,
              30.29785972280546
            ],
            [
              -81.77137188494963,
              30.297362335336018
            ],
            [
              -81.77420983540871,
              30.29597975327429
            ],
            [
              -81.77621677775463,
              30.295011720233546
            ],
            [
              -81.77781597569141,
              30.29422342471204
            ],
            [
              -81.77952492439972,
              30.29339390074865
            ],
            [
              -81.78103005165825,
              30.292661116270594
            ],
            [
              -81.78217535423816,
              30.292203355890475
            ],
            [
              -81.78385426508,
              30.29156504669828
            ],
            [
              -81.78548689920996,
              30.2910362878197
            ],
            [
              -81.78671153919915,
              30.29067424442543
            ],
            [
              -81.78803072507533,
              30.29032468112939
            ],
            [
              -81.7900415607197,
              30.289861639088617
            ],
            [
              -81.79230359675856,
              30.289328994925416
            ],
            [
              -81.79396874181697,
              30.28895046960056
            ],
            [
              -81.7955865267953,
              30.288544716029044
            ],
            [
              -81.79667017889558,
              30.28826454808306
            ],
            [
              -81.79778455158194,
              30.287903073128472
            ],
            [
              -81.798867750033,
              30.287568587317985
            ],
            [
              -81.80048393331516,
              30.286971005037408
            ],
            [
              -81.80332406039216,
              30.285943159436716
            ],
            [
              -81.8070100177845,
              30.284431625269583
            ],
            [
              -81.80876688712162,
              30.283738215839612
            ],
            [
              -81.81347392715807,
              30.28202909782794
            ],
            [
              -81.81672144111474,
              30.28082040127735
            ],
            [
              -81.82065884773488,
              30.279320665152333
            ],
            [
              -81.8242514477113,
              30.278001014162992
            ],
            [
              -81.82718514959652,
              30.27693082308796
            ],
            [
              -81.8289419632381,
              30.276263953930453
            ],
            [
              -81.83093403666943,
              30.2755000228858
            ],
            [
              -81.83259602235302,
              30.27479315071063
            ],
            [
              -81.83408021886541,
              30.274112823860744
            ],
            [
              -81.83502712761653,
              30.27587197251082
            ],
            [
              -81.83610081021376,
              30.277972617676845
            ],
            [
              -81.8370704714944,
              30.280257448055945
            ],
            [
              -81.8374081652777,
              30.282729842303677
            ],
            [
              -81.83753636475019,
              30.28538641807166
            ],
            [
              -81.83798050170813,
              30.28794954900877
            ],
            [
              -81.83895187248274,
              30.29041787723855
            ],
            [
              -81.84024401457731,
              30.29334193038769
            ],
            [
              -81.84238724662319,
              30.296993233836112
            ],
            [
              -81.84314125923501,
              30.298730183780656
            ],
            [
              -81.84388832786969,
              30.299641637804825
            ],
            [
              -81.84526821470625,
              30.30045758094359
            ],
            [
              -81.84706824988943,
              30.300995153285232
            ],
            [
              -81.84928981772303,
              30.30143923155017
            ],
            [
              -81.85098741172615,
              30.30234447124039
            ],
            [
              -81.85332182053587,
              30.303612594551904
            ],
            [
              -81.85481226213614,
              30.30497761108741
            ],
            [
              -81.85577626403047,
              30.306528895072063
            ],
            [
              -81.85559291159275,
              30.30973737183627
            ],
            [
              -81.8557183730003,
              30.312027560868692
            ],
            [
              -81.85616082831201,
              30.314315674686128
            ],
            [
              -81.85660320547031,
              30.31660378703487
            ],
            [
              -81.85640313089361,
              30.3178877305822
            ],
            [
              -81.8576396969165,
              30.320400217861433
            ],
            [
              -81.85808133745626,
              30.322596219164613
            ],
            [
              -81.85894389709712,
              30.32460661426656
            ],
            [
              -81.85970412335577,
              30.32698473061616
            ],
            [
              -81.86067003057681,
              30.32871948434696
            ],
            [
              -81.86163195915945,
              30.32999578218964
            ],
            [
              -81.86186145446003,
              30.330289838559725
            ],
            [
              -81.86252441203804,
              30.330055199093216
            ],
            [
              -81.86304934976081,
              30.32992869767004
            ],
            [
              -81.86358864346018,
              30.32986946057438
            ],
            [
              -81.86446844716124,
              30.329774290672578
            ],
            [
              -81.86531849057525,
              30.32968549729251
            ],
            [
              -81.8669021180132,
              30.329510728753274
            ],
            [
              -81.86784352637981,
              30.329404817320576
            ],
            [
              -81.8686866446813,
              30.329306425307042
            ],
            [
              -81.86952252076496,
              30.329162022711696
            ],
            [
              -81.87002000956595,
              30.32903567520915
            ],
            [
              -81.87093055990422,
              30.328801408793883
            ],
            [
              -81.8715604433101,
              30.32863843057734
            ],
            [
              -81.87194836998577,
              30.328544424868713
            ],
            [
              -81.87280404224335,
              30.328310511625876
            ],
            [
              -81.87349313091465,
              30.328123070943015
            ],
            [
              -81.8750151456022,
              30.327718347926798
            ],
            [
              -81.87560844332151,
              30.32756384362306
            ],
            [
              -81.87633412935747,
              30.327372019811815
            ],
            [
              -81.87694338654612,
              30.327219464282226
            ],
            [
              -81.87750020008843,
              30.327072757260677
            ],
            [
              -81.87786078025023,
              30.32697891753306
            ],
            [
              -81.87833536829966,
              30.32685269282715
            ],
            [
              -81.87881930691289,
              30.326742213025028
            ],
            [
              -81.87930992989014,
              30.32662618672865
            ],
            [
              -81.87969794010914,
              30.326532158153043
            ],
            [
              -81.88027334967617,
              30.32641693258813
            ],
            [
              -81.88106989122849,
              30.326231479492794
            ],
            [
              -81.88143056840833,
              30.326149314850102
            ],
            [
              -81.88183224200279,
              30.32605518734146
            ],
            [
              -81.88241196797478,
              30.325924801444234
            ],
            [
              -81.88330451876969,
              30.325722190189857
            ],
            [
              -81.88381581737154,
              30.325615631079373
            ],
            [
              -81.88421302903397,
              30.32552152631989
            ],
            [
              -81.88466949536918,
              30.325419458884895
            ],
            [
              -81.88564419440192,
              30.325200466219304
            ],
            [
              -81.88608233600365,
              30.32509851786186
            ],
            [
              -81.88662560474813,
              30.324979358538116
            ],
            [
              -81.887431077351,
              30.324765624463854
            ],
            [
              -81.88788670645637,
              30.324560445765183
            ],
            [
              -81.88823278062296,
              30.32438694207672
            ],
            [
              -81.88943757323425,
              30.323821300145806
            ],
            [
              -81.89002963666833,
              30.323535452285515
            ],
            [
              -81.89088597367922,
              30.32313301175466
            ],
            [
              -81.89167629260157,
              30.32276882110827
            ],
            [
              -81.89238674141369,
              30.322422354526562
            ],
            [
              -81.89348659822336,
              30.321889011024247
            ],
            [
              -81.89385539258012,
              30.321700215008562
            ],
            [
              -81.89445194848895,
              30.32141019223654
            ],
            [
              -81.89513057088887,
              30.321083861989838
            ],
            [
              -81.89503198437968,
              30.32080684069343
            ],
            [
              -81.89554599499537,
              30.321753950721845
            ],
            [
              -81.89573236756904,
              30.322121791196093
            ],
            [
              -81.89591871139665,
              30.32249719144299
            ],
            [
              -81.89627956913786,
              30.323199270456353
            ],
            [
              -81.89658236876224,
              30.323800703625675
            ],
            [
              -81.89692471941197,
              30.32447060085777
            ],
            [
              -81.8971296502811,
              30.324874053999526
            ],
            [
              -81.89739067105826,
              30.325400160721138
            ],
            [
              -81.89754665182926,
              30.325702906818275
            ],
            [
              -81.89777948616775,
              30.326157032351116
            ],
            [
              -81.89792406102958,
              30.32645779343142
            ],
            [
              -81.89812433772721,
              30.326849592046774
            ],
            [
              -81.89829678192243,
              30.327197589864824
            ],
            [
              -81.89858317920803,
              30.327757200763845
            ],
            [
              -81.89875562609821,
              30.32810519768316
            ],
            [
              -81.89908158608723,
              30.328733959030362
            ],
            [
              -81.89936816842581,
              30.329312812800723
            ],
            [
              -81.89963610353573,
              30.32984505285529
            ],
            [
              -81.89979898246978,
              30.330153246868793
            ],
            [
              -81.90008294801592,
              30.330683314453196
            ],
            [
              -81.90035941801933,
              30.331151569447087
            ],
            [
              -81.90063818770989,
              30.331621869904406
            ],
            [
              -81.90096337245285,
              30.332163335667992
            ],
            [
              -81.90116545476421,
              30.332500814894047
            ],
            [
              -81.90143025116052,
              30.332947839350094
            ],
            [
              -81.90169831922108,
              30.333243620512306
            ],
            [
              -81.90195684178343,
              30.33349203859584
            ],
            [
              -81.90225438626342,
              30.333761495520896
            ],
            [
              -81.90259114400217,
              30.33407260951331
            ],
            [
              -81.90288184601464,
              30.334340737476367
            ],
            [
              -81.90320012361138,
              30.334623795961257
            ],
            [
              -81.90350927432483,
              30.334915852826555
            ],
            [
              -81.90418222386373,
              30.335528455415567
            ]
          ],
          [
            [
              -81.96846503767294,
              30.31682773322269
            ],
            [
              -81.96114075695453,
              30.316936052122262
            ],
            [
              -81.96115943742086,
              30.294137484525976
            ],
            [
              -81.96497548254443,
              30.294022108400693
            ],
            [
              -81.96511290232505,
              30.295426752377313
            ],
            [
              -81.98673763922281,
              30.29536516207929
            ],
            [
              -81.98680672685468,
              30.31339408798495
            ],
            [
              -81.96976340509244,
              30.31354284185778
            ],
            [
              -81.96846503767294,
              30.31682773322269
            ]
          ]
        ]
      },
      "properties": {
        "OBJECTID": 3,
        "DIST": 4,
        "NAME": "Southwest",
        "DISTCODE": "4",
        "DCODE": 4,
        "PD_ID": 4,
        "CPAC": "Southwest",
        "Chair_Name": "Christina Purdy",
        "ACRES": 122917.990864,
        "planning_district": 4,
        "cpac_district": 4,
        "cpac_name": "Southwest",
        "cpac_label": "CPAC District 4: Southwest",
        "cpac_url": "https://www.jacksonville.gov/departments/neighborhoods/neighborhood-services-office/citizen-planning-advisory-committees-(cpacs)/cpac-district-4-southwest",
        "source_url": "https://maps.coj.net/myneighborhood/#"
      }
    },
    {
      "type": "Feature",
      "id": 2,
      "geometry": {
        "type": "Polygon",
        "coordinates": [
          [
            [
              -81.71684100310009,
              30.419409084283483
            ],
            [
              -81.7176362286205,
              30.419330479990915
            ],
            [
              -81.7185233392181,
              30.41906027579983
            ],
            [
              -81.71957656807464,
              30.4187176633549
            ],
            [
              -81.72054712317897,
              30.41847172997376
            ],
            [
              -81.72121257088693,
              30.418299650141158
            ],
            [
              -81.72174028350564,
              30.41827198921034
            ],
            [
              -81.7224631191872,
              30.41834085218583
            ],
            [
              -81.72332519463615,
              30.41845636918747
            ],
            [
              -81.7242704666568,
              30.418547361030647
            ],
            [
              -81.72499312357363,
              30.418591466402713
            ],
            [
              -81.72582602084381,
              30.41851466486533
            ],
            [
              -81.7264368339145,
              30.41846315213422
            ],
            [
              -81.72690947082314,
              30.41850863721797
            ],
            [
              -81.72741103617889,
              30.41869830768151
            ],
            [
              -81.7278303814316,
              30.419056840966416
            ],
            [
              -81.72825036897977,
              30.419488229996254
            ],
            [
              -81.72881022511596,
              30.420063184655763
            ],
            [
              -81.72920253736686,
              30.420518095250046
            ],
            [
              -81.72962343311175,
              30.421069765077625
            ],
            [
              -81.72990318735584,
              30.42133283856677
            ],
            [
              -81.73023784213854,
              30.421499372835548
            ],
            [
              -81.73073789562964,
              30.421496574840976
            ],
            [
              -81.73123679298898,
              30.42132537646029
            ],
            [
              -81.73184582470047,
              30.421033267813254
            ],
            [
              -81.73228702057418,
              30.420597063444113
            ],
            [
              -81.73272957470058,
              30.42032994276015
            ],
            [
              -81.73322800313936,
              30.420110622660058
            ],
            [
              -81.73361755576568,
              30.420180608353895
            ],
            [
              -81.73392471581245,
              30.420395403581576
            ],
            [
              -81.73428875987797,
              30.420778971786053
            ],
            [
              -81.73456808382905,
              30.42096986409633
            ],
            [
              -81.73514220880523,
              30.421379054347256
            ],
            [
              -81.73527092570734,
              30.421158371687294
            ],
            [
              -81.73556610671982,
              30.42068723526601
            ],
            [
              -81.73576529465933,
              30.420385044222076
            ],
            [
              -81.73601260984023,
              30.42002278122811
            ],
            [
              -81.73615685591865,
              30.419810945125516
            ],
            [
              -81.73636316121016,
              30.41953277184809
            ],
            [
              -81.73665900158605,
              30.419164047373936
            ],
            [
              -81.7368655314564,
              30.418916115722716
            ],
            [
              -81.73713406484427,
              30.41860803254105
            ],
            [
              -81.73740981170388,
              30.418323278939177
            ],
            [
              -81.73776148686625,
              30.417984481463268
            ],
            [
              -81.73803726606522,
              30.41771759764823
            ],
            [
              -81.73836167646041,
              30.417444939482277
            ],
            [
              -81.73869292483154,
              30.417172241820882
            ],
            [
              -81.73896916486623,
              30.41695415720204
            ],
            [
              -81.7394527711028,
              30.41661392027048
            ],
            [
              -81.7399434533689,
              30.41629220087802
            ],
            [
              -81.74046888157183,
              30.41596409626652
            ],
            [
              -81.74085623602066,
              30.41575775006182
            ],
            [
              -81.74120208291346,
              30.415568822229435
            ],
            [
              -81.74156865843145,
              30.415368090897093
            ],
            [
              -81.74312498247468,
              30.414528899573067
            ],
            [
              -81.74378195727289,
              30.414163602044233
            ],
            [
              -81.7441624108637,
              30.41395109937754
            ],
            [
              -81.74515836493434,
              30.41340927064216
            ],
            [
              -81.74602278498617,
              30.41292317596038
            ],
            [
              -81.74775881520534,
              30.411974299009096
            ],
            [
              -81.74888621615827,
              30.411359515653366
            ],
            [
              -81.74950859503825,
              30.411012946785682
            ],
            [
              -81.74977816598029,
              30.410848492572324
            ],
            [
              -81.75015123452116,
              30.410594085561385
            ],
            [
              -81.75064846370901,
              30.410229671216303
            ],
            [
              -81.75098660215838,
              30.409945217781626
            ],
            [
              -81.75126936036877,
              30.409678267049106
            ],
            [
              -81.75158625276335,
              30.409351317026935
            ],
            [
              -81.75177237111382,
              30.409163968877756
            ],
            [
              -81.75195816157918,
              30.408934004347476
            ],
            [
              -81.75211609798255,
              30.40870420119621
            ],
            [
              -81.75232229188296,
              30.40842050411357
            ],
            [
              -81.75251403728036,
              30.4081142069025
            ],
            [
              -81.75701343802709,
              30.41585410135696
            ],
            [
              -81.7578139285734,
              30.41584945790451
            ],
            [
              -81.75879668010433,
              30.415838251333316
            ],
            [
              -81.76001552775656,
              30.41583391233084
            ],
            [
              -81.76134201154613,
              30.415826184087337
            ],
            [
              -81.76275179521367,
              30.415809020970258
            ],
            [
              -81.7639602116288,
              30.41580195585415
            ],
            [
              -81.76519988312764,
              30.415785761087694
            ],
            [
              -81.76667917483861,
              30.415783269704125
            ],
            [
              -81.76791531955162,
              30.415772568993997
            ],
            [
              -81.76840495797533,
              30.415773125217132
            ],
            [
              -81.7689188796578,
              30.41576047617531
            ],
            [
              -81.7692938247793,
              30.41574933234331
            ],
            [
              -81.76971047508617,
              30.41574687659432
            ],
            [
              -81.77029032412734,
              30.41573452115441
            ],
            [
              -81.7705716108973,
              30.41572667515102
            ],
            [
              -81.77105079113447,
              30.415721096648436
            ],
            [
              -81.77186672282221,
              30.41570115394452
            ],
            [
              -81.77240830632721,
              30.41568901541058
            ],
            [
              -81.77335620322513,
              30.415671031878112
            ],
            [
              -81.77374502552114,
              30.415659792749693
            ],
            [
              -81.77448113291271,
              30.415637556965315
            ],
            [
              -81.77493939498018,
              30.415632088462925
            ],
            [
              -81.77501924622578,
              30.41562542849437
            ],
            [
              -81.77509206545935,
              30.415607125005135
            ],
            [
              -81.77517827857379,
              30.41553993807029
            ],
            [
              -81.77521911059672,
              30.415425592816376
            ],
            [
              -81.77521202378743,
              30.414967847905956
            ],
            [
              -81.77520451207504,
              30.414456491229906
            ],
            [
              -81.77518285549016,
              30.413472308963616
            ],
            [
              -81.77516457657076,
              30.412476421748853
            ],
            [
              -81.77515708731623,
              30.41216852508683
            ],
            [
              -81.77769270168159,
              30.414682274128783
            ],
            [
              -81.77965274747812,
              30.416621333157913
            ],
            [
              -81.78267680550786,
              30.419588474891434
            ],
            [
              -81.78378308706847,
              30.420689872932268
            ],
            [
              -81.78743769146074,
              30.424303359994703
            ],
            [
              -81.789985836426,
              30.426767979838537
            ],
            [
              -81.79189074722365,
              30.42869480741363
            ],
            [
              -81.79548974679815,
              30.43222453679264
            ],
            [
              -81.79785676984255,
              30.434569809887936
            ],
            [
              -81.79938404236948,
              30.436148962022525
            ],
            [
              -81.80078476742572,
              30.437549470991733
            ],
            [
              -81.80232543113858,
              30.439057018923894
            ],
            [
              -81.80364224995401,
              30.44037277800937
            ],
            [
              -81.80712985394172,
              30.44377019475675
            ],
            [
              -81.808867354703,
              30.445529393459417
            ],
            [
              -81.81040816573956,
              30.447024468075426
            ],
            [
              -81.81173918691964,
              30.448352426025604
            ],
            [
              -81.81496127585883,
              30.451499013197086
            ],
            [
              -81.81922041769124,
              30.455673485871063
            ],
            [
              -81.82168657701378,
              30.458102227933562
            ],
            [
              -81.82367653491261,
              30.4600878322395
            ],
            [
              -81.8252878349529,
              30.46164276532436
            ],
            [
              -81.82656331689222,
              30.46293517220914
            ],
            [
              -81.82774031203535,
              30.46407147317934
            ],
            [
              -81.83108127593438,
              30.467451964345308
            ],
            [
              -81.83140000538373,
              30.46719973512853
            ],
            [
              -81.8347000231738,
              30.464099985238466
            ],
            [
              -81.83729696013371,
              30.461791692440844
            ],
            [
              -81.83740002204964,
              30.46170029958388
            ],
            [
              -81.84359999381631,
              30.4561999867334
            ],
            [
              -81.8661930274538,
              30.436095227202664
            ],
            [
              -81.86638202580305,
              30.436096035029813
            ],
            [
              -81.88032897695183,
              30.423382143959135
            ],
            [
              -81.88110002072311,
              30.422600227981413
            ],
            [
              -81.88260002938117,
              30.421299924886295
            ],
            [
              -81.89113704651292,
              30.413700246257186
            ],
            [
              -81.89900002534766,
              30.40669991159818
            ],
            [
              -81.89906799906856,
              30.406632082457172
            ],
            [
              -81.89959998137984,
              30.406099841049542
            ],
            [
              -81.90321702541345,
              30.402877973722177
            ],
            [
              -81.91610004697401,
              30.39140010586753
            ],
            [
              -81.91645695661956,
              30.391115098557794
            ],
            [
              -81.91753198848636,
              30.390255228599234
            ],
            [
              -81.91759995412244,
              30.390199762206777
            ],
            [
              -81.93532764121422,
              30.37404762051476
            ],
            [
              -81.9327884794018,
              30.372332941287933
            ],
            [
              -81.93175140494901,
              30.371612427068197
            ],
            [
              -81.92750831780735,
              30.36878113680228
            ],
            [
              -81.9242351201184,
              30.36660408889574
            ],
            [
              -81.92285321117413,
              30.365720286576682
            ],
            [
              -81.92206690412783,
              30.36527905209488
            ],
            [
              -81.92172102220071,
              30.36501685846997
            ],
            [
              -81.92097157842043,
              30.36442688788376
            ],
            [
              -81.92012492884157,
              30.363655446551157
            ],
            [
              -81.9188162945767,
              30.36244046373912
            ],
            [
              -81.91762987700456,
              30.36102596222704
            ],
            [
              -81.91743715424013,
              30.360812171203634
            ],
            [
              -81.91676071025478,
              30.35987385765904
            ],
            [
              -81.91652877243493,
              30.35954486359176
            ],
            [
              -81.91623741465231,
              30.35898464531744
            ],
            [
              -81.91594713664466,
              30.358539894652633
            ],
            [
              -81.9155600741483,
              30.35794735183065
            ],
            [
              -81.9153277320866,
              30.35758467741822
            ],
            [
              -81.91435540101295,
              30.355581637486274
            ],
            [
              -81.91391793584263,
              30.35469112647951
            ],
            [
              -81.91306704172403,
              30.352935363500208
            ],
            [
              -81.91238908677238,
              30.351567434595694
            ],
            [
              -81.91173060819439,
              30.35023579634183
            ],
            [
              -81.91098452770652,
              30.348706804317718
            ],
            [
              -81.91023365470662,
              30.347181964556544
            ],
            [
              -81.9095070604739,
              30.345698192624614
            ],
            [
              -81.90889715200669,
              30.34445761908045
            ],
            [
              -81.90821923388594,
              30.343080729046413
            ],
            [
              -81.90744920251598,
              30.34153125882437
            ],
            [
              -81.90686363749467,
              30.340335871740926
            ],
            [
              -81.90662068363449,
              30.33984540375958
            ],
            [
              -81.90622958410924,
              30.339058333304738
            ],
            [
              -81.90604019768777,
              30.33868297017729
            ],
            [
              -81.90591175387351,
              30.338191707761307
            ],
            [
              -81.90585701054009,
              30.337948072029157
            ],
            [
              -81.9058228332368,
              30.337861701125963
            ],
            [
              -81.90569874984492,
              30.337585552982485
            ],
            [
              -81.90554772957093,
              30.33723466839746
            ],
            [
              -81.90539186288599,
              30.336884504367912
            ],
            [
              -81.90528555984852,
              30.3367319582299
            ],
            [
              -81.90500088014173,
              30.33636618844219
            ],
            [
              -81.90480313848981,
              30.336115294314855
            ],
            [
              -81.90458202087756,
              30.33591817555648
            ],
            [
              -81.9043606903646,
              30.33570868541519
            ],
            [
              -81.90418222386373,
              30.335528455415567
            ],
            [
              -81.90350927432483,
              30.334915852826555
            ],
            [
              -81.90320012361138,
              30.334623795961257
            ],
            [
              -81.90288184601464,
              30.334340737476367
            ],
            [
              -81.90259114400217,
              30.33407260951331
            ],
            [
              -81.90225438626342,
              30.333761495520896
            ],
            [
              -81.90195684178343,
              30.33349203859584
            ],
            [
              -81.90169831922108,
              30.333243620512306
            ],
            [
              -81.90143025116052,
              30.332947839350094
            ],
            [
              -81.90116545476421,
              30.332500814894047
            ],
            [
              -81.90096337245285,
              30.332163335667992
            ],
            [
              -81.90063818770989,
              30.331621869904406
            ],
            [
              -81.90035941801933,
              30.331151569447087
            ],
            [
              -81.90008294801592,
              30.330683314453196
            ],
            [
              -81.89979898246978,
              30.330153246868793
            ],
            [
              -81.89963610353573,
              30.32984505285529
            ],
            [
              -81.89936816842581,
              30.329312812800723
            ],
            [
              -81.89908158608723,
              30.328733959030362
            ],
            [
              -81.89875562609821,
              30.32810519768316
            ],
            [
              -81.89858317920803,
              30.327757200763845
            ],
            [
              -81.89829678192243,
              30.327197589864824
            ],
            [
              -81.89812433772721,
              30.326849592046774
            ],
            [
              -81.89792406102958,
              30.32645779343142
            ],
            [
              -81.89777948616775,
              30.326157032351116
            ],
            [
              -81.89754665182926,
              30.325702906818275
            ],
            [
              -81.89739067105826,
              30.325400160721138
            ],
            [
              -81.8971296502811,
              30.324874053999526
            ],
            [
              -81.89692471941197,
              30.32447060085777
            ],
            [
              -81.89658236876224,
              30.323800703625675
            ],
            [
              -81.89627956913786,
              30.323199270456353
            ],
            [
              -81.89591871139665,
              30.32249719144299
            ],
            [
              -81.89573236756904,
              30.322121791196093
            ],
            [
              -81.89554599499537,
              30.321753950721845
            ],
            [
              -81.89503198437968,
              30.32080684069343
            ],
            [
              -81.89513057088887,
              30.321083861989838
            ],
            [
              -81.89445194848895,
              30.32141019223654
            ],
            [
              -81.89385539258012,
              30.321700215008562
            ],
            [
              -81.89348659822336,
              30.321889011024247
            ],
            [
              -81.89238674141369,
              30.322422354526562
            ],
            [
              -81.89167629260157,
              30.32276882110827
            ],
            [
              -81.89088597367922,
              30.32313301175466
            ],
            [
              -81.89002963666833,
              30.323535452285515
            ],
            [
              -81.88943757323425,
              30.323821300145806
            ],
            [
              -81.88823278062296,
              30.32438694207672
            ],
            [
              -81.88788670645637,
              30.324560445765183
            ],
            [
              -81.887431077351,
              30.324765624463854
            ],
            [
              -81.88662560474813,
              30.324979358538116
            ],
            [
              -81.88608233600365,
              30.32509851786186
            ],
            [
              -81.88564419440192,
              30.325200466219304
            ],
            [
              -81.88466949536918,
              30.325419458884895
            ],
            [
              -81.88421302903397,
              30.32552152631989
            ],
            [
              -81.88381581737154,
              30.325615631079373
            ],
            [
              -81.88330451876969,
              30.325722190189857
            ],
            [
              -81.88241196797478,
              30.325924801444234
            ],
            [
              -81.88183224200279,
              30.32605518734146
            ],
            [
              -81.88143056840833,
              30.326149314850102
            ],
            [
              -81.88106989122849,
              30.326231479492794
            ],
            [
              -81.88027334967617,
              30.32641693258813
            ],
            [
              -81.87969794010914,
              30.326532158153043
            ],
            [
              -81.87930992989014,
              30.32662618672865
            ],
            [
              -81.87881930691289,
              30.326742213025028
            ],
            [
              -81.87833536829966,
              30.32685269282715
            ],
            [
              -81.87786078025023,
              30.32697891753306
            ],
            [
              -81.87750020008843,
              30.327072757260677
            ],
            [
              -81.87694338654612,
              30.327219464282226
            ],
            [
              -81.87633412935747,
              30.327372019811815
            ],
            [
              -81.87560844332151,
              30.32756384362306
            ],
            [
              -81.8750151456022,
              30.327718347926798
            ],
            [
              -81.87349313091465,
              30.328123070943015
            ],
            [
              -81.87280404224335,
              30.328310511625876
            ],
            [
              -81.87194836998577,
              30.328544424868713
            ],
            [
              -81.8715604433101,
              30.32863843057734
            ],
            [
              -81.87093055990422,
              30.328801408793883
            ],
            [
              -81.87002000956595,
              30.32903567520915
            ],
            [
              -81.86952252076496,
              30.329162022711696
            ],
            [
              -81.8686866446813,
              30.329306425307042
            ],
            [
              -81.86784352637981,
              30.329404817320576
            ],
            [
              -81.8669021180132,
              30.329510728753274
            ],
            [
              -81.86531849057525,
              30.32968549729251
            ],
            [
              -81.86446844716124,
              30.329774290672578
            ],
            [
              -81.86358864346018,
              30.32986946057438
            ],
            [
              -81.86304934976081,
              30.32992869767004
            ],
            [
              -81.86252441203804,
              30.330055199093216
            ],
            [
              -81.86186145446003,
              30.330289838559725
            ],
            [
              -81.86163195915945,
              30.32999578218964
            ],
            [
              -81.86067003057681,
              30.32871948434696
            ],
            [
              -81.85970412335577,
              30.32698473061616
            ],
            [
              -81.85894389709712,
              30.32460661426656
            ],
            [
              -81.85808133745626,
              30.322596219164613
            ],
            [
              -81.8576396969165,
              30.320400217861433
            ],
            [
              -81.85640313089361,
              30.3178877305822
            ],
            [
              -81.85660320547031,
              30.31660378703487
            ],
            [
              -81.85616082831201,
              30.314315674686128
            ],
            [
              -81.8557183730003,
              30.312027560868692
            ],
            [
              -81.85559291159275,
              30.30973737183627
            ],
            [
              -81.85577626403047,
              30.306528895072063
            ],
            [
              -81.85481226213614,
              30.30497761108741
            ],
            [
              -81.85332182053587,
              30.303612594551904
            ],
            [
              -81.85098741172615,
              30.30234447124039
            ],
            [
              -81.84928981772303,
              30.30143923155017
            ],
            [
              -81.84706824988943,
              30.300995153285232
            ],
            [
              -81.84526821470625,
              30.30045758094359
            ],
            [
              -81.84388832786969,
              30.299641637804825
            ],
            [
              -81.84314125923501,
              30.298730183780656
            ],
            [
              -81.84238724662319,
              30.296993233836112
            ],
            [
              -81.84024401457731,
              30.29334193038769
            ],
            [
              -81.83895187248274,
              30.29041787723855
            ],
            [
              -81.83798050170813,
              30.28794954900877
            ],
            [
              -81.83753636475019,
              30.28538641807166
            ],
            [
              -81.8374081652777,
              30.282729842303677
            ],
            [
              -81.8370704714944,
              30.280257448055945
            ],
            [
              -81.83610081021376,
              30.277972617676845
            ],
            [
              -81.83502712761653,
              30.27587197251082
            ],
            [
              -81.83408021886541,
              30.274112823860744
            ],
            [
              -81.83259602235302,
              30.27479315071063
            ],
            [
              -81.83093403666943,
              30.2755000228858
            ],
            [
              -81.8289419632381,
              30.276263953930453
            ],
            [
              -81.82718514959652,
              30.27693082308796
            ],
            [
              -81.8242514477113,
              30.278001014162992
            ],
            [
              -81.82065884773488,
              30.279320665152333
            ],
            [
              -81.81672144111474,
              30.28082040127735
            ],
            [
              -81.81347392715807,
              30.28202909782794
            ],
            [
              -81.80876688712162,
              30.283738215839612
            ],
            [
              -81.8070100177845,
              30.284431625269583
            ],
            [
              -81.80332406039216,
              30.285943159436716
            ],
            [
              -81.80048393331516,
              30.286971005037408
            ],
            [
              -81.798867750033,
              30.287568587317985
            ],
            [
              -81.79778455158194,
              30.287903073128472
            ],
            [
              -81.79667017889558,
              30.28826454808306
            ],
            [
              -81.7955865267953,
              30.288544716029044
            ],
            [
              -81.79396874181697,
              30.28895046960056
            ],
            [
              -81.79230359675856,
              30.289328994925416
            ],
            [
              -81.7900415607197,
              30.289861639088617
            ],
            [
              -81.78803072507533,
              30.29032468112939
            ],
            [
              -81.78671153919915,
              30.29067424442543
            ],
            [
              -81.78548689920996,
              30.2910362878197
            ],
            [
              -81.78385426508,
              30.29156504669828
            ],
            [
              -81.78217535423816,
              30.292203355890475
            ],
            [
              -81.78103005165825,
              30.292661116270594
            ],
            [
              -81.77952492439972,
              30.29339390074865
            ],
            [
              -81.77781597569141,
              30.29422342471204
            ],
            [
              -81.77621677775463,
              30.295011720233546
            ],
            [
              -81.77420983540871,
              30.29597975327429
            ],
            [
              -81.77137188494963,
              30.297362335336018
            ],
            [
              -81.77036837604743,
              30.29785972280546
            ],
            [
              -81.76844013959511,
              30.298840952669256
            ],
            [
              -81.7672170375217,
              30.299435151569284
            ],
            [
              -81.76288925182519,
              30.301550088897898
            ],
            [
              -81.76055183904917,
              30.302561083541757
            ],
            [
              -81.75937503165392,
              30.303045646838925
            ],
            [
              -81.75799406234744,
              30.303586373981773
            ],
            [
              -81.75504409107413,
              30.304791909560585
            ],
            [
              -81.75377328306922,
              30.305331956212857
            ],
            [
              -81.75240799475434,
              30.305885593816566
            ],
            [
              -81.75140377618307,
              30.30630104371399
            ],
            [
              -81.75030498297865,
              30.3067039675206
            ],
            [
              -81.74879753627005,
              30.307190332094212
            ],
            [
              -81.74809067802413,
              30.307385467436173
            ],
            [
              -81.7473839212878,
              30.307594345758737
            ],
            [
              -81.74661397974938,
              30.30777677307606
            ],
            [
              -81.74562401564503,
              30.308001005445167
            ],
            [
              -81.74463414496547,
              30.30823828957724
            ],
            [
              -81.74367524999354,
              30.308408027170373
            ],
            [
              -81.74270060665636,
              30.30859090743587
            ],
            [
              -81.74156850661618,
              30.30876092516102
            ],
            [
              -81.74085303352668,
              30.308854337959055
            ],
            [
              -81.73992489776838,
              30.308941388214507
            ],
            [
              -81.73935076470735,
              30.308998937227372
            ],
            [
              -81.73849332546361,
              30.309058770141533
            ],
            [
              -81.73724230464948,
              30.309113254193594
            ],
            [
              -81.7363138041752,
              30.309139104133525
            ],
            [
              -81.73499167451982,
              30.309153411093657
            ],
            [
              -81.73244965875973,
              30.309188287402243
            ],
            [
              -81.73179644251267,
              30.30919881675524
            ],
            [
              -81.73115906895399,
              30.309209253819166
            ],
            [
              -81.73057685285202,
              30.30924618758444
            ],
            [
              -81.73054348582913,
              30.306870093721418
            ],
            [
              -81.72858342386291,
              30.30682671891532
            ],
            [
              -81.72635569717973,
              30.306770366072975
            ],
            [
              -81.72427760287341,
              30.30672758219049
            ],
            [
              -81.72208929156993,
              30.306684685834803
            ],
            [
              -81.71698822889032,
              30.30654913924563
            ],
            [
              -81.71665774678212,
              30.30657225837674
            ],
            [
              -81.71523467972646,
              30.306551175063312
            ],
            [
              -81.71352246743874,
              30.30769401828095
            ],
            [
              -81.71317821415725,
              30.307922043999486
            ],
            [
              -81.71259070338503,
              30.307418643608678
            ],
            [
              -81.71239679574272,
              30.30725266491541
            ],
            [
              -81.71183801039835,
              30.306817842774773
            ],
            [
              -81.71018663291997,
              30.305402556896077
            ],
            [
              -81.70933681138983,
              30.304689537450283
            ],
            [
              -81.70800501226874,
              30.303557753780954
            ],
            [
              -81.70737770433279,
              30.303034610372944
            ],
            [
              -81.7062113793786,
              30.302049701219254
            ],
            [
              -81.70535579425758,
              30.301311940079934
            ],
            [
              -81.70351069329156,
              30.299740199217084
            ],
            [
              -81.70198547341508,
              30.298487037817058
            ],
            [
              -81.70183688488056,
              30.298325611596763
            ],
            [
              -81.69943874239807,
              30.296356718050337
            ],
            [
              -81.68318063622904,
              30.285004469020205
            ],
            [
              -81.68016731755851,
              30.29278351913619
            ],
            [
              -81.67851073973297,
              30.29619399689663
            ],
            [
              -81.67637424684834,
              30.300592648104995
            ],
            [
              -81.67467208850528,
              30.304730567121013
            ],
            [
              -81.67334696925661,
              30.307952299312426
            ],
            [
              -81.67256404975728,
              30.309823266552705
            ],
            [
              -81.68009549725154,
              30.309778837565194
            ],
            [
              -81.68068716363028,
              30.311650260836267
            ],
            [
              -81.68088652045309,
              30.312338670997136
            ],
            [
              -81.68140941181368,
              30.31407022152105
            ],
            [
              -81.68174118480091,
              30.315144250807506
            ],
            [
              -81.682189362381,
              30.316636977147237
            ],
            [
              -81.6824541938116,
              30.317409590931568
            ],
            [
              -81.68267857230832,
              30.318189289407243
            ],
            [
              -81.68305181063077,
              30.319397137663024
            ],
            [
              -81.68317621202625,
              30.319797920906666
            ],
            [
              -81.68330833983151,
              30.320141610606775
            ],
            [
              -81.68346471316629,
              30.320467988192167
            ],
            [
              -81.68299477569506,
              30.320526808359514
            ],
            [
              -81.68260614384191,
              30.320613385309812
            ],
            [
              -81.68223424041597,
              30.32076998650263
            ],
            [
              -81.68197583283796,
              30.32092599578754
            ],
            [
              -81.68173376292003,
              30.32111010191735
            ],
            [
              -81.68154051823443,
              30.321308388042052
            ],
            [
              -81.68125103523582,
              30.32165427544008
            ],
            [
              -81.681027739209,
              30.322204657875737
            ],
            [
              -81.68050157618416,
              30.323501741104632
            ],
            [
              -81.68026348220968,
              30.324262539344293
            ],
            [
              -81.67972096176182,
              30.325545956052245
            ],
            [
              -81.67941730514465,
              30.3262087968942
            ],
            [
              -81.67912818955698,
              30.32661104334679
            ],
            [
              -81.67891946330577,
              30.32692213740976
            ],
            [
              -81.67858156650321,
              30.327317761469278
            ],
            [
              -81.67825932733608,
              30.327628755589267
            ],
            [
              -81.67767875245616,
              30.328110184145444
            ],
            [
              -81.67675929262688,
              30.328846321517897
            ],
            [
              -81.67664926876752,
              30.329353492550247
            ],
            [
              -81.67657085752131,
              30.329747769282033
            ],
            [
              -81.6763807749055,
              30.330410015674257
            ],
            [
              -81.67615859368797,
              30.331115045572925
            ],
            [
              -81.6759446212755,
              30.331847527847092
            ],
            [
              -81.67588408919839,
              30.333663221083526
            ],
            [
              -81.67598360456556,
              30.33515776558305
            ],
            [
              -81.67604898485027,
              30.336412589399384
            ],
            [
              -81.67569600174085,
              30.339334416821316
            ],
            [
              -81.67561984975757,
              30.34005931192298
            ],
            [
              -81.67555174847588,
              30.34077385478801
            ],
            [
              -81.67771494647728,
              30.341606766479135
            ],
            [
              -81.67976455969752,
              30.342425798481337
            ],
            [
              -81.68207433490551,
              30.343328675620956
            ],
            [
              -81.68416458701087,
              30.344154986785405
            ],
            [
              -81.6854983561374,
              30.34467522284944
            ],
            [
              -81.68671017716747,
              30.345136970973066
            ],
            [
              -81.68855641809559,
              30.3458517612844
            ],
            [
              -81.688512632412,
              30.347705859091473
            ],
            [
              -81.68850953232597,
              30.348423501273285
            ],
            [
              -81.68849023381871,
              30.349148102700504
            ],
            [
              -81.68847901116587,
              30.349865787795018
            ],
            [
              -81.68846786307319,
              30.350580035035957
            ],
            [
              -81.68847288735057,
              30.351297633659183
            ],
            [
              -81.68629100259464,
              30.351322853860864
            ],
            [
              -81.68630872545688,
              30.352698209349224
            ],
            [
              -81.6863346454461,
              30.35408383282975
            ],
            [
              -81.68638314548828,
              30.35522669199276
            ],
            [
              -81.68811091839336,
              30.35521073523637
            ],
            [
              -81.68814001572373,
              30.355900024431612
            ],
            [
              -81.68813652037895,
              30.356561303249002
            ],
            [
              -81.68816596356069,
              30.357285646749393
            ],
            [
              -81.68817874029901,
              30.357950275668653
            ],
            [
              -81.68819976716485,
              30.358632733655806
            ],
            [
              -81.68822081469196,
              30.359332375427964
            ],
            [
              -81.68824184245614,
              30.360014833074125
            ],
            [
              -81.68825844152595,
              30.36122522167207
            ],
            [
              -81.6882777175753,
              30.3616574823549
            ],
            [
              -81.68830160198209,
              30.362761975284787
            ],
            [
              -81.68831445417887,
              30.36343691456835
            ],
            [
              -81.68834853266749,
              30.36482249213056
            ],
            [
              -81.68898944738503,
              30.364826676056328
            ],
            [
              -81.69072538777267,
              30.364792768270146
            ],
            [
              -81.69055684496075,
              30.365061049248542
            ],
            [
              -81.69040445295931,
              30.3653010621681
            ],
            [
              -81.69030021425039,
              30.36548445548329
            ],
            [
              -81.69025304730808,
              30.365695730455954
            ],
            [
              -81.69015772437834,
              30.36599180639051
            ],
            [
              -81.69006185796785,
              30.366196464207697
            ],
            [
              -81.68986878486047,
              30.366429130501245
            ],
            [
              -81.68961958321749,
              30.3667542012451
            ],
            [
              -81.68936936647825,
              30.366934927139635
            ],
            [
              -81.68927251192095,
              30.367013111662548
            ],
            [
              -81.68911838437438,
              30.367020798039277
            ],
            [
              -81.6889970561155,
              30.367070929601695
            ],
            [
              -81.68793668924569,
              30.367420891835287
            ],
            [
              -81.68671465526916,
              30.367849369173456
            ],
            [
              -81.68642331455453,
              30.367945758431173
            ],
            [
              -81.68614903554209,
              30.368172658754823
            ],
            [
              -81.68606871986748,
              30.368292684721563
            ],
            [
              -81.68604576791196,
              30.36848252169371
            ],
            [
              -81.68598174947326,
              30.36860933523956
            ],
            [
              -81.68587652082088,
              30.368652505193662
            ],
            [
              -81.68564168413761,
              30.368710102822277
            ],
            [
              -81.68534209149877,
              30.368803095708607
            ],
            [
              -81.68521336741014,
              30.36895843088078
            ],
            [
              -81.68521488646128,
              30.369176321956463
            ],
            [
              -81.68520867371276,
              30.369450618484183
            ],
            [
              -81.68518523127712,
              30.36957034603787
            ],
            [
              -81.68514558862364,
              30.36971146636109
            ],
            [
              -81.68516296473618,
              30.369872909019726
            ],
            [
              -81.68519816432226,
              30.370259719275023
            ],
            [
              -81.68521632825733,
              30.370548323154313
            ],
            [
              -81.68518515402201,
              30.370724455341637
            ],
            [
              -81.68512930665912,
              30.370858099510563
            ],
            [
              -81.6847054779148,
              30.370586056879635
            ],
            [
              -81.68355578347146,
              30.36975484741699
            ],
            [
              -81.6831723941863,
              30.369454405385635
            ],
            [
              -81.68289463060889,
              30.36918159309621
            ],
            [
              -81.68248552345544,
              30.36868744169291
            ],
            [
              -81.68093830293932,
              30.366694550070264
            ],
            [
              -81.68014441680697,
              30.36567861278531
            ],
            [
              -81.67775113690513,
              30.365686920882162
            ],
            [
              -81.67733727137563,
              30.36567531868937
            ],
            [
              -81.67705325193056,
              30.36565548125399
            ],
            [
              -81.67680970967388,
              30.36562856034251
            ],
            [
              -81.67654159939251,
              30.36557358300198
            ],
            [
              -81.67621633200454,
              30.365463223634766
            ],
            [
              -81.67582616043899,
              30.365352510704692
            ],
            [
              -81.67546031345469,
              30.365248545537625
            ],
            [
              -81.67496438502737,
              30.365089573194187
            ],
            [
              -81.67446857607595,
              30.364962217948396
            ],
            [
              -81.67417624092633,
              30.364914234622454
            ],
            [
              -81.67390024972495,
              30.364894349752348
            ],
            [
              -81.67343788415326,
              30.36490429335053
            ],
            [
              -81.67260232247995,
              30.36490859586122
            ],
            [
              -81.67114211637549,
              30.364926412795484
            ],
            [
              -81.67067171896687,
              30.364950136665737
            ],
            [
              -81.66854605796792,
              30.364925282718122
            ],
            [
              -81.66839183879323,
              30.364919197507195
            ],
            [
              -81.66808316328856,
              30.364857536960326
            ],
            [
              -81.66761178491963,
              30.364736904533217
            ],
            [
              -81.66670176818062,
              30.364530523735773
            ],
            [
              -81.66629546017761,
              30.364434300081513
            ],
            [
              -81.66590535059579,
              30.364330431599964
            ],
            [
              -81.6656614840473,
              30.36425468724929
            ],
            [
              -81.66540934401505,
              30.364156988320858
            ],
            [
              -81.6650839490663,
              30.364025292106742
            ],
            [
              -81.66444144792396,
              30.363785914735566
            ],
            [
              -81.66242357128439,
              30.362916308543394
            ],
            [
              -81.66098367788516,
              30.36232626327701
            ],
            [
              -81.66061769705188,
              30.36218376345335
            ],
            [
              -81.65978815409096,
              30.36187107077682
            ],
            [
              -81.65869010020005,
              30.36145455672226
            ],
            [
              -81.65760023265632,
              30.361031117538378
            ],
            [
              -81.6573956197908,
              30.361977984179862
            ],
            [
              -81.65723921232005,
              30.362844184382688
            ],
            [
              -81.65725616263114,
              30.362963703771364
            ],
            [
              -81.6571313983163,
              30.36371701406919
            ],
            [
              -81.65698259688105,
              30.364506188992223
            ],
            [
              -81.65685694772563,
              30.36512752604994
            ],
            [
              -81.65679392641687,
              30.365408981755508
            ],
            [
              -81.656739173202,
              30.36571170487896
            ],
            [
              -81.65666850004364,
              30.366063998762055
            ],
            [
              -81.65661374593046,
              30.36636672218311
            ],
            [
              -81.65660768769217,
              30.366676073870664
            ],
            [
              -81.65662023086848,
              30.367337272085116
            ],
            [
              -81.65664067113444,
              30.36836480408893
            ],
            [
              -81.65299455222834,
              30.365379214668668
            ],
            [
              -81.65296932034865,
              30.365503757371183
            ],
            [
              -81.65291744803088,
              30.365630494171576
            ],
            [
              -81.65276291354749,
              30.36557696313541
            ],
            [
              -81.65257178888596,
              30.365504367361307
            ],
            [
              -81.65244159245857,
              30.365445215352736
            ],
            [
              -81.65231533963528,
              30.365368171274813
            ],
            [
              -81.65214429052372,
              30.365259731560577
            ],
            [
              -81.651997636062,
              30.36516904118368
            ],
            [
              -81.6517939286983,
              30.36503670533596
            ],
            [
              -81.65169611384195,
              30.364959519095233
            ],
            [
              -81.65159402390317,
              30.36486516925041
            ],
            [
              -81.65150828330256,
              30.364770737930225
            ],
            [
              -81.65146320045172,
              30.364711159954048
            ],
            [
              -81.65141812119411,
              30.364637147448477
            ],
            [
              -81.65136492206469,
              30.364563862696624
            ],
            [
              -81.65129958130586,
              30.364497512626894
            ],
            [
              -81.6511446255126,
              30.364380055306306
            ],
            [
              -81.6510631042989,
              30.36432409599725
            ],
            [
              -81.65097365185952,
              30.364282610733422
            ],
            [
              -81.65084364497667,
              30.364251638809773
            ],
            [
              -81.65072581745243,
              30.364234353466305
            ],
            [
              -81.65055953480176,
              30.36423174450385
            ],
            [
              -81.65039332491463,
              30.36424013255822
            ],
            [
              -81.65015006203402,
              30.36426883811496
            ],
            [
              -81.64999218581778,
              30.364308804203777
            ],
            [
              -81.64992347907156,
              30.364347639417257
            ],
            [
              -81.64978622907257,
              30.364450054584726
            ],
            [
              -81.64970141373672,
              30.36451027837048
            ],
            [
              -81.64960430136291,
              30.364538943543185
            ],
            [
              -81.6495110831859,
              30.364557279080174
            ],
            [
              -81.64937718659785,
              30.364552444842086
            ],
            [
              -81.64899578079282,
              30.364533717883525
            ],
            [
              -81.648662974743,
              30.364507187308977
            ],
            [
              -81.64840337869389,
              30.364508475509613
            ],
            [
              -81.64824927450351,
              30.3645195507793
            ],
            [
              -81.64809127970966,
              30.36454164318305
            ],
            [
              -81.6479128545313,
              30.36454596431184
            ],
            [
              -81.64775056668871,
              30.364548143865942
            ],
            [
              -81.64760034322038,
              30.364531703423467
            ],
            [
              -81.64745019251558,
              30.36451113872108
            ],
            [
              -81.64729576583002,
              30.364473409627298
            ],
            [
              -81.64716157998447,
              30.36442458276224
            ],
            [
              -81.64654397295527,
              30.364272978659237
            ],
            [
              -81.6463450284592,
              30.36424577988403
            ],
            [
              -81.64608959879635,
              30.36426285207499
            ],
            [
              -81.6459396565007,
              30.36427390411972
            ],
            [
              -81.64569231167543,
              30.364299872040547
            ],
            [
              -81.64529927987401,
              30.364351304826865
            ],
            [
              -81.64508851804037,
              30.364380528112196
            ],
            [
              -81.64495078025615,
              30.364409390196197
            ],
            [
              -81.64481320506704,
              30.364462997055234
            ],
            [
              -81.644724183819,
              30.364501929868894
            ],
            [
              -81.644243120713,
              30.364743511390238
            ],
            [
              -81.64389535412043,
              30.364913633929678
            ],
            [
              -81.6437982749843,
              30.364947793577272
            ],
            [
              -81.64360924609232,
              30.365209242530558
            ],
            [
              -81.64331583116771,
              30.36561486774701
            ],
            [
              -81.64303421830928,
              30.365977129495498
            ],
            [
              -81.64287337585597,
              30.36618551004002
            ],
            [
              -81.64279277451712,
              30.36626976711307
            ],
            [
              -81.64268792405545,
              30.366358267654586
            ],
            [
              -81.64260714215523,
              30.366415030328067
            ],
            [
              -81.64220695437425,
              30.366631460631584
            ],
            [
              -81.64196849478546,
              30.366759798045955
            ],
            [
              -81.64175839141691,
              30.366890744958575
            ],
            [
              -81.64137866007158,
              30.367129755872586
            ],
            [
              -81.64111210207902,
              30.36731047022209
            ],
            [
              -81.64101144135985,
              30.367434005977625
            ],
            [
              -81.64095932829359,
              30.367526370723336
            ],
            [
              -81.64092754679716,
              30.36762138533246
            ],
            [
              -81.64092012940785,
              30.36773002782011
            ],
            [
              -81.64092492730978,
              30.367842735398984
            ],
            [
              -81.64097043506375,
              30.367983424955305
            ],
            [
              -81.64104426400368,
              30.368106104967104
            ],
            [
              -81.641196065812,
              30.36836381588733
            ],
            [
              -81.64131914398907,
              30.368577674884204
            ],
            [
              -81.64152427158923,
              30.368928608295374
            ],
            [
              -81.64170077976279,
              30.369251498256457
            ],
            [
              -81.64185267499587,
              30.36952295556185
            ],
            [
              -81.64196756323251,
              30.369726544171144
            ],
            [
              -81.64205803525971,
              30.369908943325786
            ],
            [
              -81.64206703637886,
              30.37004293815546
            ],
            [
              -81.64206024062374,
              30.370246437326905
            ],
            [
              -81.64202049017241,
              30.370380671957715
            ],
            [
              -81.64196449368917,
              30.370500551056097
            ],
            [
              -81.64185984534846,
              30.37062066949544
            ],
            [
              -81.64037583029574,
              30.371971781930107
            ],
            [
              -81.64028705249115,
              30.372049203670322
            ],
            [
              -81.64018992394769,
              30.372092296927676
            ],
            [
              -81.64004400879945,
              30.37209988525139
            ],
            [
              -81.63995468392088,
              30.37209344939813
            ],
            [
              -81.63982469230935,
              30.37206590325925
            ],
            [
              -81.63972706340428,
              30.37201688952756
            ],
            [
              -81.63966160855942,
              30.371932662207755
            ],
            [
              -81.63961217157438,
              30.371827734470994
            ],
            [
              -81.63956273997924,
              30.371708371622233
            ],
            [
              -81.63936869040316,
              30.371811054217254
            ],
            [
              -81.63912624139617,
              30.371953153271406
            ],
            [
              -81.63873791227526,
              30.372123460125568
            ],
            [
              -81.63841385132471,
              30.37219584405266
            ],
            [
              -81.63823501381965,
              30.372154100168235
            ],
            [
              -81.63805573075018,
              30.37202849716816
            ],
            [
              -81.63774600152169,
              30.37180523527102
            ],
            [
              -81.63735548140981,
              30.371638044274867
            ],
            [
              -81.63703023108982,
              30.37152689966621
            ],
            [
              -81.63660766986838,
              30.371430662745613
            ],
            [
              -81.63615320587795,
              30.371411567412125
            ],
            [
              -81.63556943658888,
              30.37147077316412
            ],
            [
              -81.63485549512693,
              30.371474242997845
            ],
            [
              -81.6341410083876,
              30.371393164182184
            ],
            [
              -81.6332318154037,
              30.371313712101355
            ],
            [
              -81.63186901362552,
              30.371347803635143
            ],
            [
              -81.63096090400985,
              30.371436739025896
            ],
            [
              -81.624759065544,
              30.37361666857939
            ],
            [
              -81.62555191591883,
              30.3746735074785
            ],
            [
              -81.6280085971168,
              30.37755491603919
            ],
            [
              -81.62931327430286,
              30.380886565778525
            ],
            [
              -81.62959562198319,
              30.38489126498932
            ],
            [
              -81.62925652952299,
              30.388116028671515
            ],
            [
              -81.63252143306691,
              30.389767160459645
            ],
            [
              -81.63824650596709,
              30.392299119178602
            ],
            [
              -81.64160403210501,
              30.39398943530279
            ],
            [
              -81.64456351024897,
              30.394999060870205
            ],
            [
              -81.64712148727502,
              30.394815256468505
            ],
            [
              -81.64947913190787,
              30.394120988093228
            ],
            [
              -81.65183117823986,
              30.392573667738997
            ],
            [
              -81.65399190228095,
              30.39188030088224
            ],
            [
              -81.65596042458048,
              30.391870431316388
            ],
            [
              -81.65832823005752,
              30.39271155697423
            ],
            [
              -81.66407374861355,
              30.398143693384128
            ],
            [
              -81.66704980875934,
              30.40154135657644
            ],
            [
              -81.66935257171822,
              30.404061183893887
            ],
            [
              -81.66989469870398,
              30.40461449241195
            ],
            [
              -81.67034078500609,
              30.405081681495396
            ],
            [
              -81.67082351089368,
              30.40548475495387
            ],
            [
              -81.67157808585087,
              30.406067208893422
            ],
            [
              -81.67214737070431,
              30.40654406851952
            ],
            [
              -81.67263001215026,
              30.40694713594077
            ],
            [
              -81.67311287368346,
              30.40738181927667
            ],
            [
              -81.67362159322212,
              30.407986836445684
            ],
            [
              -81.67401906090443,
              30.408529187240656
            ],
            [
              -81.67418146912125,
              30.408880285527022
            ],
            [
              -81.67433258820995,
              30.409391600140136
            ],
            [
              -81.674384860278,
              30.409828500719122
            ],
            [
              -81.67439360897056,
              30.410207199452234
            ],
            [
              -81.67421198489146,
              30.41242629876032
            ],
            [
              -81.67482138581055,
              30.41515340545534
            ],
            [
              -81.67621375473799,
              30.417194578737714
            ],
            [
              -81.67779834606826,
              30.418551489204447
            ],
            [
              -81.68115388423446,
              30.41972868247229
            ],
            [
              -81.68450126210465,
              30.419711176095664
            ],
            [
              -81.68744758442126,
              30.41867150906142
            ],
            [
              -81.68960381688595,
              30.417295014234337
            ],
            [
              -81.6921622763073,
              30.417111007779553
            ],
            [
              -81.69512174097652,
              30.41794831615158
            ],
            [
              -81.69906203298535,
              30.41826890372277
            ],
            [
              -81.70339865990091,
              30.41892817406537
            ],
            [
              -81.7069441082064,
              30.419079493512257
            ],
            [
              -81.70915756964288,
              30.418854404810656
            ],
            [
              -81.71062997217393,
              30.418249072316463
            ],
            [
              -81.7122039912316,
              30.418069339942672
            ],
            [
              -81.71407882284028,
              30.418656426409964
            ],
            [
              -81.71546146480985,
              30.41924618345948
            ],
            [
              -81.71684100310009,
              30.419409084283483
            ]
          ]
        ]
      },
      "properties": {
        "OBJECTID": 2,
        "DIST": 5,
        "NAME": "Northwest",
        "DISTCODE": "5",
        "DCODE": 5,
        "PD_ID": 5,
        "CPAC": "Northwest",
        "Chair_Name": "Victor Coleman",
        "ACRES": 80939.5470221,
        "planning_district": 5,
        "cpac_district": 5,
        "cpac_name": "Northwest",
        "cpac_label": "CPAC District 5: Northwest",
        "cpac_url": "https://www.jacksonville.gov/departments/neighborhoods/neighborhood-services-office/citizen-planning-advisory-committees-(cpacs)/cpac-district-5-northwest",
        "source_url": "https://maps.coj.net/myneighborhood/#"
      }
    },
    {
      "type": "Feature",
      "id": 1,
      "geometry": {
        "type": "Polygon",
        "coordinates": [
          [
            [
              -81.71684100310009,
              30.419409084283483
            ],
            [
              -81.71546146480985,
              30.41924618345948
            ],
            [
              -81.71407882284028,
              30.418656426409964
            ],
            [
              -81.7122039912316,
              30.418069339942672
            ],
            [
              -81.71062997217393,
              30.418249072316463
            ],
            [
              -81.70915756964288,
              30.418854404810656
            ],
            [
              -81.7069441082064,
              30.419079493512257
            ],
            [
              -81.70339865990091,
              30.41892817406537
            ],
            [
              -81.69906203298535,
              30.41826890372277
            ],
            [
              -81.69512174097652,
              30.41794831615158
            ],
            [
              -81.6921622763073,
              30.417111007779553
            ],
            [
              -81.68960381688595,
              30.417295014234337
            ],
            [
              -81.68744758442126,
              30.41867150906142
            ],
            [
              -81.68450126210465,
              30.419711176095664
            ],
            [
              -81.68115388423446,
              30.41972868247229
            ],
            [
              -81.67779834606826,
              30.418551489204447
            ],
            [
              -81.67621375473799,
              30.417194578737714
            ],
            [
              -81.67482138581055,
              30.41515340545534
            ],
            [
              -81.67421198489146,
              30.41242629876032
            ],
            [
              -81.67439360897056,
              30.410207199452234
            ],
            [
              -81.674384860278,
              30.409828500719122
            ],
            [
              -81.67433258820995,
              30.409391600140136
            ],
            [
              -81.67418146912125,
              30.408880285527022
            ],
            [
              -81.67401906090443,
              30.408529187240656
            ],
            [
              -81.67362159322212,
              30.407986836445684
            ],
            [
              -81.67311287368346,
              30.40738181927667
            ],
            [
              -81.67263001215026,
              30.40694713594077
            ],
            [
              -81.67214737070431,
              30.40654406851952
            ],
            [
              -81.67157808585087,
              30.406067208893422
            ],
            [
              -81.67082351089368,
              30.40548475495387
            ],
            [
              -81.67034078500609,
              30.405081681495396
            ],
            [
              -81.66989469870398,
              30.40461449241195
            ],
            [
              -81.66935257171822,
              30.404061183893887
            ],
            [
              -81.66704980875934,
              30.40154135657644
            ],
            [
              -81.66407374861355,
              30.398143693384128
            ],
            [
              -81.65832823005752,
              30.39271155697423
            ],
            [
              -81.65596042458048,
              30.391870431316388
            ],
            [
              -81.65399190228095,
              30.39188030088224
            ],
            [
              -81.65183117823986,
              30.392573667738997
            ],
            [
              -81.64947913190787,
              30.394120988093228
            ],
            [
              -81.64712148727502,
              30.394815256468505
            ],
            [
              -81.64456351024897,
              30.394999060870205
            ],
            [
              -81.64160403210501,
              30.39398943530279
            ],
            [
              -81.63824650596709,
              30.392299119178602
            ],
            [
              -81.63252143306691,
              30.389767160459645
            ],
            [
              -81.62925652952299,
              30.388116028671515
            ],
            [
              -81.62923270620165,
              30.38834229170208
            ],
            [
              -81.6284811603636,
              30.391238408185252
            ],
            [
              -81.62733883390221,
              30.39324692586148
            ],
            [
              -81.62529657518921,
              30.39503703388213
            ],
            [
              -81.62209834460567,
              30.396721264337913
            ],
            [
              -81.61557389057856,
              30.400201451447483
            ],
            [
              -81.60968871813185,
              30.403344952625638
            ],
            [
              -81.60021625295539,
              30.407728264679935
            ],
            [
              -81.59676212109349,
              30.40969144447182
            ],
            [
              -81.59394332271627,
              30.410594453555838
            ],
            [
              -81.59060695549655,
              30.410832296984026
            ],
            [
              -81.58777939585036,
              30.41028827550122
            ],
            [
              -81.58520463559988,
              30.409076300431188
            ],
            [
              -81.58288534992796,
              30.407639734198433
            ],
            [
              -81.5804351339051,
              30.405758972039084
            ],
            [
              -81.57772697473324,
              30.403657278643013
            ],
            [
              -81.57475894642437,
              30.400999891303208
            ],
            [
              -81.57217809649458,
              30.39867412014117
            ],
            [
              -81.57011144043678,
              30.39645809584867
            ],
            [
              -81.56804422922012,
              30.39412999656691
            ],
            [
              -81.56635960329645,
              30.39135615403473
            ],
            [
              -81.56429258970915,
              30.389027990499546
            ],
            [
              -81.56107027439452,
              30.3866497693246
            ],
            [
              -81.55695888656173,
              30.38588855252365
            ],
            [
              -81.55336709237412,
              30.38623719744975
            ],
            [
              -81.55003143572178,
              30.386473995947064
            ],
            [
              -81.53887598045377,
              30.388412171536267
            ],
            [
              -81.53002973894672,
              30.390228692606904
            ],
            [
              -81.52387318006278,
              30.391032335172376
            ],
            [
              -81.52015517527268,
              30.391826001597884
            ],
            [
              -81.51528194421373,
              30.392624124038758
            ],
            [
              -81.51169042131734,
              30.39308366833532
            ],
            [
              -81.5091233757985,
              30.393093698950256
            ],
            [
              -81.50629732711863,
              30.392659254985386
            ],
            [
              -81.50269948816747,
              30.391894339266702
            ],
            [
              -81.49794871454972,
              30.391579151207935
            ],
            [
              -81.49249581501098,
              30.391988883862904
            ],
            [
              -81.49038130479967,
              30.39266429239852
            ],
            [
              -81.48813823668804,
              30.39328515680892
            ],
            [
              -81.485958713603,
              30.39379370160595
            ],
            [
              -81.48326698461767,
              30.394555003262575
            ],
            [
              -81.48134275554985,
              30.394784821891946
            ],
            [
              -81.47928961734044,
              30.394903728065863
            ],
            [
              -81.47691418426834,
              30.394745386638306
            ],
            [
              -81.47543653198275,
              30.394416702082864
            ],
            [
              -81.47338034489127,
              30.39392374988689
            ],
            [
              -81.4710013059816,
              30.392986501881115
            ],
            [
              -81.46932872826254,
              30.392158030692034
            ],
            [
              -81.46810482668853,
              30.391216573650354
            ],
            [
              -81.46539917651124,
              30.389056150225166
            ],
            [
              -81.46340195752997,
              30.387394266180117
            ],
            [
              -81.46185683637665,
              30.3863425312737
            ],
            [
              -81.46005558397627,
              30.385403036871658
            ],
            [
              -81.45767677683196,
              30.38446554128653
            ],
            [
              -81.45587740730042,
              30.38391573292879
            ],
            [
              -81.453693290231,
              30.383422227135572
            ],
            [
              -81.4518949861014,
              30.383095073745046
            ],
            [
              -81.4506755464594,
              30.38304360742212
            ],
            [
              -81.44753192086871,
              30.383221449091835
            ],
            [
              -81.44464911932413,
              30.384315995486347
            ],
            [
              -81.44183510717075,
              30.38643995773371
            ],
            [
              -81.43889660109542,
              30.389453763289453
            ],
            [
              -81.43583351665649,
              30.393358776465533
            ],
            [
              -81.43213427048615,
              30.39860073616204
            ],
            [
              -81.42957825268574,
              30.401168322883542
            ],
            [
              -81.4253518751067,
              30.40340792539137
            ],
            [
              -81.42035221964623,
              30.404981739356337
            ],
            [
              -81.41380396475567,
              30.404668578497276
            ],
            [
              -81.40635302158222,
              30.403357060153724
            ],
            [
              -81.40056865807668,
              30.40148322664073
            ],
            [
              -81.39699292037645,
              30.400379881729794
            ],
            [
              -81.39802200431478,
              30.401059330165246
            ],
            [
              -81.3988934644635,
              30.401634080361323
            ],
            [
              -81.39962939309034,
              30.40212675268198
            ],
            [
              -81.40043331520103,
              30.4026645802754
            ],
            [
              -81.40074543754143,
              30.4028767146943
            ],
            [
              -81.40073207869484,
              30.402955118396513
            ],
            [
              -81.40073553181881,
              30.40302384651842
            ],
            [
              -81.40081566244046,
              30.40322706859616
            ],
            [
              -81.40124057095974,
              30.403772927689683
            ],
            [
              -81.40135198451286,
              30.403916937357113
            ],
            [
              -81.40155222887115,
              30.4041610332273
            ],
            [
              -81.40167328404222,
              30.40428714114305
            ],
            [
              -81.40202340601746,
              30.404723244856683
            ],
            [
              -81.40206455065409,
              30.404797356393686
            ],
            [
              -81.40218499227582,
              30.405063693684383
            ],
            [
              -81.40265353196845,
              30.405995727086562
            ],
            [
              -81.40285800559509,
              30.406543634655424
            ],
            [
              -81.40306328590887,
              30.40709428874765
            ],
            [
              -81.40314722808229,
              30.407643942632706
            ],
            [
              -81.40329659725279,
              30.408145276489382
            ],
            [
              -81.40353123810331,
              30.408650471402908
            ],
            [
              -81.40361996200899,
              30.408819295749556
            ],
            [
              -81.4036732886992,
              30.40891399053042
            ],
            [
              -81.4043213468199,
              30.41005167961141
            ],
            [
              -81.40445571951504,
              30.41032759446709
            ],
            [
              -81.40448291601027,
              30.410383876062188
            ],
            [
              -81.40470927529219,
              30.410849226235133
            ],
            [
              -81.40503181539495,
              30.411703340020143
            ],
            [
              -81.40529592368173,
              30.41252188948033
            ],
            [
              -81.40533608825642,
              30.412645495132725
            ],
            [
              -81.40536443639184,
              30.412740266771593
            ],
            [
              -81.40561354011844,
              30.41371696274299
            ],
            [
              -81.40611047555718,
              30.41478499677724
            ],
            [
              -81.40647718222922,
              30.415572979967305
            ],
            [
              -81.40688310934654,
              30.41658905234921
            ],
            [
              -81.40692230823228,
              30.4166700425308
            ],
            [
              -81.40712504541548,
              30.417074970740043
            ],
            [
              -81.40724742111003,
              30.417179072111907
            ],
            [
              -81.40785834557181,
              30.41775594761003
            ],
            [
              -81.40838006642758,
              30.41814612866116
            ],
            [
              -81.40874255550935,
              30.418342963144294
            ],
            [
              -81.40911693469221,
              30.418490266099173
            ],
            [
              -81.40936474304816,
              30.41862146826987
            ],
            [
              -81.40973418688687,
              30.419105606448397
            ],
            [
              -81.40989969518976,
              30.419281059262218
            ],
            [
              -81.41017943595912,
              30.419413533902727
            ],
            [
              -81.41043326123085,
              30.419418235284667
            ],
            [
              -81.41054608603727,
              30.41960760031611
            ],
            [
              -81.41094398131764,
              30.419639343291593
            ],
            [
              -81.41117902281678,
              30.419656475523563
            ],
            [
              -81.41127410679468,
              30.419634179452256
            ],
            [
              -81.4112476379348,
              30.419705751202088
            ],
            [
              -81.411331277376,
              30.419980443481126
            ],
            [
              -81.41149411498752,
              30.42051059512353
            ],
            [
              -81.41158087607431,
              30.420772903996998
            ],
            [
              -81.4116924117983,
              30.42117398767983
            ],
            [
              -81.41172206069425,
              30.421340242574743
            ],
            [
              -81.41179461761976,
              30.421572351509276
            ],
            [
              -81.41183400784664,
              30.421697331524847
            ],
            [
              -81.41235878566931,
              30.42247586185529
            ],
            [
              -81.41212269224297,
              30.422634706749655
            ],
            [
              -81.41216148778514,
              30.422759689277605
            ],
            [
              -81.41222796850607,
              30.423055056256644
            ],
            [
              -81.41228264626247,
              30.42313737032931
            ],
            [
              -81.41212073211904,
              30.423253363469275
            ],
            [
              -81.41175260610885,
              30.423609217642202
            ],
            [
              -81.41168398200766,
              30.42370016904777
            ],
            [
              -81.41137536219854,
              30.424108075925986
            ],
            [
              -81.41100771139716,
              30.4247677529939
            ],
            [
              -81.41084415603169,
              30.42506109525932
            ],
            [
              -81.41076515638898,
              30.425326675463513
            ],
            [
              -81.41022305275942,
              30.425810926773075
            ],
            [
              -81.40957355374103,
              30.426126415644212
            ],
            [
              -81.40889933308598,
              30.42631618594084
            ],
            [
              -81.4082245923064,
              30.426381537400506
            ],
            [
              -81.40757438541554,
              30.42652929607757
            ],
            [
              -81.4069487806854,
              30.426824075344722
            ],
            [
              -81.40697557293875,
              30.427450202768906
            ],
            [
              -81.40714718888724,
              30.42813911799785
            ],
            [
              -81.40736656107289,
              30.42872340185838
            ],
            [
              -81.40761004314243,
              30.429286987854386
            ],
            [
              -81.40794972938903,
              30.429808341679056
            ],
            [
              -81.40831358660496,
              30.430370862571852
            ],
            [
              -81.40846067764791,
              30.43097667909508
            ],
            [
              -81.40856012384481,
              30.431665131018377
            ],
            [
              -81.40873132297503,
              30.43224956183603
            ],
            [
              -81.40904700713554,
              30.432812919104315
            ],
            [
              -81.40926674852876,
              30.433480371039245
            ],
            [
              -81.40941446210418,
              30.434232597766265
            ],
            [
              -81.40958558218267,
              30.434795718965347
            ],
            [
              -81.40969796591627,
              30.435444948182408
            ],
            [
              -81.4097838709086,
              30.436069513820737
            ],
            [
              -81.40997934341611,
              30.43671641874956
            ],
            [
              -81.41012691505772,
              30.43738478345256
            ],
            [
              -81.41027490082267,
              30.438198872404
            ],
            [
              -81.41042282460387,
              30.438950409056478
            ],
            [
              -81.41052200849272,
              30.439618237986714
            ],
            [
              -81.41062329713425,
              30.440787851956387
            ],
            [
              -81.41077076726626,
              30.44147683793822
            ],
            [
              -81.41084596164542,
              30.44214542868536
            ],
            [
              -81.41089695720747,
              30.442813408438045
            ],
            [
              -81.41097197731347,
              30.443440069047977
            ],
            [
              -81.41109510399959,
              30.444045268456247
            ],
            [
              -81.4111945636712,
              30.444776334603812
            ],
            [
              -81.41124565355636,
              30.445465623088136
            ],
            [
              -81.41132050208415,
              30.446050352995904
            ],
            [
              -81.41146760929676,
              30.446885751024695
            ],
            [
              -81.41154362473611,
              30.44751172021926
            ],
            [
              -81.41161865382526,
              30.448138380054917
            ],
            [
              -81.41165725353471,
              30.44873353469145
            ],
            [
              -81.41175623979417,
              30.44934980793049
            ],
            [
              -81.4118554227847,
              30.449965393466663
            ],
            [
              -81.41190621353086,
              30.45058181844461
            ],
            [
              -81.41195687222468,
              30.451166623754006
            ],
            [
              -81.41194736265908,
              30.451782551714814
            ],
            [
              -81.41196280200387,
              30.45257643349292
            ],
            [
              -81.41197848928368,
              30.45328782820113
            ],
            [
              -81.41198140431678,
              30.45412230541008
            ],
            [
              -81.41195966598522,
              30.45470733959687
            ],
            [
              -81.4119381899617,
              30.45535492464783
            ],
            [
              -81.41194104660431,
              30.45603405222628
            ],
            [
              -81.41195560739676,
              30.456618971171125
            ],
            [
              -81.41198349739138,
              30.457495987576916
            ],
            [
              -81.41198604860679,
              30.458102252712653
            ],
            [
              -81.41194035040998,
              30.45869767327316
            ],
            [
              -81.41199114385108,
              30.459313409605947
            ],
            [
              -81.41194121189433,
              30.459939775191874
            ],
            [
              -81.41187660236416,
              30.460755218235118
            ],
            [
              -81.41186709549349,
              30.46137183203424
            ],
            [
              -81.41184586021849,
              30.462029726952892
            ],
            [
              -81.41176394823763,
              30.462646569624386
            ],
            [
              -81.4117424057388,
              30.463231602183683
            ],
            [
              -81.41168490996736,
              30.46389992135627
            ],
            [
              -81.41163934112792,
              30.46452695974012
            ],
            [
              -81.41155733662059,
              30.46512249356963
            ],
            [
              -81.41151189624027,
              30.4657804638148
            ],
            [
              -81.4113874086065,
              30.466983091821625
            ],
            [
              -81.41141119869019,
              30.46764015676222
            ],
            [
              -81.4114622167101,
              30.468308820431627
            ],
            [
              -81.41145296765595,
              30.468987297918463
            ],
            [
              -81.41140739522326,
              30.46961433606999
            ],
            [
              -81.41133748653122,
              30.47020983105076
            ],
            [
              -81.41131624945959,
              30.470868411875045
            ],
            [
              -81.4112824898729,
              30.471474103691378
            ],
            [
              -81.41126094288249,
              30.47205913510224
            ],
            [
              -81.41126388306843,
              30.472758882470178
            ],
            [
              -81.41129043367495,
              30.47336438445566
            ],
            [
              -81.41135971803787,
              30.474554714054324
            ],
            [
              -81.41142041181173,
              30.475589034664637
            ],
            [
              -81.41161679161767,
              30.476382343084545
            ],
            [
              -81.41162118437943,
              30.477426464159322
            ],
            [
              -81.41152810094968,
              30.478220685858815
            ],
            [
              -81.41148373225947,
              30.479181787388313
            ],
            [
              -81.41168117567072,
              30.480225986823484
            ],
            [
              -81.41192507815181,
              30.4808521095346
            ],
            [
              -81.41212056862564,
              30.481477697917523
            ],
            [
              -81.41251017515089,
              30.482354253597922
            ],
            [
              -81.4128526309035,
              30.483481165187335
            ],
            [
              -81.41308749094294,
              30.484123811127755
            ],
            [
              -81.41338972103546,
              30.485025386983644
            ],
            [
              -81.41368203552386,
              30.485692595891106
            ],
            [
              -81.41402257337333,
              30.486360337465992
            ],
            [
              -81.41431436683888,
              30.48690244279278
            ],
            [
              -81.41465438007222,
              30.487444394147573
            ],
            [
              -81.41490389971881,
              30.48784228201294
            ],
            [
              -81.41630929062461,
              30.49090696234821
            ],
            [
              -81.41689364831018,
              30.492158878993735
            ],
            [
              -81.41786698639527,
              30.494160854600015
            ],
            [
              -81.41893736409058,
              30.496246371148697
            ],
            [
              -81.41991017037302,
              30.498081984909195
            ],
            [
              -81.42088347072885,
              30.500000762901152
            ],
            [
              -81.42175799952257,
              30.501418064711075
            ],
            [
              -81.42272946282363,
              30.502918906017893
            ],
            [
              -81.42369914835876,
              30.504002504991444
            ],
            [
              -81.42466749989569,
              30.50475134748764
            ],
            [
              -81.42582876643652,
              30.505499552657415
            ],
            [
              -81.42679632026947,
              30.506081348695925
            ],
            [
              -81.42805270672079,
              30.506495155835406
            ],
            [
              -81.42950163807011,
              30.506824455617824
            ],
            [
              -81.43046785431162,
              30.5070721620809
            ],
            [
              -81.43143323601821,
              30.507152142905092
            ],
            [
              -81.43259162525518,
              30.50723216390932
            ],
            [
              -81.43587277662765,
              30.507221233312706
            ],
            [
              -81.44200083376427,
              30.507242527194133
            ],
            [
              -81.44267658065696,
              30.507281476572683
            ],
            [
              -81.44378732055632,
              30.507486663111624
            ],
            [
              -81.44465683585244,
              30.507692662642633
            ],
            [
              -81.4456731313744,
              30.508358011097037
            ],
            [
              -81.44620601649251,
              30.508815356866435
            ],
            [
              -81.44669077526758,
              30.509315482377477
            ],
            [
              -81.44751571795592,
              30.510314850364413
            ],
            [
              -81.44790460942222,
              30.510940403328657
            ],
            [
              -81.44819656548282,
              30.51148242818424
            ],
            [
              -81.4486349460364,
              30.512358701939228
            ],
            [
              -81.44907515196667,
              30.513652206173145
            ],
            [
              -81.44951440837765,
              30.514736748101406
            ],
            [
              -81.44985702492872,
              30.515780380224474
            ],
            [
              -81.45015083870533,
              30.51669838938449
            ],
            [
              -81.45059070147913,
              30.51790871585619
            ],
            [
              -81.45065607996719,
              30.518333976216766
            ],
            [
              -81.45132160942185,
              30.519430788857807
            ],
            [
              -81.45204886571294,
              30.520180258524373
            ],
            [
              -81.45248557809505,
              30.520680528318593
            ],
            [
              -81.4531636498277,
              30.52122119957906
            ],
            [
              -81.45408348245783,
              30.521844885503608
            ],
            [
              -81.45495450782192,
              30.522342945163548
            ],
            [
              -81.45616347400603,
              30.522861124243878
            ],
            [
              -81.45732402099631,
              30.52335815414631
            ],
            [
              -81.45858222563774,
              30.524105721649278
            ],
            [
              -81.45984094321724,
              30.52493713492754
            ],
            [
              -81.46100192858538,
              30.525517989760683
            ],
            [
              -81.46255029445348,
              30.52634835173548
            ],
            [
              -81.46371170831803,
              30.527012352995555
            ],
            [
              -81.46525922527819,
              30.527675652529318
            ],
            [
              -81.46690333179265,
              30.528337900598316
            ],
            [
              -81.4680640009538,
              30.5288355199678
            ],
            [
              -81.46951509993791,
              30.52949842790298
            ],
            [
              -81.47067619579882,
              30.530079194340303
            ],
            [
              -81.47193347517553,
              30.53057574317695
            ],
            [
              -81.47357646149084,
              30.53098770506939
            ],
            [
              -81.47502753262715,
              30.5316512382212
            ],
            [
              -81.47609221141032,
              30.53223230748228
            ],
            [
              -81.47841456033734,
              30.53339371212233
            ],
            [
              -81.47976963031587,
              30.534140715727794
            ],
            [
              -81.48093176462928,
              30.53488841846289
            ],
            [
              -81.4820946418494,
              30.535803139045342
            ],
            [
              -81.4830648960181,
              30.53680242346686
            ],
            [
              -81.4836478029245,
              30.537552247357613
            ],
            [
              -81.48423030199575,
              30.53821821076775
            ],
            [
              -81.48490980833792,
              30.538967670145233
            ],
            [
              -81.4852039275417,
              30.53988628037007
            ],
            [
              -81.48540156409075,
              30.540804562371882
            ],
            [
              -81.4855047984832,
              30.542141118458996
            ],
            [
              -81.48589717900605,
              30.543392735942884
            ],
            [
              -81.48619558227544,
              30.545146485657902
            ],
            [
              -81.48658798705279,
              30.5463987877607
            ],
            [
              -81.48688380946238,
              30.547650762709583
            ],
            [
              -81.48727581538776,
              30.548819203993215
            ],
            [
              -81.48766741168134,
              30.549903786613275
            ],
            [
              -81.48805818421982,
              30.550822026482955
            ],
            [
              -81.48854471986255,
              30.551572187713145
            ],
            [
              -81.48883775120655,
              30.55223921304651
            ],
            [
              -81.48951855112271,
              30.55323953203543
            ],
            [
              -81.49010286748579,
              30.554240208940616
            ],
            [
              -81.49049367775352,
              30.555157753343984
            ],
            [
              -81.49107843429107,
              30.55624159677978
            ],
            [
              -81.4914692625251,
              30.557159137733382
            ],
            [
              -81.49205372172032,
              30.558159805168096
            ],
            [
              -81.49282951039294,
              30.558825682925463
            ],
            [
              -81.49346076911951,
              30.559553967688007
            ],
            [
              -81.4941404003275,
              30.560304061429324
            ],
            [
              -81.49477146052638,
              30.560969789878932
            ],
            [
              -81.49559596483687,
              30.561718637359373
            ],
            [
              -81.49656448885034,
              30.562299899529947
            ],
            [
              -81.49743609093284,
              30.56279766587603
            ],
            [
              -81.4983074908944,
              30.56325418453279
            ],
            [
              -81.49927540674844,
              30.56371032743759
            ],
            [
              -81.50009803986819,
              30.564083161829085
            ],
            [
              -81.50121082882471,
              30.564538046218573
            ],
            [
              -81.5020818299343,
              30.564910681734357
            ],
            [
              -81.50324224936381,
              30.56524095073413
            ],
            [
              -81.50430681136598,
              30.565695994448774
            ],
            [
              -81.5058539133045,
              30.56610791330481
            ],
            [
              -81.50682080507909,
              30.56635504320423
            ],
            [
              -81.50807742599069,
              30.566600347824963
            ],
            [
              -81.50909236415825,
              30.56680534333946
            ],
            [
              -81.5101556604342,
              30.567010141956594
            ],
            [
              -81.51126678032091,
              30.567131571417956
            ],
            [
              -81.5122332543789,
              30.56729480338807
            ],
            [
              -81.51358575158247,
              30.567414576477493
            ],
            [
              -81.51498572385047,
              30.567367116650217
            ],
            [
              -81.51575842411516,
              30.56740598778119
            ],
            [
              -81.51653024043759,
              30.567277827077994
            ],
            [
              -81.517734993523,
              30.566855120794006
            ],
            [
              -81.5183611462255,
              30.566559810285668
            ],
            [
              -81.51922723624544,
              30.566013338098017
            ],
            [
              -81.51980435889972,
              30.56559311462869
            ],
            [
              -81.52033344683913,
              30.56521501080267
            ],
            [
              -81.5209103395247,
              30.56475354169758
            ],
            [
              -81.52206420394758,
              30.563829907708328
            ],
            [
              -81.52264130144904,
              30.563409672461024
            ],
            [
              -81.52340971135993,
              30.562654604269593
            ],
            [
              -81.52393629838957,
              30.56181664577706
            ],
            [
              -81.52417428995611,
              30.561188806644285
            ],
            [
              -81.52441160509125,
              30.56043586927205
            ],
            [
              -81.52450371564554,
              30.559600345287226
            ],
            [
              -81.52459572199524,
              30.558764133387264
            ],
            [
              -81.52439745213394,
              30.557803989418435
            ],
            [
              -81.5240547888705,
              30.556928285669162
            ],
            [
              -81.52395514684088,
              30.556343734609303
            ],
            [
              -81.52370908660646,
              30.555466953247254
            ],
            [
              -81.52336509114146,
              30.554340362318133
            ],
            [
              -81.52297352718719,
              30.553339062932036
            ],
            [
              -81.52248515538804,
              30.552296908015197
            ],
            [
              -81.52189895525783,
              30.5510035654862
            ],
            [
              -81.52150831566998,
              30.550169975563627
            ],
            [
              -81.521020864644,
              30.54929415419785
            ],
            [
              -81.52067947698826,
              30.54862739564338
            ],
            [
              -81.52028974559718,
              30.54796014125278
            ],
            [
              -81.52004319757758,
              30.547000181294546
            ],
            [
              -81.52003629582123,
              30.545705202328058
            ],
            [
              -81.52017667195744,
              30.54486879876446
            ],
            [
              -81.520317493658,
              30.544116252366617
            ],
            [
              -81.52055479980997,
              30.54336332026459
            ],
            [
              -81.52074319089809,
              30.542485481641215
            ],
            [
              -81.52088422909264,
              30.541774862725344
            ],
            [
              -81.52097714363912,
              30.541105678859715
            ],
            [
              -81.52116597130848,
              30.5403110097282
            ],
            [
              -81.52140380926309,
              30.539641932603757
            ],
            [
              -81.52168955706676,
              30.53893004644129
            ],
            [
              -81.52192795826507,
              30.538386067857196
            ],
            [
              -81.52250254856855,
              30.537506678589565
            ],
            [
              -81.52298156621067,
              30.53683594340327
            ],
            [
              -81.52346023081488,
              30.536082036439424
            ],
            [
              -81.52393968593651,
              30.535495155493546
            ],
            [
              -81.52465918347849,
              30.534657103358168
            ],
            [
              -81.52518673619707,
              30.534028094298147
            ],
            [
              -81.52576162024967,
              30.533231860764516
            ],
            [
              -81.52619258341397,
              30.532603237864254
            ],
            [
              -81.52695879694399,
              30.531472163068212
            ],
            [
              -81.52738997121237,
              30.53088546473546
            ],
            [
              -81.52786834655905,
              30.53008961244881
            ],
            [
              -81.52844341296965,
              30.52933529641164
            ],
            [
              -81.52887456927172,
              30.528748592912127
            ],
            [
              -81.52949785545016,
              30.52799407611046
            ],
            [
              -81.53049645955089,
              30.527049001685715
            ],
            [
              -81.53103547117925,
              30.526734738834985
            ],
            [
              -81.5317087818409,
              30.526314070624906
            ],
            [
              -81.53267123863294,
              30.525809045368923
            ],
            [
              -81.53353812545852,
              30.52547074778279
            ],
            [
              -81.53440546952659,
              30.525216989772407
            ],
            [
              -81.53507967041868,
              30.524963332469223
            ],
            [
              -81.53594654466785,
              30.52462570670854
            ],
            [
              -81.53700736249192,
              30.524453620129815
            ],
            [
              -81.54086804400364,
              30.52443765235316
            ],
            [
              -81.54183414436248,
              30.524601356955202
            ],
            [
              -81.54260638109646,
              30.5245981432856
            ],
            [
              -81.54366941236941,
              30.52484391557457
            ],
            [
              -81.54444341698787,
              30.525175434409153
            ],
            [
              -81.54502448683952,
              30.525507067410626
            ],
            [
              -81.54589590027581,
              30.526004513243013
            ],
            [
              -81.54638181518268,
              30.52658743007104
            ],
            [
              -81.54706021030884,
              30.52708636457846
            ],
            [
              -81.54764307409609,
              30.527752040701316
            ],
            [
              -81.54822698711561,
              30.528585429210267
            ],
            [
              -81.54871423602066,
              30.529418533557333
            ],
            [
              -81.54910502383049,
              30.530252730293164
            ],
            [
              -81.54959285933543,
              30.53116968815621
            ],
            [
              -81.55007919555217,
              30.531836448196774
            ],
            [
              -81.55037352586007,
              30.53267036032049
            ],
            [
              -81.55057223140427,
              30.53367239436929
            ],
            [
              -81.55057788809563,
              30.5346752436608
            ],
            [
              -81.55048743583136,
              30.535761671772843
            ],
            [
              -81.55049261821223,
              30.53668066359136
            ],
            [
              -81.55040179404543,
              30.53768392051997
            ],
            [
              -81.55041310473317,
              30.539689618756736
            ],
            [
              -81.55061276877979,
              30.54085867808617
            ],
            [
              -81.5505690055541,
              30.541652774852764
            ],
            [
              -81.55067067597965,
              30.542571358904905
            ],
            [
              -81.55086775377656,
              30.543280577838633
            ],
            [
              -81.55164523218023,
              30.544196300960632
            ],
            [
              -81.55232245680156,
              30.54444432066594
            ],
            [
              -81.55304698131587,
              30.54452510551386
            ],
            [
              -81.55372292224467,
              30.54456347517909
            ],
            [
              -81.55526760861339,
              30.544556899844242
            ],
            [
              -81.55608743180292,
              30.544428301245166
            ],
            [
              -81.55738831270858,
              30.544004820021474
            ],
            [
              -81.5580143378503,
              30.54375124968557
            ],
            [
              -81.55859116406053,
              30.543331544111457
            ],
            [
              -81.55921584352596,
              30.54282708468213
            ],
            [
              -81.55984042058344,
              30.54232330965782
            ],
            [
              -81.56051261014761,
              30.54169353787986
            ],
            [
              -81.5614724196045,
              30.540728462218624
            ],
            [
              -81.56204873018177,
              30.540224885204463
            ],
            [
              -81.56247997092548,
              30.5396800016823
            ],
            [
              -81.56300826744913,
              30.53921786957195
            ],
            [
              -81.56401733243136,
              30.538419592663036
            ],
            [
              -81.56473857539994,
              30.537956618171886
            ],
            [
              -81.56541264244306,
              30.53766156171267
            ],
            [
              -81.56637648353895,
              30.53740648540821
            ],
            [
              -81.56724432707033,
              30.53723567875947
            ],
            [
              -81.56840170480427,
              30.537063602910372
            ],
            [
              -81.56975286621301,
              30.53701577078234
            ],
            [
              -81.5711055933853,
              30.537218807833167
            ],
            [
              -81.57231340792919,
              30.53742246730149
            ],
            [
              -81.57352147400138,
              30.53766804389491
            ],
            [
              -81.57487470692516,
              30.537954210378754
            ],
            [
              -81.57642165165849,
              30.538365294541645
            ],
            [
              -81.5777757963723,
              30.53881914509648
            ],
            [
              -81.57888889524757,
              30.53931529490146
            ],
            [
              -81.57990651937783,
              30.539979578132925
            ],
            [
              -81.58082722337377,
              30.540601668213412
            ],
            [
              -81.58165130817103,
              30.541182941568582
            ],
            [
              -81.58233072917324,
              30.541806784840045
            ],
            [
              -81.58315533499335,
              30.542471905167602
            ],
            [
              -81.58388286167734,
              30.543052908147814
            ],
            [
              -81.58465864316345,
              30.543634378041265
            ],
            [
              -81.58533784946829,
              30.54421627770372
            ],
            [
              -81.58611500358016,
              30.54500669148692
            ],
            [
              -81.58698855949842,
              30.54579666713895
            ],
            [
              -81.58776664606154,
              30.54675409758205
            ],
            [
              -81.58820567609709,
              30.547504094517254
            ],
            [
              -81.58864562151591,
              30.548421116957734
            ],
            [
              -81.58884248461548,
              30.549047105401804
            ],
            [
              -81.58889400838692,
              30.549589891683198
            ],
            [
              -81.58880281411422,
              30.550468071447053
            ],
            [
              -81.58846942865102,
              30.551221557280023
            ],
            [
              -81.58799321195599,
              30.552309747423177
            ],
            [
              -81.58765865419133,
              30.552854276934504
            ],
            [
              -81.58727615154336,
              30.553482880143672
            ],
            [
              -81.5867497522616,
              30.554237232194453
            ],
            [
              -81.58632174994449,
              30.555325198229657
            ],
            [
              -81.58608442672451,
              30.555995073900352
            ],
            [
              -81.58594359873574,
              30.556664514846204
            ],
            [
              -81.58585086115738,
              30.557291122351316
            ],
            [
              -81.58570977804708,
              30.557918635509385
            ],
            [
              -81.58518424563955,
              30.55884000590457
            ],
            [
              -81.58427400162678,
              30.560013990256625
            ],
            [
              -81.58389380046255,
              30.56101856241971
            ],
            [
              -81.5836564431066,
              30.561687745937128
            ],
            [
              -81.58356334081223,
              30.562273111809258
            ],
            [
              -81.58332698148457,
              30.563110007421713
            ],
            [
              -81.58323497513486,
              30.56386239728546
            ],
            [
              -81.58323872470287,
              30.564489258429848
            ],
            [
              -81.58353259237838,
              30.565197990039408
            ],
            [
              -81.58440640970639,
              30.565987977716457
            ],
            [
              -81.5850842667417,
              30.56631899255705
            ],
            [
              -81.58576147519335,
              30.56652490601898
            ],
            [
              -81.5865349435176,
              30.566688453817626
            ],
            [
              -81.58788625404668,
              30.56659918759875
            ],
            [
              -81.58889917819137,
              30.56642758070421
            ],
            [
              -81.5897668842805,
              30.566214694048604
            ],
            [
              -81.59058617746402,
              30.565960091885803
            ],
            [
              -81.59140511311806,
              30.565663557309623
            ],
            [
              -81.59212728584296,
              30.565326215369833
            ],
            [
              -81.59289694710702,
              30.564863553286262
            ],
            [
              -81.59352209189977,
              30.564442787253185
            ],
            [
              -81.59433973218317,
              30.56393728114404
            ],
            [
              -81.59506111888219,
              30.563474826698922
            ],
            [
              -81.59573388606309,
              30.56296997380608
            ],
            [
              -81.59655084003361,
              30.562340043581496
            ],
            [
              -81.59722359194315,
              30.56183518323696
            ],
            [
              -81.59799329991961,
              30.56137249135598
            ],
            [
              -81.59866757806681,
              30.56111850459065
            ],
            [
              -81.59934272488489,
              30.56099029845221
            ],
            [
              -81.60016261993967,
              30.56086073382587
            ],
            [
              -81.60175399983854,
              30.56056125893847
            ],
            [
              -81.60286126685101,
              30.56005436112648
            ],
            [
              -81.60377387253466,
              30.559298156017597
            ],
            [
              -81.60420392570558,
              30.55858611307186
            ],
            [
              -81.60444138996102,
              30.557958134683183
            ],
            [
              -81.60472564835796,
              30.557079737241644
            ],
            [
              -81.60529404747253,
              30.555322253233253
            ],
            [
              -81.60572277473008,
              30.55440125247628
            ],
            [
              -81.6064435146421,
              30.553854879679395
            ],
            [
              -81.60731090721917,
              30.5535999495746
            ],
            [
              -81.60813177335277,
              30.553638047991992
            ],
            [
              -81.60880815535438,
              30.553718059338667
            ],
            [
              -81.609630329435,
              30.553965100888554
            ],
            [
              -81.61021221405862,
              30.55438029383319
            ],
            [
              -81.61065056856107,
              30.555005115199958
            ],
            [
              -81.61113858103411,
              30.55583797434823
            ],
            [
              -81.61148202223859,
              30.556714126546016
            ],
            [
              -81.61167904523828,
              30.557339390060573
            ],
            [
              -81.61207153266064,
              30.55834041069613
            ],
            [
              -81.61251043872868,
              30.559048394336934
            ],
            [
              -81.61299717918727,
              30.55967297988855
            ],
            [
              -81.61348408942747,
              30.560339491616606
            ],
            [
              -81.6137777343208,
              30.560964296275504
            ],
            [
              -81.61407191550836,
              30.561673643832503
            ],
            [
              -81.6142694936669,
              30.56238275878952
            ],
            [
              -81.61417710283825,
              30.56305199942053
            ],
            [
              -81.61374631664205,
              30.563638977560863
            ],
            [
              -81.61307379919279,
              30.56418516300352
            ],
            [
              -81.61225546720665,
              30.564565001937
            ],
            [
              -81.61148511783306,
              30.564902680674606
            ],
            [
              -81.61076301697338,
              30.56524012850898
            ],
            [
              -81.60970346307892,
              30.565663011998026
            ],
            [
              -81.60869172830367,
              30.566001804605396
            ],
            [
              -81.60772814592258,
              30.566341052386488
            ],
            [
              -81.60657049689739,
              30.566513480101534
            ],
            [
              -81.60589516053479,
              30.566599795557263
            ],
            [
              -81.60512312143015,
              30.56668724486299
            ],
            [
              -81.60439901283581,
              30.566690607969043
            ],
            [
              -81.60357845662101,
              30.566736344033515
            ],
            [
              -81.60275851395554,
              30.5668652425805
            ],
            [
              -81.60193924592484,
              30.567119921262755
            ],
            [
              -81.60145985458358,
              30.567665154296694
            ],
            [
              -81.6014162386816,
              30.568417331709572
            ],
            [
              -81.60156796413308,
              30.56954459531653
            ],
            [
              -81.6018641467671,
              30.570588019093332
            ],
            [
              -81.60215713589027,
              30.571129681734014
            ],
            [
              -81.60274177205358,
              30.57196212249295
            ],
            [
              -81.60332503020126,
              30.572586296199947
            ],
            [
              -81.60429403301677,
              30.573124819148084
            ],
            [
              -81.60497226554784,
              30.57349765602802
            ],
            [
              -81.60574670045935,
              30.573786871693898
            ],
            [
              -81.60685982179253,
              30.57419960386433
            ],
            [
              -81.60777971730471,
              30.574612541554952
            ],
            [
              -81.60869920498178,
              30.57494299098577
            ],
            [
              -81.60976435178719,
              30.575397163954463
            ],
            [
              -81.61049124156565,
              30.575811673530257
            ],
            [
              -81.6110257867704,
              30.5763521824645
            ],
            [
              -81.61093493565416,
              30.577272299677556
            ],
            [
              -81.6105038054032,
              30.577817338750712
            ],
            [
              -81.60978186893523,
              30.57819670976459
            ],
            [
              -81.60901192829512,
              30.578618230513218
            ],
            [
              -81.6082907598867,
              30.57912269028967
            ],
            [
              -81.60747384813699,
              30.579753380033306
            ],
            [
              -81.60694528840696,
              30.580173761792388
            ],
            [
              -81.60646601923659,
              30.580760253503893
            ],
            [
              -81.60555479695847,
              30.581767357807752
            ],
            [
              -81.60493228872109,
              30.58260608512525
            ],
            [
              -81.60455092064531,
              30.583401760526595
            ],
            [
              -81.60431339350778,
              30.584029050650276
            ],
            [
              -81.60460825561832,
              30.58486351354621
            ],
            [
              -81.60528719242859,
              30.585320202879515
            ],
            [
              -81.60615788541605,
              30.58556635041072
            ],
            [
              -81.60702738364415,
              30.58560422670157
            ],
            [
              -81.60789584072486,
              30.585475073113496
            ],
            [
              -81.60871488417673,
              30.58517842884388
            ],
            [
              -81.60938835563682,
              30.584758048678076
            ],
            [
              -81.6100126676913,
              30.58421142150609
            ],
            [
              -81.6104927148027,
              30.58375001262385
            ],
            [
              -81.6109726541163,
              30.583287915583096
            ],
            [
              -81.61159678830433,
              30.582700039388097
            ],
            [
              -81.61217229039785,
              30.582070460024156
            ],
            [
              -81.6127483126159,
              30.581524733362503
            ],
            [
              -81.61327633066182,
              30.581021159990446
            ],
            [
              -81.61375598431114,
              30.580517812147985
            ],
            [
              -81.61438166090653,
              30.580180115075272
            ],
            [
              -81.61505734761211,
              30.580135682302046
            ],
            [
              -81.61578217935023,
              30.580215425863628
            ],
            [
              -81.6169919369501,
              30.58062761328723
            ],
            [
              -81.61762157691253,
              30.580916755872778
            ],
            [
              -81.61868709921374,
              30.58141346925743
            ],
            [
              -81.61926865505394,
              30.581744760905895
            ],
            [
              -81.62033409201521,
              30.582240774025
            ],
            [
              -81.62130381707621,
              30.58286302165636
            ],
            [
              -81.62203160966152,
              30.583402560944005
            ],
            [
              -81.62280874490877,
              30.584109575954223
            ],
            [
              -81.62324847922348,
              30.584900685600587
            ],
            [
              -81.62378502138313,
              30.585733945423012
            ],
            [
              -81.62451257950815,
              30.58623154201331
            ],
            [
              -81.62518856714935,
              30.586228297130702
            ],
            [
              -81.62586304651917,
              30.585974855688875
            ],
            [
              -81.6270165839553,
              30.585133473265987
            ],
            [
              -81.62754427681107,
              30.584587914647834
            ],
            [
              -81.62816821875964,
              30.583999961267963
            ],
            [
              -81.62874523900598,
              30.583621188331836
            ],
            [
              -81.62941941923681,
              30.58332580127106
            ],
            [
              -81.63014212466267,
              30.583071418030656
            ],
            [
              -81.63110623435485,
              30.582815860170154
            ],
            [
              -81.63211887283528,
              30.582601988655725
            ],
            [
              -81.63293845976789,
              30.582389047792844
            ],
            [
              -81.63380593768494,
              30.582134627293264
            ],
            [
              -81.63457661045202,
              30.58183805632514
            ],
            [
              -81.63558660339395,
              30.581206255665318
            ],
            [
              -81.6360653236937,
              30.58057773153531
            ],
            [
              -81.63630191568501,
              30.579824602823248
            ],
            [
              -81.6365381294856,
              30.57902954616127
            ],
            [
              -81.63701637996645,
              30.578316475578685
            ],
            [
              -81.63778729168541,
              30.578062501467475
            ],
            [
              -81.63860946756269,
              30.578267427900208
            ],
            [
              -81.63914335609897,
              30.578682035801478
            ],
            [
              -81.63972606357936,
              30.57918094621719
            ],
            [
              -81.64021170629668,
              30.579596473628712
            ],
            [
              -81.64117987906889,
              30.579967694016474
            ],
            [
              -81.64185664465111,
              30.58008945759499
            ],
            [
              -81.64267701401634,
              30.58000155170634
            ],
            [
              -81.64359114593768,
              30.579495949577773
            ],
            [
              -81.64411733321704,
              30.57874137473601
            ],
            [
              -81.64435375902003,
              30.57798823253365
            ],
            [
              -81.6446389893941,
              30.57731801915152
            ],
            [
              -81.64482770387572,
              30.576648969750597
            ],
            [
              -81.64511330435569,
              30.57602068213217
            ],
            [
              -81.64578654854199,
              30.575599428520505
            ],
            [
              -81.64665614738144,
              30.575678970085196
            ],
            [
              -81.6474800866516,
              30.576134718133027
            ],
            [
              -81.6482553920306,
              30.576548086877786
            ],
            [
              -81.64907785447045,
              30.576794874629357
            ],
            [
              -81.64989753482784,
              30.576623756776293
            ],
            [
              -81.65052194839197,
              30.57611955237205
            ],
            [
              -81.65080769080575,
              30.575533180312757
            ],
            [
              -81.65070503492834,
              30.5746140056395
            ],
            [
              -81.65060256590051,
              30.573737446612164
            ],
            [
              -81.65050131229324,
              30.573027908827804
            ],
            [
              -81.650641162915,
              30.572275238135603
            ],
            [
              -81.65112085339524,
              30.571812995915963
            ],
            [
              -81.65174662251711,
              30.571517048486907
            ],
            [
              -81.65266248908526,
              30.57130419001655
            ],
            [
              -81.65338644316935,
              30.571258629357825
            ],
            [
              -81.65415808971021,
              30.57112896706797
            ],
            [
              -81.65492899783591,
              30.57087489214751
            ],
            [
              -81.6556500368869,
              30.570411418876777
            ],
            [
              -81.65617861368492,
              30.570032769980795
            ],
            [
              -81.65665724055988,
              30.569403483501432
            ],
            [
              -81.65723124965338,
              30.56860737379322
            ],
            [
              -81.65761353850232,
              30.56802049919316
            ],
            [
              -81.65809355686764,
              30.567600159115106
            ],
            [
              -81.65852493595192,
              30.567138133621363
            ],
            [
              -81.6590038170501,
              30.566550766704744
            ],
            [
              -81.65943377769455,
              30.56588047505705
            ],
            [
              -81.65962293235066,
              30.565294573259433
            ],
            [
              -81.65966553046142,
              30.564458527230958
            ],
            [
              -81.65951530339984,
              30.563665386659263
            ],
            [
              -81.65941315147731,
              30.562830760686904
            ],
            [
              -81.65981896361026,
              30.562159902647583
            ],
            [
              -81.660370897504,
              30.56167663968871
            ],
            [
              -81.66075370917243,
              30.561173611472924
            ],
            [
              -81.66123297205459,
              30.56064878407843
            ],
            [
              -81.66161577114661,
              30.560145065955133
            ],
            [
              -81.66161081334457,
              30.559414426327482
            ],
            [
              -81.66112475919884,
              30.55893642991495
            ],
            [
              -81.66102429521074,
              30.558351995380274
            ],
            [
              -81.66170150276407,
              30.558557513449436
            ],
            [
              -81.66240321635837,
              30.55880414585166
            ],
            [
              -81.66305736595501,
              30.558800816508317
            ],
            [
              -81.66246495038133,
              30.55723733527621
            ],
            [
              -81.66241258848174,
              30.556632036783125
            ],
            [
              -81.66250521197404,
              30.55604662141023
            ],
            [
              -81.66271674905377,
              30.555209713614026
            ],
            [
              -81.66235001004242,
              30.554522155437805
            ],
            [
              -81.66169642997767,
              30.554253970202016
            ],
            [
              -81.66092280354992,
              30.554070249582164
            ],
            [
              -81.66024619247793,
              30.55394789403867
            ],
            [
              -81.6593521379032,
              30.553806703841033
            ],
            [
              -81.65872236588844,
              30.553475145803326
            ],
            [
              -81.65869405458393,
              30.55286972250562
            ],
            [
              -81.65924537582663,
              30.552302608659964
            ],
            [
              -81.66013419322326,
              30.551671919909108
            ],
            [
              -81.66085644230495,
              30.551396748878055
            ],
            [
              -81.66186910953147,
              30.551245197925542
            ],
            [
              -81.66266466832687,
              30.551094744485773
            ],
            [
              -81.66360496188422,
              30.550943548921904
            ],
            [
              -81.66428098455971,
              30.550982031318206
            ],
            [
              -81.66495796034772,
              30.5511456053141
            ],
            [
              -81.66587741119383,
              30.551475652723127
            ],
            [
              -81.66660335235133,
              30.551743446456527
            ],
            [
              -81.66711313369866,
              30.552179372853168
            ],
            [
              -81.66743207784535,
              30.55292971157682
            ],
            [
              -81.66767726851057,
              30.553492091264133
            ],
            [
              -81.66797152785156,
              30.55415938421476
            ],
            [
              -81.66850684201421,
              30.55478351078313
            ],
            [
              -81.6693534341009,
              30.55505066956722
            ],
            [
              -81.67012737134573,
              30.555276268112483
            ],
            [
              -81.67087704599304,
              30.55548136568295
            ],
            [
              -81.67174773179396,
              30.555727763775277
            ],
            [
              -81.67259472991915,
              30.556036828035232
            ],
            [
              -81.6729843705804,
              30.556535900569727
            ],
            [
              -81.67238346053738,
              30.55691499124445
            ],
            [
              -81.6715636993316,
              30.557044321335418
            ],
            [
              -81.67029677294705,
              30.557072157126456
            ],
            [
              -81.66945163702944,
              30.55703457524835
            ],
            [
              -81.66881195300383,
              30.5570172420787
            ],
            [
              -81.66842602328303,
              30.557071462469473
            ],
            [
              -81.66811266575911,
              30.55712530997415
            ],
            [
              -81.66787196307705,
              30.557220026123048
            ],
            [
              -81.66769181313335,
              30.557357047293426
            ],
            [
              -81.66765679051535,
              30.55753456627831
            ],
            [
              -81.66771858203047,
              30.55774320659854
            ],
            [
              -81.66782890952042,
              30.55799352782284
            ],
            [
              -81.66795170293156,
              30.558295336700677
            ],
            [
              -81.6680622487121,
              30.558577274511542
            ],
            [
              -81.66812425402627,
              30.558816845934068
            ],
            [
              -81.66805335808574,
              30.559047475366228
            ],
            [
              -81.66794638939665,
              30.559287912769005
            ],
            [
              -81.66788769886588,
              30.55951779229432
            ],
            [
              -81.66780500085913,
              30.559779413433827
            ],
            [
              -81.66772237202267,
              30.560051344334717
            ],
            [
              -81.66768771142574,
              30.560281788278758
            ],
            [
              -81.66772530412376,
              30.560479555328655
            ],
            [
              -81.66783484918108,
              30.56061509058315
            ],
            [
              -81.6679799585405,
              30.560666585359467
            ],
            [
              -81.66816118825918,
              30.560686276374295
            ],
            [
              -81.66835436018125,
              30.560695595878986
            ],
            [
              -81.66857137428927,
              30.560663550022017
            ],
            [
              -81.66877637073543,
              30.560630879140838
            ],
            [
              -81.66900546898064,
              30.560609081013915
            ],
            [
              -81.66923458968375,
              30.560576285575703
            ],
            [
              -81.6694996654561,
              30.560502062814308
            ],
            [
              -81.66988507864559,
              30.560385291010732
            ],
            [
              -81.67024650771535,
              30.560289262942618
            ],
            [
              -81.67052373589685,
              30.56023559588003
            ],
            [
              -81.67075268592005,
              30.56019248754439
            ],
            [
              -81.6709936338422,
              30.560118385934537
            ],
            [
              -81.67125853174811,
              30.56003316313435
            ],
            [
              -81.67154758804699,
              30.559938191369678
            ],
            [
              -81.67184843293732,
              30.559810852355202
            ],
            [
              -81.67218549071339,
              30.55969432415822
            ],
            [
              -81.67254727461764,
              30.55965052713191
            ],
            [
              -81.67278908312583,
              30.559701517299086
            ],
            [
              -81.67288637516268,
              30.559815803773624
            ],
            [
              -81.67289985797679,
              30.560014380892618
            ],
            [
              -81.67279326568179,
              30.56030774732039
            ],
            [
              -81.67266258596078,
              30.56062117131697
            ],
            [
              -81.6725687542344,
              30.56100863959369
            ],
            [
              -81.67245062128298,
              30.56138523596669
            ],
            [
              -81.67231989574788,
              30.561678038992532
            ],
            [
              -81.67222533728444,
              30.561960344453446
            ],
            [
              -81.67213039344374,
              30.562201410471427
            ],
            [
              -81.6719624956222,
              30.562358995547015
            ],
            [
              -81.67172178844855,
              30.562454405847138
            ],
            [
              -81.67142042882357,
              30.562508199312717
            ],
            [
              -81.67110666705776,
              30.56252012771423
            ],
            [
              -81.67078103405548,
              30.56255273685149
            ],
            [
              -81.67046741961337,
              30.56258597020528
            ],
            [
              -81.67018982491922,
              30.562587399663126
            ],
            [
              -81.66994853923053,
              30.562598952126066
            ],
            [
              -81.66971962603826,
              30.56266267899868
            ],
            [
              -81.66951515420823,
              30.56275789871555
            ],
            [
              -81.66937101772426,
              30.56286311910127
            ],
            [
              -81.66931151242153,
              30.562988524195337
            ],
            [
              -81.66931230473561,
              30.563103996459905
            ],
            [
              -81.6693372895786,
              30.563228968076494
            ],
            [
              -81.66942242651133,
              30.563322698230312
            ],
            [
              -81.67017309289875,
              30.563663204594434
            ],
            [
              -81.67086325775175,
              30.5639833967505
            ],
            [
              -81.67140823958347,
              30.564241784209848
            ],
            [
              -81.67201384961204,
              30.564552096082334
            ],
            [
              -81.67254758812967,
              30.564935635537996
            ],
            [
              -81.67297254156473,
              30.56530942590091
            ],
            [
              -81.67333687129451,
              30.565631288780835
            ],
            [
              -81.67358013866671,
              30.56589122656594
            ],
            [
              -81.67376222088659,
              30.566047002646602
            ],
            [
              -81.67393192791513,
              30.566150602875908
            ],
            [
              -81.67412547173971,
              30.56621215082257
            ],
            [
              -81.67436683737847,
              30.56621090086716
            ],
            [
              -81.67453546103877,
              30.566157787803256
            ],
            [
              -81.67464343314602,
              30.5660637471256
            ],
            [
              -81.67478727857583,
              30.565916594707726
            ],
            [
              -81.67494291798701,
              30.565737761426337
            ],
            [
              -81.67502633015442,
              30.565581298761437
            ],
            [
              -81.67508553452151,
              30.565413275982824
            ],
            [
              -81.67522873046939,
              30.565172644914572
            ],
            [
              -81.67540787429998,
              30.564889898624532
            ],
            [
              -81.6755748010427,
              30.564606527295954
            ],
            [
              -81.67576609907908,
              30.564344338271514
            ],
            [
              -81.67590929233201,
              30.564103706099026
            ],
            [
              -81.67611226756877,
              30.563778905787558
            ],
            [
              -81.67633849479834,
              30.563328197888286
            ],
            [
              -81.67646957247302,
              30.563087628944064
            ],
            [
              -81.67663703101839,
              30.562867491002002
            ],
            [
              -81.67680477882129,
              30.562689280194657
            ],
            [
              -81.67696062933656,
              30.562542062324262
            ],
            [
              -81.67712844810637,
              30.562374161139093
            ],
            [
              -81.67734458905193,
              30.56221631927978
            ],
            [
              -81.67758521807214,
              30.562110588443
            ],
            [
              -81.67783846572715,
              30.562077651958088
            ],
            [
              -81.67806780741583,
              30.5620764576429
            ],
            [
              -81.67828510808643,
              30.56208563623337
            ],
            [
              -81.67851474082924,
              30.562126368248606
            ],
            [
              -81.6787085002495,
              30.56221952706346
            ],
            [
              -81.67895051087862,
              30.562312433621866
            ],
            [
              -81.67922846759383,
              30.562363222822587
            ],
            [
              -81.67945824586374,
              30.562424574377996
            ],
            [
              -81.67962773190669,
              30.56249654937585
            ],
            [
              -81.6798454745484,
              30.562568960583512
            ],
            [
              -81.6801235767907,
              30.562640367713723
            ],
            [
              -81.68036529726399,
              30.562691344707012
            ],
            [
              -81.68063153545631,
              30.56278412086324
            ],
            [
              -81.68091000331292,
              30.562907764768966
            ],
            [
              -81.68112789238003,
              30.563000792883454
            ],
            [
              -81.68129774583396,
              30.563125004270795
            ],
            [
              -81.68146786518919,
              30.563301452221065
            ],
            [
              -81.68168658519795,
              30.563498953990834
            ],
            [
              -81.68192940431081,
              30.563706640128718
            ],
            [
              -81.6821237521276,
              30.563882960166254
            ],
            [
              -81.68224550528964,
              30.564028730321848
            ],
            [
              -81.68234310634692,
              30.564184936366978
            ],
            [
              -81.68248949580563,
              30.56440343691085
            ],
            [
              -81.68266001311454,
              30.564621810108687
            ],
            [
              -81.68278189024409,
              30.564799197457994
            ],
            [
              -81.68289207130863,
              30.56500757618615
            ],
            [
              -81.68299025627087,
              30.565246949961086
            ],
            [
              -81.68305259575833,
              30.565528439831855
            ],
            [
              -81.68311479151534,
              30.565789309948713
            ],
            [
              -81.68318849019957,
              30.56597725947829
            ],
            [
              -81.68332247841577,
              30.56615389483967
            ],
            [
              -81.68352872980837,
              30.566299219922346
            ],
            [
              -81.68374662785864,
              30.566392244011418
            ],
            [
              -81.68397605129398,
              30.56640134871243
            ],
            [
              -81.68421697765656,
              30.566337533024146
            ],
            [
              -81.6843732611598,
              30.56625285403338
            ],
            [
              -81.68451709221658,
              30.566105690300056
            ],
            [
              -81.68472092534444,
              30.565906659233303
            ],
            [
              -81.68488844228028,
              30.565696821311032
            ],
            [
              -81.68504384543456,
              30.565487046361355
            ],
            [
              -81.68521136057379,
              30.56527720830498
            ],
            [
              -81.68539103351208,
              30.565087926232184
            ],
            [
              -81.68555884150211,
              30.564920014756243
            ],
            [
              -81.68567839738495,
              30.56475235669729
            ],
            [
              -81.68582171101211,
              30.564532334689986
            ],
            [
              -81.68596477580596,
              30.56429100528448
            ],
            [
              -81.68604816821042,
              30.564134535645273
            ],
            [
              -81.68611968758175,
              30.563998061631008
            ],
            [
              -81.68620263532014,
              30.56377835659782
            ],
            [
              -81.68624934412166,
              30.56355884289721
            ],
            [
              -81.68628425714518,
              30.563370322473258
            ],
            [
              -81.686437741498,
              30.56288904960587
            ],
            [
              -81.68656930695788,
              30.562721327703112
            ],
            [
              -81.68678587370488,
              30.562626017448977
            ],
            [
              -81.68703912405483,
              30.56259375023049
            ],
            [
              -81.68726868403411,
              30.56262347026133
            ],
            [
              -81.6874622341469,
              30.562685684895314
            ],
            [
              -81.68761968635835,
              30.562768024023566
            ],
            [
              -81.687753336808,
              30.562882107319794
            ],
            [
              -81.6879114591626,
              30.563059297510183
            ],
            [
              -81.68805749109184,
              30.563225554572277
            ],
            [
              -81.68814286428149,
              30.563350202705042
            ],
            [
              -81.68824047342363,
              30.56350640442809
            ],
            [
              -81.6883019433419,
              30.56366279695597
            ],
            [
              -81.68833958454893,
              30.563861244761576
            ],
            [
              -81.68840134641967,
              30.564058877661058
            ],
            [
              -81.68843874328495,
              30.56423670616283
            ],
            [
              -81.68844036384571,
              30.56446627539243
            ],
            [
              -81.68840584518261,
              30.56469603513317
            ],
            [
              -81.68835896929444,
              30.56490524017847
            ],
            [
              -81.68831219222096,
              30.565114444772632
            ],
            [
              -81.68827713187376,
              30.565281658219885
            ],
            [
              -81.68820585953911,
              30.565438752538647
            ],
            [
              -81.68813502827727,
              30.565658394252896
            ],
            [
              -81.68811257309011,
              30.56590939893369
            ],
            [
              -81.68807798076516,
              30.56612884930437
            ],
            [
              -81.68809102699802,
              30.566275187692188
            ],
            [
              -81.68816417052341,
              30.566368969047073
            ],
            [
              -81.68824925086227,
              30.566451689471617
            ],
            [
              -81.68835831172765,
              30.566513662643985
            ],
            [
              -81.68852759295474,
              30.566554696006182
            ],
            [
              -81.68875699033896,
              30.56657410350419
            ],
            [
              -81.68894995654684,
              30.566552462182862
            ],
            [
              -81.68974670381336,
              30.566558553373383
            ],
            [
              -81.6900363943228,
              30.566567329327935
            ],
            [
              -81.69035046241412,
              30.56659728250726
            ],
            [
              -81.69062888086339,
              30.56671059477885
            ],
            [
              -81.69096803530734,
              30.566875823040725
            ],
            [
              -81.691331025649,
              30.5669996829475
            ],
            [
              -81.69171799292396,
              30.56710210569614
            ],
            [
              -81.6920926227368,
              30.567172975015545
            ],
            [
              -81.69237030187257,
              30.56718180892549
            ],
            [
              -81.69261129740543,
              30.56712828799569
            ],
            [
              -81.69279158119811,
              30.567012539747264
            ],
            [
              -81.69293539967848,
              30.566865367111085
            ],
            [
              -81.69309101214019,
              30.566687200000985
            ],
            [
              -81.69322234583473,
              30.566487854545258
            ],
            [
              -81.69330550377889,
              30.566299762909935
            ],
            [
              -81.69331597903341,
              30.566069442320728
            ],
            [
              -81.69326592131253,
              30.565829820737875
            ],
            [
              -81.69322807079804,
              30.565589446728683
            ],
            [
              -81.69317756841109,
              30.565287278431963
            ],
            [
              -81.69311500075153,
              30.56496386586931
            ],
            [
              -81.69307660765462,
              30.564660945329486
            ],
            [
              -81.69307445259625,
              30.56435783124188
            ],
            [
              -81.69309679998558,
              30.56410751405939
            ],
            [
              -81.69315597740324,
              30.56394017096011
            ],
            [
              -81.69332376563031,
              30.563771562115175
            ],
            [
              -81.69351583531953,
              30.563624819273787
            ],
            [
              -81.6936721799082,
              30.563550439501576
            ],
            [
              -81.69391294547232,
              30.563465986263385
            ],
            [
              -81.694635627542,
              30.563253175101185
            ],
            [
              -81.6949731407639,
              30.56318882439273
            ],
            [
              -81.69528689983477,
              30.563176838833648
            ],
            [
              -81.69551624332007,
              30.56317561436498
            ],
            [
              -81.69567362995447,
              30.56324763366935
            ],
            [
              -81.69583168852873,
              30.563413816925333
            ],
            [
              -81.6960260597017,
              30.563590116610296
            ],
            [
              -81.69612400750869,
              30.56377792884866
            ],
            [
              -81.69613751188236,
              30.563986813322124
            ],
            [
              -81.69612699081375,
              30.56419582652085
            ],
            [
              -81.69606826524868,
              30.564425718397356
            ],
            [
              -81.69598548639357,
              30.56466604887982
            ],
            [
              -81.69586632666775,
              30.564886639878278
            ],
            [
              -81.69572305615974,
              30.565095675116915
            ],
            [
              -81.69557961676843,
              30.565295088406828
            ],
            [
              -81.69541190399983,
              30.56547400990898
            ],
            [
              -81.69525644515001,
              30.56567279898703
            ],
            [
              -81.69516110964385,
              30.56585133382106
            ],
            [
              -81.69513846850545,
              30.566059724212156
            ],
            [
              -81.69515197198079,
              30.566268609187254
            ],
            [
              -81.69516550060897,
              30.56646718315516
            ],
            [
              -81.69520330351274,
              30.566686248616296
            ],
            [
              -81.69530137438895,
              30.56690499181433
            ],
            [
              -81.69542374918515,
              30.567134603459206
            ],
            [
              -81.69549746763232,
              30.56732185811925
            ],
            [
              -81.69564367113976,
              30.567509413300375
            ],
            [
              -81.6958142962465,
              30.567738079101545
            ],
            [
              -81.69594860875453,
              30.567956628106426
            ],
            [
              -81.69609481495691,
              30.56814418283375
            ],
            [
              -81.69626521638315,
              30.568341229999522
            ],
            [
              -81.69643562319928,
              30.568538965152168
            ],
            [
              -81.69658190486014,
              30.568736829070758
            ],
            [
              -81.69672830779359,
              30.56896562269426
            ],
            [
              -81.69687459035276,
              30.569163486516032
            ],
            [
              -81.6970565872327,
              30.569287611119943
            ],
            [
              -81.69721443739779,
              30.56942286258486
            ],
            [
              -81.69737235673317,
              30.569567736483734
            ],
            [
              -81.69755413352584,
              30.569660930693423
            ],
            [
              -81.69774747792445,
              30.569691513287044
            ],
            [
              -81.69794052228576,
              30.56968016818235
            ],
            [
              -81.69818152051356,
              30.56962663625563
            ],
            [
              -81.69838622410892,
              30.569551991147247
            ],
            [
              -81.69854257947738,
              30.569478292697887
            ],
            [
              -81.69873479469366,
              30.569351474369093
            ],
            [
              -81.69890258741232,
              30.569183546295335
            ],
            [
              -81.69907015734879,
              30.568984687064894
            ],
            [
              -81.69920133383816,
              30.568764715650175
            ],
            [
              -81.69927259090144,
              30.56860761588876
            ],
            [
              -81.6993439467794,
              30.568450515099414
            ],
            [
              -81.69945084180662,
              30.56820936560434
            ],
            [
              -81.69952150149025,
              30.567969098042752
            ],
            [
              -81.69960449594103,
              30.56775969540716
            ],
            [
              -81.69972395121256,
              30.56758102795342
            ],
            [
              -81.69980747297443,
              30.56744516983454
            ],
            [
              -81.69989114206,
              30.56732993091298
            ],
            [
              -81.6999990117593,
              30.567224873161376
            ],
            [
              -81.70013085479862,
              30.567098377521745
            ],
            [
              -81.70025061459903,
              30.566962323809616
            ],
            [
              -81.70035840973819,
              30.566846955142953
            ],
            [
              -81.70050259203623,
              30.56675201170527
            ],
            [
              -81.70065863928255,
              30.56663638367138
            ],
            [
              -81.70083881258245,
              30.566520624780793
            ],
            [
              -81.7010672595491,
              30.56639360844037
            ],
            [
              -81.70124722982975,
              30.56623592162973
            ],
            [
              -81.70139093961396,
              30.566089427711503
            ],
            [
              -81.70155887067318,
              30.565942115993828
            ],
            [
              -81.70166613311135,
              30.56575320185298
            ],
            [
              -81.70168868172328,
              30.565533813285494
            ],
            [
              -81.7016632791637,
              30.56535661214448
            ],
            [
              -81.70162563616003,
              30.565147858246984
            ],
            [
              -81.70157547872614,
              30.564897242985772
            ],
            [
              -81.70150167583733,
              30.564699681408957
            ],
            [
              -81.70136757892499,
              30.56451206819763
            ],
            [
              -81.70120903346387,
              30.564293654530722
            ],
            [
              -81.70109891438307,
              30.56408529128622
            ],
            [
              -81.70103744895638,
              30.563918594025637
            ],
            [
              -81.7010967350702,
              30.56378217772062
            ],
            [
              -81.70122882424788,
              30.56367698849837
            ],
            [
              -81.70137305505496,
              30.56360335133388
            ],
            [
              -81.7015538463958,
              30.56356044870062
            ],
            [
              -81.70179498026918,
              30.563528218147784
            ],
            [
              -81.70204822253429,
              30.563495234186593
            ],
            [
              -81.7023257435666,
              30.56348342734592
            ],
            [
              -81.70259122627577,
              30.56348199480718
            ],
            [
              -81.70283283086638,
              30.563501311645894
            ],
            [
              -81.70309854084933,
              30.56353149550388
            ],
            [
              -81.70334012657531,
              30.563561809301902
            ],
            [
              -81.70358180572609,
              30.563591434668187
            ],
            [
              -81.70383542887689,
              30.563611371838455
            ],
            [
              -81.70410098614624,
              30.563620246295116
            ],
            [
              -81.70434234370013,
              30.563618940613782
            ],
            [
              -81.7045719854261,
              30.56365894024716
            ],
            [
              -81.70474164574225,
              30.56375218963782
            ],
            [
              -81.70485132015696,
              30.56389800330624
            ],
            [
              -81.70493709219862,
              30.564074876825057
            ],
            [
              -81.70498647708136,
              30.564231327222863
            ],
            [
              -81.70501173591052,
              30.564387908090193
            ],
            [
              -81.70502505612954,
              30.564554863667002
            ],
            [
              -81.7050380538534,
              30.564690889815438
            ],
            [
              -81.70503888389672,
              30.56480567396077
            ],
            [
              -81.70507633016933,
              30.564972499644654
            ],
            [
              -81.70508972584685,
              30.565149764913947
            ],
            [
              -81.70505454512538,
              30.565296362352356
            ],
            [
              -81.70500727757177,
              30.565432715422414
            ],
            [
              -81.70492399386345,
              30.565600194402425
            ],
            [
              -81.70482859637355,
              30.565767738066466
            ],
            [
              -81.70472088298109,
              30.565893420182967
            ],
            [
              -81.7045890471283,
              30.56601992048778
            ],
            [
              -81.70440895377847,
              30.566145993662385
            ],
            [
              -81.70420478737563,
              30.566293505403554
            ],
            [
              -81.70401273385609,
              30.56644095117415
            ],
            [
              -81.70383261445511,
              30.5665773343483
            ],
            [
              -81.70368883729725,
              30.566714208492588
            ],
            [
              -81.7036053218236,
              30.566850069182173
            ],
            [
              -81.70356998569359,
              30.566975359288502
            ],
            [
              -81.70355862649683,
              30.56707989907843
            ],
            [
              -81.70358353228806,
              30.567173932583234
            ],
            [
              -81.70365651681165,
              30.56725739563464
            ],
            [
              -81.70374138694474,
              30.5673091761666
            ],
            [
              -81.70383811753453,
              30.567339583922074
            ],
            [
              -81.70393487687043,
              30.56736036882758
            ],
            [
              -81.70409175056679,
              30.5673595203221
            ],
            [
              -81.70429690152318,
              30.56734810069082
            ],
            [
              -81.70451391293625,
              30.567315308303964
            ],
            [
              -81.70474303723262,
              30.567282449386877
            ],
            [
              -81.70493600074555,
              30.56726078424573
            ],
            [
              -81.7051406746965,
              30.56719712613906
            ],
            [
              -81.70533340913904,
              30.567143843449546
            ],
            [
              -81.70555074753887,
              30.56714266543979
            ],
            [
              -81.70579188410721,
              30.5671097399449
            ],
            [
              -81.70599670717853,
              30.567066700409228
            ],
            [
              -81.70621397011988,
              30.567055211903707
            ],
            [
              -81.70644314831516,
              30.567043658424453
            ],
            [
              -81.70664829837322,
              30.56703223488852
            ],
            [
              -81.70680509661112,
              30.567021072787803
            ],
            [
              -81.70698589064689,
              30.566978162384153
            ],
            [
              -81.70721468975312,
              30.566914370279747
            ],
            [
              -81.7074195352823,
              30.56686101859501
            ],
            [
              -81.70764858232356,
              30.566817845136534
            ],
            [
              -81.70786551648153,
              30.566774736631437
            ],
            [
              -81.70799803685055,
              30.566743084938217
            ],
            [
              -81.70811846499754,
              30.56670050159506
            ],
            [
              -81.70825067544779,
              30.56662623478908
            ],
            [
              -81.70840694367968,
              30.566542215059233
            ],
            [
              -81.70855119245306,
              30.566457572600925
            ],
            [
              -81.70867146878477,
              30.56639436800343
            ],
            [
              -81.70881610203708,
              30.56636264966633
            ],
            [
              -81.70904466758134,
              30.56626723702167
            ],
            [
              -81.7095732353962,
              30.56591930424175
            ],
            [
              -81.70974191924363,
              30.565877143635987
            ],
            [
              -81.70991090223004,
              30.56587622240952
            ],
            [
              -81.71006815321884,
              30.56592760378465
            ],
            [
              -81.71018949046088,
              30.56601011187608
            ],
            [
              -81.71031105767166,
              30.56612423776931
            ],
            [
              -81.7104447189011,
              30.566249294446525
            ],
            [
              -81.71055401871834,
              30.566342178582467
            ],
            [
              -81.71063934699224,
              30.5664565013238
            ],
            [
              -81.71070055460244,
              30.56657164305042
            ],
            [
              -81.71076158254958,
              30.566675788798797
            ],
            [
              -81.71084706263875,
              30.566810730645013
            ],
            [
              -81.71096893707335,
              30.566966782928997
            ],
            [
              -81.71107877498146,
              30.567133210421904
            ],
            [
              -81.7111644113775,
              30.567289460197625
            ],
            [
              -81.71122576990466,
              30.567425221849927
            ],
            [
              -81.71128704938008,
              30.567549986022826
            ],
            [
              -81.7113724549091,
              30.567674617770937
            ],
            [
              -81.71143356460293,
              30.567789760372147
            ],
            [
              -81.71149476951818,
              30.567904214445058
            ],
            [
              -81.71159236428727,
              30.568039090384264
            ],
            [
              -81.71171391712498,
              30.56816421188504
            ],
            [
              -81.71182331935019,
              30.56825709418744
            ],
            [
              -81.71190850030038,
              30.568350796279354
            ],
            [
              -81.71199380881134,
              30.568475428545515
            ],
            [
              -81.71207914606836,
              30.56859043793312
            ],
            [
              -81.71220079412753,
              30.568714871110327
            ],
            [
              -81.71243175188538,
              30.568932874168247
            ],
            [
              -81.71275983279682,
              30.56923420273066
            ],
            [
              -81.71310010384667,
              30.5695457740706
            ],
            [
              -81.71343991406076,
              30.569794109542087
            ],
            [
              -81.7138399994338,
              30.570042801714717
            ],
            [
              -81.71426431416667,
              30.570291359442116
            ],
            [
              -81.71473688100673,
              30.570538963638793
            ],
            [
              -81.71516127568965,
              30.57079782787252
            ],
            [
              -81.71550094935985,
              30.571026226043056
            ],
            [
              -81.71593728175458,
              30.571274024045838
            ],
            [
              -81.71643345452368,
              30.57144932020967
            ],
            [
              -81.71675971095675,
              30.571499762764265
            ],
            [
              -81.71707341253544,
              30.571476727246605
            ],
            [
              -81.71750744793802,
              30.571411786439803
            ],
            [
              -81.71795328810173,
              30.571304850539985
            ],
            [
              -81.71835063900305,
              30.571166562049644
            ],
            [
              -81.71872376683272,
              30.571029093217888
            ],
            [
              -81.7191088494422,
              30.57087024990006
            ],
            [
              -81.71944582906482,
              30.570732291053805
            ],
            [
              -81.7197466470057,
              30.57060553005307
            ],
            [
              -81.71999928650126,
              30.57048934431211
            ],
            [
              -81.72025269675133,
              30.570477632683925
            ],
            [
              -81.72044627740686,
              30.57053911059482
            ],
            [
              -81.72060431352321,
              30.57069495268974
            ],
            [
              -81.72081140124736,
              30.570944691350224
            ],
            [
              -81.72098209103281,
              30.571173322756113
            ],
            [
              -81.72114090239525,
              30.571433638601132
            ],
            [
              -81.7213239413209,
              30.571693819168356
            ],
            [
              -81.72149432298421,
              30.571880522844307
            ],
            [
              -81.72162792492486,
              30.571994570674487
            ],
            [
              -81.72174864592263,
              30.572004899206906
            ],
            [
              -81.72189312466472,
              30.57195185969851
            ],
            [
              -81.72201324109629,
              30.571867335656513
            ],
            [
              -81.72212093921739,
              30.571741639623585
            ],
            [
              -81.72221630616458,
              30.571573396255225
            ],
            [
              -81.72229931319177,
              30.57138528741011
            ],
            [
              -81.72239437471177,
              30.571175803976256
            ],
            [
              -81.72245311734484,
              30.570956211880013
            ],
            [
              -81.72247507486533,
              30.5706632759783
            ],
            [
              -81.72248461317702,
              30.57032916822185
            ],
            [
              -81.7224822901337,
              30.570015746968956
            ],
            [
              -81.72246733677747,
              30.569619225734897
            ],
            [
              -81.72244003607767,
              30.569191154856018
            ],
            [
              -81.72244910546878,
              30.56879381269689
            ],
            [
              -81.72248271683345,
              30.568438950957695
            ],
            [
              -81.72255277464585,
              30.568125127579588
            ],
            [
              -81.72265924746488,
              30.567821413270796
            ],
            [
              -81.72285034697359,
              30.567548846691828
            ],
            [
              -81.72317457950234,
              30.567327779096228
            ],
            [
              -81.72351131118995,
              30.56715888144296
            ],
            [
              -81.72395601498484,
              30.5669158344805
            ],
            [
              -81.72448500141464,
              30.566631076024958
            ],
            [
              -81.72488178188574,
              30.566419911594902
            ],
            [
              -81.72521819467144,
              30.56620908162516
            ],
            [
              -81.72554257542221,
              30.566009315956048
            ],
            [
              -81.72578315952666,
              30.56590349643393
            ],
            [
              -81.72594012934277,
              30.565902621617084
            ],
            [
              -81.72602516296925,
              30.565975007077988
            ],
            [
              -81.72607520721542,
              30.566215302783043
            ],
            [
              -81.72612594765592,
              30.56654907432054
            ],
            [
              -81.72613984728831,
              30.56678888440356
            ],
            [
              -81.72615388346463,
              30.56706031146066
            ],
            [
              -81.72619261612475,
              30.56739483732562
            ],
            [
              -81.72620641694245,
              30.567634647638364
            ],
            [
              -81.72626763802738,
              30.567749094159506
            ],
            [
              -81.72640071984345,
              30.567779970502816
            ],
            [
              -81.72653338933281,
              30.567768919868495
            ],
            [
              -81.72666558720667,
              30.567694634543532
            ],
            [
              -81.72677327454798,
              30.567568935423697
            ],
            [
              -81.72690446271544,
              30.567359246510883
            ],
            [
              -81.72708384909117,
              30.567128667774313
            ],
            [
              -81.72726360108119,
              30.56696063684694
            ],
            [
              -81.72744337013921,
              30.566781607478564
            ],
            [
              -81.7276470173158,
              30.566582510505352
            ],
            [
              -81.7278991645346,
              30.56640307590608
            ],
            [
              -81.72812750190678,
              30.566266390053556
            ],
            [
              -81.72840393328264,
              30.566108126787558
            ],
            [
              -81.72875258202082,
              30.565928150641717
            ],
            [
              -81.72900449927087,
              30.565718472105097
            ],
            [
              -81.72912327541607,
              30.56545661172639
            ],
            [
              -81.72915769346787,
              30.565226154547336
            ],
            [
              -81.72916801151722,
              30.564986209880313
            ],
            [
              -81.72916574506777,
              30.564683098355893
            ],
            [
              -81.7290917274816,
              30.564464246498865
            ],
            [
              -81.72893429323649,
              30.564402579097504
            ],
            [
              -81.72876578006898,
              30.564466071961647
            ],
            [
              -81.72862188253687,
              30.56458166545419
            ],
            [
              -81.72850224850059,
              30.564728741773493
            ],
            [
              -81.72839534718514,
              30.56495891626061
            ],
            [
              -81.72826401079568,
              30.56514798664725
            ],
            [
              -81.72811977639533,
              30.56523196349543
            ],
            [
              -81.72796273112074,
              30.565222531496175
            ],
            [
              -81.7277687668846,
              30.56510882687103
            ],
            [
              -81.72753842716764,
              30.56496370807591
            ],
            [
              -81.72729611290795,
              30.564850273098223
            ],
            [
              -81.72707825977346,
              30.564768320165964
            ],
            [
              -81.72687236052046,
              30.564664991505914
            ],
            [
              -81.7266060756157,
              30.564572309968266
            ],
            [
              -81.72629171467361,
              30.564490206742022
            ],
            [
              -81.72603754804209,
              30.564398143838822
            ],
            [
              -81.7258194559557,
              30.564283883646123
            ],
            [
              -81.72560095872916,
              30.5641283847428
            ],
            [
              -81.72540645730047,
              30.563941820073484
            ],
            [
              -81.72527216186043,
              30.563733612321833
            ],
            [
              -81.72519823051256,
              30.563525067647042
            ],
            [
              -81.72514811350285,
              30.563274462117054
            ],
            [
              -81.72520441541329,
              30.56274144760169
            ],
            [
              -81.72540326019637,
              30.561883894234587
            ],
            [
              -81.72548557462248,
              30.561591309190195
            ],
            [
              -81.7255803666479,
              30.561361204066394
            ],
            [
              -81.72574778656572,
              30.561151314542588
            ],
            [
              -81.72593933074049,
              30.560941289970774
            ],
            [
              -81.72611893810178,
              30.560741642634888
            ],
            [
              -81.72622615292923,
              30.560553396755868
            ],
            [
              -81.72626106415613,
              30.560375176283504
            ],
            [
              -81.72630775768627,
              30.56016595992337
            ],
            [
              -81.72639053384646,
              30.559935921037788
            ],
            [
              -81.72647361723045,
              30.55974712206255
            ],
            [
              -81.72660526713196,
              30.55960066785342
            ],
            [
              -81.7267973493976,
              30.559463499010413
            ],
            [
              -81.7270019371103,
              30.559379186867265
            ],
            [
              -81.72719526444091,
              30.559409038611182
            ],
            [
              -81.72734118048744,
              30.559564940356907
            ],
            [
              -81.72743933760191,
              30.559773348891593
            ],
            [
              -81.72751358336015,
              30.560023818812923
            ],
            [
              -81.72761236121048,
              30.560315393706876
            ],
            [
              -81.72774712377444,
              30.560586145789866
            ],
            [
              -81.72785776118316,
              30.560857033258653
            ],
            [
              -81.72793224499495,
              30.561139119879336
            ],
            [
              -81.72793419523742,
              30.56140030502024
            ],
            [
              -81.72783963946893,
              30.56166134094154
            ],
            [
              -81.72770877289834,
              30.56191295776305
            ],
            [
              -81.72757751735722,
              30.562112337371563
            ],
            [
              -81.72757821983978,
              30.562206501001306
            ],
            [
              -81.72768745408003,
              30.56228906021551
            ],
            [
              -81.72780893684914,
              30.56240317037448
            ],
            [
              -81.7279907289132,
              30.56249632118837
            ],
            [
              -81.72825675150986,
              30.562567693563857
            ],
            [
              -81.72869152083601,
              30.562607190071727
            ],
            [
              -81.7291503605202,
              30.562625929268176
            ],
            [
              -81.72954875526386,
              30.56263400786723
            ],
            [
              -81.730055510187,
              30.562620857324706
            ],
            [
              -81.73056196686946,
              30.56255477970833
            ],
            [
              -81.73094731088868,
              30.562437828598487
            ],
            [
              -81.73134375089829,
              30.562185404810396
            ],
            [
              -81.73169144203239,
              30.56188032752567
            ],
            [
              -81.73188266011871,
              30.561628367948543
            ],
            [
              -81.73198923444738,
              30.561356263556206
            ],
            [
              -81.73199923179818,
              30.561074391060565
            ],
            [
              -81.73186461116802,
              30.560824262657274
            ],
            [
              -81.7315606877512,
              30.560544155364315
            ],
            [
              -81.73120861463516,
              30.560264316452884
            ],
            [
              -81.73073417301111,
              30.559765210491864
            ],
            [
              -81.7304522906581,
              30.559192849770426
            ],
            [
              -81.7303061886603,
              30.559025953812515
            ],
            [
              -81.7301480788821,
              30.558859813321952
            ],
            [
              -81.73001425415927,
              30.558714843757468
            ],
            [
              -81.72991671598403,
              30.55858960486765
            ],
            [
              -81.72987946644245,
              30.558454404051496
            ],
            [
              -81.72987813334258,
              30.558276386262115
            ],
            [
              -81.7298890730261,
              30.558119607559135
            ],
            [
              -81.72993646185228,
              30.558004554043364
            ],
            [
              -81.7300199333085,
              30.55786867632611
            ],
            [
              -81.73011551046146,
              30.55773204420271
            ],
            [
              -81.73021122505666,
              30.557627029433604
            ],
            [
              -81.73033116272352,
              30.557521878404984
            ],
            [
              -81.73045102313523,
              30.557406418062875
            ],
            [
              -81.7305940475049,
              30.55717603845803
            ],
            [
              -81.73068993727158,
              30.557081332322475
            ],
            [
              -81.73076191837698,
              30.557028689226975
            ],
            [
              -81.73084624772427,
              30.557007595778188
            ],
            [
              -81.73097889655239,
              30.556995853127187
            ],
            [
              -81.73108776338167,
              30.557016549741995
            ],
            [
              -81.73119676226328,
              30.55706817715961
            ],
            [
              -81.73133020071056,
              30.557161595331596
            ],
            [
              -81.73145168168305,
              30.55727570146408
            ],
            [
              -81.7315734941339,
              30.557420737383687
            ],
            [
              -81.73170740240002,
              30.55757670188756
            ],
            [
              -81.73185311273237,
              30.55769135907681
            ],
            [
              -81.73198662933305,
              30.557795086581812
            ],
            [
              -81.73212016300172,
              30.55788781636498
            ],
            [
              -81.73224164577087,
              30.55800192164357
            ],
            [
              -81.7323633881531,
              30.558137333496138
            ],
            [
              -81.73248479456545,
              30.558241128596986
            ],
            [
              -81.73272772866267,
              30.558438407828483
            ],
            [
              -81.73299460645549,
              30.558624553760637
            ],
            [
              -81.73313961161033,
              30.558645045811584
            ],
            [
              -81.73346544044536,
              30.558643210956674
            ],
            [
              -81.73367056355396,
              30.558631057749803
            ],
            [
              -81.7338757531379,
              30.558640898822958
            ],
            [
              -81.73404495621155,
              30.558670876108675
            ],
            [
              -81.73422659196873,
              30.558743399241376
            ],
            [
              -81.73433622056939,
              30.558878190449196
            ],
            [
              -81.73439807766154,
              30.55907648714329
            ],
            [
              -81.73444805543237,
              30.559305782371485
            ],
            [
              -81.73448547206057,
              30.559462288418693
            ],
            [
              -81.73459439817867,
              30.559503602464233
            ],
            [
              -81.73471494400496,
              30.559492611996944
            ],
            [
              -81.73483527243894,
              30.55943969405529
            ],
            [
              -81.73502718671962,
              30.55928189383505
            ],
            [
              -81.7352305805713,
              30.559040170786503
            ],
            [
              -81.7353974049061,
              30.558767723417102
            ],
            [
              -81.73558807951167,
              30.558432591511778
            ],
            [
              -81.73579050497948,
              30.55807608443315
            ],
            [
              -81.73606445610683,
              30.557594074408616
            ],
            [
              -81.73633832728413,
              30.557101754305318
            ],
            [
              -81.73650461083312,
              30.556745450426067
            ],
            [
              -81.7365750100053,
              30.55648385746465
            ],
            [
              -81.73657383141565,
              30.556327833960584
            ],
            [
              -81.73653666811235,
              30.55619194770719
            ],
            [
              -81.73645147368742,
              30.556098261720898
            ],
            [
              -81.7363425511626,
              30.55605694931987
            ],
            [
              -81.73618552026105,
              30.556047526485102
            ],
            [
              -81.73602882712603,
              30.55606972015647
            ],
            [
              -81.73588437892667,
              30.55612277608368
            ],
            [
              -81.7356919948271,
              30.55621734313904
            ],
            [
              -81.73552397752962,
              30.556344078846145
            ],
            [
              -81.73542827012092,
              30.55644909732416
            ],
            [
              -81.73534449233924,
              30.556543050625006
            ],
            [
              -81.73521263133362,
              30.556659270860035
            ],
            [
              -81.73504460774794,
              30.55678531829301
            ],
            [
              -81.7349003913139,
              30.556869302378914
            ],
            [
              -81.73480379636972,
              30.55686984773995
            ],
            [
              -81.7347189253383,
              30.55681877486091
            ],
            [
              -81.73463357191159,
              30.55670378091435
            ],
            [
              -81.7345716600222,
              30.556484863098838
            ],
            [
              -81.73454525853599,
              30.556182575167448
            ],
            [
              -81.73453023241625,
              30.5557956786286
            ],
            [
              -81.7345144256605,
              30.55530499556808
            ],
            [
              -81.73452307913163,
              30.55484579310345
            ],
            [
              -81.73450797575676,
              30.55444858636336
            ],
            [
              -81.73443222621876,
              30.554000169805335
            ],
            [
              -81.73425972542968,
              30.553530990387728
            ],
            [
              -81.73397886086788,
              30.553094040410553
            ],
            [
              -81.7336746562784,
              30.55276101165617
            ],
            [
              -81.73338310176473,
              30.552512456207737
            ],
            [
              -81.73312779876436,
              30.552252698416876
            ],
            [
              -81.73301738862942,
              30.55201274487766
            ],
            [
              -81.73302791329128,
              30.551814726945853
            ],
            [
              -81.73307490326548,
              30.551647434592663
            ],
            [
              -81.73319483105085,
              30.551542281727183
            ],
            [
              -81.7333876732912,
              30.55150957760477
            ],
            [
              -81.73354459729326,
              30.551519003974505
            ],
            [
              -81.73367781385662,
              30.551570492746908
            ],
            [
              -81.73383544662941,
              30.551674082129896
            ],
            [
              -81.73396911235044,
              30.551798427923664
            ],
            [
              -81.7340785828476,
              30.551913286886748
            ],
            [
              -81.73416368833928,
              30.551995977086747
            ],
            [
              -81.73424863842244,
              30.55205804768219
            ],
            [
              -81.73438183881615,
              30.552120533660847
            ],
            [
              -81.7344907514595,
              30.552161160781292
            ],
            [
              -81.73459966949277,
              30.552202475614155
            ],
            [
              -81.73470876449412,
              30.552254098630197
            ],
            [
              -81.73478128818196,
              30.552274310436417
            ],
            [
              -81.73488973549802,
              30.552253077480167
            ],
            [
              -81.73499809927071,
              30.552220847813242
            ],
            [
              -81.73508250048326,
              30.552210061524896
            ],
            [
              -81.73529970503411,
              30.552208834597153
            ],
            [
              -81.7353843451985,
              30.55222966529173
            ],
            [
              -81.73551801361444,
              30.552354008826576
            ],
            [
              -81.73572462702813,
              30.552541177519
            ],
            [
              -81.73591857509459,
              30.55265487056865
            ],
            [
              -81.73602741138114,
              30.55268518621719
            ],
            [
              -81.73612400183374,
              30.552684640059095
            ],
            [
              -81.73622041621658,
              30.552673784972324
            ],
            [
              -81.73628053417033,
              30.552641826977123
            ],
            [
              -81.73632830747546,
              30.55257900714059
            ],
            [
              -81.73637600352545,
              30.55250587754327
            ],
            [
              -81.7364711728433,
              30.552317003772796
            ],
            [
              -81.73663689764017,
              30.551887843138992
            ],
            [
              -81.73680104319878,
              30.551249735127836
            ],
            [
              -81.73694138160573,
              30.550653690364552
            ],
            [
              -81.73710755825519,
              30.550298074539025
            ],
            [
              -81.73725128510739,
              30.550150853343194
            ],
            [
              -81.7373594898783,
              30.550098002254174
            ],
            [
              -81.73750408360475,
              30.550065564542628
            ],
            [
              -81.73763672794128,
              30.550054503381126
            ],
            [
              -81.73774517166407,
              30.55003326839206
            ],
            [
              -81.73781708180258,
              30.54995931374864
            ],
            [
              -81.73781597956972,
              30.549813600594135
            ],
            [
              -81.73772834172722,
              30.54939618406861
            ],
            [
              -81.73753824024679,
              30.548989658382254
            ],
            [
              -81.73753107797904,
              30.54884329160581
            ],
            [
              -81.73751181091282,
              30.548697681215813
            ],
            [
              -81.73745632646931,
              30.548541278495936
            ],
            [
              -81.73737703846739,
              30.54842693851626
            ],
            [
              -81.73727991711044,
              30.548343631013978
            ],
            [
              -81.73716479171857,
              30.548281732883936
            ],
            [
              -81.73702566334231,
              30.548235780014636
            ],
            [
              -81.73685639558995,
              30.548194809306466
            ],
            [
              -81.73668122680449,
              30.548174492210673
            ],
            [
              -81.73653032690476,
              30.54816022413264
            ],
            [
              -81.73637326725711,
              30.548145303107766
            ],
            [
              -81.73621032903425,
              30.5481407247579
            ],
            [
              -81.73592076878052,
              30.548142361761684
            ],
            [
              -81.73578791333989,
              30.54813830097104
            ],
            [
              -81.73564306359357,
              30.548123309542284
            ],
            [
              -81.73549186275822,
              30.54808223512003
            ],
            [
              -81.7352497991285,
              30.547984622083813
            ],
            [
              -81.73497751886758,
              30.547881680936694
            ],
            [
              -81.73474168685097,
              30.547820461762623
            ],
            [
              -81.7345722600968,
              30.54775818112358
            ],
            [
              -81.7344687346502,
              30.547628167143714
            ],
            [
              -81.7344133750725,
              30.547487571190313
            ],
            [
              -81.73439464160558,
              30.54739900756466
            ],
            [
              -81.73436375572946,
              30.547305013693485
            ],
            [
              -81.73430289576729,
              30.5472379957355
            ],
            [
              -81.73419421578758,
              30.547227611185562
            ],
            [
              -81.73408566067371,
              30.54723372138276
            ],
            [
              -81.73399524973193,
              30.547250040512353
            ],
            [
              -81.73389889643457,
              30.547281514437895
            ],
            [
              -81.73380862562999,
              30.547303331030978
            ],
            [
              -81.73373619806189,
              30.547308550766182
            ],
            [
              -81.73366934004854,
              30.547236067828365
            ],
            [
              -81.73366875075372,
              30.547157712142084
            ],
            [
              -81.73368005425495,
              30.54706348052988
            ],
            [
              -81.73372151959013,
              30.54695395704442
            ],
            [
              -81.73378684687424,
              30.546822991181774
            ],
            [
              -81.73385219481958,
              30.546681714803903
            ],
            [
              -81.73391753827335,
              30.546539751224483
            ],
            [
              -81.73401898322174,
              30.546393459666263
            ],
            [
              -81.73412050003536,
              30.54625679050081
            ],
            [
              -81.73421645807402,
              30.546173079613613
            ],
            [
              -81.7343428043221,
              30.54613043850413
            ],
            [
              -81.73445729460506,
              30.546108484711876
            ],
            [
              -81.73457788624545,
              30.546092682960648
            ],
            [
              -81.7347106033455,
              30.546091934069747
            ],
            [
              -81.7348374616333,
              30.546117338333307
            ],
            [
              -81.73499463177372,
              30.546147382152423
            ],
            [
              -81.7351759845616,
              30.54619859835564
            ],
            [
              -81.73533337748422,
              30.54627125691201
            ],
            [
              -81.73549686098445,
              30.54634869267553
            ],
            [
              -81.73565438955268,
              30.546426161644003
            ],
            [
              -81.73577566481097,
              30.54651414515034
            ],
            [
              -81.73587909323953,
              30.546618039328937
            ],
            [
              -81.73597612835822,
              30.54669035097937
            ],
            [
              -81.73610332531086,
              30.546747369987965
            ],
            [
              -81.73629093216975,
              30.546824668437196
            ],
            [
              -81.73647248438361,
              30.546902000091382
            ],
            [
              -81.73658180755706,
              30.54698455221031
            ],
            [
              -81.73669103730572,
              30.54706779202482
            ],
            [
              -81.73683024114045,
              30.547124054966062
            ],
            [
              -81.73698114463346,
              30.547139010961686
            ],
            [
              -81.73711979869925,
              30.54712241717145
            ],
            [
              -81.7372342530496,
              30.54709564924427
            ],
            [
              -81.73734847383798,
              30.547037951957847
            ],
            [
              -81.73746241345366,
              30.546943139225213
            ],
            [
              -81.73755201321674,
              30.54683265474092
            ],
            [
              -81.73761755340155,
              30.546717495008647
            ],
            [
              -81.73767098339802,
              30.546602403993997
            ],
            [
              -81.73771820244261,
              30.546466726935112
            ],
            [
              -81.73774131609487,
              30.54632018924753
            ],
            [
              -81.7377280991821,
              30.546173857128842
            ],
            [
              -81.7376606258228,
              30.546033331018666
            ],
            [
              -81.7375089758298,
              30.54591940121381
            ],
            [
              -81.73730929561349,
              30.545846984546383
            ],
            [
              -81.7371401140994,
              30.545817011036494
            ],
            [
              -81.73700118155588,
              30.545796489199514
            ],
            [
              -81.7368502439269,
              30.545776722440703
            ],
            [
              -81.7366931878725,
              30.54576180182309
            ],
            [
              -81.73653002057924,
              30.54572629436479
            ],
            [
              -81.73636048153567,
              30.545648894466463
            ],
            [
              -81.73620891149274,
              30.545545273123633
            ],
            [
              -81.73606314097326,
              30.545420998232824
            ],
            [
              -81.7359112753846,
              30.54529125809129
            ],
            [
              -81.73579564064795,
              30.54516131353144
            ],
            [
              -81.73572850415688,
              30.545051715950155
            ],
            [
              -81.73570375557081,
              30.5449686856154
            ],
            [
              -81.73570312315684,
              30.544884831264714
            ],
            [
              -81.73572661769478,
              30.54480152845963
            ],
            [
              -81.73578618138802,
              30.54469671400434
            ],
            [
              -81.73585779238752,
              30.544596641968948
            ],
            [
              -81.73593566105129,
              30.54452334234248
            ],
            [
              -81.73600163242745,
              30.54446523194002
            ],
            [
              -81.73606762895642,
              30.54442361750215
            ],
            [
              -81.73615170767374,
              30.54437090332792
            ],
            [
              -81.73623570284776,
              30.544307191522726
            ],
            [
              -81.73634980146525,
              30.544233686657194
            ],
            [
              -81.73650020818991,
              30.54417028654805
            ],
            [
              -81.73677074751582,
              30.54404365718536
            ],
            [
              -81.73717300681184,
              30.543784997002327
            ],
            [
              -81.73728112714112,
              30.543721835663227
            ],
            [
              -81.73739518263949,
              30.54364283112874
            ],
            [
              -81.7374972276625,
              30.543563894612745
            ],
            [
              -81.73755720368246,
              30.543527125271677
            ],
            [
              -81.73760514946412,
              30.543474614859274
            ],
            [
              -81.73771283231385,
              30.543353717480006
            ],
            [
              -81.73780840587357,
              30.543232888033273
            ],
            [
              -81.73788599605959,
              30.543123159072177
            ],
            [
              -81.73796367967041,
              30.54301274141891
            ],
            [
              -81.73801722734619,
              30.542913459115407
            ],
            [
              -81.7380407964443,
              30.542840465366666
            ],
            [
              -81.7380341489112,
              30.5427621448167
            ],
            [
              -81.73800923862836,
              30.54265780706475
            ],
            [
              -81.73794219915534,
              30.54257432981946
            ],
            [
              -81.73785127797048,
              30.54252260572031
            ],
            [
              -81.73774233298776,
              30.542476482237458
            ],
            [
              -81.7376093050706,
              30.5424353071693
            ],
            [
              -81.73749446085142,
              30.542409837727256
            ],
            [
              -81.737385750329,
              30.542394643484297
            ],
            [
              -81.73721673051168,
              30.54238529050162
            ],
            [
              -81.73703570111729,
              30.54237600405437
            ],
            [
              -81.73690298940711,
              30.542376755294935
            ],
            [
              -81.73675824566202,
              30.542387884641126
            ],
            [
              -81.73659539996562,
              30.542394304613715
            ],
            [
              -81.73643259110015,
              30.542405535309566
            ],
            [
              -81.73626376891218,
              30.54242229856754
            ],
            [
              -81.73608884985838,
              30.542433598117338
            ],
            [
              -81.73591385265112,
              30.54243458687627
            ],
            [
              -81.73573875842584,
              30.542409456304515
            ],
            [
              -81.73558151103032,
              30.542368415827813
            ],
            [
              -81.73547256784424,
              30.542322290724343
            ],
            [
              -81.73538170594819,
              30.54226506563976
            ],
            [
              -81.73529660854133,
              30.5421823756618
            ],
            [
              -81.73524152564471,
              30.542078208270105
            ],
            [
              -81.7352345645996,
              30.541957959817587
            ],
            [
              -81.73526974801601,
              30.54183197514128
            ],
            [
              -81.73532931620082,
              30.54172784760518
            ],
            [
              -81.73541913155955,
              30.541633172818546
            ],
            [
              -81.73553306758198,
              30.54153836099761
            ],
            [
              -81.73565313550453,
              30.54145382516312
            ],
            [
              -81.73579730612448,
              30.541380151021624
            ],
            [
              -81.7359477092559,
              30.541316752144066
            ],
            [
              -81.73608612167486,
              30.541269229264113
            ],
            [
              -81.73623066150239,
              30.541231295429945
            ],
            [
              -81.7363631746849,
              30.54120442684677
            ],
            [
              -81.73650178383491,
              30.541183022032037
            ],
            [
              -81.73666454958125,
              30.541166292602355
            ],
            [
              -81.73685139916034,
              30.54114461544138
            ],
            [
              -81.73702607656733,
              30.541101698238236
            ],
            [
              -81.73715851159642,
              30.5410645186841
            ],
            [
              -81.73727271980839,
              30.54100613464717
            ],
            [
              -81.7373745070149,
              30.54090657872723
            ],
            [
              -81.73745822820277,
              30.540807124832313
            ],
            [
              -81.73751778830272,
              30.540702309933792
            ],
            [
              -81.73754697636295,
              30.54057154608287
            ],
            [
              -81.73753993446942,
              30.54044098863183
            ],
            [
              -81.73747855617931,
              30.540305238746843
            ],
            [
              -81.73738694778328,
              30.5401490399162
            ],
            [
              -81.737295401371,
              30.5400141491994
            ],
            [
              -81.73719168368491,
              30.53985801875964
            ],
            [
              -81.73708157358728,
              30.539670305689665
            ],
            [
              -81.736983756036,
              30.539493520772638
            ],
            [
              -81.73690993877415,
              30.539300791089964
            ],
            [
              -81.73684195786672,
              30.539092218675506
            ],
            [
              -81.73677995434917,
              30.53887330214972
            ],
            [
              -81.73674812524203,
              30.538654214915006
            ],
            [
              -81.7367649452974,
              30.53847609427528
            ],
            [
              -81.73682401042565,
              30.538319042969576
            ],
            [
              -81.73690142274526,
              30.538172885257367
            ],
            [
              -81.7370030042376,
              30.538046523515273
            ],
            [
              -81.73712866956268,
              30.53791521448949
            ],
            [
              -81.73729606612429,
              30.53771080942001
            ],
            [
              -81.73718456273964,
              30.537325145298745
            ],
            [
              -81.73711747116435,
              30.537221046200177
            ],
            [
              -81.73707447779485,
              30.53712712216977
            ],
            [
              -81.73706775300663,
              30.53703849106543
            ],
            [
              -81.73710936656386,
              30.536949585983198
            ],
            [
              -81.73717495795263,
              30.536855046581874
            ],
            [
              -81.73728900536618,
              30.536776042650597
            ],
            [
              -81.7374154010216,
              30.536728587183646
            ],
            [
              -81.73754798517099,
              30.536712027205596
            ],
            [
              -81.73768654671032,
              30.536685122554562
            ],
            [
              -81.73782494655288,
              30.536636911115867
            ],
            [
              -81.73798141510906,
              30.536589284588125
            ],
            [
              -81.73811974218809,
              30.536531450299528
            ],
            [
              -81.73824593482425,
              30.53645718748817
            ],
            [
              -81.7383777275579,
              30.536336152934197
            ],
            [
              -81.7384730594708,
              30.53618439432655
            ],
            [
              -81.73849027658154,
              30.5360591975523
            ],
            [
              -81.73848928843474,
              30.535928604633522
            ],
            [
              -81.73848200669103,
              30.535766429438006
            ],
            [
              -81.7384324277722,
              30.535589372798842
            ],
            [
              -81.73837089587018,
              30.535433003899808
            ],
            [
              -81.73831549676659,
              30.535286910706866
            ],
            [
              -81.73825396576291,
              30.535130541320854
            ],
            [
              -81.73821054030375,
              30.534979568492943
            ],
            [
              -81.73821560680196,
              30.53484894162566
            ],
            [
              -81.73826301269614,
              30.5347386963931
            ],
            [
              -81.73834089213969,
              30.53465508467384
            ],
            [
              -81.7384490385201,
              30.534596733149545
            ],
            [
              -81.7385754090227,
              30.534559586697185
            ],
            [
              -81.7387201410897,
              30.53454845568012
            ],
            [
              -81.73887098349726,
              30.534557910777416
            ],
            [
              -81.73904010931581,
              30.534583071235545
            ],
            [
              -81.73924562408988,
              30.534629333097843
            ],
            [
              -81.73943304859075,
              30.534685320057726
            ],
            [
              -81.73960838536118,
              30.534731065014213
            ],
            [
              -81.73975931221037,
              30.534751515684594
            ],
            [
              -81.73986779545903,
              30.534724779939204
            ],
            [
              -81.73998791368724,
              30.534661548487026
            ],
            [
              -81.74011398774579,
              30.53457216305814
            ],
            [
              -81.74022779081757,
              30.534461539152478
            ],
            [
              -81.74034133786948,
              30.534330295690474
            ],
            [
              -81.74045478520839,
              30.534172933600228
            ],
            [
              -81.74065807844876,
              30.53392639104781
            ],
            [
              -81.74087947543705,
              30.53368524397764
            ],
            [
              -81.74104103744091,
              30.533511798494853
            ],
            [
              -81.74120881039663,
              30.53335893752454
            ],
            [
              -81.74135902039022,
              30.533285223197353
            ],
            [
              -81.7414977319482,
              30.5332789349338
            ],
            [
              -81.74170913697557,
              30.533303851218328
            ],
            [
              -81.74197485414506,
              30.533344266467505
            ],
            [
              -81.74216192201476,
              30.533353511222217
            ],
            [
              -81.74233041452102,
              30.533295500913365
            ],
            [
              -81.74249237088529,
              30.53317429064709
            ],
            [
              -81.74259368467965,
              30.533001186250324
            ],
            [
              -81.74271268450535,
              30.532791551097954
            ],
            [
              -81.74283780185813,
              30.532577069463944
            ],
            [
              -81.74293885783602,
              30.53238334493312
            ],
            [
              -81.74304612476578,
              30.53221020662908
            ],
            [
              -81.74316593846511,
              30.53209473475396
            ],
            [
              -81.74334635341182,
              30.532025656609356
            ],
            [
              -81.74358139760591,
              30.531987885523193
            ],
            [
              -81.7437864901718,
              30.53199221316272
            ],
            [
              -81.74400414657525,
              30.53204321011983
            ],
            [
              -81.7443064440414,
              30.532130152024187
            ],
            [
              -81.74459647501234,
              30.53219654360564
            ],
            [
              -81.7448560728581,
              30.532215680194508
            ],
            [
              -81.74511545510818,
              30.53221969599931
            ],
            [
              -81.7454110376676,
              30.532207007138787
            ],
            [
              -81.74579660626563,
              30.532137439284725
            ],
            [
              -81.74610352017402,
              30.53203601492962
            ],
            [
              -81.74630773508588,
              30.531925556041717
            ],
            [
              -81.74649961433225,
              30.531772550203204
            ],
            [
              -81.74665473002561,
              30.531536585097335
            ],
            [
              -81.74675534133745,
              30.53128581032017
            ],
            [
              -81.74681412349636,
              30.531081327850835
            ],
            [
              -81.74690923711866,
              30.530903444024688
            ],
            [
              -81.74702326926082,
              30.53082443138391
            ],
            [
              -81.74711980222123,
              30.53081906684156
            ],
            [
              -81.74722841662393,
              30.53082325525463
            ],
            [
              -81.74733723674083,
              30.530854249351023
            ],
            [
              -81.7474462149612,
              30.530905863599155
            ],
            [
              -81.74756745967679,
              30.530978027553218
            ],
            [
              -81.74768868912102,
              30.53106118978355
            ],
            [
              -81.74784002650028,
              30.53112287062923
            ],
            [
              -81.74803947854451,
              30.531168466378862
            ],
            [
              -81.74822065166931,
              30.53119904407893
            ],
            [
              -81.74845600757882,
              30.53120250358781
            ],
            [
              -81.74871550930484,
              30.53122232051286
            ],
            [
              -81.74895744178053,
              30.531293790164202
            ],
            [
              -81.7500623884446,
              30.531417344188394
            ],
            [
              -81.75047318353248,
              30.53144109798263
            ],
            [
              -81.75093178426478,
              30.53151200262543
            ],
            [
              -81.75166757814434,
              30.53166997565607
            ],
            [
              -81.75232369415313,
              30.53175348239181
            ],
            [
              -81.7527908666099,
              30.531893067381375
            ],
            [
              -81.75307620747675,
              30.53200689370905
            ],
            [
              -81.75336103001568,
              30.53206642212955
            ],
            [
              -81.75360059902386,
              30.532332418566458
            ],
            [
              -81.75375311229784,
              30.532571423371454
            ],
            [
              -81.75388943523546,
              30.532783028201923
            ],
            [
              -81.75400929474888,
              30.53291911899311
            ],
            [
              -81.7541993899411,
              30.532986066363083
            ],
            [
              -81.75438989566341,
              30.533080506621218
            ],
            [
              -81.75450145115033,
              30.533182276525995
            ],
            [
              -81.75461959847482,
              30.53316097130454
            ],
            [
              -81.75479244601358,
              30.53307679957881
            ],
            [
              -81.75502068277444,
              30.53300605392348
            ],
            [
              -81.75522550943901,
              30.532962938138382
            ],
            [
              -81.75539083448557,
              30.532920050591166
            ],
            [
              -81.75556451745756,
              30.53291835607308
            ],
            [
              -81.75576213514196,
              30.532944016799902
            ],
            [
              -81.75592003740935,
              30.532942413584994
            ],
            [
              -81.75603039184873,
              30.53292733856622
            ],
            [
              -81.75624305900911,
              30.53288417554733
            ],
            [
              -81.75649548650225,
              30.532861401677263
            ],
            [
              -81.7566700076024,
              30.532942183780502
            ],
            [
              -81.7567819843992,
              30.533085190911365
            ],
            [
              -81.75679175986612,
              30.533270720806666
            ],
            [
              -81.75669917410303,
              30.533478152837823
            ],
            [
              -81.75659822412636,
              30.533643704616214
            ],
            [
              -81.7565610221955,
              30.533863874790068
            ],
            [
              -81.75655527567261,
              30.534070115537297
            ],
            [
              -81.75656457862571,
              30.534207533040842
            ],
            [
              -81.7566541918635,
              30.534474394072586
            ],
            [
              -81.75686137480906,
              30.53465808910131
            ],
            [
              -81.75710576058378,
              30.53462161427784
            ],
            [
              -81.75733379252875,
              30.53453711884706
            ],
            [
              -81.75750674696704,
              30.53446668994135
            ],
            [
              -81.75770358221884,
              30.534416742675052
            ],
            [
              -81.75792413838404,
              30.534366657657102
            ],
            [
              -81.75805016842513,
              30.534337742950406
            ],
            [
              -81.75819971366542,
              30.534294943442966
            ],
            [
              -81.7583649327108,
              30.534238306314755
            ],
            [
              -81.7584982283259,
              30.534148173834666
            ],
            [
              -81.7586074841257,
              30.534029999255218
            ],
            [
              -81.75873256734249,
              30.53390485928238
            ],
            [
              -81.75894434157746,
              30.533772340708957
            ],
            [
              -81.75919567132935,
              30.533646464571014
            ],
            [
              -81.75938445767619,
              30.533582815367136
            ],
            [
              -81.75950286371548,
              30.533582125184534
            ],
            [
              -81.75961374546594,
              30.533622032739935
            ],
            [
              -81.75975718216232,
              30.53375110602779
            ],
            [
              -81.75991618666254,
              30.533852595134245
            ],
            [
              -81.76011333273142,
              30.533830137179347
            ],
            [
              -81.76034141318544,
              30.53375250960291
            ],
            [
              -81.76049074193175,
              30.533682214760162
            ],
            [
              -81.76071077527745,
              30.533590886324646
            ],
            [
              -81.7613829522652,
              30.533694874799348
            ],
            [
              -81.76150256294528,
              30.533810338582434
            ],
            [
              -81.76168450951955,
              30.533849828995418
            ],
            [
              -81.7618262115691,
              30.53380707182902
            ],
            [
              -81.76194351627385,
              30.5337032823272
            ],
            [
              -81.7620925836104,
              30.533612366318597
            ],
            [
              -81.76225001156732,
              30.533562642999772
            ],
            [
              -81.76243153683173,
              30.533560893556814
            ],
            [
              -81.76262957852096,
              30.533627782453472
            ],
            [
              -81.76283598172884,
              30.533735864005408
            ],
            [
              -81.7630505937418,
              30.53387826489925
            ],
            [
              -81.76326514826256,
              30.53401310455974
            ],
            [
              -81.76345577166417,
              30.534121276984603
            ],
            [
              -81.76363877016566,
              30.53425698831488
            ],
            [
              -81.76378258145948,
              30.534420423359173
            ],
            [
              -81.76392613763177,
              30.534563926601948
            ],
            [
              -81.76412444252738,
              30.534651431853224
            ],
            [
              -81.76434546671481,
              30.53464876090695
            ],
            [
              -81.7645184157632,
              30.534578322797262
            ],
            [
              -81.76465102326883,
              30.534426326226036
            ],
            [
              -81.76477493867574,
              30.534191210171883
            ],
            [
              -81.76482811894056,
              30.533998438243977
            ],
            [
              -81.76486572421499,
              30.533819505144507
            ],
            [
              -81.76493462230233,
              30.533606020045184
            ],
            [
              -81.76499579577654,
              30.5334200752873
            ],
            [
              -81.76499368383732,
              30.533213880358684
            ],
            [
              -81.76492824156888,
              30.532994310690615
            ],
            [
              -81.76484797619992,
              30.532871745207128
            ],
            [
              -81.76479194827564,
              30.53278959118015
            ],
            [
              -81.76475891273107,
              30.532652314041556
            ],
            [
              -81.76476532490557,
              30.532507931309347
            ],
            [
              -81.76488288563016,
              30.53242475871118
            ],
            [
              -81.76511143590308,
              30.532395235253635
            ],
            [
              -81.76534849591667,
              30.532413088914897
            ],
            [
              -81.76551481449994,
              30.532459539059655
            ],
            [
              -81.7656726215459,
              30.53245861132591
            ],
            [
              -81.76583825561295,
              30.532443203516898
            ],
            [
              -81.7659641724663,
              30.532400534713386
            ],
            [
              -81.76604143925884,
              30.53224198796859
            ],
            [
              -81.76602370561682,
              30.532056506402874
            ],
            [
              -81.76592775296807,
              30.53193334626192
            ],
            [
              -81.76584801850345,
              30.53186576677748
            ],
            [
              -81.765806133655,
              30.53162543864935
            ],
            [
              -81.76584209950403,
              30.53128842255272
            ],
            [
              -81.76595712967448,
              30.530971561947368
            ],
            [
              -81.7660326501421,
              30.530641187177856
            ],
            [
              -81.76604467858377,
              30.53027681786864
            ],
            [
              -81.7659150130607,
              30.52995520994228
            ],
            [
              -81.76570082864583,
              30.52985405258326
            ],
            [
              -81.76552678185617,
              30.5298213945467
            ],
            [
              -81.76536073007253,
              30.529795563537814
            ],
            [
              -81.76528177444725,
              30.52978915356526
            ],
            [
              -81.76522475029134,
              30.529617649501425
            ],
            [
              -81.76519929113786,
              30.52944664731816
            ],
            [
              -81.76525325383528,
              30.52932879278123
            ],
            [
              -81.76538685128435,
              30.529266145890805
            ],
            [
              -81.76548009820746,
              30.529120565726675
            ],
            [
              -81.7654782548645,
              30.52894873704081
            ],
            [
              -81.76547651572614,
              30.528777595946416
            ],
            [
              -81.7654502067664,
              30.528523427953132
            ],
            [
              -81.76538402967604,
              30.528235127429777
            ],
            [
              -81.76527793594605,
              30.527906506827964
            ],
            [
              -81.7651329191131,
              30.527626229499397
            ],
            [
              -81.76498074540227,
              30.527407855872493
            ],
            [
              -81.76481958225042,
              30.52709330555542
            ],
            [
              -81.76465805078928,
              30.526744388917002
            ],
            [
              -81.76449657502371,
              30.526402345504728
            ],
            [
              -81.76434267115765,
              30.526025888902712
            ],
            [
              -81.7642517796172,
              30.525635316538384
            ],
            [
              -81.7642245777321,
              30.52529179742909
            ],
            [
              -81.76424465957028,
              30.524941127044894
            ],
            [
              -81.76431918470456,
              30.524521402093914
            ],
            [
              -81.76436251763724,
              30.524136228058953
            ],
            [
              -81.76439112179251,
              30.523847370519423
            ],
            [
              -81.76448326558446,
              30.523599381017732
            ],
            [
              -81.7646380453079,
              30.523302221791273
            ],
            [
              -81.76473865661974,
              30.523109171345297
            ],
            [
              -81.76479870540322,
              30.522805694594208
            ],
            [
              -81.76484113732566,
              30.522331168914555
            ],
            [
              -81.76482072850072,
              30.521892067337035
            ],
            [
              -81.76487262686963,
              30.52156183116672
            ],
            [
              -81.76502829951846,
              30.521354022368378
            ],
            [
              -81.76512817151684,
              30.521092240425126
            ],
            [
              -81.76503843610814,
              30.5208109505934
            ],
            [
              -81.7649488677861,
              30.520550967938878
            ],
            [
              -81.76496242785534,
              30.520330933974645
            ],
            [
              -81.76506255407689,
              30.520089083775765
            ],
            [
              -81.76517788877621,
              30.51979971661663
            ],
            [
              -81.76522274525162,
              30.519558878077238
            ],
            [
              -81.76523609781,
              30.519325098099756
            ],
            [
              -81.76523324925223,
              30.519050171272458
            ],
            [
              -81.76527847313858,
              30.518843698984984
            ],
            [
              -81.76544197191019,
              30.518622096397785
            ],
            [
              -81.76557424254756,
              30.518442606428874
            ],
            [
              -81.76564370747185,
              30.518290292092004
            ],
            [
              -81.76572842578966,
              30.518083587576932
            ],
            [
              -81.76587599114308,
              30.517855204907466
            ],
            [
              -81.76610249325714,
              30.517619484598544
            ],
            [
              -81.76626668642645,
              30.517474174093635
            ],
            [
              -81.76655660870124,
              30.517264886962458
            ],
            [
              -81.76731956404171,
              30.516254792397294
            ],
            [
              -81.76746484497936,
              30.515799592791975
            ],
            [
              -81.76755533407454,
              30.515393519287226
            ],
            [
              -81.7675991287413,
              30.515056456179963
            ],
            [
              -81.76762792872928,
              30.51478134315215
            ],
            [
              -81.7676964477276,
              30.514547237481153
            ],
            [
              -81.7677646909431,
              30.51427807895455
            ],
            [
              -81.76780169883786,
              30.51403728555055
            ],
            [
              -81.76785380022604,
              30.513734541222156
            ],
            [
              -81.76790569410335,
              30.513418050574625
            ],
            [
              -81.7679662100108,
              30.513163371098212
            ],
            [
              -81.7680739449628,
              30.512893979662138
            ],
            [
              -81.76818116248523,
              30.512584036690612
            ],
            [
              -81.76828895582774,
              30.51232220481447
            ],
            [
              -81.7684437059068,
              30.512025041292162
            ],
            [
              -81.76857409996354,
              30.511659284966218
            ],
            [
              -81.76866579819111,
              30.511370053688406
            ],
            [
              -81.7687895285451,
              30.511128748481948
            ],
            [
              -81.76895280004294,
              30.51089339650439
            ],
            [
              -81.76917879999873,
              30.51060955878977
            ],
            [
              -81.76941237724398,
              30.510305054699646
            ],
            [
              -81.76966156720883,
              30.509979837603733
            ],
            [
              -81.77001319655713,
              30.509646454375883
            ],
            [
              -81.7703346964108,
              30.50944384574325
            ],
            [
              -81.77066456317303,
              30.509283116180104
            ],
            [
              -81.77103318325659,
              30.509066479857733
            ],
            [
              -81.77132355019745,
              30.508905295365818
            ],
            [
              -81.77163816985437,
              30.50879964192239
            ],
            [
              -81.77198407513767,
              30.50867249434864
            ],
            [
              -81.77229079411164,
              30.508559324857835
            ],
            [
              -81.7726209806741,
              30.50843982976282
            ],
            [
              -81.7730292928185,
              30.50823670007008
            ],
            [
              -81.77345311796955,
              30.508012856707897
            ],
            [
              -81.77385380611216,
              30.507837264122884
            ],
            [
              -81.77423850693764,
              30.50764801790315
            ],
            [
              -81.77465437930346,
              30.507410470301686
            ],
            [
              -81.7751019604022,
              30.507192666549177
            ],
            [
              -81.77550232425297,
              30.506989576044916
            ],
            [
              -81.77581581742253,
              30.506780815854615
            ],
            [
              -81.77612924860829,
              30.50656449437781
            ],
            [
              -81.77641917717129,
              30.506362746163106
            ],
            [
              -81.7766933780303,
              30.506167277486608
            ],
            [
              -81.77700649300911,
              30.50592414905826
            ],
            [
              -81.77731917410162,
              30.50563909331486
            ],
            [
              -81.77763212109548,
              30.505375342635727
            ],
            [
              -81.77792993147678,
              30.50517973111136
            ],
            [
              -81.77825172418123,
              30.505005282763072
            ],
            [
              -81.77862851264568,
              30.504809197594803
            ],
            [
              -81.77895829945784,
              30.504654633616457
            ],
            [
              -81.7792806805588,
              30.50454204225548
            ],
            [
              -81.77963508031144,
              30.504462939298794
            ],
            [
              -81.77996587503333,
              30.504397723021672
            ],
            [
              -81.78030413385694,
              30.504298093988492
            ],
            [
              -81.78092543475857,
              30.504092977345927
            ],
            [
              -81.78134325467195,
              30.50404098353831
            ],
            [
              -81.78170613811413,
              30.504030559541643
            ],
            [
              -81.78198209877277,
              30.5040075962501
            ],
            [
              -81.78225762464683,
              30.503942706288502
            ],
            [
              -81.78262098150117,
              30.50396664481407
            ],
            [
              -81.78301648456792,
              30.504052251174727
            ],
            [
              -81.78333284426154,
              30.504117711487847
            ],
            [
              -81.7836804805984,
              30.5041486150313
            ],
            [
              -81.78399577668671,
              30.50411853732653
            ],
            [
              -81.78427194126293,
              30.50410862726217
            ],
            [
              -81.78450867608638,
              30.504106515839407
            ],
            [
              -81.78472969039237,
              30.50411137180209
            ],
            [
              -81.78497516851847,
              30.504184815693314
            ],
            [
              -81.78521356612352,
              30.504340097123908
            ],
            [
              -81.78551533807524,
              30.504516304371073
            ],
            [
              -81.78573828106413,
              30.504699172147397
            ],
            [
              -81.78588192886458,
              30.504855711241728
            ],
            [
              -81.78611168916817,
              30.50493612112332
            ],
            [
              -81.78640466571494,
              30.505029896706947
            ],
            [
              -81.78664246953358,
              30.505123316946115
            ],
            [
              -81.7868561338239,
              30.50517632872415
            ],
            [
              -81.78714084137847,
              30.505228910918184
            ],
            [
              -81.78743370294087,
              30.50530825008734
            ],
            [
              -81.78771068947559,
              30.5053876851643
            ],
            [
              -81.78798005380511,
              30.505481599627267
            ],
            [
              -81.78833660861609,
              30.50560866623664
            ],
            [
              -81.78866912989999,
              30.50570838370752
            ],
            [
              -81.78888193180765,
              30.505678914051206
            ],
            [
              -81.7891183495258,
              30.505649301975545
            ],
            [
              -81.78937236613869,
              30.505783860382216
            ],
            [
              -81.7896651809887,
              30.505857008902503
            ],
            [
              -81.79008312666622,
              30.505832480304537
            ],
            [
              -81.7905248794954,
              30.505807118910273
            ],
            [
              -81.79093438550082,
              30.505720777275805
            ],
            [
              -81.79130445636356,
              30.50564154757293
            ],
            [
              -81.79169068073176,
              30.505596586111967
            ],
            [
              -81.79212417804347,
              30.50554446230726
            ],
            [
              -81.79257284969697,
              30.505430382855472
            ],
            [
              -81.7929819739184,
              30.505309669552698
            ],
            [
              -81.79340735854478,
              30.505236283011026
            ],
            [
              -81.79381680346475,
              30.50514305869569
            ],
            [
              -81.79410778395497,
              30.505051242924516
            ],
            [
              -81.79445440250059,
              30.504992767589574
            ],
            [
              -81.79476195241622,
              30.504962023753286
            ],
            [
              -81.79495919819809,
              30.504960133705957
            ],
            [
              -81.79605539796626,
              30.504880583731318
            ],
            [
              -81.79640120533321,
              30.50474718581409
            ],
            [
              -81.79672350378914,
              30.504626991002425
            ],
            [
              -81.79707675010495,
              30.504444743821807
            ],
            [
              -81.7974050915278,
              30.504153358764565
            ],
            [
              -81.79757508062734,
              30.50381482636691
            ],
            [
              -81.79771438776835,
              30.50355896462704
            ],
            [
              -81.79798066189329,
              30.503371060690103
            ],
            [
              -81.79826330152609,
              30.503231171579337
            ],
            [
              -81.79849877601319,
              30.50311150430315
            ],
            [
              -81.79870064003394,
              30.502800956620483
            ],
            [
              -81.79887643404685,
              30.502263054440334
            ],
            [
              -81.79903705551459,
              30.501787106490838
            ],
            [
              -81.79913588816216,
              30.50143594805709
            ],
            [
              -81.79925034071586,
              30.501077821527154
            ],
            [
              -81.79935797595489,
              30.500808404348152
            ],
            [
              -81.79951294342625,
              30.50053938503822
            ],
            [
              -81.79972246288986,
              30.500207481092904
            ],
            [
              -81.79986039381183,
              30.499821028022026
            ],
            [
              -81.8000461420564,
              30.499482395402726
            ],
            [
              -81.80024679065656,
              30.49906118896037
            ],
            [
              -81.80036002509475,
              30.498579344294285
            ],
            [
              -81.80042720021339,
              30.49822837939729
            ],
            [
              -81.80051818607694,
              30.49787726849016
            ],
            [
              -81.8007201974214,
              30.497586650949962
            ],
            [
              -81.80096924994405,
              30.49726137584024
            ],
            [
              -81.80118543939864,
              30.496812577643066
            ],
            [
              -81.80131454886454,
              30.49634369403866
            ],
            [
              -81.80134282513474,
              30.496041083490976
            ],
            [
              -81.8013406961275,
              30.49584176253417
            ],
            [
              -81.8013147473922,
              30.49562952847741
            ],
            [
              -81.8013984479188,
              30.495346510828334
            ],
            [
              -81.80157690094495,
              30.495063596853203
            ],
            [
              -81.80171656651373,
              30.494842096426833
            ],
            [
              -81.80188755543817,
              30.494592909005416
            ],
            [
              -81.8021293666413,
              30.49432953862386
            ],
            [
              -81.80234757730527,
              30.494080059616483
            ],
            [
              -81.80247228412797,
              30.49393425955865
            ],
            [
              -81.80257338502162,
              30.49378929217521
            ],
            [
              -81.80260329532733,
              30.493637889771446
            ],
            [
              -81.8025929018195,
              30.49341112553952
            ],
            [
              -81.8026207792377,
              30.49306040208469
            ],
            [
              -81.80265004006144,
              30.492854014715256
            ],
            [
              -81.80278268170305,
              30.492708165601705
            ],
            [
              -81.80297060207396,
              30.49257640983056
            ],
            [
              -81.80319114656103,
              30.492539309244606
            ],
            [
              -81.80352183348512,
              30.49246784825431
            ],
            [
              -81.80382069759024,
              30.49237527508377
            ],
            [
              -81.80403314017178,
              30.492318289190855
            ],
            [
              -81.80434810298513,
              30.49225310966746
            ],
            [
              -81.80469423644053,
              30.49215405649368
            ],
            [
              -81.80498329363769,
              30.491882828024966
            ],
            [
              -81.80513878303023,
              30.491668787142086
            ],
            [
              -81.80514519071315,
              30.491531276211923
            ],
            [
              -81.80515778060186,
              30.49122876061579
            ],
            [
              -81.80515493563736,
              30.4909675826298
            ],
            [
              -81.8051605222601,
              30.49075446709129
            ],
            [
              -81.80521287876981,
              30.49048607485869
            ],
            [
              -81.80524568165073,
              30.489867250365332
            ],
            [
              -81.80527400193837,
              30.489571511465236
            ],
            [
              -81.8053958027111,
              30.489158345274923
            ],
            [
              -81.80553325662768,
              30.488730646619633
            ],
            [
              -81.80573473886443,
              30.48839190959791
            ],
            [
              -81.80600692300563,
              30.488025239967115
            ],
            [
              -81.80621677754085,
              30.487727691787406
            ],
            [
              -81.80648287829094,
              30.487526025265282
            ],
            [
              -81.80682772625715,
              30.487309435699853
            ],
            [
              -81.80719545880523,
              30.487017095145347
            ],
            [
              -81.80746006655532,
              30.486671090907368
            ],
            [
              -81.80762255202728,
              30.486380706966568
            ],
            [
              -81.80780134820985,
              30.486131463040067
            ],
            [
              -81.80801868930465,
              30.485792624075934
            ],
            [
              -81.80818138947396,
              30.48551667271476
            ],
            [
              -81.80843143822823,
              30.485294480931714
            ],
            [
              -81.80881514461869,
              30.48501578307954
            ],
            [
              -81.8090970566161,
              30.484820199513077
            ],
            [
              -81.8092461194611,
              30.484742977927013
            ],
            [
              -81.80939557037827,
              30.4847008084063
            ],
            [
              -81.80964658841475,
              30.48456040396767
            ],
            [
              -81.80995867033097,
              30.48423472069004
            ],
            [
              -81.81023832306543,
              30.48382675498722
            ],
            [
              -81.8104235655585,
              30.48344686973672
            ],
            [
              -81.81049014060251,
              30.483040915068834
            ],
            [
              -81.81052565280233,
              30.482669520753024
            ],
            [
              -81.81064063446374,
              30.482358807951787
            ],
            [
              -81.81079515816734,
              30.482055409946472
            ],
            [
              -81.81087920454533,
              30.481806751046236
            ],
            [
              -81.81100212551722,
              30.48149667572285
            ],
            [
              -81.81114054152947,
              30.481165195314492
            ],
            [
              -81.81129561769698,
              30.48091678187349
            ],
            [
              -81.81159939828164,
              30.48054921701068
            ],
            [
              -81.8118790914403,
              30.48014812135189
            ],
            [
              -81.81211240547916,
              30.479836670455263
            ],
            [
              -81.81243206648143,
              30.47948275181907
            ],
            [
              -81.81278984300121,
              30.479012431439685
            ],
            [
              -81.81306935470019,
              30.478590713679992
            ],
            [
              -81.81331087664579,
              30.47831288927103
            ],
            [
              -81.81360825314083,
              30.47808351902164
            ],
            [
              -81.81395305080137,
              30.47786691231488
            ],
            [
              -81.81443128601086,
              30.477580734621007
            ],
            [
              -81.81492462729018,
              30.477238785365877
            ],
            [
              -81.81520606767207,
              30.47700263758309
            ],
            [
              -81.81540926389438,
              30.476828840135227
            ],
            [
              -81.81555570904862,
              30.47651105261918
            ],
            [
              -81.81564612178703,
              30.476111819317506
            ],
            [
              -81.8157061642823,
              30.475829627501298
            ],
            [
              -81.81575087792558,
              30.475588772207836
            ],
            [
              -81.81584263364533,
              30.475327002561563
            ],
            [
              -81.81596608282662,
              30.47507121997458
            ],
            [
              -81.81613667289908,
              30.47479452207005
            ],
            [
              -81.81633146897516,
              30.474565787680113
            ],
            [
              -81.81657430785097,
              30.474412360984296
            ],
            [
              -81.81698288679502,
              30.474257209085938
            ],
            [
              -81.81747786839804,
              30.4740671457766
            ],
            [
              -81.81775293972457,
              30.473960942737573
            ],
            [
              -81.81802747385854,
              30.473814188890653
            ],
            [
              -81.8183652008795,
              30.473680097256917
            ],
            [
              -81.81869586354907,
              30.473614785246614
            ],
            [
              -81.81897939161566,
              30.473571076391412
            ],
            [
              -81.81933337275338,
              30.47347124855985
            ],
            [
              -81.81973478224315,
              30.473384868164356
            ],
            [
              -81.82015945181055,
              30.47325709905446
            ],
            [
              -81.82054458472568,
              30.47312270393025
            ],
            [
              -81.82083565235246,
              30.473043888217994
            ],
            [
              -81.82118081023746,
              30.472862315075115
            ],
            [
              -81.8215104209798,
              30.47270764615016
            ],
            [
              -81.82179359870345,
              30.47262269198758
            ],
            [
              -81.8221089307244,
              30.47259870936151
            ],
            [
              -81.82240916835359,
              30.47264355677455
            ],
            [
              -81.82268541647312,
              30.472654874500837
            ],
            [
              -81.82290674878273,
              30.472694032058378
            ],
            [
              -81.82312035468256,
              30.472746298113382
            ],
            [
              -81.82335745691697,
              30.47278535575833
            ],
            [
              -81.82354785124818,
              30.472872822930988
            ],
            [
              -81.82365103084338,
              30.472934033568805
            ],
            [
              -81.82376219915642,
              30.47300137993635
            ],
            [
              -81.82396919884566,
              30.47316435044306
            ],
            [
              -81.82426943916981,
              30.473209193724436
            ],
            [
              -81.82453763928272,
              30.473206811425687
            ],
            [
              -81.82476589221325,
              30.473149004466613
            ],
            [
              -81.82500105229003,
              30.473016231977795
            ],
            [
              -81.8252908380209,
              30.47282125142894
            ],
            [
              -81.82555602338772,
              30.472543942454628
            ],
            [
              -81.82571092707867,
              30.472281079144885
            ],
            [
              -81.82590458588763,
              30.471956107344724
            ],
            [
              -81.82597225777462,
              30.471653241340675
            ],
            [
              -81.82593814874329,
              30.47141975579114
            ],
            [
              -81.82607728520436,
              30.47115767917568
            ],
            [
              -81.82628826802357,
              30.470970068820275
            ],
            [
              -81.82653928516173,
              30.47083650517742
            ],
            [
              -81.8268764893632,
              30.470654967405263
            ],
            [
              -81.82725277207615,
              30.470438125833876
            ],
            [
              -81.82746447354758,
              30.470312371329364
            ],
            [
              -81.83108127593438,
              30.467451964345308
            ],
            [
              -81.82774031203535,
              30.46407147317934
            ],
            [
              -81.82656331689222,
              30.46293517220914
            ],
            [
              -81.8252878349529,
              30.46164276532436
            ],
            [
              -81.82367653491261,
              30.4600878322395
            ],
            [
              -81.82168657701378,
              30.458102227933562
            ],
            [
              -81.81922041769124,
              30.455673485871063
            ],
            [
              -81.81496127585883,
              30.451499013197086
            ],
            [
              -81.81173918691964,
              30.448352426025604
            ],
            [
              -81.81040816573956,
              30.447024468075426
            ],
            [
              -81.808867354703,
              30.445529393459417
            ],
            [
              -81.80712985394172,
              30.44377019475675
            ],
            [
              -81.80364224995401,
              30.44037277800937
            ],
            [
              -81.80232543113858,
              30.439057018923894
            ],
            [
              -81.80078476742572,
              30.437549470991733
            ],
            [
              -81.79938404236948,
              30.436148962022525
            ],
            [
              -81.79785676984255,
              30.434569809887936
            ],
            [
              -81.79548974679815,
              30.43222453679264
            ],
            [
              -81.79189074722365,
              30.42869480741363
            ],
            [
              -81.789985836426,
              30.426767979838537
            ],
            [
              -81.78743769146074,
              30.424303359994703
            ],
            [
              -81.78378308706847,
              30.420689872932268
            ],
            [
              -81.78267680550786,
              30.419588474891434
            ],
            [
              -81.77965274747812,
              30.416621333157913
            ],
            [
              -81.77769270168159,
              30.414682274128783
            ],
            [
              -81.77515708731623,
              30.41216852508683
            ],
            [
              -81.77516457657076,
              30.412476421748853
            ],
            [
              -81.77518285549016,
              30.413472308963616
            ],
            [
              -81.77520451207504,
              30.414456491229906
            ],
            [
              -81.77521202378743,
              30.414967847905956
            ],
            [
              -81.77521911059672,
              30.415425592816376
            ],
            [
              -81.77517827857379,
              30.41553993807029
            ],
            [
              -81.77509206545935,
              30.415607125005135
            ],
            [
              -81.77501924622578,
              30.41562542849437
            ],
            [
              -81.77493939498018,
              30.415632088462925
            ],
            [
              -81.77448113291271,
              30.415637556965315
            ],
            [
              -81.77374502552114,
              30.415659792749693
            ],
            [
              -81.77335620322513,
              30.415671031878112
            ],
            [
              -81.77240830632721,
              30.41568901541058
            ],
            [
              -81.77186672282221,
              30.41570115394452
            ],
            [
              -81.77105079113447,
              30.415721096648436
            ],
            [
              -81.7705716108973,
              30.41572667515102
            ],
            [
              -81.77029032412734,
              30.41573452115441
            ],
            [
              -81.76971047508617,
              30.41574687659432
            ],
            [
              -81.7692938247793,
              30.41574933234331
            ],
            [
              -81.7689188796578,
              30.41576047617531
            ],
            [
              -81.76840495797533,
              30.415773125217132
            ],
            [
              -81.76791531955162,
              30.415772568993997
            ],
            [
              -81.76667917483861,
              30.415783269704125
            ],
            [
              -81.76519988312764,
              30.415785761087694
            ],
            [
              -81.7639602116288,
              30.41580195585415
            ],
            [
              -81.76275179521367,
              30.415809020970258
            ],
            [
              -81.76134201154613,
              30.415826184087337
            ],
            [
              -81.76001552775656,
              30.41583391233084
            ],
            [
              -81.75879668010433,
              30.415838251333316
            ],
            [
              -81.7578139285734,
              30.41584945790451
            ],
            [
              -81.75701343802709,
              30.41585410135696
            ],
            [
              -81.75251403728036,
              30.4081142069025
            ],
            [
              -81.75232229188296,
              30.40842050411357
            ],
            [
              -81.75211609798255,
              30.40870420119621
            ],
            [
              -81.75195816157918,
              30.408934004347476
            ],
            [
              -81.75177237111382,
              30.409163968877756
            ],
            [
              -81.75158625276335,
              30.409351317026935
            ],
            [
              -81.75126936036877,
              30.409678267049106
            ],
            [
              -81.75098660215838,
              30.409945217781626
            ],
            [
              -81.75064846370901,
              30.410229671216303
            ],
            [
              -81.75015123452116,
              30.410594085561385
            ],
            [
              -81.74977816598029,
              30.410848492572324
            ],
            [
              -81.74950859503825,
              30.411012946785682
            ],
            [
              -81.74888621615827,
              30.411359515653366
            ],
            [
              -81.74775881520534,
              30.411974299009096
            ],
            [
              -81.74602278498617,
              30.41292317596038
            ],
            [
              -81.74515836493434,
              30.41340927064216
            ],
            [
              -81.7441624108637,
              30.41395109937754
            ],
            [
              -81.74378195727289,
              30.414163602044233
            ],
            [
              -81.74312498247468,
              30.414528899573067
            ],
            [
              -81.74156865843145,
              30.415368090897093
            ],
            [
              -81.74120208291346,
              30.415568822229435
            ],
            [
              -81.74085623602066,
              30.41575775006182
            ],
            [
              -81.74046888157183,
              30.41596409626652
            ],
            [
              -81.7399434533689,
              30.41629220087802
            ],
            [
              -81.7394527711028,
              30.41661392027048
            ],
            [
              -81.73896916486623,
              30.41695415720204
            ],
            [
              -81.73869292483154,
              30.417172241820882
            ],
            [
              -81.73836167646041,
              30.417444939482277
            ],
            [
              -81.73803726606522,
              30.41771759764823
            ],
            [
              -81.73776148686625,
              30.417984481463268
            ],
            [
              -81.73740981170388,
              30.418323278939177
            ],
            [
              -81.73713406484427,
              30.41860803254105
            ],
            [
              -81.7368655314564,
              30.418916115722716
            ],
            [
              -81.73665900158605,
              30.419164047373936
            ],
            [
              -81.73636316121016,
              30.41953277184809
            ],
            [
              -81.73615685591865,
              30.419810945125516
            ],
            [
              -81.73601260984023,
              30.42002278122811
            ],
            [
              -81.73576529465933,
              30.420385044222076
            ],
            [
              -81.73556610671982,
              30.42068723526601
            ],
            [
              -81.73527092570734,
              30.421158371687294
            ],
            [
              -81.73514220880523,
              30.421379054347256
            ],
            [
              -81.73456808382905,
              30.42096986409633
            ],
            [
              -81.73428875987797,
              30.420778971786053
            ],
            [
              -81.73392471581245,
              30.420395403581576
            ],
            [
              -81.73361755576568,
              30.420180608353895
            ],
            [
              -81.73322800313936,
              30.420110622660058
            ],
            [
              -81.73272957470058,
              30.42032994276015
            ],
            [
              -81.73228702057418,
              30.420597063444113
            ],
            [
              -81.73184582470047,
              30.421033267813254
            ],
            [
              -81.73123679298898,
              30.42132537646029
            ],
            [
              -81.73073789562964,
              30.421496574840976
            ],
            [
              -81.73023784213854,
              30.421499372835548
            ],
            [
              -81.72990318735584,
              30.42133283856677
            ],
            [
              -81.72962343311175,
              30.421069765077625
            ],
            [
              -81.72920253736686,
              30.420518095250046
            ],
            [
              -81.72881022511596,
              30.420063184655763
            ],
            [
              -81.72825036897977,
              30.419488229996254
            ],
            [
              -81.7278303814316,
              30.419056840966416
            ],
            [
              -81.72741103617889,
              30.41869830768151
            ],
            [
              -81.72690947082314,
              30.41850863721797
            ],
            [
              -81.7264368339145,
              30.41846315213422
            ],
            [
              -81.72582602084381,
              30.41851466486533
            ],
            [
              -81.72499312357363,
              30.418591466402713
            ],
            [
              -81.7242704666568,
              30.418547361030647
            ],
            [
              -81.72332519463615,
              30.41845636918747
            ],
            [
              -81.7224631191872,
              30.41834085218583
            ],
            [
              -81.72174028350564,
              30.41827198921034
            ],
            [
              -81.72121257088693,
              30.418299650141158
            ],
            [
              -81.72054712317897,
              30.41847172997376
            ],
            [
              -81.71957656807464,
              30.4187176633549
            ],
            [
              -81.7185233392181,
              30.41906027579983
            ],
            [
              -81.7176362286205,
              30.419330479990915
            ],
            [
              -81.71684100310009,
              30.419409084283483
            ]
          ]
        ]
      },
      "properties": {
        "OBJECTID": 1,
        "DIST": 6,
        "NAME": "North",
        "DISTCODE": "6",
        "DCODE": 6,
        "PD_ID": 6,
        "CPAC": "North",
        "Chair_Name": "Jamie Lacy",
        "ACRES": 147317.003161,
        "planning_district": 6,
        "cpac_district": 6,
        "cpac_name": "North",
        "cpac_label": "CPAC District 6: North",
        "cpac_url": "https://www.jacksonville.gov/departments/neighborhoods/neighborhood-services-office/citizen-planning-advisory-committees-(cpacs)/cpac-district-6-north",
        "source_url": "https://maps.coj.net/myneighborhood/#"
      }
    },
    {
      "type": "Feature",
      "id": 8,
      "geometry": {
        "type": "Polygon",
        "coordinates": [
          [
            [
              -81.39767384785338,
              30.360369415489625
            ],
            [
              -81.40801289891981,
              30.360247503222176
            ],
            [
              -81.40792432323617,
              30.359723296801278
            ],
            [
              -81.40781921495802,
              30.35936961584675
            ],
            [
              -81.40769080797469,
              30.358940394433397
            ],
            [
              -81.40758557572904,
              30.358556467875747
            ],
            [
              -81.40748025994007,
              30.358151920287046
            ],
            [
              -81.40732845633516,
              30.35762309827336
            ],
            [
              -81.40720594499504,
              30.357228914434266
            ],
            [
              -81.40715320220974,
              30.357029734440395
            ],
            [
              -81.40709413258993,
              30.35669034453838
            ],
            [
              -81.40702316747912,
              30.356205951252026
            ],
            [
              -81.40692740886647,
              30.355332568513013
            ],
            [
              -81.40692390543686,
              30.35510848868261
            ],
            [
              -81.41356650229685,
              30.35548633289742
            ],
            [
              -81.41364776120251,
              30.354924473607834
            ],
            [
              -81.4136907069613,
              30.35420532100774
            ],
            [
              -81.41371045911777,
              30.35343674938799
            ],
            [
              -81.41367241007558,
              30.352587935453833
            ],
            [
              -81.41365726268327,
              30.351719114979822
            ],
            [
              -81.41360491874997,
              30.350251001186887
            ],
            [
              -81.41355647170839,
              30.34966205629221
            ],
            [
              -81.41334911718462,
              30.344170410420972
            ],
            [
              -81.41128320942346,
              30.344198337312154
            ],
            [
              -81.4112092861604,
              30.340522541675547
            ],
            [
              -81.41505664206319,
              30.34050873547619
            ],
            [
              -81.41715193731058,
              30.340486945431834
            ],
            [
              -81.41885591743706,
              30.34046156428036
            ],
            [
              -81.42029500325084,
              30.34043701189808
            ],
            [
              -81.42190677490666,
              30.3404166987491
            ],
            [
              -81.42325375555606,
              30.340397910574957
            ],
            [
              -81.42392742284888,
              30.340360671463483
            ],
            [
              -81.43203409665388,
              30.340303607593242
            ],
            [
              -81.4320742172111,
              30.340518699384404
            ],
            [
              -81.43473571339553,
              30.34039237894008
            ],
            [
              -81.43601815188839,
              30.34037006632988
            ],
            [
              -81.43597069838351,
              30.34026666692978
            ],
            [
              -81.43868871207405,
              30.34023448338868
            ],
            [
              -81.43857682421049,
              30.339726698090832
            ],
            [
              -81.43835586110846,
              30.338602858111035
            ],
            [
              -81.4379817406404,
              30.335450334893267
            ],
            [
              -81.43801536458149,
              30.334903742247974
            ],
            [
              -81.43808265378617,
              30.333842175216155
            ],
            [
              -81.43829101352473,
              30.332139481343077
            ],
            [
              -81.4386287306642,
              30.331170494307322
            ],
            [
              -81.43898318341745,
              30.32993542628358
            ],
            [
              -81.43917547588886,
              30.328654846810934
            ],
            [
              -81.43926144016997,
              30.32776437769716
            ],
            [
              -81.43922207150263,
              30.326999436621534
            ],
            [
              -81.43910728297901,
              30.325469673793428
            ],
            [
              -81.43892345892579,
              30.324627540940405
            ],
            [
              -81.43877641459525,
              30.323925513260505
            ],
            [
              -81.43837933498516,
              30.323280003051845
            ],
            [
              -81.43785154690795,
              30.322373029793976
            ],
            [
              -81.4371878158805,
              30.32163010993435
            ],
            [
              -81.43685324374282,
              30.321250408913663
            ],
            [
              -81.43603075794678,
              30.320417275989037
            ],
            [
              -81.43530447093788,
              30.319542574366807
            ],
            [
              -81.43424042546701,
              30.318501263992093
            ],
            [
              -81.43351508887567,
              30.31783551807881
            ],
            [
              -81.43308012281848,
              30.317502195208213
            ],
            [
              -81.43259602700007,
              30.316918820459293
            ],
            [
              -81.43196752610142,
              30.316377851249936
            ],
            [
              -81.43124378222309,
              30.31604616277361
            ],
            [
              -81.43051994402167,
              30.31571447084809
            ],
            [
              -81.42945917021505,
              30.315425125186554
            ],
            [
              -81.42863907932755,
              30.315093738249686
            ],
            [
              -81.42772281390742,
              30.314804592381222
            ],
            [
              -81.4269989936723,
              30.31447219288631
            ],
            [
              -81.4262270506874,
              30.31414063367007
            ],
            [
              -81.42559842132968,
              30.31355770265335
            ],
            [
              -81.42525869915049,
              30.312931898587863
            ],
            [
              -81.42506247295644,
              30.31209734555024
            ],
            [
              -81.42491365624984,
              30.311094911662753
            ],
            [
              -81.42476412358597,
              30.309925442522932
            ],
            [
              -81.42471185061959,
              30.308964626213072
            ],
            [
              -81.42466056220675,
              30.308254708453696
            ],
            [
              -81.42465661770434,
              30.30733979104547
            ],
            [
              -81.4246383253102,
              30.307001649682537
            ],
            [
              -81.42460433036491,
              30.30637485060262
            ],
            [
              -81.42464687278014,
              30.305078962258246
            ],
            [
              -81.42463948952681,
              30.30336598301866
            ],
            [
              -81.42461227776023,
              30.3026353640236
            ],
            [
              -81.42453666835941,
              30.301841661125426
            ],
            [
              -81.42441238643984,
              30.300943630592354
            ],
            [
              -81.42428874501908,
              30.300170705512148
            ],
            [
              -81.42416572882576,
              30.29956550368607
            ],
            [
              -81.42397025811488,
              30.29889798252362
            ],
            [
              -81.4238229119504,
              30.2982296183765
            ],
            [
              -81.4237474929924,
              30.297477845592123
            ],
            [
              -81.42364782401332,
              30.296704841224877
            ],
            [
              -81.42352491471951,
              30.29609963817381
            ],
            [
              -81.42335342543346,
              30.29541072847899
            ],
            [
              -81.42310903157389,
              30.294576325672097
            ],
            [
              -81.42288924706153,
              30.293845640405763
            ],
            [
              -81.42271776675862,
              30.29315672961476
            ],
            [
              -81.42254700510794,
              30.29263485554022
            ],
            [
              -81.42242464378648,
              30.29215475670779
            ],
            [
              -81.42218071166097,
              30.29142414725629
            ],
            [
              -81.42191264449872,
              30.290652371934286
            ],
            [
              -81.42174090907429,
              30.289900906410576
            ],
            [
              -81.42156926437968,
              30.289170063754053
            ],
            [
              -81.42147079375319,
              30.288647954376785
            ],
            [
              -81.42134673012423,
              30.288068186321134
            ],
            [
              -81.42127429177634,
              30.287729529367386
            ],
            [
              -81.4210514161611,
              30.28626814058488
            ],
            [
              -81.42102333392701,
              30.285349173564644
            ],
            [
              -81.42108699932781,
              30.283332815389077
            ],
            [
              -81.42129915714341,
              30.282287279676144
            ],
            [
              -81.42143994201307,
              30.28143032206222
            ],
            [
              -81.42148439694154,
              30.280573674247847
            ],
            [
              -81.4215758957431,
              30.279466660128094
            ],
            [
              -81.42169145412295,
              30.278337571322044
            ],
            [
              -81.4217596066086,
              30.27739767084932
            ],
            [
              -81.42180370939747,
              30.27643653815174
            ],
            [
              -81.4218474447754,
              30.275412852952492
            ],
            [
              -81.4219154113098,
              30.274430333636698
            ],
            [
              -81.42205564641048,
              30.27344826842059
            ],
            [
              -81.42217155154002,
              30.2724030401295
            ],
            [
              -81.42223915784997,
              30.271337345228023
            ],
            [
              -81.42230659348004,
              30.27020909700694
            ],
            [
              -81.42232644714613,
              30.2692274193757
            ],
            [
              -81.42239539104757,
              30.268475176066882
            ],
            [
              -81.42258506133666,
              30.267805719394534
            ],
            [
              -81.42306268389513,
              30.266927049275097
            ],
            [
              -81.42380435994315,
              30.265901104876995
            ],
            [
              -81.42447429922754,
              30.265000496829753
            ],
            [
              -81.42504819333668,
              30.264142129016214
            ],
            [
              -81.42545388599373,
              30.263326236863563
            ],
            [
              -81.42581136427283,
              30.26250981264883
            ],
            [
              -81.42643388239168,
              30.261777075299623
            ],
            [
              -81.42705656849549,
              30.261085579041495
            ],
            [
              -81.42743835249124,
              30.26033231199472
            ],
            [
              -81.42819936387745,
              30.258240801488853
            ],
            [
              -81.42843618224421,
              30.25734158815749
            ],
            [
              -81.42869767373858,
              30.256609332905747
            ],
            [
              -81.42898322211627,
              30.255856376048534
            ],
            [
              -81.42929307980384,
              30.25518651520276
            ],
            [
              -81.4296510485631,
              30.25449656093343
            ],
            [
              -81.42991244034448,
              30.253722371386665
            ],
            [
              -81.43000582291322,
              30.253074528173578
            ],
            [
              -81.43003902105285,
              30.25224334575206
            ],
            [
              -81.42952087010202,
              30.252238859041874
            ],
            [
              -81.42846316044883,
              30.25229181571121
            ],
            [
              -81.4273770011506,
              30.252289177384196
            ],
            [
              -81.42661885898342,
              30.252312958796118
            ],
            [
              -81.42506733463877,
              30.25233656250326
            ],
            [
              -81.4244959854568,
              30.25234391412026
            ],
            [
              -81.42192534847348,
              30.252398276028668
            ],
            [
              -81.41978494073084,
              30.252426461862367
            ],
            [
              -81.41889631018378,
              30.252441680331355
            ],
            [
              -81.41623381417445,
              30.252471477081155
            ],
            [
              -81.41330357080308,
              30.25252062435546
            ],
            [
              -81.41205341865985,
              30.252544498052558
            ],
            [
              -81.41128817890359,
              30.2525530896644
            ],
            [
              -81.40928527717982,
              30.252590296177235
            ],
            [
              -81.40408024528584,
              30.252655261657253
            ],
            [
              -81.40067456944868,
              30.25271865341674
            ],
            [
              -81.39939529482223,
              30.252738370167688
            ],
            [
              -81.396774035976,
              30.252788268451887
            ],
            [
              -81.39423016609318,
              30.252836506125895
            ],
            [
              -81.3900993423109,
              30.25283993670794
            ],
            [
              -81.38848980835847,
              30.252841283023134
            ],
            [
              -81.38808856146377,
              30.252841097565348
            ],
            [
              -81.38800443333909,
              30.252841346653057
            ],
            [
              -81.38747313374745,
              30.25284154452647
            ],
            [
              -81.38176493031001,
              30.252869303447316
            ],
            [
              -81.38070196191916,
              30.252928077250445
            ],
            [
              -81.38091717580335,
              30.25381077031023
            ],
            [
              -81.38111709317488,
              30.254729941050254
            ],
            [
              -81.38129543031835,
              30.255339840043476
            ],
            [
              -81.38132271844172,
              30.255434622834702
            ],
            [
              -81.38150110948412,
              30.256160005737726
            ],
            [
              -81.38161213406671,
              30.256613371696393
            ],
            [
              -81.38163164996625,
              30.256694429142453
            ],
            [
              -81.38174765570712,
              30.257206896755683
            ],
            [
              -81.3819418112844,
              30.258065590559358
            ],
            [
              -81.38223748906523,
              30.25937492596438
            ],
            [
              -81.38235943177179,
              30.25978289046683
            ],
            [
              -81.38236011359308,
              30.25995886493957
            ],
            [
              -81.38231009539807,
              30.260129487600228
            ],
            [
              -81.38232404892938,
              30.26046077705616
            ],
            [
              -81.3824840397798,
              30.260878253593077
            ],
            [
              -81.38271525625247,
              30.261692843168657
            ],
            [
              -81.38288969650421,
              30.262568089540185
            ],
            [
              -81.38306352141002,
              30.26328385922012
            ],
            [
              -81.38312834473923,
              30.263663118227484
            ],
            [
              -81.3833191837365,
              30.264323844974026
            ],
            [
              -81.38361660155402,
              30.265358208583017
            ],
            [
              -81.38363516793432,
              30.265448892070708
            ],
            [
              -81.3837845299183,
              30.26618397928225
            ],
            [
              -81.38383589558624,
              30.26635980495552
            ],
            [
              -81.38422401270475,
              30.2684140118601
            ],
            [
              -81.38429588691064,
              30.2689747248713
            ],
            [
              -81.38441199505942,
              30.26925209588999
            ],
            [
              -81.38443657745717,
              30.269311140744467
            ],
            [
              -81.38452755523588,
              30.26974393974712
            ],
            [
              -81.38472708094196,
              30.270697473526205
            ],
            [
              -81.38489371842715,
              30.27118779106804
            ],
            [
              -81.38507435974934,
              30.27201902185105
            ],
            [
              -81.38527997693134,
              30.27275531591614
            ],
            [
              -81.38544782444723,
              30.273553587084635
            ],
            [
              -81.38557885271457,
              30.27399864065036
            ],
            [
              -81.3857841294351,
              30.274696440118852
            ],
            [
              -81.38581343427629,
              30.274798089457963
            ],
            [
              -81.3858652625766,
              30.275090084114602
            ],
            [
              -81.38589960606825,
              30.275619285025932
            ],
            [
              -81.38595041567902,
              30.275852853109924
            ],
            [
              -81.38601573847153,
              30.27615236979178
            ],
            [
              -81.38616908358549,
              30.276631726154818
            ],
            [
              -81.38629146826315,
              30.277142794932313
            ],
            [
              -81.3863625043409,
              30.277484912718826
            ],
            [
              -81.38645165045473,
              30.278254543435885
            ],
            [
              -81.38659029374072,
              30.27887142407309
            ],
            [
              -81.3869624217455,
              30.280203890516393
            ],
            [
              -81.38716917619466,
              30.281222013261292
            ],
            [
              -81.38733022166721,
              30.28189381892248
            ],
            [
              -81.38744546384007,
              30.282700491476522
            ],
            [
              -81.38746766300738,
              30.28285715401374
            ],
            [
              -81.38751857682273,
              30.283115467109415
            ],
            [
              -81.38754424797861,
              30.28324874759162
            ],
            [
              -81.38765520339092,
              30.2838203400156
            ],
            [
              -81.38802932655393,
              30.285449754567825
            ],
            [
              -81.38811206049327,
              30.285742343531744
            ],
            [
              -81.38818335708244,
              30.28599647182135
            ],
            [
              -81.38824722999408,
              30.28622587601535
            ],
            [
              -81.3883124647517,
              30.286499269318682
            ],
            [
              -81.3885242991738,
              30.287392265955138
            ],
            [
              -81.38858569632852,
              30.287746784002508
            ],
            [
              -81.38867993768666,
              30.288295053029742
            ],
            [
              -81.38868793718426,
              30.288365144713836
            ],
            [
              -81.38875937391062,
              30.28900559313468
            ],
            [
              -81.38881699814114,
              30.289206143280236
            ],
            [
              -81.38889430984943,
              30.28947812584004
            ],
            [
              -81.3889478458471,
              30.289796922399653
            ],
            [
              -81.38899813263839,
              30.290095105787046
            ],
            [
              -81.38908821479679,
              30.290441289500894
            ],
            [
              -81.38921118068444,
              30.29109120850691
            ],
            [
              -81.38936694046987,
              30.29202148987651
            ],
            [
              -81.38940621301747,
              30.292187724726755
            ],
            [
              -81.38953453016927,
              30.292737265833413
            ],
            [
              -81.38969429105099,
              30.29327571432769
            ],
            [
              -81.38972720801794,
              30.293386975712426
            ],
            [
              -81.38981106754633,
              30.29376067333038
            ],
            [
              -81.38982219318113,
              30.293819756958616
            ],
            [
              -81.39010266517914,
              30.295335333361162
            ],
            [
              -81.39075104759165,
              30.299034376573687
            ],
            [
              -81.39081608382159,
              30.29945349852481
            ],
            [
              -81.39084381571273,
              30.300054205658924
            ],
            [
              -81.39104239189955,
              30.300587036662485
            ],
            [
              -81.39107641918419,
              30.30117672654691
            ],
            [
              -81.39126258604367,
              30.30177558498139
            ],
            [
              -81.3913482332195,
              30.30259608784001
            ],
            [
              -81.39169137797992,
              30.304420114566067
            ],
            [
              -81.39171205540113,
              30.304739006808024
            ],
            [
              -81.39173834639456,
              30.304975394531052
            ],
            [
              -81.39203553783662,
              30.30639605183768
            ],
            [
              -81.39211448537706,
              30.307123086931092
            ],
            [
              -81.39219537597344,
              30.307641145789688
            ],
            [
              -81.39220553591932,
              30.307705730493662
            ],
            [
              -81.39247772185713,
              30.30906047087829
            ],
            [
              -81.39257575500409,
              30.309803945928827
            ],
            [
              -81.39285371261762,
              30.31116279157271
            ],
            [
              -81.39305498914018,
              30.31236376474584
            ],
            [
              -81.3931471967125,
              30.313233737884598
            ],
            [
              -81.39332263948414,
              30.314312430043664
            ],
            [
              -81.39346450412876,
              30.31491829149466
            ],
            [
              -81.39376357664302,
              30.316745878634823
            ],
            [
              -81.39385678583692,
              30.31781381837084
            ],
            [
              -81.39392869328047,
              30.318359398269106
            ],
            [
              -81.39398080993999,
              30.31871119029993
            ],
            [
              -81.39408390509357,
              30.3191301939993
            ],
            [
              -81.39432965990079,
              30.32178419401006
            ],
            [
              -81.3944072069677,
              30.322153782181253
            ],
            [
              -81.39453216711529,
              30.323282116063716
            ],
            [
              -81.39457329109068,
              30.32400376238997
            ],
            [
              -81.39464292040667,
              30.32442355375484
            ],
            [
              -81.39467682282549,
              30.3246282969618
            ],
            [
              -81.3948171477577,
              30.326128466816172
            ],
            [
              -81.39485575106042,
              30.326418433747744
            ],
            [
              -81.39491519527772,
              30.326866438920995
            ],
            [
              -81.39496221040474,
              30.32737634723434
            ],
            [
              -81.39500801460275,
              30.327880760095734
            ],
            [
              -81.39500543194632,
              30.328767513335706
            ],
            [
              -81.39517571120167,
              30.330126675182306
            ],
            [
              -81.39529656425178,
              30.33165783611224
            ],
            [
              -81.39543527131819,
              30.333045962538794
            ],
            [
              -81.39556620346579,
              30.334075978329754
            ],
            [
              -81.39576485151784,
              30.33598222138359
            ],
            [
              -81.39602265003808,
              30.338012016514593
            ],
            [
              -81.39614336474763,
              30.33896163570297
            ],
            [
              -81.3963019425481,
              30.34021084578357
            ],
            [
              -81.39633433220399,
              30.340922891924276
            ],
            [
              -81.39634454964204,
              30.341147639964916
            ],
            [
              -81.39635302165348,
              30.341332524445434
            ],
            [
              -81.39636543367577,
              30.34161019628282
            ],
            [
              -81.39650469500268,
              30.34263674647524
            ],
            [
              -81.39767384785338,
              30.360369415489625
            ]
          ]
        ]
      },
      "properties": {
        "OBJECTID": 8,
        "DIST": 0,
        "NAME": "Beaches",
        "DCODE": 7,
        "PD_ID": 7,
        "CPAC": "Beaches",
        "ACRES": 9460.65108659,
        "planning_district": 7,
        "cpac_district": null,
        "cpac_name": "Beaches",
        "cpac_label": "Beaches Planning District",
        "cpac_url": "",
        "source_url": "https://maps.coj.net/myneighborhood/#"
      }
    },
    {
      "type": "Feature",
      "id": 7,
      "geometry": {
        "type": "Polygon",
        "coordinates": [
          [
            [
              -81.96846503767294,
              30.31682773322269
            ],
            [
              -81.96976340509244,
              30.31354284185778
            ],
            [
              -81.98680672685468,
              30.31339408798495
            ],
            [
              -81.98673763922281,
              30.29536516207929
            ],
            [
              -81.96511290232505,
              30.295426752377313
            ],
            [
              -81.96497548254443,
              30.294022108400693
            ],
            [
              -81.96115943742086,
              30.294137484525976
            ],
            [
              -81.96114075695453,
              30.316936052122262
            ],
            [
              -81.96846503767294,
              30.31682773322269
            ]
          ]
        ]
      },
      "properties": {
        "OBJECTID": 7,
        "DIST": 0,
        "NAME": "Baldwin",
        "DCODE": 7,
        "PD_ID": 8,
        "CPAC": "Baldwin",
        "ACRES": 1305.44026047,
        "planning_district": 8,
        "cpac_district": null,
        "cpac_name": "Baldwin",
        "cpac_label": "Baldwin Planning District",
        "cpac_url": "",
        "source_url": "https://maps.coj.net/myneighborhood/#"
      }
    }
  ]
}
