{"type":"FeatureCollection","features":[{"type":"Feature","id":54,"geometry":{"type":"MultiPolygon","coordinates":[[[[-80.1838710004174,25.34818300017768],[-80.18368999976911,25.349529999683433],[-80.18253999989858,25.3519700001752],[-80.18187000042708,25.353510000235932],[-80.18038999994535,25.35702999966744],[-80.17908000024124,25.360449999986436],[-80.17770000021694,25.364099999932026],[-80.17656000039216,25.366869999965868],[-80.17581999970211,25.36754000013472],[-80.17394000008562,25.369330000271436],[-80.17244000041073,25.370919999974884],[-80.17181000022387,25.37141000009173],[-80.1689399996721,25.373599999730324],[-80.16697999968967,25.37528999975352],[-80.16455000025226,25.37762000030124],[-80.16241000034478,25.379939999825734],[-80.16092999986303,25.38177000030308],[-80.1594000000509,25.383790000243234],[-80.15810000039255,25.385730000228207],[-80.1569000002933,25.38771000018328],[-80.15619999978625,25.388939999715536],[-80.15536000043542,25.3902699999802],[-80.15436000035272,25.39192999965666],[-80.15291000000822,25.394659999736984],[-80.15163999958878,25.39746000030334],[-80.15056000003845,25.400319999880058],[-80.14977000001801,25.40287000037235],[-80.1491699999684,25.4052799996716],[-80.14889999963165,25.406579999607086],[-80.14869999961512,25.40770000036374],[-80.1485299997358,25.40883000040491],[-80.14821000006866,25.411840000248244],[-80.14811999965698,25.413449999914864],[-80.14726000021469,25.415240000143626],[-80.1463899998283,25.41711999961946],[-80.14551000029451,25.419200000357748],[-80.14479999974172,25.420340000353683],[-80.14353000022058,25.422500000161122],[-80.1421300001048,25.425030000193313],[-80.14081000035496,25.427809999983385],[-80.13968999972334,25.43064000016953],[-80.13910399991741,25.43310099985086],[-80.13536999972538,25.433820000321834],[-80.13160999959406,25.43489000005826],[-80.12736999996206,25.436439999615803],[-80.12436999971392,25.43776000018478],[-80.12058000034371,25.43972999965413],[-80.11708999965083,25.441819999996913],[-80.11458999989321,25.44354999966117],[-80.11142999981153,25.446050000288142],[-80.10892000000817,25.44833999969297],[-80.10541000012213,25.452110000314],[-80.10265000007354,25.455690000099196],[-80.10064999990811,25.458809999940353],[-80.09838000030427,25.463090000151645],[-80.09703999956464,25.466289999915556],[-80.09551999979826,25.471030000231398],[-80.09455999989852,25.47567000038699],[-80.09413999977396,25.479249999837847],[-80.0939599998489,25.482660000360713],[-80.0940100000776,25.48569000007964],[-80.09430999965325,25.48908999979214],[-80.09506000038903,25.493389999693406],[-80.09551999979826,25.495239999857294],[-80.09600000019726,25.496899999766583],[-80.09692999995977,25.49960999979086],[-80.09786999976802,25.501920000196254],[-80.0989300001252,25.504190000239056],[-80.10080999974168,25.50755999982849],[-80.10308000024384,25.510979999987175],[-80.1054999996355,25.51406999967986],[-80.10803999957608,25.516830000052302],[-80.11033000016971,25.51900999973475],[-80.1132299999604,25.52143999966843],[-80.11514999975986,25.522870000261356],[-80.11541000005087,25.52510999975915],[-80.11556999988444,25.52665999986666],[-80.11509000038373,25.528509999774332],[-80.11469000035065,25.529780000053304],[-80.11386000014726,25.53189999963749],[-80.11280999983583,25.535149999612518],[-80.11224999996918,25.537350000003034],[-80.1118700000276,25.539200000390935],[-80.11167300038409,25.540300999886107],[-80.11079999962467,25.54201000012372],[-80.11055000027773,25.542530000165367],[-80.1095400001493,25.544789999675427],[-80.10859000029531,25.547260000114697],[-80.1073299999216,25.550240000153067],[-80.1060200002175,25.553609999887918],[-80.1050700003635,25.55668999983796],[-80.1044999995528,25.55907999966701],[-80.10399999996059,25.561869999748918],[-80.10365000015622,25.564880000129357],[-80.10351000041415,25.567519999923988],[-80.10353999965307,25.570740000062006],[-80.1038099999898,25.573940000334996],[-80.10430000043456,25.57711999990102],[-80.10477999993527,25.579360000143062],[-80.10527000038005,25.581189999751086],[-80.10497999995181,25.582879999863604],[-80.10477999993527,25.584380000290757],[-80.10461000005597,25.586270000375162],[-80.10450999959853,25.587980000115532],[-80.10449000040536,25.590060000373914],[-80.10455999982725,25.592150000209383],[-80.1047599998438,25.594610000339628],[-80.10512999973965,25.597240000198543],[-80.10565000032165,25.599850000043233],[-80.10622000023403,25.60205999986326],[-80.10705999958485,25.604729999736904],[-80.10777000013765,25.606630000396418],[-80.10399999996059,25.646129999639044],[-80.10372999962387,25.64885000037602],[-80.10310000033532,25.650040000131177],[-80.10233000040638,25.65159999977077],[-80.10112000026139,25.654420000364826],[-80.10044999989157,25.656209999864718],[-80.10014500029305,25.65731399973549],[-80.09924999979232,25.66022000022172],[-80.09880000042884,25.662260000068866],[-80.09842999963467,25.66431000036424],[-80.09812000001328,25.666360000232984],[-80.09786999976802,25.668419999854628],[-80.0977199999802,25.670670000358303],[-80.09766999975147,25.673299999785225],[-80.09768999984297,25.67423000020039],[-80.09779000030039,25.676110000197937],[-80.09799000031694,25.67816999972559],[-80.09813000005902,25.6794599998835],[-80.09834000012131,25.680939999700946],[-80.09856000022933,25.682219999991126],[-80.09869999997142,25.682950000260668],[-80.09885999980499,25.684220000339288],[-80.09832000002982,25.685410000085504],[-80.09786999976802,25.686439999602403],[-80.09719000025076,25.688009999982544],[-80.09658000015541,25.689420000186864],[-80.09616000003084,25.690489999645948],[-80.09557000002695,25.69210999996084],[-80.09515999994814,25.693390000035965],[-80.09473999982357,25.694850000046625],[-80.09441000011068,25.696150000381866],[-80.09414999981969,25.697260000045453],[-80.093890000427,25.69855999997146],[-80.09372999969511,25.69949999990476],[-80.09355999981581,25.70062999972294],[-80.09338999993649,25.701939999883734],[-80.09324000014867,25.703640000337185],[-80.09313999969123,25.705920000232616],[-80.0931299996455,25.707619999691456],[-80.09303000008639,25.70875000012773],[-80.09284000011559,25.70985999966483],[-80.09264000009905,25.711170000221315],[-80.0923699997623,25.71323000035224],[-80.09210000032387,25.715489999684138],[-80.09193999959199,25.717780000049288],[-80.09184000003287,25.71980000018698],[-80.09177999975843,25.721109999744286],[-80.08825999982662,25.7236599997296],[-80.08641000034734,25.725190000182998],[-80.08448999964956,25.726940000083918],[-80.08280000000387,25.7286200002631],[-80.08158999985888,25.729929999774644],[-80.08080999988421,25.730819999727274],[-80.07979999975576,25.73203999961995],[-80.07872000020542,25.733439999763434],[-80.07792000013927,25.734550000337396],[-80.07714000016456,25.73567999984674],[-80.0760999998989,25.737330000150774],[-80.07550999989502,25.738330000319582],[-80.07465999960014,25.739859999715843],[-80.07387999962546,25.741409999887896],[-80.0731499998795,25.742989999635487],[-80.072480000408,25.744589999929946],[-80.07193999973451,25.746030000059847],[-80.07111000042944,25.748580000337224],[-80.07060999993894,25.750420000113184],[-80.07028299970078,25.75180199974006],[-80.07011000034673,25.752650000135855],[-80.06990000028445,25.753779999856174],[-80.06961999990196,25.755659999725356],[-80.06942999993116,25.757360000045743],[-80.06933000037205,25.758500000153987],[-80.0692700000976,25.759820000146906],[-80.06923999996037,25.761719999919208],[-80.06928000014334,25.76343000033391],[-80.06933000037205,25.76437999980935],[-80.06942999993116,25.765710000055833],[-80.069579999719,25.76702999997626],[-80.06978999978128,25.768539999688205],[-80.07012000039246,25.770409999936636],[-80.07048000024258,25.772090000258395],[-80.07091000041291,25.773749999799136],[-80.07124000012578,25.774849999713563],[-80.07175999980946,25.77648000028653],[-80.07227000034571,25.777870000141814],[-80.07254999982987,25.778570000345503],[-80.07262000015008,25.779280000227246],[-80.07254999982987,25.779810000251505],[-80.07245000027076,25.780529999650426],[-80.0723899999963,25.781070000174058],[-80.07232999972184,25.781620000232657],[-80.07211999965956,25.782539999615754],[-80.07194999978026,25.78327999990259],[-80.07173999971796,25.784399999906178],[-80.07155999979292,25.78551999984884],[-80.07119999994282,25.78659999991629],[-80.07091999956033,25.787499999739193],[-80.07072000044208,25.788229999997924],[-80.07061999998467,25.788599999953142],[-80.07047000019685,25.789149999873512],[-80.07029000027178,25.789879999680856],[-80.0700800002095,25.790799999696148],[-80.06986000010147,25.791529999860085],[-80.069579999719,25.792250000095432],[-80.06943999997691,25.792599999933614],[-80.06898999971511,25.7938700000059],[-80.06852000026015,25.795330000092036],[-80.06815000036428,25.796609999955702],[-80.0678199997531,25.79791999998742],[-80.06747999999448,25.799390000022292],[-80.06722999974922,25.8007000000627],[-80.0669600003108,25.802390000234976],[-80.0667500002485,25.804089999858693],[-80.0666099996081,25.805800000118754],[-80.06655000023197,25.807120000312274],[-80.06652000009473,25.80863999964457],[-80.06648999995751,25.809780000296648],[-80.06632000007819,25.810520000381683],[-80.06614000015314,25.811460000075538],[-80.0659400001366,25.81256999971069],[-80.06576000021153,25.813690000362197],[-80.065560000195,25.81537999963145],[-80.06545999973757,25.816520000113446],[-80.06537000022419,25.818030000400526],[-80.0652299995838,25.819249999905356],[-80.06511999997895,25.82036999965305],[-80.0649900002826,25.82205999982577],[-80.0649400000539,25.82375000013575],[-80.06493000000815,25.824689999944496],[-80.06495000009964,25.825630000375885],[-80.06488999982517,25.82676000021962],[-80.06477000017458,25.82788000008301],[-80.06464999962566,25.82939000023465],[-80.06450999988358,25.831080000210697],[-80.06441000032447,25.832009999865377],[-80.06427999972982,25.8334999998064],[-80.06424999959258,25.83423999962629],[-80.06420000026219,25.83499000039292],[-80.06419000021644,25.835549999903243],[-80.06418000017071,25.836480000006382],[-80.06418000017071,25.837219999787305],[-80.06420000026219,25.83816999980175],[-80.06424999959258,25.83891000033248],[-80.06425999963832,25.83929000003015],[-80.06416000007921,25.839650000277494],[-80.06403000038287,25.84021000037145],[-80.06389999978822,25.84076000000594],[-80.06378000013761,25.84131999969683],[-80.06365000044127,25.84187999997084],[-80.06354999998385,25.84244000001945],[-80.06339000015028,25.8433700001337],[-80.06326999960136,25.844119999620574],[-80.06311999981355,25.84524999996817],[-80.06305000039164,25.845810000232312],[-80.06295999997997,25.846759999986865],[-80.06288999965976,25.847699999739383],[-80.06285000037511,25.848270000130505],[-80.0628000001464,25.84958999976458],[-80.06279000010065,25.850720000399495],[-80.06279000010065,25.85186000004269],[-80.06282000023789,25.852619999896987],[-80.06287999961403,25.85374999987167],[-80.06294999993423,25.85468999984231],[-80.06300000016294,25.8552599996849],[-80.06306999958483,25.85602000032015],[-80.06314999995075,25.85657999970429],[-80.0632300003167,25.85713999966937],[-80.06326999960136,25.85741800034705],[-80.06330999978434,25.857700000215306],[-80.06345999957216,25.8586400003071],[-80.06352999989235,25.859010000167828],[-80.06366999963446,25.859759999893768],[-80.06379000018336,25.860320000153724],[-80.06390999983395,25.86087000003515],[-80.06393999997118,25.861439999989596],[-80.06393999997118,25.86182000004887],[-80.06398000015416,25.862199999694774],[-80.06403000038287,25.86296000017145],[-80.0641099998505,25.86388999976415],[-80.06422000035367,25.86482999993832],[-80.06434000000426,25.86576000017397],[-80.06444999960912,25.86650999990898],[-80.06458000020379,25.86725000012315],[-80.06460000029526,25.86763000009263],[-80.06457000015804,25.868190000245207],[-80.06455000006655,25.86875000016872],[-80.06454000002081,25.869509999745862],[-80.06451999992932,25.87063999991721],[-80.06454000002081,25.871200000353276],[-80.06455000006655,25.871950000315543],[-80.06459000024952,25.87271000032406],[-80.06464999962566,25.873649999846123],[-80.0647299999916,25.874580000172614],[-80.06483000044904,25.875529999890706],[-80.06495000009964,25.8764599999648],[-80.06507999979598,25.877389999990868],[-80.06523999962954,25.878319999968593],[-80.06538000026994,25.87905999975987],[-80.06553000005778,25.879799999764046],[-80.06566999979985,25.880879999749105],[-80.06572000002858,25.881240000243412],[-80.06568999989135,25.88143000010675],[-80.06563999966264,25.88198000032748],[-80.06559000033224,25.882540000344974],[-80.06553000005778,25.88329000023494],[-80.06549999992053,25.88384999969743],[-80.06546999978332,25.884409999736906],[-80.06544999969182,25.885150000160504],[-80.06542999960034,25.88589999963645],[-80.06542999960034,25.886650000005574],[-80.06543999964609,25.88720999969597],[-80.06547999982907,25.888329999997957],[-80.06549999992053,25.888889999801233],[-80.06557000024074,25.88981999972452],[-80.06560000037797,25.890189999724925],[-80.0654899998748,25.89056000018192],[-80.06543999964609,25.890740000356228],[-80.06528999985825,25.89129000004125],[-80.06508999984173,25.892113000273095],[-80.06487999977944,25.89294999974319],[-80.06463999957992,25.894069999730725],[-80.06440000027872,25.895369999982602],[-80.06423000039942,25.896480000072444],[-80.06403000038287,25.898000000272468],[-80.06387999969672,25.899699999727225],[-80.06378000013761,25.90158000035213],[-80.06376000004613,25.90327999994467],[-80.06378000013761,25.904599999912342],[-80.06387999969672,25.906299999622576],[-80.06403000038287,25.90799999988294],[-80.06411999989623,25.908740000270775],[-80.06430999986705,25.910049999717234],[-80.06460000029526,25.9117300002997],[-80.06490999991668,25.913209999723012],[-80.06516699983462,25.91423599990846],[-80.06542999960034,25.91522999992529],[-80.06534599993476,25.915485999910732],[-80.06521299986537,25.915891000207488],[-80.06506999975022,25.916330000306665],[-80.06484999964219,25.91705999989697],[-80.06468999980864,25.917609999701988],[-80.06454000002081,25.918170000319613],[-80.06424999959258,25.919279999987463],[-80.0639900001999,25.920399999665197],[-80.06387200019911,25.92101399961722],[-80.06347999966366,25.92321000009759],[-80.06319000013373,25.92547999997087],[-80.06303000030017,25.927570000304645],[-80.0629700000257,25.929470000173193],[-80.06301000020868,25.93195000036134],[-80.06315999999651,25.934230000321143],[-80.06348999970939,25.93687000017037],[-80.06384999955951,25.93893999963206],[-80.064089999759,25.940059999882926],[-80.06421000030792,25.940810000004564],[-80.06418000017071,25.94117999998561],[-80.06411999989623,25.94211000037285],[-80.06406999966752,25.943780000015252],[-80.06403000038287,25.94515000027528],[-80.06388999974249,25.94590000029397],[-80.06368999972592,25.947009999665173],[-80.06341000024176,25.949070000284813],[-80.0632300003167,25.951130000403083],[-80.06312999985929,25.95355999986847],[-80.06306999958483,25.95674999978025],[-80.06303000030017,25.960519999743287],[-80.06309999972204,25.962759999833846],[-80.0629900001172,25.963879999637964],[-80.06285000037511,25.966699999882554],[-80.06284000032937,25.96745999989277],[-80.06284000032937,25.96802000015915],[-80.06286000042086,25.968959999978267],[-80.06288999965976,25.96990000036225],[-80.0629399998885,25.97047000006393],[-80.0629700000257,25.971029999730508],[-80.06298000007145,25.971220000266303],[-80.06303000030017,25.971780000400194],[-80.06309999972204,25.972530000325502],[-80.06317000004225,25.973089999875427],[-80.06331999983007,25.97420999985958],[-80.0633499999673,25.97440000010383],[-80.06322799976857,25.974971000384617],[-80.06315999999651,25.9753299996763],[-80.06305000039164,25.97588999962264],[-80.0629900001172,25.976270000028762],[-80.06289300003282,25.976808999754667],[-80.06279000010065,25.977580000367414],[-80.06260000012986,25.978679999877915],[-80.06238000002182,25.980140000087765],[-80.06213999982232,25.98197000007981],[-80.06188999957706,25.98306000022297],[-80.06149999958973,25.985100000159626],[-80.06131999966468,25.986219999606273],[-80.06128000038002,25.986589999746077],[-80.06114999978536,25.987710000337916],[-80.06107000031773,25.98846000039892],[-80.06097999990605,25.98958000012865],[-80.06090999958585,25.99088999992469],[-80.06090000043841,25.991830000216872],[-80.06088000034693,25.992950000128655],[-80.06090000043841,25.994040000189035],[-80.06093999972308,25.994950000065778],[-80.06049000035958,25.999459999900157],[-80.06044000013088,26.00000999989093],[-80.06037999985642,26.000770000162056],[-80.06031999958196,26.001700000220655],[-80.06029000034304,26.00244999980108],[-80.06027000025156,26.003200000244334],[-80.06022000002285,26.006060000181474],[-80.05994999968611,26.008480000070666],[-80.05992000044719,26.00880999989811],[-80.05988000026422,26.009309999753434],[-80.05936999972796,26.014759999675626],[-80.05933999959073,26.015079999629016],[-80.05930000030608,26.015749999935522],[-80.05868000016497,26.024319999812963],[-80.05830000022338,26.029299999916137],[-80.0582800001319,26.029770000246128],[-80.0582600000404,26.02993000004907],[-80.05793000032752,26.03515000014491],[-80.05786000000734,26.035899999916037],[-80.05735000036938,26.041699999600496],[-80.0569700004278,26.045700000141537],[-80.05613000017865,26.051469999773182],[-80.05602999972123,26.052220000072104],[-80.0559500002536,26.052969999606827],[-80.05587999993338,26.05353999969113],[-80.05577000032855,26.05485999977633],[-80.05572000009984,26.05561999992825],[-80.05525999979228,26.06436999984098],[-80.05465999974267,26.071120000007515],[-80.05461000041227,26.071649999737836],[-80.05455000013781,26.072559999678194],[-80.05453000004633,26.073119999788585],[-80.05427999980107,26.073629999677017],[-80.05388999981373,26.074510000289216],[-80.05360000028381,26.075220000354452],[-80.0533099998556,26.075930000148603],[-80.05289999977677,26.07700000001196],[-80.05239000013883,26.078389999633867],[-80.05176999999772,26.080109999805156],[-80.0512899995987,26.081550000251802],[-80.05082000014373,26.083210000255516],[-80.05045000024788,26.084690000081142],[-80.0501000004435,26.086369999837107],[-80.04977999987806,26.088230000191434],[-80.04953999967854,26.090110000105565],[-80.04939999993645,26.09162000034018],[-80.04934999970776,26.0923799999298],[-80.04932999961625,26.092759999890145],[-80.04931000042309,26.09314000022979],[-80.0492900003316,26.094070000312488],[-80.04928000028585,26.095410000156747],[-80.04932999961625,26.09710999977207],[-80.0494300000737,26.098620000008758],[-80.04956999981577,26.100130000112475],[-80.04969000036469,26.101060000284022],[-80.04953999967854,26.101810000005763],[-80.04931999957051,26.102920000221264],[-80.04913999964546,26.104030000387592],[-80.04892999958318,26.105520000150516],[-80.04872999956663,26.10757000010048],[-80.04863000000753,26.109449999736427],[-80.04860999991604,26.11037999999447],[-80.04851000035691,26.11703000018141],[-80.04783999998712,26.122520000330375],[-80.0476500000163,26.124159999673576],[-80.04751000027423,26.125260000330638],[-80.04739999977105,26.12656000021848],[-80.04734000039491,26.127649999998866],[-80.04730000021193,26.128760000014502],[-80.04720999980026,26.132949999996704],[-80.04654000032875,26.13854999964002],[-80.04572000017109,26.143450000268494],[-80.04385800009793,26.1529900001629],[-80.04310999991031,26.156820000390848],[-80.04297000016824,26.157570000167002],[-80.04279000024319,26.158690000155527],[-80.04261000031812,26.160000000024947],[-80.04243000039307,26.16170000000536],[-80.04233999998138,26.163020000184314],[-80.04219000019356,26.165820000339032],[-80.04209999978185,26.1667300001248],[-80.04199000017702,26.167279999927924],[-80.0417499999775,26.16852000002263],[-80.04156000000671,26.169600000128135],[-80.0413900001274,26.170790000216375],[-80.04066000038142,26.172520000042088],[-80.04032999977022,26.173390000086226],[-80.03988999955418,26.174619999634057],[-80.03938999996197,26.176220000113293],[-80.03883000009533,26.178250000119757],[-80.03852999962136,26.179540000249446],[-80.03815999972551,26.18141000005173],[-80.0378700001956,26.183289999798728],[-80.0376800002248,26.184990000384108],[-80.03753000043697,26.187080000400716],[-80.03748000020825,26.189170000006133],[-80.0375399995844,26.191440000257643],[-80.03771000036203,26.193719999835682],[-80.03798999984619,26.19598000024193],[-80.03811000039511,26.19674000015466],[-80.03776999973816,26.197810000215505],[-80.03741999993379,26.19907999983686],[-80.03718999978004,26.19999000026916],[-80.03693000038734,26.201079999902426],[-80.0367100002793,26.202190000038225],[-80.0365959995782,26.20288099961079],[-80.0364499999883,26.203480000253915],[-80.03613000032118,26.205159999836795],[-80.03589000012167,26.206849999874137],[-80.03572000024235,26.208359999940892],[-80.03562999983066,26.20948999975674],[-80.03546999999709,26.21022000025969],[-80.03518999961462,26.211330000287717],[-80.03497999955233,26.212250000121752],[-80.03466999993094,26.213729999661464],[-80.03437000035528,26.215600000158407],[-80.03417000033873,26.216709999643147],[-80.03364999975675,26.21796000025345],[-80.03290999996504,26.21994000029835],[-80.03230999991541,26.221769999947735],[-80.03180000027749,26.22360999970521],[-80.03131999987843,26.225659999878335],[-80.03097000007408,26.227529999601796],[-80.03071999982882,26.229229999704163],[-80.03051999981228,26.231120000133046],[-80.03042000025316,26.23245000007617],[-80.03005000035732,26.233129999792062],[-80.02951999972957,26.23415999975064],[-80.02860000001282,26.236060000242883],[-80.02771000043327,26.238169999976247],[-80.02716999975979,26.239600000292896],[-80.0266199999389,26.241229999725377],[-80.02622999995154,26.242500000014015],[-80.026029999935,26.24324000023551],[-80.02571000026786,26.244520000012564],[-80.02537999965669,26.245999999830175],[-80.02504999994379,26.2478700003165],[-80.02480999974428,26.24955000013937],[-80.02462999981923,26.251239999766153],[-80.02455000035158,26.25256000009976],[-80.02451699984132,26.253523000024995],[-80.0244800000314,26.254239999779212],[-80.0244800000314,26.255169999713743],[-80.02451000016862,26.256660000287006],[-80.02454000030585,26.25795999995628],[-80.0243100001521,26.259250000340707],[-80.02406999995257,26.26092000003395],[-80.02390000007327,26.262410000148922],[-80.02378999957008,26.264080000316802],[-80.02373000019395,26.26557999965848],[-80.02358999955355,26.272209999810954],[-80.02344999981146,26.273879999974994],[-80.02301999964115,26.277340000287136],[-80.02287999989908,26.278469999762297],[-80.02276000024845,26.279979999889473],[-80.02267999988251,26.281689999888766],[-80.02265999979105,26.283399999654264],[-80.02214000010736,26.28822999989712],[-80.0220799998329,26.28877999965489],[-80.01527599997085,26.320956000172124],[-80.0149400004102,26.336143000184325],[-80.01493299983919,26.336455999711863],[-80.01461200034714,26.350983000079903],[-80.01436200010188,26.36223599979797],[-80.01100000035382,26.391127000185698],[-80.00688799987002,26.426456999932338],[-80.00614899990323,26.43280900020269],[-80.00253000023721,26.454530999649528],[-79.9997619997927,26.471141999895583],[-79.99836500004997,26.476160000022823],[-79.99799799962884,26.477477999894948],[-79.99692999977407,26.48370799997692],[-79.99669399977252,26.488491000151427],[-79.99651800004543,26.492950999615047],[-79.99556700036652,26.496064999622345],[-79.9941999998627,26.500348999854037],[-79.99386099992898,26.50294599973436],[-79.99360499983594,26.504893000077377],[-79.99312899963488,26.50853000016421],[-79.99294000038729,26.510004999750567],[-79.99126900010987,26.523025999921806],[-79.98854300039645,26.527263999602482],[-79.98630999970422,26.537034999795818],[-79.98526100011603,26.544711999960622],[-79.98527500035974,26.5449730002284],[-79.98551300001111,26.54938399981826],[-79.98587500040937,26.550886999824456],[-79.98510999960497,26.55378600025761],[-79.98411899974312,26.5609260001388],[-79.98247599995307,26.569246999770108],[-79.98209000016371,26.579610000376867],[-79.98168099990978,26.58402800002889],[-79.98138600035699,26.58721399995443],[-79.98134000032624,26.58771599969014],[-79.98072199983496,26.59462399973141],[-79.98064800021511,26.595447000061217],[-79.9806759998042,26.604844000129518],[-79.98098700014882,26.615425999817795],[-79.98107400018746,26.618373999865774],[-79.98129699977022,26.625345000170963],[-79.9811760002947,26.63830999971219],[-79.98127199965586,26.647360999823448],[-79.98130299961801,26.65027300026272],[-79.9808790001938,26.663629999861147],[-79.98026300025063,26.67210200038926],[-79.97990400022545,26.675755000041107],[-79.97973599999595,26.677464000338503],[-79.97837299969008,26.68292900023003],[-79.97653999992926,26.687478999628535],[-79.97572099959652,26.692089000051674],[-79.97489499959109,26.697502999986888],[-79.97472800008482,26.70259800023789],[-79.97473300010769,26.707535000296456],[-79.97473399993261,26.70823100012181],[-79.97695099983298,26.713445999663616],[-79.97758199984476,26.716077999901408],[-79.97837100004026,26.721917999743273],[-79.97864100037701,26.723917000081812],[-79.97915299966475,26.72670900024029],[-79.97867700036201,26.7327679996604],[-79.97902399979333,26.740226999864557],[-79.97943999971994,26.74677400020929],[-79.97964999978224,26.750341000078308],[-79.97712900010822,26.75629499997585],[-79.97555699956497,26.764988999994717],[-79.97500900029223,26.77293200024936],[-79.97488000042078,26.774810000080276],[-79.97546799987653,26.779211999800008],[-79.97546500040178,26.780811999636136],[-79.97546299985365,26.781680999971293],[-79.97485699995626,26.786027999686862],[-79.97430600031043,26.792414999790587],[-79.9754250002188,26.800250000240904],[-79.97773900020358,26.808730999630935],[-79.97933400031305,26.81422300036428],[-79.98361800032599,26.82896599997596],[-79.98509899973432,26.835835000306812],[-79.98531399981948,26.836632999711895],[-79.9897300000769,26.853010000150174],[-79.99079899975659,26.85655199964533],[-79.9908280000689,26.858837999707433],[-79.99085099963513,26.860631000113376],[-79.99191699984007,26.86637400020552],[-79.99351899962222,26.873028999919406],[-79.9939129998075,26.87533699974285],[-79.99646299979385,26.881809999836456],[-79.99659599986323,26.882230000122764],[-79.99895099985588,26.889634000183463],[-79.99976099996778,26.89281700020834],[-80.00520300024718,26.91117699994438],[-80.01323999982044,26.93829500022772],[-80.01424699957583,26.941689000083574],[-80.01467699974616,26.943139000041676],[-80.01488599998352,26.9438449999569],[-80.02275400040068,26.97039199993659],[-80.03025100019876,27.000334000377542],[-80.03020799964274,27.000334000377542],[-80.0332670003404,27.008633999783868],[-80.03910200008188,27.029853000026744],[-80.05338500019867,27.06446500027273],[-80.06077999988949,27.084533999864416],[-80.0633850001274,27.091602999753643],[-80.07258499998997,27.108305999684948],[-80.07332800015472,27.10981699972555],[-80.08095499964917,27.1253290000854],[-80.09048400029802,27.1555600003791],[-80.09408899972031,27.163736000155865],[-80.09415499984256,27.164583999974937],[-80.09541100001829,27.180639999787207],[-80.10075600021332,27.192164999671053],[-80.1082179998513,27.202061000304667],[-80.11069500004268,27.21155800026189],[-80.11644199992062,27.220793000232554],[-80.1232759999199,27.23257599991011],[-80.12476499972414,27.23554999967446],[-80.1248810000751,27.235740000156326],[-80.12499700042606,27.235931000309634],[-80.12500599974855,27.235945000249437],[-80.12709700015058,27.239374000362574],[-80.12789800004165,27.241388999910466],[-80.1322249997123,27.25032399978902],[-80.13284800022647,27.25166699997342],[-80.13804899958313,27.262878999666672],[-80.14844000022242,27.285276000369876],[-80.16946399955374,27.330587000099612],[-80.1791200004242,27.352692000385634],[-80.18886500008483,27.37500100038961],[-80.1889339996818,27.375159999917127],[-80.18900400000199,27.375319000013896],[-80.19175900002773,27.38091199986585],[-80.20002699957966,27.39769099991568],[-80.20278400015351,27.40328500017283],[-80.20604200014452,27.409896000032514],[-80.21334599959874,27.424719000197648],[-80.21545200006938,27.429895999814466],[-80.21823100038453,27.436724000313635],[-80.22009900030548,27.441314999747345],[-80.22239499984858,27.44695699984971],[-80.22796199980147,27.463004000205277],[-80.22796199980147,27.46311599988287],[-80.2279650001745,27.472912999749934],[-80.22850300029984,27.478043000398056],[-80.22900100024222,27.48278900039489],[-80.22929900016806,27.485629000359033],[-80.23153100013705,27.490926000219996],[-80.23313000044448,27.494720999631067],[-80.23711900000633,27.500314000074262],[-80.23725000042589,27.501397000024753],[-80.24000200007856,27.504892000189177],[-80.24301599967208,27.507984999989887],[-80.24579300033743,27.510174000327833],[-80.24582699977431,27.51160399980615],[-80.24585699991154,27.512818999663327],[-80.24586199993439,27.513354999836764],[-80.24977000020372,27.51898499977825],[-80.24977000020372,27.519186999664804],[-80.24977000020372,27.519794999931804],[-80.24977000020372,27.519997999745478],[-80.24988599965634,27.520315999901143],[-80.25000100018241,27.52063499974974],[-80.25217299987693,27.526614999725407],[-80.25244999988638,27.527387000014684],[-80.25621800041363,27.537877999782843],[-80.26109200043045,27.549138999701317],[-80.26114199976085,27.549296000045782],[-80.26354299978424,27.556781999709706],[-80.2637510001967,27.55742800005351],[-80.2684240003721,27.572511000236105],[-80.26854599967251,27.572903000265466],[-80.27090400003821,27.58172700032396],[-80.27206399995448,27.5867079996214],[-80.27442300014509,27.59666299991116],[-80.2747970002389,27.59824200036174],[-80.27483300022392,27.59837100001815],[-80.2794429997518,27.61472000009739],[-80.28086700015702,27.619565999823543],[-80.28135400022875,27.621170999792817],[-80.28191800029336,27.62203899999983],[-80.28490299957454,27.62531000008621],[-80.29492699979272,27.63927799970901],[-80.29520299997725,27.644405999815707],[-80.29525700040394,27.644794000203984],[-80.29645599977994,27.653410000201145],[-80.29653600014588,27.65369900034577],[-80.298867999674,27.66209400012172],[-80.30117099978811,27.66712199970201],[-80.3033380003581,27.673762999809718],[-80.30500399971437,27.67928600012974],[-80.3076049997543,27.6879020002558],[-80.30852299982125,27.690945000148623],[-80.30939400003253,27.693829000063264],[-80.31142199978702,27.700032000047013],[-80.31241099999907,27.70305399965492],[-80.31477199983951,27.71027699963054],[-80.31954200009928,27.724864000151676],[-80.32191999965812,27.731926000329658],[-80.32434699962081,27.739127999785126],[-80.32509999983131,27.741363000298538],[-80.32617799973183,27.744563999892776],[-80.32735899956448,27.748069999658885],[-80.32800999966774,27.749999999823395],[-80.32806200044459,27.750153000245803],[-80.32811299959991,27.75030599965825],[-80.33252600038259,27.761156999825374],[-80.33499900037603,27.764920000131056],[-80.33932400039684,27.772540000091404],[-80.34186599998726,27.777020000126864],[-80.34957500039575,27.79219600009138],[-80.36756199966904,27.827113999627034],[-80.3739300004113,27.83900400011954],[-80.37477099958701,27.840574000149196],[-80.37499999991589,27.841035999914187],[-80.3788599996063,27.84882700035653],[-80.38271900037014,27.85661800025118],[-80.38389400035503,27.858989999926578],[-80.38506900033991,27.861362000115545],[-80.38645900040997,27.864149000237195],[-80.38847100027094,27.868182000378482],[-80.39063100026992,27.87251300029949],[-80.39187200037706,27.875000999682225],[-80.39194699982181,27.875151000363697],[-80.39202200016487,27.875301000043386],[-80.39402999982788,27.87988699961838],[-80.39654300000429,27.885268000028304],[-80.39943799977209,27.891466999719242],[-80.40601700040156,27.90149500026274],[-80.41290199955614,27.913687000215305],[-80.41450500006152,27.916525000246956],[-80.41836800012499,27.923170999607315],[-80.42418199995006,27.933173999932738],[-80.42901099976106,27.94148199986816],[-80.44074100041678,27.96367300012816],[-80.44614799963776,27.97390199992715],[-80.44902599968715,27.979180000181866],[-80.45326399966935,27.98695199963095],[-80.45766200038342,27.995017000159148],[-80.46038100042416,28.000000999777136],[-80.46046199971668,28.000148000176495],[-80.46054200008263,28.0002959997609],[-80.46310100028978,28.005305999776244],[-80.47077800001293,28.020338999943963],[-80.47333700022007,28.025350000190308],[-80.47386199992663,28.026378000113002],[-80.4740860002326,28.02687100020277],[-80.47619500017797,28.031504999799036],[-80.47689800015976,28.033050000214647],[-80.47702600020627,28.033331000274128],[-80.47740600014787,28.03405000014424],[-80.47898100016585,28.037025999610886],[-80.47950699969732,28.03801799964169],[-80.47992099997408,28.0387999997552],[-80.48116299990612,28.041146000083064],[-80.48157700018291,28.041929000243663],[-80.48226900029404,28.043237999915007],[-80.48434800010217,28.047165999814194],[-80.48504100003822,28.04847599969789],[-80.48842700007572,28.054874000013022],[-80.49213500032849,28.061870000372352],[-80.49259899993568,28.062744999809674],[-80.49641500014349,28.069945999966755],[-80.49977299969356,28.077233000099547],[-80.49977299969356,28.077259999882752],[-80.49993500007527,28.077996999798124],[-80.49996699986232,28.078143999867827],[-80.49999899964938,28.078290000282447],[-80.50071500004994,28.08155699961853],[-80.50191799962394,28.08704400015092],[-80.50305599979889,28.09223800035769],[-80.50383699959849,28.095798999609794],[-80.50472100022854,28.099834000117923],[-80.50737499997196,28.111940000005106],[-80.50826000042693,28.11597600027593],[-80.50928700027382,28.120661999743245],[-80.51236899963938,28.134723000213647],[-80.5133970002095,28.139409999679973],[-80.5138349998774,28.14140900009168],[-80.51514999960438,28.147408999670215],[-80.51558899999553,28.14940900008016],[-80.51584400026364,28.150574999789512],[-80.51661199964444,28.154075999765887],[-80.51686799973747,28.15524299966286],[-80.51703199976902,28.155993999631594],[-80.51752600041175,28.158246999607233],[-80.51769100026817,28.158997999885536],[-80.51802900037698,28.160542000001474],[-80.51904500035322,28.165173999757645],[-80.51938400028692,28.16671899968694],[-80.5196849996875,28.16809400032597],[-80.52059000023395,28.172221999657808],[-80.52089200035775,28.173598000203306],[-80.52112900018422,28.174682999951905],[-80.52184300003665,28.17793799968144],[-80.52208099968803,28.179023999849086],[-80.52228499990251,28.179959000072255],[-80.52290000002075,28.18276399999555],[-80.52310599988509,28.183700000038755],[-80.52325599967293,28.184386999907073],[-80.52370900030776,28.18645100003645],[-80.5238599999205,28.187138999671077],[-80.52534000040222,28.193888000148437],[-80.5265270000827,28.199305000228097],[-80.52676499973406,28.200393000079455],[-80.52748100013464,28.203655999795853],[-80.52771999961092,28.204745000325318],[-80.52794499974182,28.20577299981262],[-80.52862199978433,28.20886000012625],[-80.52884799974014,28.20988900019663],[-80.52900400027407,28.210602999783436],[-80.52947399972903,28.212747000344223],[-80.52963100008786,28.213462000391324],[-80.53221100021143,28.225237000183984],[-80.53417000036896,28.234173000341627],[-80.54111999982086,28.260279000260137],[-80.54399899969515,28.271092000249674],[-80.5438680001739,28.271947999824143],[-80.54116900022467,28.289685000361207],[-80.53949899977214,28.300663999976337],[-80.53788299974629,28.311290000179007],[-80.53759499986619,28.313176999938843],[-80.53673500042389,28.31883900035417],[-80.53644800036871,28.32072700015743],[-80.53610500023703,28.32297899972046],[-80.53507699966691,28.32973800000547],[-80.5347350002585,28.33199100026198],[-80.53433600005032,28.33461200007282],[-80.53417000036896,28.335703000385863],[-80.53240700003,28.34232200005916],[-80.53172599978953,28.344885000279273],[-80.5309779996019,28.347689999864652],[-80.52873800013529,28.35610599996111],[-80.52799199959749,28.358912000358043],[-80.52746699989095,28.360882999803135],[-80.52589299969789,28.366795999854055],[-80.52536899981624,28.368767999803318],[-80.5253110000899,28.368983000151818],[-80.52513899966246,28.369628000164163],[-80.52508199976104,28.369844000240395],[-80.52458200016886,28.37172000014788],[-80.52308300031886,28.377351000250194],[-80.52258399965328,28.37922799998377],[-80.52248999994195,28.379579999730286],[-80.5195509997932,28.390620999611123],[-80.51942799976955,28.391083999815045],[-80.51641500000095,28.393912999856063],[-80.5063289998585,28.403384000033483],[-80.50296700011043,28.406542000108857],[-80.50232699987785,28.40714200027593],[-80.50148400015398,28.407934000286694],[-80.50040999955311,28.408942000140545],[-80.50000200002242,28.409326000346102],[-80.49988599967146,28.409434000301214],[-80.49977100004374,28.40954299966145],[-80.49359900001836,28.413054999978467],[-80.48767399986521,28.41835199988317],[-80.48120899993687,28.425511000134637],[-80.47933500016818,28.42874799960823],[-80.47622299976706,28.434128000139562],[-80.47233799996226,28.44341000012536],[-80.4693899995927,28.453097000339078],[-80.46860499959516,28.46307799984556],[-80.47055399970694,28.472329000196705],[-80.47484799976563,28.48444900013285],[-80.47805399987807,28.49245099975611],[-80.48245000004401,28.500276000012143],[-80.48660799966027,28.508238999706627],[-80.49977000021883,28.53344599981753],[-80.49988599967146,28.533703999921485],[-80.50000100019751,28.533961000265837],[-80.50121600036539,28.536677999938615],[-80.5035849997034,28.540362000369043],[-80.50494100033657,28.545287999636397],[-80.50624900039087,28.553916999750985],[-80.50814499990088,28.562776999654787],[-80.50881899957037,28.565923000035216],[-80.51134599999044,28.57523300023794],[-80.51506199974082,28.587714999939912],[-80.51914099971437,28.598785999752717],[-80.5229729998157,28.608238000128473],[-80.52416899971699,28.610178999932746],[-80.52684599992493,28.61452400019979],[-80.53648500017863,28.625271999860672],[-80.61146500000184,28.719432999874666],[-80.62476999977724,28.735305000244804],[-80.63557300014519,28.750268000045057],[-80.663460999613,28.790587999943284],[-80.67513500019221,28.80746999993683],[-80.69264799981255,28.83279399986483],[-80.71015899978309,28.85811699996791],[-80.72183400018723,28.87499999994622],[-80.72258700039774,28.876133000252445],[-80.72484799978074,28.879532000189297],[-80.72560199981615,28.88066600038062],[-80.72933400035836,28.886290000066023],[-80.74366400033081,28.90788700029457],[-80.74977199988376,28.917091999886427],[-80.75000100021262,28.917426000212938],[-80.75272500027621,28.921400000078172],[-80.75681299957228,28.927361999829632],[-80.76089999994173,28.93332200023985],[-80.76362499983023,28.937297000113627],[-80.76367500005894,28.937389999701796],[-80.76382599967168,28.937670000316242],[-80.7638769997253,28.937764000347297],[-80.77031800026249,28.947632000143958],[-80.78964299972729,28.97723700023888],[-80.7960850000894,28.987106000183196],[-80.7969939999355,28.9884980001235],[-80.79972100037214,28.99267699983702],[-80.80063100004317,28.99406999966238],[-80.80696600027515,29.0037760000939],[-80.81323299983677,29.013376000171082],[-80.82597400044584,29.03289499991901],[-80.83230999960442,29.042601999730397],[-80.83493599975873,29.04662499966122],[-80.84281500004654,29.058695999666966],[-80.84544200002576,29.062719999646873],[-80.84841299996155,29.067095000337456],[-80.85732699959387,29.080219999921887],[-80.8602990002529,29.08459500038688],[-80.86040100036014,29.084745000297808],[-80.8607079996085,29.08519799991189],[-80.86081100043897,29.0853489998639],[-80.86277700026919,29.088243999687034],[-80.8686780001329,29.096931999973414],[-80.87064499978804,29.09982899989903],[-80.87090799955376,29.1002169997817],[-80.87169900029741,29.101381000073978],[-80.87196299988805,29.101770000360737],[-80.8719860003526,29.101803000303246],[-80.87205499994957,29.10190499998748],[-80.8720780004141,29.10193899985973],[-80.87481499999816,29.105967999782],[-80.87532200016138,29.10643100029244],[-80.90446499998001,29.141827000085065],[-80.9068359998662,29.144705999849982],[-80.92101900042387,29.171250000260372],[-80.92627900023007,29.182367000102094],[-80.94016999981137,29.211725999729417],[-80.94182799967002,29.21581900009834],[-80.94644800014196,29.22721800002372],[-80.94749099988236,29.22979299962847],[-80.95062300037496,29.23752100014784],[-80.95166699994029,29.240097000278364],[-80.95248999957266,29.242128999752524],[-80.95367399977839,29.2450500003274],[-80.95496099991628,29.24822499985946],[-80.95568099961649,29.25000200038792],[-80.95573300039334,29.250129999629113],[-80.95578500027187,29.250258000277675],[-80.9562150004422,29.251103999863684],[-80.95750500005481,29.253644999941706],[-80.95793600005003,29.25449199978787],[-80.95855000034335,29.25570100023448],[-80.96039300014994,29.25932899969635],[-80.96100800026817,29.26053900017308],[-80.96386299985302,29.266157999938983],[-80.97242800040416,29.283015999921965],[-80.97528299998903,29.288636000188973],[-80.977182999697,29.292375999667787],[-80.98288299971927,29.30359800038481],[-80.98478400015047,29.3073389997626],[-80.98855099995448,29.314753999793634],[-80.99421800036478,29.32590899971136],[-80.99588700009407,29.329193999612023],[-80.99977600009683,29.33685000027548],[-80.99977600009683,29.336820000100406],[-80.99988800024981,29.337054000291758],[-81.00000100022771,29.337287999946003],[-81.00116000031909,29.339701000141414],[-81.00231799968722,29.342114000381507],[-81.01099500039138,29.360182999617535],[-81.03702800035705,29.41439200035919],[-81.04570599998782,29.4324619998861],[-81.04494899957935,29.432548000042313],[-81.04267899997551,29.432806000073867],[-81.04192300029027,29.43289299980941],[-81.04594700001222,29.441996999752345],[-81.05309599965577,29.45817099990231],[-81.05802099972624,29.46931200027803],[-81.0620460001714,29.478417000341743],[-81.06395400027532,29.48273300024637],[-81.06946299960354,29.495193999929292],[-81.06967799968872,29.495681000303797],[-81.07158699961752,29.499997999773456],[-81.07164299969402,29.500125000122292],[-81.0716989997705,29.50025200031186],[-81.0722040002839,29.501512999917736],[-81.07503100027965,29.50716400036251],[-81.07592599988207,29.509098999631764],[-81.07708499997342,29.51160500006761],[-81.07820899990469,29.51382500002423],[-81.08018599960556,29.51836700021447],[-81.08274499981272,29.523749000359274],[-81.08327700009028,29.524861999872368],[-81.08518699984401,29.52886200003173],[-81.0880930003808,29.53430999964383],[-81.09018499970938,29.53821099976691],[-81.09177300014616,29.54110400007825],[-81.09475599977752,29.546282000176888],[-81.09750900015344,29.551696999711165],[-81.09987300036691,29.555866000178476],[-81.10204199968841,29.559598999667184],[-81.1037089997679,29.562658000162966],[-81.10619199980705,29.56810699979385],[-81.1087159998541,29.57396100027343],[-81.1112769997111,29.57890399991277],[-81.113777000367,29.58473100032019],[-81.11403400028496,29.585329999912304],[-81.11600299958991,29.58952499961216],[-81.11682799977044,29.5912829996236],[-81.11981399977485,29.59672999969276],[-81.12257100034871,29.60278500014662],[-81.12299599959783,29.60374799991905],[-81.12377499974761,29.60551000012918],[-81.12478200040131,29.608079000253085],[-81.12499999996122,29.60864000002433],[-81.12522799956683,29.60922700037604],[-81.12732200034189,29.614152999754637],[-81.13021700010971,29.620663999685767],[-81.13038799981393,29.621042999998426],[-81.13123100043612,29.62290700019659],[-81.13229099989496,29.62525099968682],[-81.1327029996236,29.62628699989985],[-81.13382999992793,29.629125999612423],[-81.13472299988051,29.63226699969755],[-81.13611700014852,29.63547899968608],[-81.13747200005845,29.63865699963643],[-81.1388629999534,29.642037000227933],[-81.14006800007553,29.644910999707303],[-81.14153400031356,29.64869699962425],[-81.14265999989466,29.651636999761074],[-81.14420800014844,29.654884000039758],[-81.14574399980836,29.658564999840106],[-81.14590100016719,29.65893999968527],[-81.14774899999664,29.663031999888],[-81.14914400008955,29.666143000312942],[-81.1502680000208,29.669453999822082],[-81.15081700001681,29.671087000141164],[-81.151540999915,29.673238000043042],[-81.15293000016013,29.67692199966154],[-81.15405599974122,29.680098000283138],[-81.15558700027657,29.685199000321234],[-81.15724099993726,29.689458000258277],[-81.1587509996579,29.6927039996834],[-81.1602579999038,29.696286999800577],[-81.16160500031614,29.700442999780535],[-81.16223700015283,29.702941000268794],[-81.16295199983018,29.704732000179387],[-81.16369599981984,29.707466999621342],[-81.16390099985927,29.710267000059776],[-81.16415299975435,29.712122999772316],[-81.16456100018334,29.713777999657324],[-81.16541999980073,29.716682000189657],[-81.16562999986301,29.717490000357653],[-81.16623800030857,29.719823000180856],[-81.16740300024772,29.723100999659774],[-81.16880099981536,29.726008999967473],[-81.17012399993826,29.72874799962656],[-81.17148600041921,29.731386000269065],[-81.17334299957116,29.734735999935392],[-81.17489400019801,29.7378470003438],[-81.17557600026339,29.739099000339728],[-81.17579399982328,29.739336000261748],[-81.18142299970043,29.750249000227676],[-81.18310800022158,29.753449000029317],[-81.18639899982452,29.760080000335336],[-81.18922099979741,29.768155999838978],[-81.1927680003917,29.778326000352955],[-81.19440399961071,29.78447500014693],[-81.19508800022425,29.78703799980513],[-81.19919999980974,29.801156999925077],[-81.19936100036654,29.80251299963345],[-81.20043300041927,29.811511999800658],[-81.20216200042303,29.815492999993733],[-81.2039840003132,29.8196879997235],[-81.20517699984146,29.82243299973635],[-81.20617000025145,29.835382000231327],[-81.20619600019073,29.838480999620966],[-81.20627599965835,29.84798600033373],[-81.20651400020805,29.855567000124246],[-81.20762899991847,29.863010000092572],[-81.20815500034826,29.868025999688857],[-81.20903099968409,29.874180999797034],[-81.20926800040885,29.875246999663418],[-81.20937999966354,29.87561099999123],[-81.21190500043382,29.883810999969306],[-81.21492700042323,29.890963000309444],[-81.21803100042843,29.901219000031077],[-81.2208659999218,29.911946999687526],[-81.22385299975112,29.92155999999414],[-81.22629999980528,29.927753000142747],[-81.22683899975553,29.929117000351074],[-81.23257200028806,29.93738100001834],[-81.23516800030514,29.9422719998837],[-81.2370310002032,29.947905999809034],[-81.23909099974476,29.95559699997004],[-81.24215499956698,29.96244499963381],[-81.24574300016916,29.97204600010318],[-81.24979299983036,29.98288500010131],[-81.25513399982744,30.000244999931102],[-81.2627910003574,30.03196100029669],[-81.28531400043701,30.125244000071135],[-81.30047899973741,30.18061999971085],[-81.31598500041797,30.23611600015194],[-81.31862499991765,30.246181000343043],[-81.32018499986702,30.25292000014186],[-81.31792799978366,30.25293899985295],[-81.32587499984355,30.279242000227807],[-81.32703700030794,30.28418999996494],[-81.32806599980466,30.28857100034954],[-81.33032299988801,30.298186000082236],[-81.33062699966163,30.29948099994936],[-81.33086600003624,30.300976999741007],[-81.33177099968438,30.306640999951565],[-81.33187399961655,30.307283999991892],[-81.33316599977731,30.31537099981321],[-81.33359799959744,30.318078999902454],[-81.33417500008083,30.32445700020437],[-81.33538000020296,30.3377710000824],[-81.33538000020296,30.342407999931897],[-81.33538100002785,30.361025000305297],[-81.33538100002785,30.36129200027564],[-81.33359900032065,30.362386000052847],[-81.32943999998119,30.366762000027798],[-81.32528200036494,30.37223199995718],[-81.32354800033829,30.375240999982523],[-81.3215630002415,30.37857400033312],[-81.3207330000381,30.381616000345787],[-81.31875100031435,30.38887599990653],[-81.31792899960857,30.392793000114466],[-81.31746099980342,30.39407700029146],[-81.31725999996198,30.39611200020329],[-81.31671199979088,30.401675999928493],[-81.31689699973882,30.40772099986868],[-81.31979900007764,30.41646500005335],[-81.32487700030897,30.42473500004231],[-81.33229000044146,30.43303599973315],[-81.3386569995622,30.438230999681057],[-81.34996000042064,30.44500900036098],[-81.35357400006377,30.44666000006421],[-81.35434800019067,30.449731999974222],[-81.35391700019545,30.453346000067427],[-81.3538700003398,30.460303000296342],[-81.35344000016947,30.462666999836927],[-81.3517940000064,30.47340700019624],[-81.35244500010964,30.482118999988632],[-81.35488299994297,30.4927539999814],[-81.35803600035196,30.500238999670877],[-81.3587929998621,30.501503999944152],[-81.3591800003747,30.50262200013554],[-81.35999999963404,30.504302000267725],[-81.36163900012444,30.506383000025096],[-81.3622640002884,30.507357000011645],[-81.36238800013697,30.50752999994172],[-81.36425500023299,30.510143999960007],[-81.36644399964598,30.514779999666988],[-81.36804700015136,30.518778000175274],[-81.36964999975842,30.52294499993028],[-81.37161499976372,30.526548999911657],[-81.37500199962614,30.53275800036323],[-81.37697400020245,30.541397999936606],[-81.3776739998112,30.54445999967338],[-81.38027800022418,30.56322499996486],[-81.38066099964053,30.56771199983875],[-81.38141499967593,30.576543000194118],[-81.38186599976262,30.58183999978542],[-81.38201499972554,30.58357899984699],[-81.38237299992585,30.597778999727314],[-81.38243099965216,30.600038999842212],[-81.38243400002521,30.600179999799934],[-81.38243800022317,30.60031999978517],[-81.38244900009381,30.60074099983648],[-81.38238200014666,30.603094000145504],[-81.38233500029101,30.60469900025803],[-81.38219800002365,30.609517000086438],[-81.3821519999929,30.611123000113704],[-81.38205800028157,30.614377999890817],[-81.38201499972554,30.615912999851403],[-81.38125099964438,30.624111000377162],[-81.38116899962863,30.625001999831287],[-81.38114699988732,30.6252379996514],[-81.38086700040314,30.627345000162958],[-81.37957000021954,30.633171000022745],[-81.37793300027728,30.64052599985027],[-81.37567899966865,30.650650999895632],[-81.3749990001514,30.653707000315016],[-81.37481000000551,30.654558000032083],[-81.37481000000551,30.656524999847143],[-81.37339800019416,30.662779000042427],[-81.36813800038794,30.66641600017982],[-81.36783500043924,30.666696999809286],[-81.36284199969842,30.671330999819162],[-81.35816900042136,30.67597599972911],[-81.35493900001947,30.68014900001069],[-81.35155299998198,30.68566599993958],[-81.3492590000887,30.69057700037816],[-81.34720100019696,30.696798000365494],[-81.34676400035396,30.699293999816575],[-81.34638900043522,30.70143799972115],[-81.34635799957478,30.7062789997085],[-81.34679500031609,30.711084999640548],[-81.3469719998681,30.71217000013406],[-81.34701500042411,30.712443999929246],[-81.3517949998313,30.712435000097752],[-81.36613800022255,30.712407999825835],[-81.37091900035296,30.712400000144267],[-81.37129799957131,30.712398999990935],[-81.37184900011546,30.712398999990935],[-81.37243499992138,30.712396999684294],[-81.37281499986297,30.712396999684294],[-81.373034999971,30.712396000303254],[-81.37369600011999,30.712395000149883],[-81.37391700005293,30.712395000149883],[-81.37409699997798,30.712396000303254],[-81.37464000012619,30.712398999990935],[-81.37482099987616,30.712401000297586],[-81.37491200011277,30.712401999678566],[-81.37500300034935,30.712401999678566],[-81.37510799993134,30.712401999678566],[-81.37563199981298,30.712406000291665],[-81.3759719995716,30.71240699967259],[-81.37626000035002,30.71240899997903],[-81.3763430001907,30.71241000013226],[-81.38087599972567,30.712413999972686],[-81.39472399964927,30.71242899995216],[-81.39934099974815,30.712433999944775],[-81.40417499958201,30.712438999937138],[-81.40370199975399,30.709813999957216],[-81.40980900038035,30.709582999776767],[-81.4244079999663,30.709032000352632],[-81.42996200039872,30.70882199998348],[-81.43154099971632,30.708739999781372],[-81.43408999987773,30.708861999868365],[-81.43643200034991,30.709158000045775],[-81.43816399982839,30.70959099969198],[-81.43914499964453,30.709756000304953],[-81.43921699961454,30.709769000336593],[-81.44041400023907,30.709970000127292],[-81.44048299983604,30.709981999951683],[-81.4419020002184,30.709965000006946],[-81.44461100021336,30.709659999898403],[-81.44482299992546,30.709637999759604],[-81.44699100032038,30.70941899982441],[-81.44871500030126,30.709351999815432],[-81.45048899961256,30.709443999792782],[-81.45124099999813,30.7094840001921],[-81.45252200028824,30.709621999936303],[-81.45484200012079,30.709872999754136],[-81.45997600042861,30.71043399997357],[-81.46078800019035,30.71054399970969],[-81.46240000001825,30.71076400035027],[-81.46401299967106,30.710983000321086],[-81.46428899985557,30.711038000278],[-81.46466600032244,30.71111299967716],[-81.46511999988387,30.711202999960417],[-81.46539799971823,30.711257999791822],[-81.4686199997242,30.711995999916393],[-81.46968699975406,30.71235000018871],[-81.4699589997406,30.712441000242976],[-81.47009199981001,30.712477000334054],[-81.47180900011818,30.713022000050433],[-81.47241900021355,30.71327399966036],[-81.47358599980252,30.713686000288977],[-81.47411300005723,30.713913000132692],[-81.47457800038762,30.714143999983065],[-81.47503600014703,30.71439900014833],[-81.47548600040884,30.714684999801047],[-81.47588999974155,30.715016999786968],[-81.47721799988732,30.7162949996584],[-81.47962899995646,30.71891799992169],[-81.48031900041777,30.719760999766542],[-81.48158999976381,30.7213120001099],[-81.48223099982133,30.72220999963782],[-81.48297800018403,30.723081999738465],[-81.4830810001162,30.723223000226348],[-81.48331399974471,30.723540999633144],[-81.48375899998364,30.723985999968303],[-81.48395499980221,30.724182000088987],[-81.48454999982897,30.724864999618088],[-81.48482500018856,30.725112999853923],[-81.48542699988802,30.725492000292707],[-81.48606799994553,30.725795999736867],[-81.48616199965686,30.725829000205596],[-81.4865869998043,30.725978999877345],[-81.4871430003713,30.726122000011124],[-81.48756299959754,30.726231000375652],[-81.48799100011804,30.726288000148774],[-81.48846399994606,30.72630900034118],[-81.48899000037584,30.726288000148774],[-81.48944700031034,30.726236999662444],[-81.48947800027247,30.726233999632953],[-81.48989800039705,30.726156000378907],[-81.4908819996879,30.725931000038663],[-81.49417099964101,30.72527300006605],[-81.49586700003282,30.724986000133587],[-81.49629800002802,30.724911999964],[-81.496626999916,30.72485700019772],[-81.4972599995776,30.724801999627825],[-81.49790099963509,30.724791000127844],[-81.49861399966261,30.72471799983414],[-81.49952599988178,30.724624999728967],[-81.4999769999685,30.724492999998652],[-81.50001999962619,30.72448699983109],[-81.50016299974133,30.724470000126548],[-81.50167800038315,30.72427899996987],[-81.50287599993426,30.72397999976919],[-81.50419900005716,30.72357099998927],[-81.50444699975428,30.723495000201506],[-81.50544699983696,30.723219000062],[-81.50557900008147,30.723197999968647],[-81.50590799996944,30.723145000080546],[-81.50689499963333,30.722989999643065],[-81.50722500024455,30.72293799968455],[-81.50734200042041,30.72291999966271],[-81.50745899969797,30.722901000365322],[-81.50793800027208,30.722825000049383],[-81.50794900014273,30.722824000004177],[-81.50988700038386,30.722614000321443],[-81.51009300024818,30.722606999989466],[-81.51081499959822,30.722585999762863],[-81.51123700027092,30.722572999914423],[-81.51238200011859,30.722537999779263],[-81.51250599996716,30.722535999682872],[-81.5126289999908,30.722535999682872],[-81.51277899977863,30.72253499963465],[-81.51292899956645,30.72253400035868],[-81.51352600014134,30.722529000117486],[-81.51365599983768,30.722528000069254],[-81.51448799969089,30.722546000164282],[-81.5153179998943,30.722592000048678],[-81.51547199988006,30.722600999704515],[-81.51591399974596,30.722641000052526],[-81.5164870000314,30.722692000124596],[-81.51679900020095,30.722726000157678],[-81.51736999993824,30.722735999847142],[-81.51794099967555,30.722747000353838],[-81.51814999991292,30.722751999811496],[-81.51835900015028,30.722757000041128],[-81.51898400031426,30.722767999773126],[-81.52098799977932,30.722804999915645],[-81.52125899994098,30.722816999687506],[-81.52267400012538,30.722881000247348],[-81.52403999990598,30.72300100012074],[-81.52440800015201,30.72302100021383],[-81.52474200006284,30.723040000259807],[-81.52515399979151,30.723084999865993],[-81.52624500011082,30.723392000068383],[-81.52733600043011,30.723649999827057],[-81.52811499968155,30.72378700011568],[-81.53012800026576,30.724142000380407],[-81.53064700012455,30.724207000091514],[-81.53115599993755,30.72421899968888],[-81.53146999975691,30.72422499987307],[-81.53148599965044,30.724225999903744],[-81.53184800004868,30.72417699993331],[-81.53188900005658,30.72417199977733],[-81.53203499964643,30.72415299995445],[-81.53229499993743,30.724091000303147],[-81.53239200002182,30.724045000361755],[-81.53267700042717,30.723911999803285],[-81.53277299978832,30.723857000238713],[-81.53282200019213,30.723825999936793],[-81.53314199985925,30.723628999827646],[-81.5331669999736,30.72360699978657],[-81.53323899994363,30.723542999708634],[-81.53326599970781,30.723520000382184],[-81.53336600016526,30.723433000127105],[-81.53369099985527,30.72306399974351],[-81.53391199978819,30.72265399989173],[-81.53406499994907,30.722248000045678],[-81.53411000015491,30.72201700030216],[-81.53415600018566,30.721790000229028],[-81.53419399982052,30.721295999906637],[-81.53424800024717,30.72097000030232],[-81.53439300001213,30.720551000194064],[-81.53447300037807,30.720165999973172],[-81.53449199974634,30.720074000184216],[-81.53449400029447,30.720058999849357],[-81.53455299984572,30.719528000083777],[-81.53456799991433,30.718950000342627],[-81.53447699967772,30.718091999717053],[-81.5343839997913,30.717563000130827],[-81.53434100013361,30.717312000246256],[-81.53432600006498,30.717206000148078],[-81.53429799957757,30.71699400037437],[-81.53425499991987,30.716731000025607],[-81.53411799965252,30.715886999832097],[-81.53408000001768,30.71559899964225],[-81.53396299984182,30.71472699982984],[-81.53387400015338,30.714051999854853],[-81.53381300005401,30.713175000002426],[-81.53381300005401,30.71209899986568],[-81.53381300005401,30.712054999923318],[-81.53388900022198,30.711773000061815],[-81.5340110004207,30.711446999928356],[-81.53410400030714,30.71127599967368],[-81.53417899975189,30.71113599964598],[-81.5344819997006,30.71068700033764],[-81.53514799987245,30.70970199979842],[-81.53533100017056,30.70949399971004],[-81.53553000036219,30.709316000102632],[-81.53568400034797,30.709213000270935],[-81.53578100043237,30.70914799972063],[-81.53583900015867,30.709118000283624],[-81.53604099982505,30.709016999844934],[-81.53648500023905,30.70885100009478],[-81.53656700025482,30.708820000374963],[-81.53706299964907,30.70870799983435],[-81.53710899967982,30.708698000234854],[-81.53759699957645,30.708650999709228],[-81.53765600002599,30.708653000093612],[-81.53816900003696,30.708673000073198],[-81.53839099979483,30.70865599989769],[-81.53865799975851,30.708690999665063],[-81.53912300008892,30.708803000225423],[-81.53924100008969,30.708845999916406],[-81.53934499984678,30.708882999994348],[-81.53988600034516,30.709077999732557],[-81.5406560002741,30.709459000234084],[-81.54159500025744,30.71006200028752],[-81.54248800021003,30.71083899996254],[-81.54283100034168,30.711134000085433],[-81.54344899993467,30.711781999955072],[-81.54376899960181,30.712206000326354],[-81.54418100022876,30.712825999641247],[-81.54469199969161,30.713719999636158],[-81.54517899976332,30.714981999998223],[-81.54534100014504,30.715401000364345],[-81.54564599974357,30.716113999901186],[-81.545958999738,30.71673599979519],[-81.54597399980662,30.716854000151724],[-81.54601999983737,30.71694200027128],[-81.54609600000536,30.71703000031051],[-81.54632000031134,30.717223000361116],[-81.54645800040362,30.71734100012173],[-81.54659599959756,30.717458999737936],[-81.5467110001236,30.717557999631815],[-81.54682599975133,30.717657000196297],[-81.5469789999122,30.71778799992118],[-81.54698899995796,30.717795999928065],[-81.54727099999026,30.71795299963974],[-81.54762199961954,30.718105000169675],[-81.54800400010927,30.718214000331017],[-81.54837700037817,30.718279000177294],[-81.5483999999444,30.71828000026965],[-81.54875899996959,30.718306999669878],[-81.5487720003884,30.718305000258006],[-81.5488379996123,30.71830400016597],[-81.54890499955945,30.71830300007387],[-81.5493010002929,30.71829199983241],[-81.54999500005385,30.71820600035881],[-81.55009999963583,30.718186000039196],[-81.55039900028488,30.7181300002034],[-81.55078800044731,30.718018999757007],[-81.55120799967358,30.71785199995784],[-81.55213099976339,30.71738600007093],[-81.55264200012454,30.717111999642913],[-81.5531380004171,30.71677999991882],[-81.55332500001485,30.716635000383206],[-81.55344300001562,30.716544999762846],[-81.5541450001725,30.715923000181505],[-81.5542229999903,30.715836000022005],[-81.55445899999185,30.715572000256117],[-81.55449599980179,30.715532000064744],[-81.55451400024344,30.715509999720712],[-81.55494600006357,30.715003999690406],[-81.55512000014085,30.714816999830006],[-81.55516000032382,30.714773000355297],[-81.55540299999805,30.714515000012533],[-81.55557299987737,30.71432300008177],[-81.55563899999962,30.714251999853687],[-81.55580100038132,30.71407899966652],[-81.55592299968174,30.71395900027404],[-81.55602700033712,30.713857000132432],[-81.55606599979687,30.713818000140613],[-81.55610699980477,30.713777999994072],[-81.55614899963756,30.713749999958797],[-81.55679999974079,30.713316000303635],[-81.55745099984405,30.71288299961608],[-81.55813399973435,30.712426000265356],[-81.55831100018466,30.712309000051327],[-81.5596579996987,30.711833999751164],[-81.55981800043058,30.711778000088437],[-81.55997800026415,30.711721000232824],[-81.56002000009694,30.711706000143252],[-81.56024000020497,30.71170100011289],[-81.56044100004642,30.711696000082274],[-81.56070899983503,30.711688999730004],[-81.5614240004107,30.71167200008611],[-81.56177500003997,30.711763000007718],[-81.5619170003302,30.71181999983851],[-81.56209499970711,30.711891000312324],[-81.56242299977016,30.712076000126498],[-81.56269800012977,30.71228600036222],[-81.5629109996668,30.71249200030367],[-81.5631009996376,30.712731000123107],[-81.56329300015655,30.71304099974978],[-81.56346100038603,30.713423000186427],[-81.56356000012022,30.713727999980566],[-81.5636210002196,30.713994999798576],[-81.5636360002882,30.71425799988587],[-81.5636210002196,30.714546000218895],[-81.56346800005872,30.715283999897867],[-81.56332900014155,30.71566599994552],[-81.56332199957055,30.715686000015545],[-81.56325299997357,30.715912999785445],[-81.56319400042234,30.716033999951417],[-81.56318299965336,30.71611000021415],[-81.56312499992704,30.716499000082678],[-81.56312499992704,30.716732000133952],[-81.56315599988919,30.71691599982305],[-81.56317099995779,30.7170049999916],[-81.56328499976061,30.717243000108162],[-81.56340199993649,30.717383999867724],[-81.56350700041678,30.717510000234213],[-81.56379600012177,30.717748999974507],[-81.56410200044353,30.717949000028984],[-81.56440700004205,30.718116999754162],[-81.56475000017373,30.718264000335473],[-81.5650780002368,30.71837399963624],[-81.5651910002147,30.718399000372496],[-81.56528199955298,30.718419999966564],[-81.56596299979344,30.71858799964342],[-81.56653699990382,30.718629000200423],[-81.56687099981464,30.718651999921388],[-81.56733600014506,30.718684999746422],[-81.56762599967496,30.718725000174505],[-81.56786800042262,30.718785000013284],[-81.56803800030193,30.71882799988758],[-81.56818700026484,30.718887999662225],[-81.56824900018914,30.718913000265232],[-81.56841200039575,30.718978999725408],[-81.56873999956049,30.719153999783757],[-81.5690070004225,30.71935099976954],[-81.56908199986727,30.71942599965442],[-81.56946500018189,30.719807000207407],[-81.56980099974257,30.720078999780483],[-81.57024500015658,30.72048899977092],[-81.57044199980007,30.720670999878493],[-81.57094499976532,30.721070999807203],[-81.5715060003552,30.72143900003668],[-81.57160099989143,30.721501999907872],[-81.57166100016589,30.721532000126267],[-81.57239500010981,30.721896999976266],[-81.57244500033853,30.721915000189153],[-81.57315900019097,30.722179000350803],[-81.57337900029898,30.722260999937948],[-81.57342100013179,30.722272999777466],[-81.57421799982491,30.722503999679883],[-81.57523299997622,30.722701999817584],[-81.57537699991626,30.72271699974126],[-81.57588099970643,30.72277300000193],[-81.57613699979946,30.722771999956176],[-81.57691400029941,30.722767999773126],[-81.57769099990104,30.722763000316306],[-81.57965000005858,30.722751999811496],[-81.58074100037788,30.722866000349192],[-81.58095800011284,30.722905999814994],[-81.58155800016246,30.723014999954643],[-81.58202299959456,30.723100999772406],[-81.58307600027904,30.723338000247054],[-81.5833549999383,30.723400999649538],[-81.58363299977263,30.723463999783167],[-81.58364799984125,30.723466999898797],[-81.58447800004464,30.723581000363332],[-81.58524299995071,30.723686000367103],[-81.58676899956487,30.723733999779082],[-81.58723399989529,30.723703000209834],[-81.58768400015708,30.723635000048606],[-81.58812699984787,30.723523999761788],[-81.58832699986442,30.723445999859532],[-81.5885079996144,30.723375000170805],[-81.58885099974604,30.723186000244255],[-81.58919499970264,30.722936999640567],[-81.58929199978702,30.722838999908873],[-81.58982800026253,30.722300000376304],[-81.59030699993833,30.721684999704824],[-81.59047799964256,30.72146600009687],[-81.59064900024511,30.721245999929902],[-81.5910790004154,30.72069399988459],[-81.59157499980965,30.71996900010805],[-81.59201000000282,30.719512999663987],[-81.59216300016371,30.71930499988336],[-81.59233800006588,30.719127999931985],[-81.59237099967784,30.719105000324603],[-81.59265799973304,30.718907999836233],[-81.59307000035999,30.718697000031078],[-81.5934369998828,30.718567000085955],[-81.59363100005156,30.71852600027482],[-81.59384100011384,30.718481000085337],[-81.5939580002897,30.718467999683416],[-81.59412200032124,30.718452999870998],[-81.59428600035277,30.718438000056235],[-81.59458099990555,30.71840899973846],[-81.59500000020519,30.71846600027494],[-81.59533900013892,30.718511999789094],[-81.59567800007262,30.7185569999641],[-81.59579400042358,30.718572999849677],[-81.596176000015,30.718665999614505],[-81.59640500034386,30.71876399972644],[-81.59657500022318,30.718843999728183],[-81.596837000164,30.719013000295575],[-81.59693900027125,30.719078000375536],[-81.59710599977753,30.71932600005237],[-81.59723600037218,30.719592999816573],[-81.59734299960398,30.72000699985461],[-81.5973729997412,30.720225999687504],[-81.59736799971833,30.720268999691466],[-81.59728999990053,30.720996999721518],[-81.59700700004332,30.72172400037619],[-81.59659100011669,30.722905999814994],[-81.59651499994871,30.72312099984476],[-81.59638199987934,30.723499000354394],[-81.59630099968848,30.723771000323104],[-81.59623700011437,30.72399100013389],[-81.59609200034942,30.72461500023544],[-81.59603100025005,30.72507999991225],[-81.59602299985413,30.725339999825064],[-81.5960770002808,30.72574299973255],[-81.5960980001972,30.725898000377022],[-81.59611900011359,30.726054000011747],[-81.59612300031155,30.72608699961998],[-81.59618299968768,30.726527999758666],[-81.59645200019952,30.7272499996349],[-81.59653400021529,30.7274719999943],[-81.59676299964583,30.727683999895028],[-81.59704499967815,30.728030999779076],[-81.59725100044078,30.728239000038705],[-81.59754099997069,30.728461999651408],[-81.59786900003375,30.72865300001411],[-81.59829699965593,30.728828000272948],[-81.5983660001512,30.728849999894702],[-81.59901399988141,30.729056999950835],[-81.59965499993892,30.729224999624755],[-81.60034899969988,30.729370000303003],[-81.60087699977947,30.729444000139015],[-81.60180400006723,30.729575000064152],[-81.60188199988504,30.72958599979044],[-81.60200400008378,30.72957999993989],[-81.60214800002382,30.729572000138603],[-81.60229199996387,30.729564000336683],[-81.60261500000406,30.729546999983143],[-81.60278800025642,30.72951699994244],[-81.60288699999063,30.729500000352804],[-81.60298499989992,30.72948299998799],[-81.60319499996218,30.729446000092025],[-81.60328299982574,30.72941200011253],[-81.6035189998273,30.729324999769688],[-81.60375900002683,30.729238000120503],[-81.60390399979175,30.72915700027005],[-81.60429299995418,30.728938999857675],[-81.60463699991078,30.72866999975318],[-81.60488899980587,30.728395999733216],[-81.6051940003027,30.72806500024571],[-81.60526200007476,30.727980000214878],[-81.60583399963699,30.727263999623975],[-81.6059559998357,30.727011000279987],[-81.60598400032312,30.72689700001064],[-81.60602500033102,30.726728000135463],[-81.60602399960777,30.726663999812917],[-81.60601799976,30.726219000256513],[-81.60600000021665,30.725859999863477],[-81.60593400009441,30.724544999890554],[-81.60591800020089,30.724215000338052],[-81.60581600009363,30.723470000014405],[-81.60576599986491,30.72310299985708],[-81.60571999983416,30.722485000300527],[-81.60571200033655,30.721921999799054],[-81.60573699955259,30.721434999798312],[-81.6058269999643,30.719689999680906],[-81.60591800020089,30.719185000043428],[-81.60600900043747,30.71882799988758],[-81.60604799989723,30.718675999725065],[-81.6062010000581,30.718256000367415],[-81.60642199999103,30.717784999628833],[-81.60669700035064,30.717310000041522],[-81.60690300021497,30.717035000064595],[-81.60715199973698,30.716805000296056],[-81.60762000044046,30.716372999939715],[-81.60806200030635,30.716060999980503],[-81.60840600026292,30.715878999666792],[-81.60862700019585,30.715802999994306],[-81.60908499995526,30.71581999968232],[-81.60925900003252,30.71584099983801],[-81.60958799992049,30.715880999901284],[-81.6098699999528,30.71593299980419],[-81.6101229996728,30.716012999837762],[-81.61028199968146,30.716063000211154],[-81.61065599977528,30.71621700008628],[-81.61121599964191,30.716518999979886],[-81.61127400026656,30.716550999652362],[-81.61128799961195,30.716564000312736],[-81.61174700009458,30.716976000015087],[-81.61193000039268,30.717200999630556],[-81.61215899982322,30.71756200003103],[-81.61233500044862,30.717943000226438],[-81.61250299977982,30.71857600011749],[-81.61261699958263,30.71924200012118],[-81.61279300020803,30.71973899961506],[-81.6130440002782,30.720451000214318],[-81.6133339998081,30.721165000314187],[-81.61361099981755,30.72169100004672],[-81.61373100036647,30.721918000353],[-81.61385299966689,30.722077999689827],[-81.61416599966132,30.722352999956733],[-81.61453200025754,30.722541999971856],[-81.61461099990025,30.722564000255968],[-81.61506600018491,30.722691000078],[-81.61561500018092,30.722740000031518],[-81.61712599972648,30.722645000240842],[-81.61813800040305,30.722506999825388],[-81.61851699962143,30.722455000378663],[-81.61865300006387,30.722437000266634],[-81.61873400025472,30.72242599972456],[-81.61928499990054,30.722350999856562],[-81.62071199978051,30.72247099961739],[-81.62095199998002,30.722508999922375],[-81.62113899957777,30.722539999875554],[-81.62156600027335,30.722648999656755],[-81.62197800000199,30.72279500023333],[-81.62238300005794,30.722989999643065],[-81.62272600018962,30.723206000298962],[-81.6229780000847,30.723466999898797],[-81.6233589998512,30.724055999946852],[-81.62354200014931,30.724679999627625],[-81.62355800004285,30.72495300014847],[-81.6235270000807,30.72522699991642],[-81.62343400019428,30.72555499983208],[-81.62336899989695,30.725740999702708],[-81.62326799961461,30.72587800010862],[-81.62312100019983,30.726089999653986],[-81.6227389997101,30.726643999703377],[-81.62262800028033,30.72680499969497],[-81.62200899996412,30.72754699973929],[-81.6219849996747,30.727580000380847],[-81.62174899967313,30.72791099998941],[-81.62159499968736,30.728067000227384],[-81.62147500003675,30.72818899980194],[-81.62128400024105,30.7284930000069],[-81.62112699988221,30.728832000204545],[-81.6209720000715,30.72916900002339],[-81.62085400007074,30.7294730002262],[-81.62073600006995,30.729778000215408],[-81.6207040002829,30.72986200023284],[-81.62068500001632,30.730027000136637],[-81.62065099968113,30.730328000047702],[-81.62067800034364,30.73088900017988],[-81.62068099981838,30.73095899977862],[-81.62069900026005,30.731082000285205],[-81.62074000026792,30.731234000192135],[-81.62078499957545,30.731442999672772],[-81.6208230001086,30.731620000178967],[-81.62105200043744,30.73230600012504],[-81.62109699974498,30.732457999645884],[-81.62114199995081,30.732609999699104],[-81.62117700011092,30.732728999873235],[-81.6212170002939,30.732810999751933],[-81.6213369999445,30.73305899961966],[-81.62153399958798,30.7333960001015],[-81.62194799986477,30.73410199987037],[-81.62219899993494,30.73448600010376],[-81.62255799996014,30.73490699970913],[-81.62348400042298,30.73578099981776],[-81.62377099957985,30.736051999965863],[-81.62385400031886,30.736104999706296],[-81.62401499997732,30.736208000152807],[-81.62436599960661,30.73634000005435],[-81.62472600035504,30.736429000049625],[-81.62480900019571,30.7364500003489],[-81.6249840000979,30.73647400035435],[-81.62508399965701,30.73648699987224],[-81.62524400038889,30.73650900006203],[-81.62538499995588,30.73650299987041],[-81.62548600023823,30.736499000257187],[-81.6257239998896,30.73649000035468],[-81.62611399987695,30.73643999976576],[-81.62671599957639,30.736364000087207],[-81.6267580003075,30.73635500017208],[-81.62695999997385,30.736313000299795],[-81.62728100036422,30.73619499982515],[-81.62761600009998,30.73600600032782],[-81.62786999964489,30.735822999921982],[-81.62796000005658,30.73576000014484],[-81.62824200008886,30.73549999977105],[-81.62833099977732,30.735394000367723],[-81.62863100025129,30.734973999720577],[-81.62869999984827,30.734861000296586],[-81.62887499975045,30.73463600020159],[-81.62898199988058,30.734395999933003],[-81.62907200029225,30.734124999760514],[-81.62908900001071,30.73407600018934],[-81.62919600014082,30.73346700013065],[-81.62919600014082,30.73280899986869],[-81.62913500004146,30.732145000056224],[-81.628898000215,30.730864000366022],[-81.62877600001625,30.730334999819],[-81.62875299955172,30.73001499971789],[-81.62877000016847,30.729759999926415],[-81.6287729996432,30.729731999899094],[-81.6288289997197,30.729307000168244],[-81.62892099978122,30.729070999677454],[-81.62914199971415,30.72872499966049],[-81.62931800033957,30.72852900028267],[-81.62942200009662,30.728459999677987],[-81.62953099987656,30.728387999833664],[-81.62987499983316,30.728248999928468],[-81.63043200022508,30.72808800003222],[-81.63069199961777,30.728094999966142],[-81.63160700020997,30.728120999716342],[-81.63187599982348,30.72818099988521],[-81.63192699987711,30.728192999760047],[-81.63220899990942,30.728346000350086],[-81.63245300030688,30.728442999901883],[-81.63268199973743,30.728596000095077],[-81.63284300029422,30.72876199983321],[-81.63326199969558,30.72934900000527],[-81.63349100002443,30.729770999631533],[-81.63365900025393,30.730288999768515],[-81.6337499995922,30.730482000303166],[-81.6338340001561,30.731123000161837],[-81.6340169995559,30.731720000155445],[-81.63421599974751,30.732161000003146],[-81.63427699984689,30.73229599988404],[-81.63469600014653,30.7329689996605],[-81.63504699977582,30.73327600004211],[-81.63542099986964,30.733536000239326],[-81.63588700002497,30.733796999666435],[-81.63613100042242,30.73387900018071],[-81.63621900028598,30.73389499983974],[-81.63638300031751,30.733926999922026],[-81.63661900031906,30.73393799992371],[-81.63687100021414,30.733921000341724],[-81.63712300010923,30.73387000003349],[-81.63742199985997,30.733751999655887],[-81.63754200040887,30.73370499975968],[-81.6380579998946,30.733368000358418],[-81.63846999962324,30.732998000231373],[-81.63895599987005,30.73256200007398],[-81.63908899993943,30.732399999714776],[-81.63934800040552,30.732087999885863],[-81.63960799979822,30.731773999914267],[-81.63982999955606,30.73152899969323],[-81.64006899993065,30.731135999629387],[-81.64027999981785,30.730757999724137],[-81.64053900028394,30.73033199991705],[-81.6405650002232,30.730287999800748],[-81.6405860001396,30.730254000118276],[-81.64106700036355,30.729587999740552],[-81.64137199996206,30.729309000124143],[-81.64182600042182,30.728972000022598],[-81.64191500011029,30.72892200016611],[-81.64235600015124,30.728774999619212],[-81.6435849996645,30.728202999654634],[-81.64373899965028,30.728154000161318],[-81.64394899971256,30.728087000041604],[-81.64415899977485,30.728019999875325],[-81.64443900015733,30.727929999843802],[-81.64447699979216,30.72792099991324],[-81.6464150000333,30.727498999909233],[-81.64694200028799,30.727427000119295],[-81.64748299988807,30.727394000197638],[-81.64853599967422,30.727423000129395],[-81.64902399957084,30.727498999909233],[-81.64958099996277,30.727663000002167],[-81.64965999960549,30.727690999858325],[-81.65011499989015,30.727851999645534],[-81.65016900031684,30.72787100028372],[-81.65126999978357,30.728338999662192],[-81.65136699986792,30.728379999933466],[-81.6521529996904,30.72887000031871],[-81.65223100040653,30.728933999948698],[-81.65244099957049,30.72910699973729],[-81.65265099963275,30.729280999965795],[-81.65270000003657,30.729321999836365],[-81.65283899995374,30.729437000303015],[-81.65313299968162,30.72979899964752],[-81.65322999976601,30.729923000061714],[-81.65336600020844,30.73010600008882],[-81.65349500007986,30.73034300032914],[-81.65350799960035,30.73039300022065],[-81.65357899974545,30.730674999679202],[-81.65369400027149,30.730906000296713],[-81.65393799977065,30.731556000015996],[-81.65396600025807,30.731720000155445],[-81.65404499990078,30.732174000102876],[-81.65409000010662,30.733092999856925],[-81.6540669996421,30.733479000119512],[-81.65401399993863,30.733859999954714],[-81.65375500037086,30.735078999667916],[-81.65362700032433,30.735498999857395],[-81.65360800005776,30.735562999718187],[-81.65334699994186,30.736414999847632],[-81.6533350002463,30.736458000351373],[-81.65313699987958,30.736923000030092],[-81.65292299961934,30.73733699976362],[-81.65257399963987,30.738176000361168],[-81.65248099975345,30.738399000144092],[-81.65218299982763,30.739022999619312],[-81.6521739996068,30.739038000091494],[-81.65186300016049,30.73959000009243],[-81.65176100005324,30.739898999962726],[-81.65173699976378,30.73996800009825],[-81.65166899999174,30.74017600007349],[-81.65164600042552,30.740245999875032],[-81.65150400013528,30.740676999937268],[-81.65150400013528,30.740949999926897],[-81.65154000012029,30.74110900024309],[-81.65159199999883,30.74133600037093],[-81.65164499970228,30.74156299996386],[-81.65172699971804,30.741919000227856],[-81.65182800000039,30.742208000381208],[-81.65206700037498,30.74268800000779],[-81.65230500002635,30.7430650003763],[-81.65232799959257,30.743100999840813],[-81.65260499960202,30.743451000066717],[-81.65286599971793,30.743691999999175],[-81.65318899975811,30.74391500013966],[-81.65331900035277,30.743979999640263],[-81.65373399955615,30.744188000218088],[-81.65390699980851,30.744255999775103],[-81.65398499962633,30.744285999859542],[-81.65407400021309,30.744306000168084],[-81.65426800038185,30.744350999881885],[-81.65430400036686,30.744359999822166],[-81.65443599971303,30.74437000035528],[-81.654511999881,30.744376000056977],[-81.65463200042991,30.744384999994917],[-81.65475999957812,30.744359999822166],[-81.65486800043146,30.74433799988096],[-81.65491899958677,30.74432899993863],[-81.65507699977053,30.74429800004517],[-81.65511299975554,30.74429099974407],[-81.65612100023418,30.74395800038435],[-81.65653700016077,30.743821000202196],[-81.65668399957555,30.743772000157424],[-81.65793599955333,30.743252000257453],[-81.65869100031198,30.74296399998403],[-81.65874499984034,30.74294599984184],[-81.6596789998008,30.74263900015872],[-81.66036199969109,30.742413999696765],[-81.66083500041744,30.74233999978343],[-81.66143700011686,30.74246799963941],[-81.66168200033925,30.74255799999119],[-81.66190300027219,30.742639999998335],[-81.66232300039677,30.742864999932447],[-81.66265800013252,30.74311999978861],[-81.6629319997689,30.74341099986261],[-81.6630089997618,30.743492000084984],[-81.66325300015926,30.743831999846424],[-81.66359700011584,30.744428999850832],[-81.6636499998193,30.744789000373615],[-81.66365800021522,30.745146000110264],[-81.66361999968207,30.74549100003238],[-81.6635579997578,30.745702999666985],[-81.66354400041241,30.745728000263234],[-81.6634819995898,30.745853000058876],[-81.66346099967342,30.74587700003813],[-81.6633540004416,30.74600000003097],[-81.66324599958827,30.746122999866795],[-81.66299399969319,30.746410000159575],[-81.66284899992823,30.746537000212566],[-81.66263200019324,30.746729000059794],[-81.6624599997658,30.746880999989152],[-81.66226899997008,30.747049000241486],[-81.6618899998534,30.747418999681162],[-81.66177299967754,30.747534000166855],[-81.66170300025566,30.747589999903866],[-81.66165399985185,30.747628000341024],[-81.66162700008768,30.747647999955568],[-81.66160399962313,30.747666999778602],[-81.66123100025256,30.747961000137728],[-81.66080500028019,30.74829500010811],[-81.6605309997455,30.748510999634032],[-81.66040799972184,30.748607999731725],[-81.66013300026054,30.748869000018882],[-81.660045000397,30.748975999810902],[-81.65989600043409,30.749161000253157],[-81.65977400023537,30.749441000058788],[-81.65972900002951,30.749716000219703],[-81.6597349998773,30.75022800033357],[-81.65973599970222,30.750326000005774],[-81.65977500006026,30.75077100017763],[-81.65978900030396,30.750916000084366],[-81.6598050001975,30.75126499995505],[-81.65990099955866,30.75157700021537],[-81.6599190000003,30.751635999928222],[-81.65997900027477,30.751745999741335],[-81.66003399962804,30.751847999932927],[-81.66015599982676,30.752007000016135],[-81.66032800025421,30.75243899968868],[-81.66033900012486,30.752466000327573],[-81.66083500041744,30.75319299981708],[-81.66106399984797,30.75345600025663],[-81.66139899958372,30.753727000090148],[-81.66154199969887,30.753814000014604],[-81.66169700040787,30.753908000235022],[-81.66179299976902,30.75395399981668],[-81.66200200000641,30.754055000264366],[-81.66232300039677,30.754177000128834],[-81.66250499997165,30.754227999722602],[-81.66265800013252,30.75427199971374],[-81.66305099959459,30.75434599972364],[-81.66334500022077,30.754402000131506],[-81.66345599965055,30.754394000075205],[-81.66356600015371,30.754386999735924],[-81.66378899973647,30.754336999944563],[-81.66386400007954,30.7543200001022],[-81.66440499967962,30.754144000104812],[-81.66454299977187,30.754099000334513],[-81.66471100000138,30.754044999964883],[-81.66540399993742,30.753746000257813],[-81.6655649995959,30.753676999956024],[-81.66624400018657,30.753320999918195],[-81.66741099977551,30.75256499977493],[-81.66752200010362,30.75250200013842],[-81.66758400002789,30.752467999802775],[-81.66768600013513,30.752411000076002],[-81.66778900006729,30.75236499975723],[-81.668168000184,30.75219400029277],[-81.66854599957745,30.752022999752686],[-81.66895200035661,30.751871000218543],[-81.66906500033451,30.751838999920388],[-81.66908600025091,30.751832000167372],[-81.66955499988099,30.75170099962242],[-81.66984399958598,30.7516690000398],[-81.67022699990062,30.751626999895873],[-81.6707819997444,30.75159000001127],[-81.67135500002985,30.75155200036537],[-81.67165799997855,30.75151499967998],[-81.67212800033184,30.751458000161122],[-81.67240399961806,30.751424999977246],[-81.67256400034994,30.751468999705164],[-81.67280100017639,30.751535999778596],[-81.67285899990272,30.75155200036537],[-81.67315900037669,30.75159000001127],[-81.67345800012741,30.75162799964218],[-81.67359000037189,30.751644999959797],[-81.67363499967944,30.751650999980342],[-81.67405900000196,30.75159000001127],[-81.67425499982053,30.75156200015179],[-81.67435899957762,30.751547000085804],[-81.67472000015094,30.751537000297883],[-81.67511599998606,30.751504999888724],[-81.67517799991036,30.75149899985903],[-81.67563599966975,30.751462999673283],[-81.67677600039286,30.751323000109636],[-81.67762699961433,30.751218000110303],[-81.67781599976021,30.751194999668726],[-81.6784350000764,30.751069999858036],[-81.67887399956925,30.750956000259798],[-81.6790689995629,30.75090600023091],[-81.68016200043036,30.750518999777654],[-81.68059000005252,30.750367999945077],[-81.68106000040581,30.750202000372308],[-81.68149899989864,30.749884000159046],[-81.68196699970377,30.74955499990633],[-81.68236400026213,30.749212999958768],[-81.68265999963981,30.748944999868957],[-81.68299199990084,30.748644999989967],[-81.68309599965792,30.748491999977507],[-81.68321200000885,30.74829100021239],[-81.68324799999387,30.74811700034208],[-81.68328800017684,30.74792699974295],[-81.68330099969732,30.747800999764767],[-81.68332599981167,30.74755699993867],[-81.68331099974307,30.74711799988803],[-81.6832580000396,30.74684499962126],[-81.68305899984799,30.746395000063206],[-81.68277699981569,30.74596800009816],[-81.68235699969112,30.745484999628058],[-81.68223600021561,30.745384000229],[-81.68215099982679,30.745314000300564],[-81.68189200025903,30.74517800031616],[-81.6818060000453,30.74514699992381],[-81.68125899969911,30.744959000045583],[-81.68108999964473,30.74491700006366],[-81.68054099964871,30.744785000332303],[-81.6800889997371,30.7447170003767],[-81.67990799998714,30.744692000290115],[-81.67960300038861,30.744702999834896],[-81.67930600028768,30.744744999910058],[-81.67903099992807,30.744816000069036],[-81.67890000040683,30.744867999804327],[-81.67881599984293,30.744901999734857],[-81.67828299974045,30.74511499970761],[-81.67789600012617,30.745308999697066],[-81.67785599994319,30.745328999793188],[-81.67744400021455,30.745567000231823],[-81.67707000012074,30.745822999690347],[-81.67670500024775,30.746110999908538],[-81.67636299994098,30.746379000163714],[-81.67545999994266,30.747091000065755],[-81.67534100011696,30.747199000081334],[-81.67502499974947,30.747486000256103],[-81.67478100025032,30.747706999759433],[-81.67452199978422,30.747994999748524],[-81.6742170001857,30.748213000282792],[-81.67366900001461,30.748464999768423],[-81.6734840000667,30.74855000025812],[-81.67325499973782,30.748607999731725],[-81.67307999983565,30.748610000059013],[-81.6728510004051,30.74856800012508],[-81.67246800009045,30.748435000213508],[-81.67239299974739,30.748408999768138],[-81.67196599995012,30.748192000231555],[-81.67192599976715,30.74816800005709],[-81.6715769997877,30.747957000228208],[-81.67119500019628,30.747687999944315],[-81.67093499990528,30.7474760000465],[-81.670836999996,30.747395999876332],[-81.67067100031464,30.747236999900714],[-81.67048800001653,30.74706199987659],[-81.67030399989353,30.746885999738964],[-81.6698300002406,30.74643300019979],[-81.66978099983679,30.746365999664416],[-81.66972200028555,30.746286000116477],[-81.66960099991174,30.746118999880874],[-81.66934900001665,30.74567200021566],[-81.66915300019807,30.74520400008954],[-81.66907500038026,30.74498599969335],[-81.6688529997241,30.744510999809428],[-81.66879199962473,30.744284000214535],[-81.66875399998989,30.743998000361312],[-81.66875399998989,30.743419999890648],[-81.6688169997391,30.74293099997814],[-81.6688379996555,30.742764999940817],[-81.6688379996555,30.742514000052747],[-81.66909700012157,30.74168000019143],[-81.66919400020596,30.7414699998994],[-81.66927299984867,30.741296999914223],[-81.66929200011525,30.741270000004597],[-81.66969299997325,30.74071300029414],[-81.66998199967824,30.7403740001969],[-81.6706610002689,30.739764999793337],[-81.67127200018916,30.73933400028383],[-81.67141000028144,30.73926299994496],[-81.67203500044542,30.738940999621942],[-81.6721609999438,30.73889499981885],[-81.67224799998243,30.73886700012938],[-81.67249400002973,30.738790000169253],[-81.67303600035305,30.738789000289675],[-81.67352300042474,30.738789000289675],[-81.6737739995966,30.73883400026432],[-81.67432400031583,30.739025000145652],[-81.67460600034813,30.739143000242898],[-81.6747030004325,30.739184999653794],[-81.675012000229,30.73931899985774],[-81.6750330001454,30.73932499987401],[-81.67555200000416,30.739568999705426],[-81.67649000016259,30.740129000222268],[-81.67715399978631,30.74060200037314],[-81.67784099987456,30.740997000149644],[-81.67832899977121,30.741226000249924],[-81.6788779997672,30.741405000249333],[-81.67942000009052,30.741520000194296],[-81.67947000031923,30.74152799977583],[-81.68009100028524,30.741599999840005],[-81.68261899963194,30.741602000312884],[-81.68318100004672,30.741602000312884],[-81.68342100024624,30.741588999940912],[-81.68450699964436,30.74154899973575],[-81.68459000038335,30.741547000033872],[-81.68480600029342,30.74153799983084],[-81.68502100037857,30.741530000250147],[-81.68607300033982,30.74149000002048],[-81.68712500030105,30.741448999922255],[-81.68773600022132,30.741425000383913],[-81.68796999967475,30.74143200012119],[-81.68808400037587,30.741439999710014],[-81.68819399998073,30.741448999922255],[-81.68842599978431,30.741481999663716],[-81.68853999958714,30.741499000228004],[-81.68865199974015,30.741514000314663],[-81.68915499970538,30.74163199967973],[-81.6893759996383,30.741733999773363],[-81.68984900036463,30.74201000016659],[-81.68994999974868,30.742091000022793],[-81.69029200005544,30.74236700016533],[-81.69070399978406,30.742802000127394],[-81.69104699991576,30.7432800002167],[-81.69142100000957,30.7440279997541],[-81.69157400017045,30.744432000085926],[-81.69164199994249,30.744730000326474],[-81.69167999957733,30.745208999926422],[-81.6917549999204,30.74563799978492],[-81.69188600033998,30.746378000362977],[-81.69221400040304,30.747292000019083],[-81.69241299969636,30.747636999975118],[-81.69266499959143,30.747901999717534],[-81.69299299965448,30.748139999974676],[-81.69335099985477,30.74831200024204],[-81.6938930001781,30.748471999766164],[-81.69435099993748,30.748527999729834],[-81.69447499978604,30.748516999849837],[-81.69477799973475,30.74849100019869],[-81.69533500012666,30.748338999722037],[-81.69596100011556,30.748122999810377],[-81.69619899976692,30.74802200008936],[-81.6965560001423,30.747868999859257],[-81.69748900027787,30.747399000019072],[-81.69760700027862,30.747340000026526],[-81.6977250002794,30.747280000206523],[-81.69806599986296,30.747107999640214],[-81.69952200005524,30.74643600037247],[-81.69973999961512,30.74633200025071],[-81.70006400037853,30.74618599981599],[-81.70060699962842,30.74593600015472],[-81.70099599979086,30.74575600027478],[-81.70134700031846,30.74562999977262],[-81.70152200022063,30.7455840000752],[-81.70171300001634,30.74553299976402],[-81.70208700011017,30.74547000015971],[-81.70246799987666,30.745439999671948],[-81.7025320003491,30.745441000254505],[-81.70260500014402,30.745442999875554],[-81.70270999972601,30.745439999671948],[-81.70304000033721,30.745449000282488],[-81.70328899985924,30.74549199984239],[-81.7035819997622,30.745536999774213],[-81.70491699958066,30.74598099987916],[-81.705306999568,30.7461699998818],[-81.70573400026358,30.746434999800258],[-81.70612500007582,30.746710999849093],[-81.7071150001128,30.74740799967449],[-81.70753400041244,30.74762699978114],[-81.70797700010324,30.747789000015565],[-81.70852600009923,30.74792100026244],[-81.70911399955497,30.74797599999021],[-81.7096860000155,30.747950999977455],[-81.71030399960848,30.747835000204034],[-81.71140999999639,30.747585000190593],[-81.7114319997377,30.747578000128378],[-81.71166799973926,30.747501999971647],[-81.71174800010519,30.7474760000465],[-81.7119039997408,30.747425999754928],[-81.71246299978255,30.747243999987724],[-81.71268700008852,30.747147000060327],[-81.71299300041028,30.747016999885176],[-81.71385100020275,30.746649000041298],[-81.71406799993774,30.74657799968931],[-81.71507200021841,30.746251999902405],[-81.71571300027593,30.74600800001253],[-81.71573099981926,30.74600000003097],[-81.7162470002033,30.74576599989089],[-81.71679700002421,30.745490000222357],[-81.71728400009593,30.74524500013376],[-81.71754400038692,30.74511499970761],[-81.71791500010768,30.744912000211702],[-81.71810900027644,30.744806000354306],[-81.71832699983635,30.744740000049156],[-81.71855899963992,30.744671000243265],[-81.71888699970299,30.744621000039743],[-81.71921499976604,30.744605999664785],[-81.71955100022502,30.744616999991447],[-81.71971600008148,30.744646000144748],[-81.71995499955776,30.744689000063115],[-81.72013000035824,30.744719000012715],[-81.72032100015396,30.744791999825427],[-81.72034600026831,30.744807999988538],[-81.72093200007423,30.74511899973522],[-81.72129000027452,30.745375000384456],[-81.72205299963247,30.745996000039938],[-81.7224569998635,30.746363000261624],[-81.72264099998651,30.746475000292687],[-81.7228240002846,30.746554999683713],[-81.72313599955584,30.746622000087616],[-81.72333300009764,30.74662799964903],[-81.72360199971115,30.746637000148564],[-81.72393800017014,30.746615999753697],[-81.7244570000289,30.746545999948527],[-81.72459400029626,30.74652699990442],[-81.72473300021342,30.74652299993528],[-81.7248789998033,30.74651899996598],[-81.72502500029148,30.746514999996496],[-81.72513499989634,30.74651000022742],[-81.72576900028115,30.746572000124768],[-81.72639400044513,30.746721000138184],[-81.72643200007997,30.746734999614617],[-81.72718000026758,30.74702799993644],[-81.72761499956246,30.74725299965762],[-81.72822899985577,30.747482000326784],[-81.72825599961996,30.7474919997637],[-81.72844700031398,30.747610000298348],[-81.72846800023038,30.747625999993343],[-81.7293009999085,30.74825500037153],[-81.72969900029177,30.748520999736165],[-81.7301939998611,30.748851999983255],[-81.7307429998571,30.749152999761503],[-81.73084199959129,30.749208000329805],[-81.73091799975928,30.74924200027237],[-81.731300000249,30.749415999654275],[-81.7316509998783,30.749574999892822],[-81.73181900010778,30.74967499976265],[-81.73205500010934,30.74981500017806],[-81.73241400013454,30.750083999925252],[-81.7324900003025,30.750141000257425],[-81.7328409999318,30.75048600004409],[-81.73309299982687,30.750825999821828],[-81.73317700039077,30.75101699985845],[-81.73318999991126,30.75111099972119],[-81.73321500002561,30.75127600029321],[-81.73316899999486,30.751590999757973],[-81.73308500032928,30.75181199987766],[-81.73295499973462,30.752016000013043],[-81.7324600001653,30.752585999644584],[-81.73194100030652,30.753117000231423],[-81.73148299964879,30.753687000293723],[-81.73140700037914,30.753806999633152],[-81.73135299995245,30.7540069997438],[-81.731368999846,30.754252999649815],[-81.73142499992248,30.754399000206938],[-81.7314750001512,30.754525999760723],[-81.73164300038069,30.754777999710488],[-81.7318569997426,30.754994999846407],[-81.73214700017084,30.755202999795156],[-81.73233999961639,30.755295999723337],[-81.7324259998301,30.755327999644663],[-81.73251200004383,30.75535899984777],[-81.73288899961237,30.755503000087757],[-81.73313100036002,30.755616999706795],[-81.73330299988916,30.755670999966796],[-81.73390899978656,30.755860999954724],[-81.73401300044193,30.75588699993204],[-81.73416099968165,30.755925999884845],[-81.73430899981965,30.755964000120557],[-81.73535900013107,30.756234999843205],[-81.73537300037476,30.756241000349725],[-81.73549899987316,30.75628200032706],[-81.73562500026985,30.756323000286947],[-81.73615800037231,30.75649799969351],[-81.73628200022088,30.756539000333383],[-81.73669099957648,30.75667400001987],[-81.73691499988246,30.756747999727665],[-81.73725800001414,30.756882999893016],[-81.73755599993997,30.75700000003762],[-81.73785499969071,30.75711700004003],[-81.7387689995597,30.757475999767045],[-81.73968300032698,30.75783499969928],[-81.7397410000533,30.757858000098746],[-81.740408999875,30.75811999969653],[-81.74108099989463,30.758458999862174],[-81.74169900038592,30.758850000283314],[-81.74199599958853,30.759070999953142],[-81.74219499978017,30.75925400019345],[-81.74238499975095,30.759488999646003],[-81.74253000041423,30.759747999678883],[-81.74265199971465,30.76004599961468],[-81.74272899970754,30.760328000274146],[-81.74274399977615,30.76058800001882],[-81.74271299981402,30.760847000182714],[-81.74250699994968,30.761456999698883],[-81.74227099994813,30.761816000224165],[-81.74214100025179,30.76195300028025],[-81.74081399993095,30.763001999616954],[-81.74057000043179,30.76327100034704],[-81.74038700013368,30.763598999654786],[-81.74028000000355,30.764012999741038],[-81.74028000000355,30.764245999923784],[-81.74039399980637,30.76454500021325],[-81.7405999996707,30.7648540002954],[-81.74075299983157,30.76500699978157],[-81.7409589996959,30.765141999943484],[-81.74197399984722,30.76561199963035],[-81.74201200038037,30.765628999794433],[-81.74338499983365,30.766183999779138],[-81.74382000002684,30.76632800003663],[-81.74399499992903,30.76638600037966],[-81.74453499970419,30.76653299988148],[-81.74464400038245,30.766562999972713],[-81.74543000020492,30.766732999798762],[-81.746443999633,30.766890999640207],[-81.74664299982464,30.766921999979324],[-81.7478510003198,30.76706500031848],[-81.74800799978033,30.76708400016946],[-81.7485269996391,30.76710499995968],[-81.74940299987324,30.76709599982957],[-81.7498010002565,30.767091999943066],[-81.75003800008297,30.767110999788652],[-81.75082399990542,30.767320999741916],[-81.75084800019486,30.76732799991255],[-81.75223499989185,30.76776099988557],[-81.75278499971277,30.768000000030902],[-81.75392899973552,30.768496999656772],[-81.75456399994523,30.76875099999335],[-81.75521000002561,30.76900900023842],[-81.75594300014464,30.76934400008395],[-81.75645399960749,30.76961499996051],[-81.75701099999941,30.769943000032097],[-81.75823200001504,30.77078399971023],[-81.75826899982496,30.77081099983509],[-81.75852900011596,30.771082999755684],[-81.75902399968528,30.7716010000206],[-81.75932800035723,30.772037000210027],[-81.75953400022154,30.77236299991055],[-81.75979299978931,30.772938999712135],[-81.7603190002191,30.774467999911888],[-81.76037799977033,30.774681000082623],[-81.76052500008342,30.77492499985815],[-81.76056100006842,30.774983999926064],[-81.76060299990124,30.775025999913154],[-81.76073900034366,30.77516200018643],[-81.76087300023796,30.77530000004026],[-81.76091099987279,30.77533800034558],[-81.76123200026316,30.775525000065414],[-81.7617200001598,30.775698000299716],[-81.7620220002836,30.775738000211454],[-81.76225400008718,30.77576799974846],[-81.76314500038993,30.775932000242168],[-81.76321499981184,30.77594499983637],[-81.76339700028501,30.77594900012677],[-81.76368099996715,30.775955000176143],[-81.76411600016033,30.775894000171473],[-81.76535899991728,30.776101000232558],[-81.76557099962939,30.776145000259017],[-81.76583699976817,30.77619899980787],[-81.76610399973185,30.776254000360563],[-81.76613600041723,30.776259999619086],[-81.76686899963791,30.77644699986222],[-81.76760900032795,30.77666900028975],[-81.76786000039812,30.776755000060454],[-81.76853999991536,30.776987000009747],[-81.76934699965422,30.77710199990696],[-81.76963700008244,30.777116000368235],[-81.76971599972516,30.77710799988435],[-81.769873000084,30.777092999940066],[-81.7700560003821,30.77706900002432],[-81.77043200012574,30.776961999812528],[-81.77070599976214,30.77681999977333],[-81.7711409999553,30.776501000013333],[-81.77130199961377,30.776324000176583],[-81.77130900018479,30.77631599962684],[-81.77135600004047,30.77620199982474],[-81.77137100010908,30.77616200010592],[-81.77137100010908,30.776023999944947],[-81.77136100006334,30.775998000004336],[-81.77125700030626,30.775723000053564],[-81.77091199962645,30.775191999903033],[-81.77040799983631,30.774505999774004],[-81.77035699978266,30.774404999944945],[-81.77020199997197,30.77410499990404],[-81.77018699990336,30.77399599968321],[-81.77020299979688,30.773871999664195],[-81.77026399989626,30.773670000112684],[-81.77035599995774,30.773482000355404],[-81.77068800021877,30.773061999866165],[-81.77075500016592,30.772977999702707],[-81.77092400022033,30.77285500021308],[-81.77136000023843,30.772692999704137],[-81.77146999984328,30.772628000290425],[-81.77160999958537,30.772540000087936],[-81.77173599998207,30.772433000241985],[-81.77186499985349,30.77231600033203],[-81.7720489999765,30.77205299970494],[-81.77224700034323,30.771552999758622],[-81.77246800027616,30.771239999859304],[-81.77249699969016,30.77071399972285],[-81.772505999911,30.770566999660748],[-81.77242999974301,30.76985499968961],[-81.77249099984239,30.769574999818804],[-81.77267800033846,30.76927500015581],[-81.77274299973746,30.769174999803074],[-81.77310099993775,30.76875499981093],[-81.77318700015147,30.76863699971857],[-81.77342900000082,30.768304999990633],[-81.77355899969714,30.768007000152195],[-81.77358999965928,30.76770799981165],[-81.77348300042749,30.76699600030009],[-81.77342700035099,30.76683900021933],[-81.77337899977209,30.766751999715225],[-81.77335299983284,30.76670299976045],[-81.77331299964986,30.76666299995217],[-81.77321599956547,30.76656499992705],[-81.77244499981164,30.766015999720956],[-81.77225700038896,30.765850999709222],[-81.7720909998093,30.765740000201795],[-81.7720270002352,30.765696999648895],[-81.77180299992922,30.765467000242737],[-81.77166499983694,30.765325999824903],[-81.77160799993555,30.765267000010297],[-81.77156899957748,30.765157999812864],[-81.77143800005624,30.7649630000652],[-81.77137000028416,30.76481100011858],[-81.77136799973603,30.76479799979204],[-81.77134699981963,30.764648000350856],[-81.77137699995686,30.764473000321374],[-81.77145300012485,30.764305000364256],[-81.77156799975258,30.7641430001279],[-81.77174299965475,30.76396599994386],[-81.7719490004174,30.76381100033528],[-81.77196699996074,30.763801000277304],[-81.77216299977933,30.763697000384244],[-81.77234500025251,30.763636000327846],[-81.77394799985957,30.763286999755557],[-81.77621300033886,30.762721999877837],[-81.77637399999735,30.762681999958936],[-81.77653499965581,30.76264299965529],[-81.7766660000754,30.762608999813104],[-81.77739699964626,30.762425999775296],[-81.78025700015229,30.76168399972652],[-81.78057099997166,30.761570000344015],[-81.78141700006857,30.76139599976682],[-81.78215000018758,30.761340999984764],[-81.78231000002116,30.76134700017304],[-81.78247800025065,30.761382999750982],[-81.78262999968828,30.761453999994178],[-81.78283599955262,30.761590999793544],[-81.78301200017802,30.76170900003352],[-81.78320999964643,30.761885000096516],[-81.78334000024108,30.7620540000559],[-81.78345400004392,30.762254999653237],[-81.78352299964088,30.76246500016685],[-81.78356899967163,30.762692999764596],[-81.78355399960303,30.76297399998846],[-81.78346999993742,30.76330800037431],[-81.78319499957782,30.763850999785078],[-81.7829050000479,30.764213999879104],[-81.7827910002451,30.764405999987698],[-81.78268400011497,30.764680999862033],[-81.78263800008422,30.76495399973486],[-81.78256899958893,30.765153999845786],[-81.78254699984763,30.765730000344167],[-81.78258500038076,30.76607299988386],[-81.78266099965045,30.766366999619052],[-81.78276000028293,30.766613000361385],[-81.78289800037521,30.766863000371192],[-81.78321800004235,30.76725599978696],[-81.78366900012905,30.767615000295947],[-81.78402700032936,30.767899999896972],[-81.7857279998457,30.76889799974207],[-81.78594899977864,30.76899100033351],[-81.7861859996051,30.769135000250355],[-81.78648299970602,30.7694210003145],[-81.78664400026281,30.769634000079918],[-81.78669699996627,30.76980199999714],[-81.78671200003488,30.770005999833153],[-81.78665099993552,30.7701910000029],[-81.78651100019344,30.77038799983853],[-81.78647600003333,30.77043700023258],[-81.78633499956801,30.770573000045744],[-81.78624699970447,30.770660000182954],[-81.78605599990875,30.77078600034866],[-81.78569799970847,30.77096200002214],[-81.78568299963985,30.77096800038251],[-81.78544900018645,30.771070999820775],[-81.78444599973069,30.771510999799208],[-81.78416399969838,30.771686999690363],[-81.78397299990267,30.771851999730114],[-81.78383599963531,30.772024000087754],[-81.78374399957382,30.772199999812425],[-81.7837350002513,30.77222900014837],[-81.78372699985536,30.772262000147432],[-81.78371299961168,30.772326000277097],[-81.78369199969526,30.772389000061626],[-81.78365999990821,30.772604000032683],[-81.78367599980176,30.772878999636415],[-81.78371400033491,30.77313600009645],[-81.78378999960456,30.773333000077407],[-81.78389699973468,30.773530999945713],[-81.78407199963688,30.773745000163803],[-81.78413199991132,30.773802999895633],[-81.78435700004222,30.77401799979439],[-81.78503400008475,30.77466399997401],[-81.78575100031024,30.775796999780848],[-81.78627699984169,30.77655999988656],[-81.78655200020131,30.77690099967461],[-81.78682699966261,30.777201000258636],[-81.7870509999686,30.777419999739227],[-81.78779099976029,30.77814399989725],[-81.78796499983758,30.77831400010167],[-81.78808600021141,30.778430999663826],[-81.78843199981782,30.77882000028523],[-81.78848600024448,30.77887999974304],[-81.78853999977284,30.77894100016968],[-81.78859699967424,30.77900499971537],[-81.78865399957566,30.779068999990205],[-81.78877800032254,30.779207999873762],[-81.78890100034617,30.779346000098027],[-81.78895499987455,30.779407000229156],[-81.7890009999053,30.77948299989551],[-81.78920699976962,30.779818000319263],[-81.7893259995953,30.77998200008282],[-81.7893950000906,30.780082000008548],[-81.78946299986266,30.780180000159007],[-81.79092400007781,30.782242000349036],[-81.79135099987508,30.782804000025088],[-81.79160299977015,30.78331899989882],[-81.79179299974093,30.783631999859526],[-81.79209099966678,30.784122000050324],[-81.79234299956187,30.784659999980075],[-81.79243499962337,30.784906999657004],[-81.79256400039311,30.785251999856147],[-81.79258299976136,30.78547699975545],[-81.79261700009656,30.78585100031317],[-81.7925789995634,30.786330999970676],[-81.79261700009656,30.786776999756036],[-81.79277000025742,30.78706400000179],[-81.79286200031895,30.787157000010684],[-81.79288400006024,30.787166999956476],[-81.7929290002661,30.787186999844916],[-81.79307499985596,30.78725100007753],[-81.79338799985041,30.78730599971285],[-81.7934570003457,30.787305000337124],[-81.79353099996554,30.78730300004223],[-81.79366999988271,30.787300000371516],[-81.79375400044661,30.787282000030224],[-81.79382800006645,30.787268000276853],[-81.79396799980853,30.787238999844234],[-81.79441700024542,30.787004000247144],[-81.79470799960026,30.786851999620612],[-81.7950280001657,30.786651999851784],[-81.7955699995907,30.786364999919847],[-81.7959360001869,30.786145999968404],[-81.79610299969318,30.786028000369225],[-81.79627199974757,30.785909999853544],[-81.79660800020655,30.785620000299303],[-81.79686699977432,30.785356999771768],[-81.7971260002404,30.78502999994379],[-81.79724800043914,30.784844999753993],[-81.79728699989889,30.7847050001247],[-81.79741599977031,30.784257999811874],[-81.79743199966384,30.78410900001764],[-81.7973930002041,30.78382499999326],[-81.79724800043914,30.78356700011912],[-81.79674999959845,30.78305499983301],[-81.79662999994785,30.78292800010737],[-81.79624300033356,30.782597999920842],[-81.7962030001506,30.78256400018338],[-81.7960349999211,30.782349000090043],[-81.79597399982173,30.78223800032032],[-81.79596700014905,30.782129000053345],[-81.79598999971527,30.782020999865214],[-81.79605099981464,30.781909999717033],[-81.79609500019556,30.78186099976381],[-81.79622599971681,30.78171700037107],[-81.79647799961188,30.781575999840303],[-81.79685199970571,30.78146200009755],[-81.79713100026328,30.781467999803056],[-81.79717200027115,30.78146900001117],[-81.79727299965518,30.781497999868453],[-81.79747000019698,30.78155500012124],[-81.79767600006132,30.781668000319517],[-81.7977520002293,30.781709999703736],[-81.79776399992487,30.781717999804858],[-81.7978019995597,30.781743999743057],[-81.79784699976555,30.781774999927347],[-81.79806500022376,30.781923000046948],[-81.79927000034586,30.78294400010636],[-81.79988100026614,30.783532999952502],[-81.80045299982835,30.784208000103487],[-81.80079599996003,30.784731000027186],[-81.80086600028024,30.784853999767325],[-81.80128899987953,30.785605000138894],[-81.80136800042057,30.785743999837837],[-81.80164700007981,30.786406000183103],[-81.80168499971465,30.78655500027716],[-81.80170399998123,30.786620999696083],[-81.80177299957819,30.786742999952523],[-81.80188700027934,30.78687500003037],[-81.80197900034084,30.786932000183377],[-81.80239799974217,30.787196999787618],[-81.8028639998975,30.787388000191083],[-81.80332099983198,30.78765300008216],[-81.80364399987218,30.78789899964779],[-81.80444300011344,30.788507000266165],[-81.8048780003066,30.788879000353283],[-81.80505499985861,30.789011999943874],[-81.80511500013307,30.78905700036713],[-81.80537399970085,30.78925099977289],[-81.80608300042873,30.789739999764354],[-81.80642499983718,30.789899999876546],[-81.80660200028751,30.78998199968615],[-81.80744900020933,30.790118999767266],[-81.80895999975489,30.790253000074603],[-81.81049299994007,30.790268000281642],[-81.81095800027049,30.790293000107102],[-81.81133999986189,30.790263999815075],[-81.81169899988708,30.790198999927117],[-81.8131480004067,30.78972099975746],[-81.81346899989875,30.78965000030777],[-81.81378899956587,30.789613999729838],[-81.81468200041678,30.789588999727815],[-81.81518600020692,30.78959800006882],[-81.81556699997344,30.789606000285513],[-81.81648500004037,30.78968999981941],[-81.81717200012865,30.78975600017345],[-81.81721599961125,30.789759999889405],[-81.81732199991646,30.78976599984892],[-81.81885500010165,30.78990599982731],[-81.81921300030193,30.789910999657412],[-81.81948799976323,30.789885999732668],[-81.81974800005423,30.78983300027196],[-81.82004500015513,30.78974099988649],[-81.82038300026394,30.789594999698057],[-81.82051799998317,30.789537000227593],[-81.82096099967394,30.789267999618627],[-81.82118400015503,30.789064999857114],[-81.8213439999886,30.78892000031631],[-81.82164000026461,30.788651999658047],[-81.82221199982683,30.788235000221047],[-81.82258599992063,30.7878910000608],[-81.82331900003965,30.787111000092192],[-81.82349399994185,30.786926000047046],[-81.82362299981327,30.786846000250975],[-81.82370200035427,30.78683100028179],[-81.82379900043867,30.78681199970012],[-81.8240200003716,30.786825000139164],[-81.82417299963417,30.786870000042413],[-81.82422600023594,30.78688600015733],[-81.82447399993305,30.787020000339698],[-81.82462299989596,30.787135999966722],[-81.82482899976029,30.78735899979466],[-81.82509900009704,30.787734000121564],[-81.82548499988643,30.78827099977184],[-81.825568999552,30.78842000006307],[-81.82569800032174,30.78854399984971],[-81.82588200044475,30.788657999686734],[-81.82599899972232,30.788708000168313],[-81.82611800044631,30.788758999984513],[-81.82646099967967,30.788840999995436],[-81.8266520003737,30.788886999858015],[-81.826850999667,30.78895400012182],[-81.82761300009832,30.789208999823334],[-81.82804800029152,30.789303000199443],[-81.82839800009589,30.789345000107932],[-81.82849099998231,30.789355999952296],[-81.82952100020225,30.789384999746513],[-81.83000900009887,30.789359999684955],[-81.83076399995919,30.789233999924143],[-81.83177900011052,30.789015000332842],[-81.83313999986825,30.788664999848333],[-81.83375400016156,30.788514999801915],[-81.83379299962132,30.788506000131207],[-81.83409399992019,30.78842299969884],[-81.83480000027504,30.788226999890288],[-81.83515900030024,30.78809000020032],[-81.83538000023316,30.78803400010186],[-81.83561700005963,30.787921999807125],[-81.83602899978827,30.787643000186886],[-81.83619500036794,30.78754700021335],[-81.83635699985135,30.787452999664104],[-81.83670800037892,30.78729400025815],[-81.83677199995303,30.787272000096365],[-81.83709699964305,30.787164999658668],[-81.83725099962884,30.787128999693827],[-81.83749599985121,30.78707299980746],[-81.83761899987486,30.78704400008778],[-81.83785499987641,30.786996999964632],[-81.83793900044031,30.786978000187425],[-81.83811900036537,30.786929999880734],[-81.83816600022105,30.78691100009036],[-81.8381789997415,30.786904999952643],[-81.83840100039768,30.78681400000522],[-81.8386209996074,30.786756999782266],[-81.83924300029663,30.786600000306805],[-81.83947699975006,30.786589000147124],[-81.83984499999607,30.786655999696883],[-81.84041800028153,30.786760000241653],[-81.8409659995543,30.786857999761573],[-81.84097899997309,30.7868610002178],[-81.84099099966866,30.786863999902202],[-81.8410640003619,30.786877000334158],[-81.84134600039421,30.78696900037293],[-81.84158300022068,30.787107000266026],[-81.84176999981842,30.78728599984909],[-81.84186400042806,30.78747399963878],[-81.8418800003216,30.787569000312214],[-81.84177400001639,30.787853000084247],[-81.84162099985551,30.788128000083212],[-81.84139999992257,30.78843100001324],[-81.8400650001041,30.790482999648454],[-81.83980499981311,30.790952999784494],[-81.83976800000319,30.791029999696125],[-81.8396910000103,30.791196999954014],[-81.83965300037546,30.791383999709087],[-81.83960700034471,30.791890999909864],[-81.83965300037546,30.792077999858495],[-81.83983599977526,30.792331999668384],[-81.84002599974605,30.792500000073172],[-81.84013700007412,30.79254100003556],[-81.84027099996842,30.792591000041305],[-81.84040999988561,30.792584000165522],[-81.84058300013797,30.792576000196622],[-81.84118499983742,30.792268999826693],[-81.84126199983031,30.79223100003698],[-81.84142699968675,30.792122999618513],[-81.84175800012285,30.791905999861413],[-81.84227000030893,30.79162000027971],[-81.84305500030648,30.79123500015239],[-81.84330100035378,30.7911340001403],[-81.84381799966442,30.79092200024362],[-81.84471099961699,30.790749000382025],[-81.84496300041039,30.79072000022754],[-81.84513300028969,30.790708999767524],[-81.84545899980462,30.790708999767524],[-81.84563799990477,30.790721000339424],[-81.84587100043159,30.7907499997219],[-81.84622200006088,30.790833999799787],[-81.846541999728,30.790952999784494],[-81.84675000014046,30.79107100028539],[-81.84715199982337,30.791302000323437],[-81.84811400027124,30.791736999860657],[-81.84856399963472,30.791996000293093],[-81.8492020002175,30.792398999846622],[-81.85046400024102,30.793196000056113],[-81.85059300011245,30.793280000312],[-81.85074100025045,30.7934199998037],[-81.85083999998466,30.79351399992128],[-81.85093899971886,30.793606999865126],[-81.85195100039543,30.794563000087294],[-81.85235599955308,30.794833999910104],[-81.85256200031571,30.79489500024897],[-81.85269100018716,30.794896999614256],[-81.85276200033226,30.79488300019801],[-81.85289700005146,30.794856999953854],[-81.85329399971151,30.79472700017098],[-81.85350799997174,30.794628000111597],[-81.85427799990069,30.794143999896892],[-81.85444600013018,30.794070999700846],[-81.85462900042829,30.794029000313483],[-81.854820000224,30.794019999615582],[-81.85487700012541,30.794026000080923],[-81.85512499982251,30.794049999623628],[-81.856102000339,30.79424299968303],[-81.85645700016624,30.794262000339657],[-81.85666600040362,30.794272999621544],[-81.8569330003673,30.794246999984075],[-81.85845099958556,30.793912999742155],[-81.85900799997748,30.79390299972625],[-81.8591150001076,30.793911000356413],[-81.85925800022274,30.793924999914193],[-81.85939999961464,30.79393900024163],[-81.85958100026292,30.79395499995188],[-81.85999999966425,30.794030999696783],[-81.86027300037405,30.79405399993264],[-81.86144499998589,30.794150000354495],[-81.86196100036993,30.79419299976484],[-81.86341099981611,30.794289000047893],[-81.86373899987917,30.794274999771435],[-81.86400599984287,30.794221999643366],[-81.86424199984442,30.794136000057794],[-81.86452100040198,30.79397199973759],[-81.8645780003034,30.793938000163166],[-81.8652260000336,30.79361200027438],[-81.86579599994599,30.793532999950312],[-81.86596599982529,30.793509000278554],[-81.86643199998062,30.793417000323874],[-81.86721399960511,30.793164000380237],[-81.86748700031491,30.79307599967345],[-81.86776000012638,30.792987999657736],[-81.8679500000972,30.792926999652213],[-81.86826300009164,30.792849999716502],[-81.86837000022176,30.792849999716502],[-81.8685149999867,30.792906000096785],[-81.86892699971536,30.793227999721253],[-81.8696899999716,30.793925999992744],[-81.870155000302,30.794314999673986],[-81.87030000006696,30.7945609999434],[-81.87040700019709,30.794818999643766],[-81.87052900039583,30.79532600024995],[-81.87052900039583,30.795449999618338],[-81.87049800043368,30.79558400021219],[-81.87032299963319,30.795895000260188],[-81.87018500043925,30.7962149997953],[-81.8701889997389,30.796370999722573],[-81.87020100033277,30.7969109998903],[-81.87021200020342,30.796973999776547],[-81.87026200043213,30.797253000099392],[-81.8703529997704,30.79748299990316],[-81.87049800043368,30.79766100019215],[-81.87072000019154,30.79781900016383],[-81.87085200043602,30.797888999716665],[-81.87113899959289,30.798039999835073],[-81.8713720001197,30.798117000243607],[-81.87158899985467,30.798188999647905],[-81.87189400035152,30.79825200023984],[-81.87319900003274,30.798437000098108],[-81.87449299984331,30.799193000210547],[-81.87455099956964,30.799227000241242],[-81.87574700036924,30.79969199997577],[-81.87619000006003,30.79980499969432],[-81.87667100028396,30.79988900034813],[-81.8767089999188,30.799895999691984],[-81.87722699995265,30.799947999762225],[-81.87752800025154,30.79995699990508],[-81.87773900013873,30.79996299999982],[-81.87918899958491,30.799979000250715],[-81.87929599971504,30.79998100028188],[-81.87943100033259,30.79998200029747],[-81.88013400031436,30.799989999650016],[-81.88112600000115,30.799915000002876],[-81.88149199969904,30.799917000035375],[-81.88185800029524,30.799960999968288],[-81.88220899992453,30.800050999803446],[-81.88251500024629,30.800164999885176],[-81.88266699968392,30.8002819998691],[-81.88274000037717,30.800402999755345],[-81.88280999979905,30.800521000231114],[-81.8828270004158,30.800662999996927],[-81.88284300030934,30.80081000035939],[-81.88281999984478,30.800885000079774],[-81.88249199978173,30.80196999987799],[-81.88242300018477,30.803072000263835],[-81.88220899992453,30.804332999624656],[-81.88214100015246,30.804574999846547],[-81.88214100015246,30.804833999638497],[-81.88222499981805,30.80512799972416],[-81.88242800020763,30.805459999658044],[-81.88246500001756,30.805497999619188],[-81.88268400030067,30.805687000014693],[-81.88290299968548,30.80587699999271],[-81.88343800033608,30.80624800004037],[-81.88386500013334,30.806578000068658],[-81.88411700002843,30.80684099963974],[-81.88434499963404,30.807186999768557],[-81.8843610004259,30.807210999882937],[-81.88452899975707,30.8075979999349],[-81.88471899972787,30.808727000101747],[-81.88475800008592,30.80909500018483],[-81.8847420001924,30.80949599996846],[-81.88465400032885,30.810143000129152],[-81.88465099995582,30.810162999866773],[-81.88459700042745,30.810802000170003],[-81.8846579996285,30.811266000320128],[-81.88470200000943,30.811372000266118],[-81.88471899972787,30.81142199973421],[-81.8848190001853,30.81152900017499],[-81.88515399992104,30.811806000120832],[-81.88526100005117,30.811864999933654],[-81.8853759996789,30.811902999676267],[-81.88587199997146,30.811959999647716],[-81.8863900000053,30.812070999820005],[-81.88664199990039,30.812098999815372],[-81.88677999999265,30.812133999798117],[-81.8869320003286,30.812172000205862],[-81.8873819996921,30.812375999660695],[-81.88776400018183,30.81266999981488],[-81.88785500041843,30.812762999739334],[-81.88815599981899,30.812956000025252],[-81.8890990000003,30.813560000045506],[-81.88923600026764,30.813670999912055],[-81.88943399973604,30.81383100030723],[-81.88973199966188,30.814117000147093],[-81.89014400028884,30.814862000334013],[-81.89025800009165,30.815067000106996],[-81.89027099961213,30.815084000015805],[-81.89032699968863,30.815154999965618],[-81.89038399959004,30.815226999719904],[-81.89079600021701,30.815750999691826],[-81.89120999959545,30.816277000354635],[-81.89131900027374,30.816413000142443],[-81.89136899960414,30.816483000037557],[-81.89143399990145,30.816586000099097],[-81.89149500000083,30.816752000085618],[-81.8915080004196,30.81682000005304],[-81.891521999765,30.816887999972316],[-81.89153099998582,30.816911999977716],[-81.89152000011518,30.8173069997515],[-81.89151699974214,30.817437999683026],[-81.8914720004346,30.817574999973825],[-81.89137100015226,30.817758999831682],[-81.89118899967906,30.81807700019729],[-81.89104399991413,30.818511999669116],[-81.89105999980764,30.818877999661723],[-81.89109800034079,30.81920599987813],[-81.89145599964276,30.820678999932234],[-81.89143300007653,30.821199000296275],[-81.89132900031947,30.82170000030258],[-81.89105200031004,30.822308000014715],[-81.8910210003479,30.82247000024264],[-81.8910289998455,30.822607000298305],[-81.89106700037865,30.822766999693613],[-81.89115100004423,30.822918000059655],[-81.89182200023897,30.82462499971437],[-81.89197500039985,30.824881999938153],[-81.89214299973102,30.825064000172844],[-81.89216399964742,30.825080000100634],[-81.89254699996206,30.825373000188126],[-81.89265699956692,30.825426000105793],[-81.89275299982639,30.825472000199866],[-81.89290599998726,30.82551299998001],[-81.89298200015524,30.82552100029259],[-81.89317299995095,30.825527000333704],[-81.89336399974667,30.8255090002092],[-81.89345300033344,30.825485000037975],[-81.89376499960467,30.8254100002356],[-81.8939720001922,30.825354000283276],[-81.89420599964562,30.825286000186992],[-81.89473200007541,30.825189000261314],[-81.89485099990108,30.825167000288427],[-81.8952020004287,30.825180000167823],[-81.89553799998934,30.82528900021498],[-81.8955770003474,30.825311999911865],[-81.89622099987965,30.825684000247904],[-81.8968650003102,30.826056999658302],[-81.89719400019817,30.826247999974264],[-81.89781199979114,30.826663999815903],[-81.89815499992281,30.82692399995877],[-81.89835499993936,30.827081999636338],[-81.8985759998723,30.82726800002696],[-81.89918400031783,30.8277970000433],[-81.89957400030518,30.828138000130384],[-81.89979799971285,30.828398999858322],[-81.90005499963081,30.828699000176353],[-81.90050499989259,30.82928699993173],[-81.90067999979479,30.829464999924227],[-81.90089400005503,30.829672000336785],[-81.90097299969774,30.82973099997389],[-81.90106200028451,30.829798000302286],[-81.9012449996843,30.829880000007353],[-81.90144300005102,30.829921999923197],[-81.90164899991535,30.82992400010241],[-81.90181700014485,30.82989300002001],[-81.90203100040509,30.82981299973618],[-81.90238899970704,30.82960900029196],[-81.90255899958636,30.829512000105513],[-81.90274199988447,30.82940699983292],[-81.90333899956103,30.829067999821923],[-81.90367900021798,30.82887500028664],[-81.90380700026451,30.82880700036993],[-81.90416899976444,30.828618999668944],[-81.90427400024474,30.828563000045488],[-81.904588999889,30.82839800013851],[-81.90469500019421,30.828343999826856],[-81.90471399956247,30.8283329998168],[-81.90477300001201,30.828301999991993],[-81.9047930001035,30.828293000190307],[-81.90482300024074,30.82827600030544],[-81.90486900027149,30.828252999775813],[-81.90486000005068,30.828304999925745],[-81.9048550000278,30.82834000017398],[-81.90504800037164,30.828265000287587],[-81.90521900007586,30.82819900015396],[-81.90552899969725,30.828023000347226],[-81.90560599969015,30.827959999991744],[-81.90598499980683,30.827644999908326],[-81.90631000039515,30.827333000298353],[-81.90657200033598,30.827030000366772],[-81.90662800041248,30.826964999890308],[-81.90696899999601,30.826489999760216],[-81.90707600012612,30.826286999939548],[-81.90721500004331,30.825859999713884],[-81.9072700002949,30.8255550002635],[-81.90726699992183,30.825422000331354],[-81.90726199989898,30.82523300019204],[-81.90697499984378,30.823915999742034],[-81.90687399956147,30.823651000322204],[-81.90671799992585,30.823390000030365],[-81.90666500022239,30.82331899999665],[-81.906524999582,30.8231319998958],[-81.90632299991563,30.822928999918663],[-81.90596700026349,30.82267199986785],[-81.90528100000013,30.822350999939964],[-81.9051589998014,30.822247999889495],[-81.90492199997495,30.821945000111633],[-81.90472399960821,30.821631999933036],[-81.90445699964454,30.821135000296607],[-81.90423499988667,30.82078200012262],[-81.90422099964297,30.820744999834748],[-81.90409099994663,30.820410000082386],[-81.90407500005311,30.81990200008899],[-81.90412899958147,30.81914900034898],[-81.90415000039619,30.8190070001298],[-81.90421300014538,30.81858999969599],[-81.9043269999482,30.818205000372373],[-81.9045329998125,30.817743000227],[-81.90482300024074,30.817299000297584],[-81.90507500013581,30.81701799986553],[-81.90526500010662,30.81687700019289],[-81.90540999987157,30.816768999696272],[-81.9055399995679,30.816721000379456],[-81.90568500023117,30.81670200030577],[-81.90580700042992,30.816713000105246],[-81.90595999969247,30.816768999696272],[-81.9060740003936,30.81683900010343],[-81.90635600042593,30.817117999841756],[-81.9064459999393,30.81717700024943],[-81.90670700005519,30.817352000042597],[-81.90705100001178,30.817505000103047],[-81.90730200008196,30.81752599968391],[-81.90755399997703,30.817437999683026],[-81.90774499977273,30.817257000260547],[-81.90782599996359,30.817111000209387],[-81.90783699983425,30.817093000050313],[-81.9078760001923,30.816984999796574],[-81.90795499983501,30.816771000149405],[-81.90798499997224,30.81668800020845],[-81.90805799976717,30.81649200017465],[-81.90821000010314,30.816202000304187],[-81.90836300026402,30.81599199985145],[-81.90856900012835,30.81584899974328],[-81.90886700005417,30.815738999930574],[-81.90911099955332,30.815680000182535],[-81.90955300031753,30.815691000099108],[-81.90985100024336,30.81573700022739],[-81.91015599984188,30.815811000018567],[-81.91043799987419,30.815909999858583],[-81.91091599972508,30.816124999728622],[-81.91201700009012,30.816620000147587],[-81.91231500001594,30.816717000242434],[-81.91261999961448,30.816783999622466],[-81.91295600007346,30.816815999920138],[-81.91407699963166,30.816791999890743],[-81.91500399991945,30.816806999813416],[-81.91578600044225,30.81682000005304],[-81.9164159997308,30.816908999688085],[-81.91643499999738,30.816911999977716],[-81.91677800012904,30.817002999975877],[-81.91731200005644,30.817220999993772],[-81.91735399988923,30.817247000359245],[-81.91738999987423,30.817271000274943],[-81.91782300041758,30.81755100013408],[-81.91806799974167,30.817677999635823],[-81.91834999977397,30.817776000035533],[-81.91864699987488,30.817817999845605],[-81.9191130000302,30.817806000342603],[-81.91943299969735,30.817739000132548],[-81.91992399996704,30.817542000096235],[-81.92105600029421,30.81708599964469],[-81.92130999983911,30.816983999957927],[-81.92149399996212,30.81693500013802],[-81.92179799973573,30.816853000178735],[-81.92193599982801,30.816836999651642],[-81.92227899995967,30.816883000002615],[-81.9225540003193,30.816955999843454],[-81.92282799995569,30.81706599980542],[-81.92322499961571,30.81731400014107],[-81.92338600017251,30.817476000306986],[-81.92354500018116,30.81763599976452],[-81.9236749998775,30.817739000132548],[-81.92386599967321,30.817836999698585],[-81.92409500000207,30.81790200018216],[-81.92474299973227,30.817856000319225],[-81.92490599993889,30.817833000379526],[-81.92557499958548,30.817739000132548],[-81.92647500010908,30.81764999972366],[-81.92757099955293,30.817496000060878],[-81.92811500042438,30.817418999751116],[-81.92843599991643,30.817430000240023],[-81.92872100032179,30.817505000103047],[-81.92874100041327,30.817510999873537],[-81.92884799964509,30.817571999704903],[-81.92892399981307,30.817658999751405],[-81.92903099994318,30.817979999932934],[-81.92896999984382,30.81843400035039],[-81.92895499977519,30.818948999892914],[-81.92911499960877,30.81938199964532],[-81.92932899986901,30.81971500027738],[-81.92952700023574,30.819894999888092],[-81.92983199983425,30.82007199974205],[-81.92985100010083,30.820079999736475],[-81.93009200012524,30.820177000194235],[-81.930130999585,30.82018800036725],[-81.93061799965672,30.820321999638146],[-81.93155599981516,30.820430999799502],[-81.93280799979293,30.820410000082386],[-81.9330940000232,30.820434999781845],[-81.93336500018485,30.820458999672365],[-81.93377699991349,30.82055099996858],[-81.93445599960583,30.820767999848556],[-81.93482200020205,30.820885000202516],[-81.93499000043154,30.820919000272088],[-81.93512699980057,30.820980000253247],[-81.93525700039523,30.821065999730845],[-81.93537899969563,30.821223999790348],[-81.93543999979501,30.821394000189034],[-81.9354389999701,30.821403999658557],[-81.9354320002974,30.821584999751547],[-81.93534100006082,30.82171600001951],[-81.93526400006792,30.821763999925697],[-81.93489800037003,30.821898999870836],[-81.93437699996312,30.822067000274682],[-81.93400500041743,30.822186000157842],[-81.93377699991349,30.822311000135677],[-81.93364700021715,30.822435000168912],[-81.93357100004916,30.822615000081537],[-81.93350900012489,30.822830000370736],[-81.93348700038358,30.82304999982753],[-81.9335169996225,30.823376000136516],[-81.93358600011778,30.823514999983775],[-81.93368499985199,30.823641000315217],[-81.93380700005073,30.823748000258746],[-81.93413500011378,30.823921000117032],[-81.93449400013898,30.824033999882932],[-81.93482200020205,30.82407399974088],[-81.93530199970274,30.824063999778],[-81.93558499955996,30.82411200005341],[-81.93595100015618,30.824352000299086],[-81.93606499995899,30.82448200011749],[-81.93617999958673,30.82470699998054],[-81.93622599961749,30.824951000076208],[-81.93620999972394,30.825417000034527],[-81.93614899962458,30.82588399979138],[-81.93611600001262,30.8263319998798],[-81.93611600001262,30.826606000346672],[-81.93611600001262,30.826775999702672],[-81.93613699992902,30.82720700018329],[-81.93619100035568,30.827554999694684],[-81.93629400028784,30.827766000045493],[-81.93647099983986,30.82796399966046],[-81.93677799998653,30.82831300000567],[-81.93697600035324,30.8285110000353],[-81.9371789998445,30.82886299985111],[-81.93768699983262,30.829145999759803],[-81.93804800040596,30.82934400038564],[-81.93838300014173,30.829589999682668],[-81.93883400022844,30.82984899991073],[-81.93920999997206,30.829780999912526],[-81.93923900028439,30.82970600038047],[-81.93922400021577,30.829554999890142],[-81.93917800018502,30.82942599970708],[-81.93854499962511,30.828469999992567],[-81.9384529995636,30.828238000098136],[-81.9384230003247,30.828007000138427],[-81.93844599989092,30.82778699969676],[-81.9385220000589,30.827622999726785],[-81.93865900032624,30.82746899985743],[-81.9387909996724,30.827362999934042],[-81.93885000012196,30.827316000243503],[-81.93907899955249,30.827210999883395],[-81.93932299994998,30.8271520002404],[-81.93957499984504,30.827147000033605],[-81.93994300009108,30.827224000257452],[-81.94033599955316,30.827405000179674],[-81.94077300029447,30.827698000114687],[-81.9411830003733,30.828004999919294],[-81.94145600018477,30.828265000287587],[-81.9418179996847,30.828483000196147],[-81.94219299960344,30.828593000068242],[-81.94255500000168,30.828579000161618],[-81.94281500029268,30.828503999690586],[-81.94285600030057,30.828354000115464],[-81.9428670001712,30.828080999731853],[-81.94269499974376,30.82778699969676],[-81.9422600004489,30.827270000261464],[-81.94185600021784,30.826880999767116],[-81.94166500042213,30.82666200034019],[-81.94146700005544,30.826346999855208],[-81.94142100002468,30.826133999984894],[-81.94145199998681,30.825959999740093],[-81.9415359996524,30.825809000300712],[-81.94166500042213,30.825688999759453],[-81.94171999977542,30.825660999868752],[-81.94182600008062,30.82560700033191],[-81.94202400044735,30.825553999742713],[-81.94231399997726,30.825528999833068],[-81.94257300044335,30.825549999973603],[-81.9428169999425,30.82560899982958],[-81.9429569996846,30.825675999948974],[-81.94313800033285,30.82576199984941],[-81.94369499982648,30.825980999786356],[-81.94410699955512,30.82610900022625],[-81.94528900011102,30.82645999985176],[-81.94618000041376,30.82666200034019],[-81.9464640000959,30.826727000250425],[-81.94662300010457,30.826772999721207],[-81.94700600041921,30.82688500025218],[-81.94776899977713,30.827193999806916],[-81.94806599987804,30.827342999920848],[-81.9483939999411,30.827545000094286],[-81.94866900030073,30.82767500021794],[-81.94908900042529,30.82780500016557],[-81.94950100015396,30.827867000126055],[-81.94963800042129,30.827844999995374],[-81.94980599975246,30.827763999821332],[-81.94987500024774,30.827712000149766],[-81.95143699984693,30.825949000228317],[-81.95352200040115,30.82471699987652],[-81.95524200018409,30.823131000121222],[-81.95570499996637,30.82275100015178],[-81.9594039999983,30.821397000338607],[-81.95977800009211,30.821186999672776],[-81.96152600036245,30.819817999958776],[-81.96294700039464,30.818850000099395],[-81.96392800021076,30.81810000007861],[-81.96421799974067,30.81777400037475],[-81.96448499970437,30.81729699985539],[-81.9645080001689,30.81712100012485],[-81.96447700020677,30.816944000232745],[-81.96441299973435,30.816684000070058],[-81.96420100002224,30.816438000110814],[-81.96387299995918,30.81619200029304],[-81.96347100027627,30.81595300033399],[-81.96168199999806,30.81453999989759],[-81.96121900021578,30.81403699983525],[-81.9613189997749,30.813946000113148],[-81.96147899960846,30.813863999916723],[-81.96172300000593,30.81379899978656],[-81.96183099996098,30.81379299978421],[-81.96228799989547,30.813766000154676],[-81.9627830003631,30.813672999658255],[-81.96311200025106,30.81357399982722],[-81.96357699968318,30.813341000328865],[-81.9637680003772,30.813160000129823],[-81.96388200018,30.81294599967618],[-81.96390499974623,30.812700000173702],[-81.96384399964685,30.812460000127206],[-81.96370700027784,30.81222700024145],[-81.96364500035354,30.812155999670576],[-81.96346200005543,30.811947000293355],[-81.96225000026064,30.8103290001513],[-81.9622190002985,30.81028700015294],[-81.96209700009976,30.810094999816112],[-81.96195200033479,30.80968999978834],[-81.96186000027329,30.808886000321046],[-81.96194399993887,30.80870799999001],[-81.96204299967309,30.808566999693088],[-81.96219599983395,30.808424000105347],[-81.96237099973612,30.808307999932744],[-81.96306799987013,30.808051000109025],[-81.96409600044025,30.807671999823185],[-81.96437000007664,30.80753699994248],[-81.96450099959789,30.80745199986315],[-81.96461500029903,30.807378999744063],[-81.9648660003692,30.807154000180233],[-81.96500399956312,30.806967000241208],[-81.96504200009629,30.806806999988],[-81.96503399970037,30.806477999922596],[-81.96485100030057,30.805993999966862],[-81.96482100016334,30.805943999988724],[-81.96468300007108,30.805714000371506],[-81.9645080001689,30.805502000223356],[-81.96428600041106,30.805315000155684],[-81.96382100008064,30.804782999862738],[-81.96327200008464,30.804080999836223],[-81.96294800021954,30.803489000158656],[-81.96282199982285,30.80325700010376],[-81.96263100002713,30.802719000069253],[-81.96248600026219,30.802391999877443],[-81.96238699962967,30.802168000203558],[-81.96218800033635,30.80178799986578],[-81.96200500003825,30.80154600034174],[-81.96184500020468,30.80127700015571],[-81.96175300014318,30.801064000245894],[-81.96172300000593,30.800992999913845],[-81.9616920000438,30.80079100022544],[-81.96175399996807,30.800273999769175],[-81.96191399980165,30.79968599986411],[-81.96202799960447,30.799142999780454],[-81.96212700023699,30.79727600033603],[-81.96217300026774,30.796977999963897],[-81.96225699993333,30.796682000311097],[-81.96234899999484,30.796475999842755],[-81.96243000018569,30.79636099996241],[-81.96247799986625,30.796291000068504],[-81.96289799999083,30.795846999775055],[-81.96313399999238,30.795663999683022],[-81.96346299988035,30.795524999662792],[-81.96411099961055,30.79538300002302],[-81.96480500026982,30.795183000250784],[-81.96531599973267,30.7949940000334],[-81.96568300015379,30.794755999888498],[-81.96617100005042,30.794289000047893],[-81.96662100031222,30.793914999899535],[-81.96791000009992,30.792687000380667],[-81.96846699959353,30.792155999737815],[-81.96902399998544,30.79127699998863],[-81.96955100024013,30.790263999815075],[-81.96995499957286,30.789075999733498],[-81.97022999993249,30.78801499975789],[-81.9702679995673,30.787822000315682],[-81.97038999976604,30.7871990000847],[-81.97044300036781,30.786567999979198],[-81.97036700019981,30.785869000150637],[-81.97034200008547,30.785643999625034],[-81.97032899966668,30.78552200028948],[-81.97022999993249,30.78506300018222],[-81.97010799973374,30.784644999669936],[-81.97012299980236,30.784356999744304],[-81.97017600040411,30.784213999637647],[-81.9702679995673,30.784122000050324],[-81.9703310002148,30.784093000212444],[-81.97082699960905,30.7838560002785],[-81.97122199961926,30.783668999775195],[-81.97132100025178,30.783561999959183],[-81.9715120000475,30.783247000163247],[-81.97158800021546,30.78302199967735],[-81.97166400038346,30.782386999926114],[-81.97180099975249,30.78148999974901],[-81.97200699961682,30.7807829998799],[-81.97219800031084,30.780352000291987],[-81.97245799970352,30.779925999893813],[-81.97269399970507,30.779633000137355],[-81.97271200014674,30.779613999677142],[-81.97306000030127,30.779253000253888],[-81.97328200005913,30.778954000129083],[-81.9734419998927,30.778827999854933],[-81.97364000025941,30.778719000354457],[-81.97386899968996,30.77866199996464],[-81.97404399959215,30.778650000203196],[-81.97425000035479,30.77868099984102],[-81.97451700031846,30.77868099984102],[-81.97505200007076,30.77862199972505],[-81.97542399961645,30.77851400023],[-81.97558599999816,30.778466999797296],[-81.97583000039563,30.778366000267646],[-81.97606600039718,30.778222999743612],[-81.97637099999571,30.777965999751604],[-81.97676099998304,30.777462000206413],[-81.97738600014702,30.776842000010507],[-81.9777219997077,30.77663600025864],[-81.97804200027313,30.776552000128262],[-81.97823300006885,30.77654600011619],[-81.978884999997,30.77658200018324],[-81.97902499973911,30.776607999966036],[-81.98101999988164,30.776976000294248],[-81.98126500010402,30.77709199968647],[-81.98342299955485,30.77812399967181],[-81.98508999963434,30.778896999878512],[-81.98615900021233,30.779535000201342],[-81.98638000014527,30.779644999776103],[-81.98663200004034,30.779726000385896],[-81.98711099971615,30.77983400006375],[-81.98765800006232,30.779899000011515],[-81.98793300042195,30.779970999938048],[-81.9881910001648,30.780069000201596],[-81.9884659996261,30.780205000291648],[-81.9887119996734,30.780362999621453],[-81.98895500024595,30.780547999942886],[-81.98964399998403,30.781162999893287],[-81.99135899974408,30.782561000364854],[-81.99173100018808,30.782735999912088],[-81.9920990004341,30.782996000084623],[-81.99235100032918,30.783243000176324],[-81.99263599983622,30.783642000171817],[-81.99340400011533,30.78454300027726],[-81.99398099970043,30.785123999774548],[-81.99473700028398,30.785884000269853],[-81.99482900034548,30.786026000047762],[-81.99491399983599,30.78616100004443],[-81.99510600035492,30.786410000038405],[-81.99532100044009,30.786628000005948],[-81.99557300033516,30.78683899995696],[-81.99577099980355,30.78691700022763],[-81.9958930000023,30.78692200021313],[-81.99600699980512,30.78689999996625],[-81.99611200028542,30.786843999946534],[-81.99631499977669,30.78666000031358],[-81.99662199992335,30.786452999823354],[-81.99667799999985,30.786413999893565],[-81.99682199993988,30.786356000047988],[-81.99698799962123,30.786323999639183],[-81.99719299966064,30.786329999813145],[-81.99740600009599,30.786391000145297],[-81.99758299964799,30.786502999907974],[-81.99773499998396,30.78666099969596],[-81.99784700013696,30.786851999620612],[-81.99783600026629,30.787025999698496],[-81.99793300035068,30.78732299990245],[-81.99803999958249,30.787537000307115],[-81.9983359998585,30.788008000320705],[-81.99847800014871,30.78813699978925],[-81.9985419997228,30.788197000380432],[-81.99869499988368,30.788269000268762],[-81.99886300011318,30.788310999857174],[-81.99932000004767,30.788337000328138],[-81.99995400043248,30.788406999839655],[-82.0006730003078,30.788599000288883],[-82.00072299963819,30.788630999940636],[-82.0005050000783,30.78856400022349],[-82.0009689996855,30.788818000055926],[-82.00101800008929,30.788901000147398],[-82.00138100031245,30.78951499980733],[-82.00147199965073,30.78960799976079],[-82.00164800027613,30.789667000082975],[-82.00180999975953,30.78965099965907],[-82.0019129996917,30.789649000184692],[-82.00206900022562,30.789671999925506],[-82.00209400033997,30.78968399985516],[-82.00215399971613,30.789712000199685],[-82.00238499969481,30.78979799988401],[-82.00279700032176,30.790437999892582],[-82.0033420001198,30.791287000277666],[-82.00335200016555,30.791326999880003],[-82.00337399990684,30.791406999806515],[-82.00343500000622,30.79153299980652],[-82.0034619997704,30.791559000177934],[-82.0035870003422,30.79167499973109],[-82.0037780001379,30.791767999910434],[-82.00398499982713,30.791804999782492],[-82.00418300019385,30.791783999981998],[-82.00440400012677,30.791705999800868],[-82.00459400009758,30.79157400018121],[-82.00475399993115,30.791389000233977],[-82.00495200029786,30.790999000180094],[-82.00497499986409,30.790818999681054],[-82.00503599996345,30.790680000372618],[-82.00513499969766,30.790554000026482],[-82.00526399956908,30.790455999643093],[-82.0054619999358,30.79037200000668],[-82.00566799980012,30.790348999661663],[-82.00585199992314,30.790386000079785],[-82.00600500008402,30.790484999877208],[-82.006081000252,30.790588000025917],[-82.00629499961394,30.790756999731176],[-82.00646299984342,30.79093600023665],[-82.00660799960838,30.791135000247934],[-82.0067159995634,30.791347999780367],[-82.00682400041677,30.791721999882746],[-82.0068479998079,30.792207000040257],[-82.00685600020383,30.79236699990555],[-82.00688600034103,30.792456999905678],[-82.00706999956574,30.792696999751378],[-82.00722299972662,30.7928370000921],[-82.00742899959096,30.792959000178644],[-82.00767399981332,30.79303700011491],[-82.00782600014928,30.793058999729297],[-82.0079259997084,30.793046000133163],[-82.00802500034094,30.792985000164435],[-82.00807800004436,30.792900999650737],[-82.00807999969419,30.792879000000205],[-82.00812300025021,30.792405999735852],[-82.00805299993002,30.792052999725513],[-82.00805999960271,30.791682999774977],[-82.00816599990792,30.791253999860096],[-82.00821199993867,30.79115099965313],[-82.00828800010665,30.79106400029895],[-82.008425000374,30.790987999751998],[-82.00874300039132,30.790897999920098],[-82.00881399963811,30.79087800003181],[-82.00895900030139,30.7908819997011],[-82.00911900013496,30.790935000127007],[-82.00937199985495,30.791100000334],[-82.00958100009233,30.791189999976748],[-82.00968499984938,30.79123600025897],[-82.00975400034469,30.791293000141945],[-82.00995199981308,30.791380000060613],[-82.01017299974602,30.791389000233977],[-82.01039500040218,30.791314000049677],[-82.01051699970262,30.79119200019078],[-82.01053199977123,30.79109800011798],[-82.010509000205,30.79101799993444],[-82.01045599960324,30.790952999784494],[-82.01031699968605,30.790882999811352],[-82.01018799981465,30.790693999629237],[-82.0101719999211,30.79063800027561],[-82.01014199978388,30.790534000066632],[-82.01014099995896,30.790382999733602],[-82.01017899959382,30.790235999631307],[-82.01023999969317,30.79012499970438],[-82.01033199975468,30.790033999717377],[-82.0104459995575,30.789979000099002],[-82.01056799975622,30.789953000072042],[-82.01166599974822,30.789559999995188],[-82.01204300021509,30.789457999641982],[-82.01250500017244,30.78933300013595],[-82.01311500026783,30.789224000193293],[-82.01323699956824,30.789201000345383],[-82.0138170004247,30.78914899986363],[-82.0141839999475,30.78920999995099],[-82.01429899957522,30.789280999725644],[-82.01438999981183,30.789395000232275],[-82.01442099977396,30.78950000025448],[-82.01441400010125,30.78959800006882],[-82.0143759995681,30.789702999869355],[-82.01430699997114,30.789789999683347],[-82.01400999987023,30.789975999740058],[-82.01378300008949,30.79009500001501],[-82.01343900013292,30.79027500032607],[-82.01321700037508,30.790431999974945],[-82.01308799960532,30.79055199979918],[-82.01295799990898,30.79077099974829],[-82.01295100023628,30.79085499980777],[-82.01297399980251,30.7909309996882],[-82.01317299999414,30.791092000241605],[-82.01345599985136,30.791209999800202],[-82.01586799974541,30.791590999616247],[-82.01632700022805,30.791580000027576],[-82.01661099991016,30.791508000303452],[-82.01672300006317,30.791479000377915],[-82.0171120002256,30.791288000383712],[-82.01741799964904,30.79107100028539],[-82.01760799961983,30.790836000021223],[-82.01769300000865,30.79063000014478],[-82.01771499974994,30.790577000322504],[-82.01773800021448,30.790207000093798],[-82.01769999968134,30.7898520002567],[-82.01759500009933,30.78958800037582],[-82.01731100041722,30.788867999682576],[-82.01688399972164,30.7879489997523],[-82.01690600036127,30.78787000017715],[-82.01697499995824,30.787797999990115],[-82.01729600034861,30.787676000300387],[-82.01760799961983,30.78762999985849],[-82.01791399994157,30.787643000186886],[-82.01810399991238,30.78770300031464],[-82.01818000008036,30.787741999721607],[-82.01834099973884,30.78782700025414],[-82.01875300036579,30.78800200025145],[-82.01919900042964,30.78814000020557],[-82.01942399966221,30.788209999860502],[-82.02018699991847,30.78834300037643],[-82.02095000017471,30.788377999750534],[-82.02165999982918,30.788303000304456],[-82.02197199999871,30.7882329999455],[-82.02226999992455,30.788135999650432],[-82.0224909998575,30.78802699989433],[-82.02269000004912,30.787888999778104],[-82.02288000001991,30.78770599997278],[-82.02302499978487,30.78752500010945],[-82.02314699998361,30.787291999963028],[-82.02338499963498,30.78672199981822],[-82.02355200003956,30.786319999780282],[-82.02375899972878,30.78526300016875],[-82.02384900014049,30.784799999674874],[-82.02388699977531,30.784404999791796],[-82.02388000010262,30.784033000147627],[-82.02382599967594,30.783638000201368],[-82.02372699994174,30.783276000256144],[-82.02367800043626,30.7831629996318],[-82.02364300027617,30.78308200037288],[-82.02354399964364,30.78292699991438],[-82.02326900018235,30.782693000008706],[-82.02153699980553,30.780610000300587],[-82.02146900003348,30.780437999857174],[-82.02145399996486,30.78008000033522],[-82.02139299986548,30.77968700004364],[-82.02132400026852,30.779417999666634],[-82.02126300016914,30.779293999690022],[-82.02114099997041,30.779183000253738],[-82.02075199980798,30.77894100016968],[-82.0204849998443,30.77882300022042],[-82.020210000383,30.778749999970053],[-82.01976699979389,30.77870299965265],[-82.01962200002893,30.778653000143695],[-82.01942399966221,30.778499999972116],[-82.01927200022456,30.778290999959943],[-82.01927200022456,30.778129000114436],[-82.01948599958651,30.777791000015863],[-82.01957000015041,30.777688000053356],[-82.01972300031129,30.777574999810348],[-82.01976799961881,30.777502999634127],[-82.01976799961881,30.77738100000568],[-82.01965399981599,30.777201999739358],[-82.01907399985784,30.776849000260373],[-82.01844899969387,30.77655899962742],[-82.01783799977359,30.77620400035057],[-82.01748700014431,30.775938999786437],[-82.0173800000142,30.775799999810264],[-82.01731200024213,30.775660000136593],[-82.01728100028,30.775485000065103],[-82.01729700017351,30.775306000130104],[-82.01734999987697,30.775176000158268],[-82.01744899961118,30.77507099993404],[-82.01760199977205,30.774996999648415],[-82.01795999997233,30.774943000196707],[-82.01825799989817,30.774857000349837],[-82.01845399971674,30.774768999870584],[-82.0185549999991,30.774723999708442],[-82.01876099986342,30.774593999722022],[-82.01864700006058,30.77359699981127],[-82.01844899969387,30.772759000144536],[-82.01836500002828,30.772610999819015],[-82.01822000026333,30.772456000240563],[-82.01813599969942,30.772366000047096],[-82.01796800036826,30.772260000311555],[-82.01779199974284,30.772207999932583],[-82.01760199977205,30.772217999888884],[-82.0173730003415,30.77231300019392],[-82.0170219998139,30.772528999864004],[-82.01678499998744,30.772635000075002],[-82.01644199985577,30.77271399981413],[-82.0160989997241,30.772733000093417],[-82.01587699996624,30.772695999830404],[-82.01568699999545,30.772600999903563],[-82.01547000026046,30.772389000061626],[-82.01529000033541,30.772176000219737],[-82.01523400025891,30.772087000070076],[-82.01515999974076,30.77197100004626],[-82.01505299961065,30.77173999988834],[-82.0149859996635,30.771503999932865],[-82.01493200013513,30.771123000042333],[-82.01487100003575,30.77088599979915],[-82.01451399966038,30.77009900012566],[-82.0138170004247,30.76903200028355],[-82.01252000024107,30.76695300030837],[-82.01251299967005,30.766843000116424],[-82.01252699991376,30.766749999764837],[-82.01265499996028,30.766591999691897],[-82.01279100040271,30.7665289999715],[-82.01306300038927,30.766474999627036],[-82.0135010000572,30.766320999793265],[-82.01356200015657,30.76627400035129],[-82.0136070003624,30.766240000247915],[-82.01369699987578,30.76611299993735],[-82.01373500040893,30.765967000163354],[-82.01374200008162,30.76576300025627],[-82.0137119999444,30.76557400011535],[-82.0136280002788,30.76538299962455],[-82.01350699990499,30.765190000315595],[-82.01328000012427,30.76496799964807],[-82.01298399984826,30.76481100011858],[-82.01294399966528,30.764801999773965],[-82.01256100024897,30.764708000155412],[-82.01194000028293,30.76462399964665],[-82.01177399970327,30.76457399976851],[-82.01160800002192,30.764491999912135],[-82.01148599982317,30.764391000378946],[-82.01138700008897,30.76425100031575],[-82.01120499961579,30.76371699974891],[-82.01118100022464,30.763417999974948],[-82.0112120001868,30.76312100006994],[-82.01135100010396,30.76268100032739],[-82.01137500039341,30.76260000003451],[-82.01160299999904,30.761878000301902],[-82.01173100004556,30.761706999978284],[-82.01181800008419,30.76164600020464],[-82.01190500012282,30.761583999977542],[-82.01210099994141,30.761510999770962],[-82.01213899957625,30.761506999652287],[-82.01219399982784,30.761501999889717],[-82.01233600011805,30.76148099964889],[-82.01269699979308,30.761518000364166],[-82.013142000032,30.76169199994895],[-82.01337899985846,30.761687999837847],[-82.01359499976853,30.76159200020828],[-82.01382300027247,30.76142599991538],[-82.01387699980083,30.761317999645485],[-82.01390799976298,30.76126499988332],[-82.01392299983158,30.760902000247015],[-82.01399999982449,30.760676999995752],[-82.0141289996959,30.760471000375],[-82.01430500032131,30.7602939996143],[-82.01448000022351,30.760178000042643],[-82.01469399958543,30.760087999945902],[-82.01487699988355,30.760047999704366],[-82.01506000018165,30.76004200020706],[-82.01586100007273,30.759881999836697],[-82.01606000026435,30.759817000261602],[-82.01622000009792,30.75973300011625],[-82.01640300039601,30.759565000377627],[-82.01664699989517,30.75910899971951],[-82.01688399972164,30.758782999895505],[-82.01716599975396,30.758486000356946],[-82.01737199961828,30.758334999894508],[-82.01762400041166,30.75822400021127],[-82.01793599968289,30.75816700003216],[-82.01821900043842,30.758155999709263],[-82.01868399987052,30.758193999836802],[-82.0190270000022,30.758198000093145],[-82.01943899973082,30.75816499990334],[-82.01970599969452,30.75810799968924],[-82.02001200001628,30.75797299969764],[-82.0201479995604,30.757853000146604],[-82.02016400035225,30.75783899997055],[-82.02026399991135,30.757654999672642],[-82.0202809996298,30.757423000205534],[-82.02021299985773,30.757240000344577],[-82.02001700003915,30.75708299979007],[-82.01986100040354,30.756990000043995],[-82.01978199986252,30.756942999905746],[-82.01928200027031,30.7567010002432],[-82.01917299959204,30.756668000312317],[-82.01886399979557,30.756573999698443],[-82.01780099996367,30.756167000252248],[-82.01777900022236,30.756157999871398],[-82.01755099971841,30.756034999728524],[-82.01737800036437,30.755857000373258],[-82.01728700012778,30.75566800008182],[-82.01726600021138,30.755437999872075],[-82.01732800013566,30.75523300032962],[-82.01758900025156,30.754991000228973],[-82.01793200038324,30.75482000002399],[-82.01829700025624,30.75473000032234],[-82.01883899968121,30.75459500022607],[-82.01925100030817,30.75453099988559],[-82.01963100024977,30.754500999904323],[-82.01991300028207,30.754544999770722],[-82.02017000020003,30.754657000322368],[-82.0203519997749,30.75478299982227],[-82.02068400003591,30.75514000034059],[-82.02077500027254,30.755192999614906],[-82.02097299974092,30.755252999908798],[-82.02116199988681,30.75525500009806],[-82.02136799975113,30.755192999614906],[-82.02155199987415,30.755066000168913],[-82.02163600043804,30.754945000370707],[-82.02171500008077,30.754665000356812],[-82.02172799960125,30.75379900029942],[-82.02175899956339,30.753707000194023],[-82.0218439999522,30.753626000070426],[-82.02195699993011,30.753583000282106],[-82.02235399959014,30.75353500029825],[-82.0237310001397,30.75350700023225],[-82.02404400013417,30.753445999894936],[-82.02431799977055,30.753340999894494],[-82.02453200003077,30.75322000024455],[-82.02473000039751,30.753069000015234],[-82.02538200032566,30.752408999827654],[-82.02605500017022,30.75184199992466],[-82.02677300022062,30.75132799962881],[-82.02714099956833,30.751128000130073],[-82.02759800040114,30.75096600010806],[-82.02768100024181,30.750935000034644],[-82.02786299981668,30.750906999984664],[-82.02803799971888,30.750912000297497],[-82.02821199979616,30.75095099994924],[-82.02838800042156,30.751020999640954],[-82.02843899957686,30.75104899965773],[-82.0289059995571,30.751308999756056],[-82.02907999963438,30.751370999652107],[-82.02926299993248,30.751387000266284],[-82.02955099981257,30.75135499980724],[-82.02979299966191,30.751299999693135],[-82.03001299976994,30.75121700035973],[-82.03024000044896,30.751073999638326],[-82.03043700009245,30.750913000051238],[-82.03050400003961,30.75085199961469],[-82.03061000034482,30.750671999657968],[-82.03073800039134,30.750547999697986],[-82.03087399993545,30.750458999622],[-82.03104899983765,30.750387000003485],[-82.03124600037945,30.750345999832096],[-82.03146599958917,30.750344000312886],[-82.03167900002451,30.75038799976267],[-82.03188400006391,30.750476000145994],[-82.03208200043062,30.750610000083917],[-82.03223499969319,30.75077599972545],[-82.03274100003146,30.75160299980541],[-82.0329030004132,30.751980999763166],[-82.03342300009686,30.75280999977091],[-82.03380600041152,30.753360000138315],[-82.03441099958569,30.754116000215895],[-82.0345860003862,30.75428900033651],[-82.03461999982306,30.754314000247962],[-82.03479999974812,30.75444899996615],[-82.03534000042161,30.75473399995056],[-82.03558399992076,30.754795000243984],[-82.03581900009739,30.75481299971568],[-82.03613799993963,30.754774999797686],[-82.0366069995697,30.7545810003482],[-82.03677300014935,30.754434000349935],[-82.03678599966983,30.754407999980277],[-82.03700999997582,30.75395399981668],[-82.03729100018322,30.75351000018457],[-82.03805500026436,30.752301999989875],[-82.03811600036374,30.752123000168627],[-82.03817900011292,30.752015000270752],[-82.0382059998771,30.751970000277545],[-82.038466999993,30.751522000228004],[-82.03866500035973,30.751087000274158],[-82.03897400015623,30.750284999808418],[-82.03932899998345,30.749363000288447],[-82.03934499987699,30.749307999808714],[-82.03943600011358,30.748991000277332],[-82.03951200028156,30.748530999837257],[-82.03979500013878,30.747296999747558],[-82.03980199981147,30.74712000024626],[-82.03971800014588,30.746348999959057],[-82.03950499971054,30.745126999789946],[-82.03939000008282,30.744824999965868],[-82.03893300014833,30.744101999914857],[-82.03887100022406,30.743903999732822],[-82.03885600015545,30.7436979997431],[-82.0389099996838,30.743454000332267],[-82.03903199988254,30.743216999910963],[-82.03920000011203,30.743053000037154],[-82.0395430002437,30.742849000218698],[-82.03963399958198,30.74273900028116],[-82.03968800000865,30.742596000097343],[-82.03969499968136,30.74247199977688],[-82.03965700004652,30.742309999864975],[-82.03926100021141,30.741439999710014],[-82.03924500031786,30.741264000109393],[-82.03929100034863,30.741089000042965],[-82.03943600011358,30.740859999617022],[-82.03952800017508,30.740769999995177],[-82.03966500044244,30.740702000293766],[-82.03997000004097,30.740660000000023],[-82.04020699986744,30.74057000019134],[-82.04041299973176,30.74040399994619],[-82.04054199960318,30.7401999999229],[-82.04055800039502,30.740036000317748],[-82.04051900003697,30.73988899973753],[-82.0401909999739,30.739465999763365],[-82.04006899977517,30.739200999976],[-82.04005399970656,30.738955000229037],[-82.04009200023971,30.738830999854883],[-82.04042799980036,30.738136000283163],[-82.0404510002649,30.737972000253087],[-82.04041299973176,30.73781200027492],[-82.04030599960164,30.737645999910498],[-82.04021400043845,30.737502999888257],[-82.04009999973731,30.737406000189683],[-82.03942100004495,30.737194000054867],[-82.0390999996546,30.73703799992003],[-82.03895499988965,30.73693299979099],[-82.03886399965305,30.736802999730074],[-82.03883299969091,30.736683000052693],[-82.03883299969091,30.73649000035468],[-82.03889399979029,30.73615299988311],[-82.03897099978317,30.73601899990885],[-82.039084999586,30.73592200026062],[-82.03977199967424,30.735640999852954],[-82.03999299960718,30.73550600002519],[-82.04019900036982,30.73533400005643],[-82.04025799992105,30.735252000008117],[-82.04038199976961,30.735078999667916],[-82.04051099964104,30.734758999875893],[-82.04062600016708,30.734469999770695],[-82.04072499990129,30.734331000143467],[-82.04085499959763,30.73421099970405],[-82.04125899982866,30.733969000062178],[-82.04142700005816,30.73389100011829],[-82.04159799976237,30.733851999736547],[-82.04216000017718,30.7337249999483],[-82.04232000001075,30.733670999738337],[-82.04244999970709,30.733588999819233],[-82.04254099994367,30.73348199992345],[-82.04261000043898,30.733354999647588],[-82.04262499960926,30.733231999725533],[-82.04253400027099,30.73276899987926],[-82.04253400027099,30.732493999984946],[-82.04257899957851,30.732277000118117],[-82.04261000043898,30.732128000157946],[-82.04273199973939,30.731878000308377],[-82.04283899986952,30.731771000057176],[-82.04296799974094,30.731701000276026],[-82.0434640000335,30.731631999625648],[-82.04382300005868,30.731497000358996],[-82.04402899992301,30.73134000031049],[-82.04404099961857,30.731318999669817],[-82.0440709997558,30.73126299974079],[-82.04409000002238,30.731163000062253],[-82.04405900006024,30.731070999957527],[-82.04399100028817,30.731012000003627],[-82.04370099985996,30.73092700025518],[-82.04250300030886,30.730867000251344],[-82.04232800040667,30.730838999773486],[-82.04218299974339,30.730785000262912],[-82.0420150004122,30.73068200019742],[-82.0419230003507,30.730574000197997],[-82.04188499981755,30.730463000179697],[-82.04187499977182,30.730320000308517],[-82.04186200025134,30.730129000160503],[-82.04193099984832,30.730008999894107],[-82.04204499965114,30.729936999662545],[-82.0425490003396,30.72987000001004],[-82.04288499990027,30.729785999999645],[-82.04323499970464,30.729638999998265],[-82.04360200012576,30.729421999880653],[-82.04386099969352,30.72921899975179],[-82.04437399970452,30.728733000304253],[-82.04441800008546,30.72869100019886],[-82.04479200017927,30.728481000169403],[-82.04518100034169,30.72832899978173],[-82.04540200027463,30.728149000211616],[-82.04550900040475,30.727952999662538],[-82.04552699994808,30.7278810002117],[-82.04560800013896,30.727551999720223],[-82.04560099956794,30.727252999632707],[-82.045535000344,30.727109999632308],[-82.04550100000884,30.727036000321064],[-82.04534299982507,30.72679499965535],[-82.04528799957349,30.726711000053886],[-82.0450359996784,30.72643099982421],[-82.04445599972028,30.72615200033626],[-82.04364700033159,30.72562400019958],[-82.04351000006426,30.725586000350255],[-82.0433650002993,30.725582000283968],[-82.04137400035472,30.725317000155087],[-82.04112999995723,30.72524500027976],[-82.04092400009291,30.725146999805418],[-82.04003899963794,30.724585000204215],[-82.0397340000394,30.72419699978239],[-82.03947399974841,30.7236669996762],[-82.03936699961828,30.72357400010163],[-82.03851300002376,30.72263699986403],[-82.03855099965861,30.72254800026042],[-82.03855099965861,30.722444999887784],[-82.03880299955368,30.722140999915744],[-82.0389099996838,30.721941000061612],[-82.03892499975242,30.721848999649687],[-82.0389020001862,30.72168699981881],[-82.0387339999567,30.72143699991754],[-82.03865799978871,30.72122199999366],[-82.0386429997201,30.720975999916494],[-82.03868799992595,30.72074500021436],[-82.03875700042124,30.720594000053147],[-82.03886399965305,30.720440000217913],[-82.03922199985332,30.720114000036084],[-82.03940599997637,30.719906000007384],[-82.0395430002437,30.719670999747024],[-82.03959599994715,30.71950100025323],[-82.03956599980991,30.719299000165197],[-82.0394589996798,30.719149000139552],[-82.0392829999527,30.719067000222495],[-82.03906200001977,30.719067000222495],[-82.03874200035261,30.71914699997291],[-82.03852800009238,30.719141000244914],[-82.03793300006564,30.71919099976869],[-82.03777300023206,30.71917499998567],[-82.03751299994107,30.71906500005416],[-82.03733800003887,30.71894800017181],[-82.03718499987801,30.71877499991405],[-82.03711700010595,30.71862000017382],[-82.03711700010595,30.71853799980697],[-82.03715499974076,30.718450999689914],[-82.03740699963585,30.718180000251404],[-82.03752100033698,30.718133999806593],[-82.03791799999702,30.718041999623413],[-82.03823099999147,30.71800600006509],[-82.03848200006162,30.717928000332353],[-82.03881000012468,30.71773500014825],[-82.03889399979029,30.717651000375593],[-82.03894800021695,30.717550000377422],[-82.0389940002477,30.71727899995135],[-82.03896300028556,30.717089000326986],[-82.0389020001862,30.716976000015087],[-82.03879599988097,30.716826000237248],[-82.03858400016887,30.71652499987103],[-82.03852100041968,30.716433999808867],[-82.03847500038893,30.716302999789203],[-82.0384589995971,30.7161830000748],[-82.03848200006162,30.716046999909114],[-82.03853599958998,30.71591800036976],[-82.03897800035419,30.715287999619164],[-82.03903199988254,30.71513000007743],[-82.03903899955522,30.714952000058812],[-82.03900900031633,30.71482999995177],[-82.03898900022482,30.71479600022365],[-82.03889700016332,30.714634000127667],[-82.0387339999567,30.71441700021631],[-82.03856200042756,30.714240999922456],[-82.03839099982503,30.71410399997171],[-82.03821799957267,30.714004999621178],[-82.03760099980461,30.713803000377222],[-82.03739900013825,30.713698999790918],[-82.0372269997108,30.713582000348843],[-82.03705600000657,30.713423000186427],[-82.03690700004366,30.71323299991576],[-82.0368040001115,30.713033000120713],[-82.03673200014147,30.71279699995271],[-82.03652499955393,30.71115599988302],[-82.03648199989621,30.710437999895944],[-82.03649199994197,30.710139000026793],[-82.03649500031501,30.71012999998017],[-82.0365019999877,30.710092000203282],[-82.03656300008709,30.70977600005584],[-82.03652399972901,30.709039000125365],[-82.03646799965252,30.708598999741895],[-82.03636899991831,30.708119999689828],[-82.03635899987258,30.708071000030895],[-82.03624699971957,30.7073839996702],[-82.0360939995587,30.706757000194024],[-82.03592700005244,30.706204999857896],[-82.03596499968727,30.706072000182044],[-82.03607099999248,30.705956999652447],[-82.03620900008474,30.705914000218463],[-82.03640699955315,30.705914000218463],[-82.03667400041515,30.705883000327244],[-82.03691799991431,30.705806999729546],[-82.03706299967926,30.705704000013075],[-82.03714700024317,30.705574000318823],[-82.03715499974076,30.705412000181443],[-82.0368879997771,30.70461699969778],[-82.0368950003481,30.70452100035613],[-82.03693399980784,30.70444699992944],[-82.03707100007519,30.704357000294316],[-82.03749100019975,30.7043359999554],[-82.03781099986689,30.704220000207936],[-82.03804000019575,30.704048000032707],[-82.03835300019021,30.70365099974635],[-82.0384440004268,30.703448999673952],[-82.03847399966571,30.70327999964031],[-82.03848200006162,30.70323200008864],[-82.03847500038893,30.70305399974053],[-82.03840599989364,30.702807999664877],[-82.03840599989364,30.702683999910157],[-82.0384440004268,30.70255299975332],[-82.03852800009238,30.70243499966609],[-82.03862000015388,30.702362000214116],[-82.03875700042124,30.70232600021008],[-82.03914700040858,30.702329000210955],[-82.03929899984624,30.702329999696282],[-82.03942100004495,30.70235799995688],[-82.03953499984779,30.70235300021436],[-82.03967999961274,30.702294999938413],[-82.03977900024526,30.70219200033456],[-82.039817999705,30.702102999628465],[-82.039817999705,30.702019000145114],[-82.03971800014588,30.70184699990818],[-82.03958699972631,30.70175100012763],[-82.03951200028156,30.701696000282727],[-82.03923000024926,30.701617999718696],[-82.03914599968536,30.701573999630128],[-82.03907700008837,30.701487999925806],[-82.03900900031633,30.70130199962049],[-82.03902400038494,30.701178999744847],[-82.03907700008837,30.701081999801445],[-82.03922199985332,30.700982999989648],[-82.03953400002287,30.700706000031033],[-82.03956599980991,30.700678000063466],[-82.0398100002074,30.700528999933862],[-82.0400849996687,30.700413000243902],[-82.04042799980036,30.700310000175964],[-82.04061899959608,30.70029999970608],[-82.04075599986342,30.700330999846273],[-82.04086999966624,30.70037799979067],[-82.04102799985,30.70048599962557],[-82.04164899981602,30.700907000166595],[-82.04188499981755,30.70101500018178],[-82.04208300018428,30.70105899975283],[-82.04265599957142,30.701055999712466],[-82.0428310003719,30.70100199974294],[-82.04294599999962,30.70088599984922],[-82.04296799974094,30.700738999816846],[-82.04290699964157,30.700525000373002],[-82.04277000027253,30.700324999720248],[-82.04257899957851,30.700186000300725],[-82.04225899991137,30.70005199977062],[-82.04196900038146,30.699974000194825],[-82.04163299992247,30.699930000129108],[-82.04147300008891,30.69986700007022],[-82.04132800032397,30.699748999787943],[-82.04125200015598,30.699642000186223],[-82.04122899969144,30.699534999693437],[-82.04124399976007,30.699384999827966],[-82.04131300025534,30.69921699991809],[-82.04132300030108,30.699205000299578],[-82.04142700005816,30.699085000169987],[-82.04156500015043,30.69899399987563],[-82.04178600008335,30.69890399978876],[-82.04189999988618,30.69880500005967],[-82.04196900038146,30.698682999614054],[-82.04200899966612,30.69853400026615],[-82.04206100044297,30.69833900007222],[-82.04218299974339,30.698218999638147],[-82.04228900004861,30.698185000234748],[-82.04244999970709,30.698175000317033],[-82.04301399977169,30.69825700022946],[-82.0432530001463,30.698247999846828],[-82.04347200042942,30.698239999763544],[-82.0436549998292,30.698151000046934],[-82.04380799999008,30.698031999681376],[-82.04393699986151,30.697878000126412],[-82.04402100042542,30.697714000360246],[-82.04405200038755,30.697565000288694],[-82.04403700031892,30.697369000144896],[-82.04392199979289,30.69695899997567],[-82.04377700002793,30.696695000301258],[-82.04359299990492,30.696444000186936],[-82.04347999992702,30.696289000094964],[-82.04321299996333,30.69606999998428],[-82.04293000010611,30.695927000091714],[-82.04274000013532,30.69589600008168],[-82.04260200004305,30.695927000091714],[-82.04252599987508,30.695973999863703],[-82.04230499994213,30.69619699993262],[-82.04202999958251,30.696333000276],[-82.04186200025134,30.696357999772996],[-82.04174800044852,30.696290999963196],[-82.04167899995323,30.69615200014035],[-82.04164899981602,30.695963000165683],[-82.04166399988462,30.695771999941908],[-82.04173199965668,30.695544999896203],[-82.04173199965668,30.695410000316826],[-82.04150400005106,30.694939000031106],[-82.04141199998955,30.694547999832224],[-82.04142000038547,30.693591999895858],[-82.04148800015751,30.692991000356024],[-82.04147300008891,30.692689999776444],[-82.04137400035472,30.69192499969443],[-82.04121399962283,30.691333999672562],[-82.04123700008736,30.69103199973106],[-82.0413049998594,30.690865999938858],[-82.0414580000203,30.690636000350732],[-82.04163299992247,30.690473999855147],[-82.04183200011411,30.690337999753698],[-82.04202999958251,30.69025000008582],[-82.04224399984275,30.69019899985528],[-82.04279299983875,30.69019899985528],[-82.04290699964157,30.690150999977302],[-82.04298399963447,30.69006500013613],[-82.04301399977169,30.68997199983548],[-82.04299899970307,30.68968800031472],[-82.04295299967234,30.689573000344534],[-82.0429230004334,30.68952999978984],[-82.04278500034115,30.689332999931995],[-82.042746999808,30.689200999798373],[-82.04274000013532,30.68906399982582],[-82.04277000027253,30.688913000284916],[-82.04286900000673,30.688693999661346],[-82.04299899970307,30.68826899985218],[-82.04312900029774,30.687605000051686],[-82.04309099976459,30.686356999786824],[-82.0431059998332,30.686110999640093],[-82.0431970000698,30.685776000099757],[-82.04335000023067,30.685461000324977],[-82.04341899982765,30.685261000130772],[-82.0435410000264,30.684733999859983],[-82.0435410000264,30.68419999977403],[-82.04359399972982,30.684057000065646],[-82.04368599979135,30.683947000264705],[-82.04395299975502,30.68382600002991],[-82.04430400028264,30.683742999768434],[-82.04497499957905,30.683687000026396],[-82.04569900037554,30.683588999820266],[-82.04579100043703,30.683576999803947],[-82.04634100025797,30.683571000181544],[-82.04678300012385,30.683494999781384],[-82.04711100018689,30.683392999882187],[-82.04761499997706,30.68318399979765],[-82.04786699987213,30.683038999987005],[-82.04807299973646,30.682871000211115],[-82.04843099993674,30.682431999950545],[-82.0484920000361,30.68230600012661],[-82.0484769999675,30.68212700011856],[-82.04838200043125,30.68196900035364],[-82.04831700013392,30.681860000189154],[-82.04814100040683,30.681742000297614],[-82.0479279999715,30.68168800033842],[-82.04759200041083,30.6816839999969],[-82.04714200014904,30.681755000240365],[-82.04692000039118,30.681735999788614],[-82.04670699995586,30.68167699978511],[-82.04668000019169,30.681663999831866],[-82.04652399965775,30.681593000294075],[-82.04638599956549,30.681493999806804],[-82.0463029997248,30.681330000017102],[-82.0462950002272,30.681123999990245],[-82.04643199959625,30.680800999734792],[-82.04655999964277,30.680651999824466],[-82.04668400038965,30.680507999786023],[-82.0473019999826,30.67991799989726],[-82.04754600038008,30.67982100021997],[-82.04763800044158,30.67974900038065],[-82.04769100014504,30.679626000080237],[-82.04804400032245,30.67911899988288],[-82.04806500023885,30.679089000382096],[-82.0483010002404,30.67863700033745],[-82.04839900014969,30.67847700003348],[-82.0485680002041,30.678201999857425],[-82.04907899966693,30.677679000199593],[-82.04985799981671,30.67688199970198],[-82.05009399981824,30.676523000354916],[-82.05025500037506,30.676115000015084],[-82.05033099964471,30.67573700004823],[-82.05031700029933,30.67540100029529],[-82.0502930000099,30.674999999775363],[-82.05021699984192,30.674537999861993],[-82.04996599977174,30.673756000297832],[-82.04989499962663,30.673619000045605],[-82.04979300041771,30.673497000221378],[-82.04970200018109,30.67309099981073],[-82.04958199963217,30.67270799986701],[-82.04927200001079,30.672046000061155],[-82.04921500010937,30.671342999811756],[-82.04913100044378,30.67097800033541],[-82.04888399967327,30.67032699979377],[-82.04842699973878,30.66951400015702],[-82.04827899960077,30.668906000280753],[-82.04808899962998,30.668530000364036],[-82.04780900014582,30.6682620000974],[-82.0473220000741,30.667894000273026],[-82.04722800036276,30.66774999975868],[-82.04722499998971,30.667739999779354],[-82.0471539998446,30.667469000100816],[-82.04704500006466,30.667318999866374],[-82.0466960000852,30.667040000201787],[-82.04648799967273,30.66693999962744],[-82.0462950002272,30.66681399968356],[-82.0461250003479,30.666653000031282],[-82.04599999977611,30.66647699994611],[-82.04598999973037,30.66636999978592],[-82.0460340001113,30.666265999856094],[-82.04632700001426,30.666035999628626],[-82.04659300015304,30.665910999913656],[-82.04687400036043,30.665813000215714],[-82.04725500012695,30.665753999758255],[-82.04758900003777,30.665626999947953],[-82.0478450001308,30.665424000032225],[-82.04802400023097,30.665165000026846],[-82.04805900039106,30.665031000342324],[-82.04806500023885,30.664908999718264],[-82.04806000021598,30.664896999699273],[-82.04801699965995,30.664791999855492],[-82.04791700010084,30.664700999692556],[-82.04732399972391,30.664412999750002],[-82.04717700030915,30.664326000290774],[-82.04703699966872,30.66417900022709],[-82.04693499956149,30.66401100010134],[-82.04688299968295,30.663677000289976],[-82.04690199994953,30.663457999620505],[-82.04697999976733,30.66307300034182],[-82.04697399991956,30.66274299996006],[-82.04693899975943,30.662467999811483],[-82.0469210002161,30.662345999815276],[-82.04646299955839,30.6614639996443],[-82.04641499987781,30.661239999815546],[-82.0464070003802,30.661193000137448],[-82.04641400005289,30.660902000043325],[-82.0464369996191,30.660866000034517],[-82.0464709999543,30.660805999732432],[-82.04655700016802,30.660747000081642],[-82.0468719998123,30.660710000098913],[-82.04730000033278,30.660754000264756],[-82.04746699983906,30.660811999996138],[-82.04760999995418,30.660895999785193],[-82.04773700017579,30.66100499965106],[-82.04792999962133,30.661239999815546],[-82.04801699965995,30.66140499962253],[-82.04801300036031,30.661580999672715],[-82.04786600004722,30.66192000006488],[-82.04777800018365,30.66205099972008],[-82.04775999974201,30.662172000187592],[-82.0477799998335,30.662277999687223],[-82.04786699987213,30.662456000262033],[-82.04801500001012,30.662653999977977],[-82.0482309999202,30.66287300015128],[-82.04834399989811,30.662925999917565],[-82.04845100002824,30.662939999967634],[-82.04857400005187,30.662911999865475],[-82.04868299983181,30.662851000166903],[-82.0489359995518,30.662581999706735],[-82.04939599985934,30.662007000144726],[-82.04950200016457,30.66145100006169],[-82.04948999957068,30.66103899978255],[-82.04944699991297,30.660667999746302],[-82.04934999982859,30.660258999755513],[-82.04930999964563,30.659763999802077],[-82.04932700026238,30.659406000140205],[-82.04938300033886,30.659021000174548],[-82.04937300029313,30.658827999648775],[-82.04931700021665,30.65865599974434],[-82.04915700038306,30.658329000330838],[-82.04903799965906,30.6581819996457],[-82.04882799959678,30.657990999651535],[-82.04873300006054,30.65784899972686],[-82.04864799967173,30.657597999872173],[-82.04865500024272,30.65733799980649],[-82.04905500027581,30.656428999825454],[-82.04910700015435,30.65618499988856],[-82.04911200017723,30.65596600001616],[-82.04902299959045,30.65529500013045],[-82.04895900001634,30.65512200014749],[-82.04879099978685,30.654823999710054],[-82.04859800034133,30.654589000174592],[-82.048420999891,30.65433700037345],[-82.04820199960787,30.654251000327754],[-82.0479499997128,30.654189999799666],[-82.04767799972625,30.654044999745444],[-82.04740999993764,30.653789000120792],[-82.04735800005912,30.653687999756347],[-82.04731000037852,30.653510000035546],[-82.04722099979175,30.653381000380328],[-82.04707799967662,30.65329000029239],[-82.04677399990301,30.653180000233114],[-82.04656800003868,30.65317100028595],[-82.04617999970117,30.65335599980427],[-82.04575600027695,30.653479000319777],[-82.04538200018312,30.65341900006904],[-82.044978999777,30.653306000178183],[-82.04474399960036,30.65321200003845],[-82.04453299971317,30.653089999951],[-82.04434500029052,30.652940999806397],[-82.0440919996722,30.652643000373835],[-82.04405700041043,30.652526000345524],[-82.04406900010598,30.652388000130088],[-82.04414199990092,30.652266999779165],[-82.04430500010756,30.652161000120056],[-82.04451199979678,30.65215000006859],[-82.04462499977468,30.652202000300875],[-82.04469199972183,30.652277999817322],[-82.0448580003015,30.65239400014355],[-82.04511400039453,30.652525000344667],[-82.0454640001989,30.652625000378688],[-82.04571699991891,30.65263300037695],[-82.04593299982896,30.65258300037701],[-82.04607400029427,30.652457000262405],[-82.04612399962467,30.652310999924296],[-82.0460759999441,30.652071999667697],[-82.04596600033923,30.651933000342876],[-82.04590600006479,30.651888000018282],[-82.04517299994578,30.651371000195873],[-82.04510099997574,30.651313000209218],[-82.04490599998206,30.651157000312402],[-82.04460100038357,30.650866000144287],[-82.04445300024554,30.650751000322376],[-82.04430400028264,30.65063500034329],[-82.04390699972427,30.650381000236145],[-82.04329699962891,30.650061000064134],[-82.04209099968189,30.64949799982311],[-82.04187700031996,30.649335999886297],[-82.04171699958808,30.649133999794802],[-82.04164100031839,30.64898100035895],[-82.04158799971664,30.648781000377788],[-82.04151900011968,30.648190999955304],[-82.04136599995878,30.64743200017175],[-82.04111499988862,30.64710000037701],[-82.04088599955976,30.646724999927105],[-82.03904699995115,30.643218999731786],[-82.03892499975242,30.642922999906155],[-82.03885600015545,30.642698000294388],[-82.03861199975796,30.640946999752813],[-82.03862699982659,30.64083899980754],[-82.03868100025326,30.640755000367836],[-82.03875700042124,30.64069200035378],[-82.03932200031076,30.640519999873295],[-82.03958900027445,30.640394000270902],[-82.039817999705,30.64024700014086],[-82.03995099977439,30.64012499992638],[-82.04007700017108,30.64001099982761],[-82.04017599990529,30.639867999642647],[-82.04024500040059,30.639709000204824],[-82.04026499959375,30.63953100025674],[-82.04031900002042,30.638978999776505],[-82.04025999957089,30.638841999693067],[-82.0401419995701,30.63878000012184],[-82.03999299960718,30.63877000023718],[-82.03966899974208,30.63889500026738],[-82.03947000044876,30.638934999748294],[-82.03921099998269,30.638934999748294],[-82.03896099973744,30.63887300023667],[-82.03881900034551,30.638787000349673],[-82.0387680002919,30.638663000324133],[-82.03881400032265,30.63851499973644],[-82.03894099964593,30.638615000346295],[-82.03908200011125,30.638465000165656],[-82.03924500031786,30.63832300016156],[-82.03931999976264,30.638218000051708],[-82.03934300022716,30.638183999623674],[-82.03942000022005,30.638018000226495],[-82.03945799985489,30.637786999878966],[-82.03941199982414,30.637347999615457],[-82.03943600011358,30.637109999638078],[-82.03929899984624,30.63708699981386],[-82.03929999967113,30.637022000180192],[-82.03939299955756,30.636935000031354],[-82.03949200019008,30.636928999831643],[-82.03985600023815,30.636793000100155],[-82.04016599985954,30.63675100017855],[-82.04033499991395,30.636667999672536],[-82.04044299986899,30.636570999866283],[-82.04053300028066,30.636443000196184],[-82.04053999995335,30.63622200010146],[-82.04048999972464,30.63605000017504],[-82.04039400036349,30.635883000034767],[-82.04025799992105,30.635786999615366],[-82.04010200028544,30.635734999831488],[-82.03987200013168,30.63572800015575],[-82.03965500039669,30.635785000040396],[-82.03950200023581,30.635883000034767],[-82.03930399986909,30.63610199978961],[-82.03911999974608,30.63607800032774],[-82.03895400006472,30.63599799975958],[-82.03883900043701,30.63588800012645],[-82.03876300026901,30.635768000173236],[-82.03873999980449,30.63568000026749],[-82.03873499978161,30.635648000071125],[-82.03873999980449,30.635501999862132],[-82.03883600006395,30.635321000138937],[-82.03907500043856,30.635130999996896],[-82.03920699978472,30.634937000296702],[-82.03932499978549,30.634565999810622],[-82.03930399986909,30.63414399977216],[-82.03920500013488,30.633965000212736],[-82.03901599998902,30.633849999617212],[-82.03887500042202,30.63382699979089],[-82.03844199987864,30.63367100028681],[-82.0377480001177,30.6334809999962],[-82.03753499968236,30.633386999909696],[-82.03730799990166,30.633253999664216],[-82.03723299955857,30.633215000353747],[-82.036924999587,30.63298299992909],[-82.03650700001057,30.632515999879434],[-82.03596100038763,30.63204899989471],[-82.03581999992231,30.63185299976917],[-82.0357560003482,30.631629000133362],[-82.03580499985371,30.63143899969761],[-82.03613100026695,30.631085999854427],[-82.03664599992774,30.630699999756214],[-82.03677200032445,30.63054200016503],[-82.03684400029447,30.63039199983498],[-82.03689399962487,30.63021600021277],[-82.0368540003402,30.630113000272235],[-82.03672999959333,30.62997499976724],[-82.03656300008709,30.62990299989619],[-82.03592600022752,30.629894000101757],[-82.0355720002252,30.629964000284254],[-82.03523099974335,30.629990999645425],[-82.03396600024507,30.629960000120604],[-82.03372299967252,30.629901999661406],[-82.03347900017339,30.629806999727073],[-82.0333489995787,30.629725999920943],[-82.03324099962367,30.62961300017362],[-82.03317100020179,30.629493000167457],[-82.03313699986661,30.629358999739946],[-82.03316799982875,30.628963999828674],[-82.03325999989026,30.6286320000299],[-82.03342800011974,30.62831100031021],[-82.03359899982395,30.628151999657415],[-82.03393500028294,30.627948999902735],[-82.0343410001638,30.62776999970486],[-82.03463300024187,30.627577000191547],[-82.03471299970948,30.62750099981696],[-82.03485499999972,30.627363999713086],[-82.03492100012194,30.627227999677718],[-82.03494899971103,30.627107999806068],[-82.03495899975678,30.626836999864167],[-82.03490299968028,30.62671199971509],[-82.0348259996874,30.626611999943414],[-82.03396899971982,30.62614699984089],[-82.03291599993366,30.625722000128693],[-82.03209099975315,30.62532500026858],[-82.0319180003991,30.625205000356438],[-82.03173799957572,30.625077999849285],[-82.03168400004736,30.625015999961185],[-82.03164100038967,30.624629999614687],[-82.03166300013098,30.624480000170117],[-82.03141799990858,30.623972000293627],[-82.03101299985263,30.622898000253514],[-82.03096000014918,30.622670999832962],[-82.03093699968466,30.62245199982851],[-82.03097500021781,30.622165999909715],[-82.03105899988338,30.621930999873815],[-82.03115799961759,30.621805000027443],[-82.03144800004583,30.62157199975689],[-82.03163100034392,30.62136799979272],[-82.03180700007101,30.621105000299654],[-82.03191300037622,30.620847999743237],[-82.03194400033836,30.62068599975471],[-82.03194400033836,30.620501000366872],[-82.03175299964434,30.619730000343516],[-82.03164600041254,30.619530000184653],[-82.03148599968064,30.619343000219],[-82.031334000243,30.619220999930906],[-82.03109200039367,30.619070000261228],[-82.03101299985263,30.619019999919388],[-82.03082200005693,30.618943999783227],[-82.03075000008691,30.618927999624937],[-82.03062399969019,30.61889999992123],[-82.03041799982589,30.61889099987677],[-82.03002100016585,30.618938000014033],[-82.02983799986775,30.61898399978093],[-82.02978400033939,30.619007999617047],[-82.02966999963826,30.619059000311932],[-82.02951800020061,30.6191579998107],[-82.02941100007048,30.61925500006469],[-82.02931900000897,30.61938499996574],[-82.02925100023691,30.61953700025907],[-82.02922000027478,30.61967100037055],[-82.02922000027478,30.619837000320672],[-82.02926600030553,30.620011999927268],[-82.02957900029996,30.620704999838978],[-82.02995300039377,30.62138899961561],[-82.03000600009723,30.621559000222902],[-82.03002100016585,30.621738000312348],[-82.02998299963271,30.621912000030182],[-82.02990700036302,30.622078000002595],[-82.02977699976837,30.622236000270707],[-82.02962500033073,30.622355999998646],[-82.02946399977392,30.622439999951624],[-82.02928899987175,30.62247100033919],[-82.02912099964226,30.62245899969162],[-82.02854900008003,30.622313999994827],[-82.02840400031508,30.622209999833288],[-82.02825899965183,30.622010999703335],[-82.02819799955246,30.62183000025545],[-82.0282360000856,30.62163900035993],[-82.02867899977637,30.621107000177975],[-82.02875499994437,30.62095800023933],[-82.02876300034028,30.62068199998064],[-82.02868600034739,30.620415000384774],[-82.02861000017941,30.620294999796684],[-82.02793899998467,30.619869000334194],[-82.02786199999179,30.61978299979069],[-82.02780900028833,30.619682000250315],[-82.02778599982379,30.61953400000638],[-82.02782400035696,30.619399999705248],[-82.02829700018495,30.61878399962704],[-82.02833499981979,30.618678999960633],[-82.02832800014711,30.61855700038192],[-82.0280450002899,30.61800800037509],[-82.02783900042556,30.61772699995276],[-82.02762599999024,30.61748899964768],[-82.02748799989797,30.617242999698412],[-82.02732800006439,30.6166400000072],[-82.02724400039881,30.61604700034052],[-82.02717599972843,30.61573799979312],[-82.02687000030501,30.614849000116653],[-82.02652700017332,30.614048000337295],[-82.02635200027115,30.613725999782556],[-82.02628299977584,30.613390000213325],[-82.02629799984446,30.61308299973489],[-82.02643599993672,30.612820000155043],[-82.02664199980104,30.61269199999528],[-82.02687799980261,30.612582999798367],[-82.02712200020007,30.612513000188777],[-82.02778599982379,30.61237000034313],[-82.02845000034584,30.612088999793386],[-82.02872399998223,30.611904000213364],[-82.02885399967857,30.611761000241525],[-82.02888499964071,30.611684999819104],[-82.02885399967857,30.611580000185203],[-82.02865600021016,30.611404000374105],[-82.02841199981269,30.611306999985693],[-82.02812899995547,30.611298000008496],[-82.02780900028833,30.611394999632783],[-82.02755700039324,30.611422999960606],[-82.02729000042956,30.611394999632783],[-82.02705400042801,30.611313000227756],[-82.02698199955967,30.61121599974813],[-82.02690100026713,30.61110700020916],[-82.02680900020563,30.610871999615373],[-82.02674800010625,30.610410999869966],[-82.02673300003765,30.61006699997013],[-82.0267790000684,30.609547000301216],[-82.02675599960386,30.608818000105554],[-82.02690100026713,30.60815799986308],[-82.0269919996054,30.607981000329975],[-82.02719099979706,30.607693000031414],[-82.02727500036096,30.60741600014972],[-82.02730499959986,30.6070350000231],[-82.02729799992719,30.606813000341845],[-82.0272290003302,30.60666100017607],[-82.02711499962908,30.6064929998781],[-82.02688600019852,30.60628300006234],[-82.02684299964248,30.606256000273905],[-82.02671100029633,30.606172000196693],[-82.02647899959443,30.606064999808776],[-82.02620499995804,30.606043999754892],[-82.02595100041314,30.60605900001474],[-82.02565699978696,30.60611799977727],[-82.02536100040926,30.60622399962721],[-82.02523800038561,30.606286999658106],[-82.02484199965217,30.606563999676048],[-82.02446300043381,30.60674799970503],[-82.02420099959468,30.60681499974219],[-82.0238630003842,30.606829000182625],[-82.02365499997173,30.6067750001295],[-82.02336999956638,30.606611000384785],[-82.02327900022809,30.606513999834636],[-82.0232099997328,30.60640699982453],[-82.02320700025805,30.60594299980028],[-82.02313299973991,30.60579899982069],[-82.02299499964764,30.605607000288067],[-82.02256399965242,30.605214000311666],[-82.02207800030395,30.604882000243933],[-82.02136600010131,30.60448799992128],[-82.0203939996077,30.604014000372608],[-82.02031499996498,30.603754999833395],[-82.01900000023801,30.60313399973195],[-82.01858099993835,30.602972000260973],[-82.01814800029331,30.602851999705006],[-82.01772300014586,30.602779999763982],[-82.01712999976894,30.602719999772205],[-82.01686100015542,30.602659000000266],[-82.0164939997343,30.602511999770872],[-82.0161899999607,30.602307000109466],[-82.01596200035506,30.6020929999549],[-82.01581300039214,30.601850000355093],[-82.01575499976751,30.601683999724433],[-82.01560499997969,30.601028999928847],[-82.01553700020762,30.6009630002894],[-82.01517300015956,30.60071199975023],[-82.01508699994582,30.60060200022389],[-82.01507500025025,30.60049599963432],[-82.01517399998446,30.599944999756374],[-82.01515899991584,30.599770000225654],[-82.01511799990796,30.59963199976741],[-82.01480699956333,30.59901399964099],[-82.01423300035131,30.597052000262373],[-82.01423599982603,30.596933999710192],[-82.0142750001841,30.596818000167545],[-82.01444000004054,30.59662500004083],[-82.0144869998962,30.596526999737158],[-82.01449799976685,30.596409000092127],[-82.01444900026138,30.596285999712897],[-82.01435700019987,30.596194000245024],[-82.01424500004687,30.59615999974717],[-82.01415600035841,30.596169000357733],[-82.01374700010449,30.59629200011222],[-82.01345800039948,30.596281999704217],[-82.01321300017712,30.596224999756064],[-82.01305599981829,30.596057999728522],[-82.0132340000935,30.59564200005679],[-82.01316399977331,30.595516999843657],[-82.01315499955247,30.595436999777288],[-82.01319200026072,30.595287999777245],[-82.01332899962975,30.595135000265277],[-82.0133820002315,30.59503500035775],[-82.01338800007929,30.594897000114745],[-82.01334799989633,30.594779999855668],[-82.0131910004358,30.594597000118853],[-82.01282099964163,30.59457199981954],[-82.01260399990664,30.594478999670066],[-82.01233799976788,30.59416400014705],[-82.01221899994219,30.593910000279386],[-82.01216799988856,30.593578000136553],[-82.01221200026949,30.593349000127468],[-82.01228800043748,30.593225999730404],[-82.01239399984436,30.593120000350535],[-82.01283800025838,30.592795000281786],[-82.01305900019132,30.592584000310314],[-82.01308799960532,30.59242200021105],[-82.01305599981829,30.592342999758948],[-82.01299300006909,30.592267000339874],[-82.01264499991454,30.592123000137644],[-82.01257399976942,30.59205299966134],[-82.01254299980728,30.59195799970736],[-82.01250599999736,30.591492000358652],[-82.01252500026395,30.59117200032468],[-82.0126349998688,30.590709999755315],[-82.01278600037985,30.590399999701965],[-82.01279300005254,30.590302999933087],[-82.01276000044058,30.590211000198174],[-82.01268199972445,30.59012100012076],[-82.01257399976942,30.590060000149666],[-82.01228000004156,30.59001399979116],[-82.0115789997096,30.589467000141443],[-82.01136100014972,30.589249999822428],[-82.01120299996596,30.588991000027974],[-82.01120200014103,30.588882000227052],[-82.01127699958582,30.588775000076215],[-82.01145400003611,30.588652000060424],[-82.0117140003271,30.588551999649596],[-82.01182999977976,30.588479999908603],[-82.01194299975766,30.58836199974477],[-82.01199600035943,30.588217000034913],[-82.01196000037442,30.587771999864316],[-82.01194600013072,30.587246000201194],[-82.01201200025295,30.58697500006041],[-82.01220100039883,30.586661000028467],[-82.01220600042171,30.586393000304867],[-82.01215799984283,30.586262000288674],[-82.01206300030658,30.586162999645417],[-82.01184599967327,30.58602100025695],[-82.01170699975611,30.586005999988082],[-82.01162200026562,30.586039000267146],[-82.0115379997017,30.586110000360897],[-82.0114170002262,30.58631500026343],[-82.01137399967017,30.58647799965394],[-82.0113250001647,30.586926000068203],[-82.01135699995174,30.587016000019094],[-82.01128900017969,30.58711100017729],[-82.01107300026962,30.587157000366943],[-82.01087200042817,30.587115999694603],[-82.01077100014582,30.587049999858486],[-82.01047499986981,30.586748999637607],[-82.01020899973103,30.586419000304716],[-82.01022200014981,30.58628900023568],[-82.01016600007333,30.586130000181846],[-82.0101569998525,30.58595100001346],[-82.01020799990611,30.585773000205204],[-82.0103059998154,30.58560200027702],[-82.01040600027284,30.585511999786693],[-82.0108189998264,30.5852300002869],[-82.01091000006299,30.585114999805707],[-82.01096899961422,30.584968999953077],[-82.01098299985793,30.58481900017216],[-82.01092299958347,30.584292999951817],[-82.01075400042738,30.58371699996533],[-82.01049400013639,30.58322900013436],[-82.01033699977756,30.583094999874486],[-82.0101219996924,30.583056999640135],[-82.00964399984151,30.58312000004089],[-82.0094670002895,30.58316699974859],[-82.00924299998351,30.583162999971815],[-82.00908800017281,30.583118000151565],[-82.00895699975325,30.583036999958555],[-82.00887800011053,30.58293599999538],[-82.00883100025486,30.582819999938486],[-82.0088129998132,30.582695000201838],[-82.00883499955451,30.5825720002047],[-82.00898699989048,30.582319000071998],[-82.00903200009633,30.58220100014195],[-82.00903700011919,30.58205900036344],[-82.00900500033215,30.58195300037143],[-82.00890999989758,30.581792000249425],[-82.00864499958371,30.581476999708237],[-82.00857199978878,30.581428999992525],[-82.00849099959792,30.58137499970394],[-82.00825499959639,30.581290999710884],[-82.00814800036457,30.581215000133163],[-82.00807899986928,30.58110800002632],[-82.00805600030307,30.58097299996164],[-82.0080870002652,30.58088099987853],[-82.00815599986218,30.580822000216454],[-82.00861299979665,30.580643000301023],[-82.00897199982185,30.58041399989278],[-82.0090179998526,30.58028400027817],[-82.00899500028639,30.580148999839494],[-82.0089109997225,30.580034000291416],[-82.00877299963024,30.57995999968295],[-82.00833900016028,30.579926999654628],[-82.00803299983852,30.579824000361246],[-82.00788800007356,30.57973699985921],[-82.0074610002763,30.579397000028624],[-82.00698099987727,30.579094000048457],[-82.00691999977792,30.579001999729236],[-82.00688100031817,30.578897000250205],[-82.00682000021881,30.578544999892944],[-82.0068279997164,30.57828500011807],[-82.00677500001296,30.578100000180896],[-82.0067289999822,30.578002999704932],[-82.00633200032217,30.57746100035437],[-82.0061640000927,30.57727799962839],[-82.0061799999862,30.577211000049612],[-82.00612599955954,30.577124000296664],[-82.00611100038924,30.577027999625265],[-82.00613399995545,30.576932999640704],[-82.00624799975827,30.576789999871046],[-82.00633200032217,30.576754000279845],[-82.00649999965334,30.576764999619225],[-82.0068279997164,30.57692100031174],[-82.00700299961859,30.577056999838057],[-82.00702799973295,30.577070999937753],[-82.00721699987885,30.577182999888755],[-82.00759099997263,30.577323999843347],[-82.00772099966899,30.57731999982551],[-82.00785000043874,30.57726700034714],[-82.00793999995211,30.577174999841283],[-82.00794999999785,30.577165999787116],[-82.00802600016583,30.577029999640196],[-82.00803299983852,30.576997000161523],[-82.00805499957983,30.576895000084864],[-82.00803200001361,30.576759000331265],[-82.00788100040087,30.576484000212687],[-82.00772800024001,30.57634599985363],[-82.0075449999419,30.576248999943306],[-82.00730100044275,30.576040000341003],[-82.00717199967299,30.575929999880927],[-82.00685600020383,30.57575400027743],[-82.00682199986863,30.57573499988363],[-82.0065170002701,30.57550000011951],[-82.00639599989627,30.575379000324904],[-82.00621299959816,30.575061999776466],[-82.00618300035927,30.574956999898173],[-82.00619800042786,30.574808000126303],[-82.00628899976616,30.574680000020038],[-82.00642600003351,30.574597999706125],[-82.00658599986707,30.574581999957477],[-82.0066160000043,30.574588000153526],[-82.00728700019904,30.575227000349823],[-82.00739299960594,30.575254000276267],[-82.0074329997889,30.57524600006968],[-82.00765200007201,30.575203999747654],[-82.00775900020214,30.57514099961722],[-82.00782699997421,30.575066999915133],[-82.00787999967766,30.57496900024359],[-82.00807800004436,30.574284999841588],[-82.00809300011298,30.57416099996678],[-82.00805499957983,30.574014999861063],[-82.00798699980778,30.573899999999142],[-82.00768200020924,30.57378600004183],[-82.00724799984098,30.57368299963948],[-82.0070660002661,30.5736020000722],[-82.00688999964069,30.57348999985255],[-82.00673700037814,30.573365999734698],[-82.00664699996643,30.57325500006228],[-82.00653200033872,30.572940999680984],[-82.0065399998363,30.57284400023207],[-82.00657800036946,30.572742999706065],[-82.00674499987574,30.572522999689586],[-82.00687499957209,30.57240600026857],[-82.00701199983942,30.57233800036172],[-82.00717900024401,30.57229400021459],[-82.00737300041276,30.572280000198788],[-82.00779600001208,30.572250000047593],[-82.00787999967766,30.57222300005821],[-82.00806299997575,30.572093000290714],[-82.00814599981642,30.571898000312704],[-82.00811999987717,30.571257999771948],[-82.0081080001816,30.570941999745916],[-82.00814599981642,30.570438000158617],[-82.00823000038034,30.56991799975478],[-82.00823000038034,30.569711999906733],[-82.00813800031884,30.56936599998844],[-82.00805399975494,30.56924999994076],[-82.00779500018716,30.569051000075973],[-82.00741400042065,30.568829000009345],[-82.00730800011543,30.568732000315464],[-82.00723199994745,30.568556000025172],[-82.00725399968876,30.56836500028497],[-82.00736099981889,30.568168999674597],[-82.00751399997975,30.568042000188427],[-82.00762000028497,30.56785900025269],[-82.00761299971396,30.56776499989794],[-82.0074749996217,30.567554000366187],[-82.00740699984964,30.567496999768757],[-82.0072999997195,30.56747000000331],[-82.0072009999853,30.567489999801627],[-82.00668299995145,30.567362000092867],[-82.00646299984342,30.56718500030188],[-82.00626399965181,30.566753000216487],[-82.00613300013055,30.56639200036336],[-82.00606299981035,30.566398000292637],[-82.00602099997755,30.5662819997897],[-82.00591999969521,30.565994000101874],[-82.00581000009035,30.565357999792802],[-82.005820999961,30.565133000166316],[-82.00588500043344,30.56491899992745],[-82.00604400044209,30.56469199978705],[-82.00617800033639,30.564570000296325],[-82.00635999991125,30.564476999985523],[-82.00653900001141,30.564440000327792],[-82.00719900033549,30.564441999828787],[-82.00755599981255,30.564442999966023],[-82.00800000022657,30.564360000141555],[-82.00817099993078,30.56432499994267],[-82.00830800019816,30.564256999785307],[-82.00831599969574,30.56424800007945],[-82.00838400036614,30.564171000155106],[-82.00842299982587,30.564066000089454],[-82.00840699993233,30.56365799966189],[-82.00830800019816,30.563539000084162],[-82.00796500006646,30.563383000299734],[-82.00761400043719,30.563309000135707],[-82.00742299974316,30.56331299995792],[-82.00728600037412,30.56334100025537],[-82.00715599977947,30.56339800020065],[-82.00704899964934,30.56348399974257],[-82.006630000248,30.563643999946645],[-82.0063549998884,30.563829000385542],[-82.00598099979459,30.564011000046552],[-82.00584400042554,30.564008999763157],[-82.00553100043109,30.563881000102526],[-82.00545500026313,30.563809999976243],[-82.00540099983644,30.563698000052682],[-82.00540099983644,30.563573999793128],[-82.00543900036959,30.563468999854898],[-82.00552300003517,30.56337200021621],[-82.00569100026468,30.56329199992286],[-82.00624799975827,30.56320000008411],[-82.00640799959184,30.563107000007076],[-82.00650800004928,30.562983999918004],[-82.00655300025511,30.562867999974134],[-82.00655300025511,30.56275900020058],[-82.00648499958474,30.56239499970758],[-82.00639300042154,30.562147000340584],[-82.00638500002562,30.562050000153732],[-82.00643899955398,30.56193899990863],[-82.00652999979057,30.56187099962607],[-82.00783500037012,30.56038900010472],[-82.00803299983852,30.560252999640078],[-82.00827800006091,30.56018599990418],[-82.00849899999385,30.56018800026639],[-82.00877299963024,30.560274000332836],[-82.00895699975325,30.560450000177262],[-82.00896599997408,30.56045699987879],[-82.00921600021934,30.560573999788073],[-82.00926200025009,30.560629000232232],[-82.00951400014517,30.561156999970283],[-82.00959699998583,30.561255999843006],[-82.00971199961357,30.56133299976017],[-82.0099180003762,30.561391999675447],[-82.01021499957882,30.561391999675447],[-82.01039899970183,30.56124500029188],[-82.01048200044083,30.56108100008535],[-82.01071099987136,30.560735999727076],[-82.0108409995677,30.560442000296757],[-82.01089400016947,30.560268000024884],[-82.01087900010086,30.560073999665057],[-82.01090199966707,30.559916000130116],[-82.01084899996364,30.55981600025231],[-82.01076500029804,30.55975499978122],[-82.01037600013562,30.559709999929016],[-82.010100999776,30.5596410002183],[-82.00984200020824,30.55951700018874],[-82.00972000000951,30.559390999622114],[-82.00966599958281,30.55922099977715],[-82.00967200032892,30.559192999837812],[-82.00970400011596,30.559043999831346],[-82.00978799978155,30.55888700036095],[-82.00996400040695,30.558749999915868],[-82.0100930002784,30.558590000150687],[-82.01017000027129,30.558411000202227],[-82.0101929998375,30.558249000249525],[-82.01015400037775,30.558073000280864],[-82.010024999608,30.557872999718033],[-82.00995600001104,30.557839999910424],[-82.00968900004735,30.557796000149505],[-82.00952900021379,30.557812000346193],[-82.00939899961914,30.557862999988505],[-82.00904799998985,30.558149000201002],[-82.00887999976035,30.55822799989205],[-82.00874300039132,30.55824299981631],[-82.00862100019259,30.558226000262934],[-82.00852199956007,30.558173999835997],[-82.0084680000317,30.558093999898315],[-82.00844499956717,30.557910999763855],[-82.00849899999385,30.557739000007683],[-82.00923100028795,30.557011000218424],[-82.00935299958839,30.556864000386728],[-82.00952900021379,30.556528000156312],[-82.00959699998583,30.556206000326597],[-82.00957500024454,30.55605700037537],[-82.0094599997185,30.555716000083013],[-82.00923899978557,30.55531900035427],[-82.00904100031715,30.555105000130926],[-82.00874300039132,30.554970000231624],[-82.00855199969729,30.554842000251156],[-82.00843000039688,30.554715999803282],[-82.00840000025964,30.554611000336525],[-82.00842299982587,30.554529000077263],[-82.00847600042763,30.55444699974868],[-82.00868200029194,30.554279000236527],[-82.00901000035502,30.5541589997438],[-82.0094749997871,30.554037000160953],[-82.00959699998583,30.553962999831995],[-82.00975000014671,30.55379500025564],[-82.00985700027682,30.553761000361266],[-82.01075699990211,30.553727999929063],[-82.01087900010086,30.55370299992235],[-82.01098600023097,30.553649999917802],[-82.01107800029249,30.553570000118853],[-82.01113900039185,30.55347299986807],[-82.01116100013316,30.55336799983024],[-82.01112299960002,30.55297500002869],[-82.01097799983505,30.552647000009582],[-82.01069599980275,30.55233799999415],[-82.01034500017347,30.552095000229887],[-82.01007800020977,30.55186099993925],[-82.00987200034545,30.551617000258606],[-82.00968900004735,30.551335999952137],[-82.00966599958281,30.55108999994937],[-82.00967800017669,30.5510150001924],[-82.00970400011596,30.550845999877936],[-82.00980399967509,30.550631000343458],[-82.00995000016326,30.550433999988506],[-82.0101500001798,30.55025199961945],[-82.01031000001336,30.550162000365063],[-82.01050800038009,30.550110000259213],[-82.01073099996285,30.550108999974256],[-82.01099700010164,30.550195999972832],[-82.0111419998666,30.550303999649184],[-82.01175100013704,30.550650999744512],[-82.01188099983338,30.550694000144794],[-82.01204099966695,30.55070599962342],[-82.01219300000292,30.550681999891104],[-82.01259100038617,30.550545999748447],[-82.01279100040271,30.550429999635526],[-82.01289400033488,30.55033600018923],[-82.01295100023628,30.550284000176646],[-82.01316600032143,30.54994599980259],[-82.01323499991841,30.549780000039405],[-82.01325900020787,30.54963100028051],[-82.01325699965973,30.54960499970207],[-82.01323699956824,30.549381999721277],[-82.01310799969681,30.54899500025946],[-82.01304800032068,30.548694000299186],[-82.0130430002978,30.548393000179207],[-82.01306699968892,30.548022999665445],[-82.01315899975043,30.547884000289468],[-82.01351899960055,30.5476449999008],[-82.01377100039394,30.54738000007036],[-82.01383300031821,30.547287999846173],[-82.01402499993884,30.546835999967676],[-82.0140719997945,30.54659099971374],[-82.01385800043256,30.544865000106697],[-82.01390500028825,30.544620999862648],[-82.0139809995579,30.54445200002222],[-82.01404199965728,30.54430699965457],[-82.0140850002133,30.544206000369666],[-82.01409799973376,30.544081999962614],[-82.01369699987578,30.543224999689514],[-82.01342700043735,30.542619999882103],[-82.01341200036873,30.542444000200977],[-82.01345800039948,30.542327999691615],[-82.01353399966916,30.54224599988823],[-82.01396899986236,30.541975000130382],[-82.01431199999402,30.541652999994508],[-82.01435100035206,30.5415779999105],[-82.01435100035206,30.541486999978318],[-82.01454899982048,30.540994999726827],[-82.0147549996848,30.540324999656253],[-82.01490000034808,30.540081000383076],[-82.01503000004442,30.53994399970116],[-82.01518999987799,30.539836999723125],[-82.01564799963738,30.53967099969747],[-82.01572700017843,30.539574000259535],[-82.0157539999426,30.539538999632967],[-82.01576999983611,30.539444000079257],[-82.01573899987397,30.539225000012884],[-82.01576200033853,30.539047000344105],[-82.01582300043788,30.53887699968647],[-82.01595300013423,30.538636999935434],[-82.01599900016498,30.538463999666387],[-82.01595300013423,30.53804000035157],[-82.01599099976906,30.537765000361045],[-82.01600599983769,30.537703999959415],[-82.01635700036526,30.537417999861166],[-82.016471999993,30.537209000179335],[-82.01644900042679,30.537045000369496],[-82.01631899983211,30.53689599963692],[-82.01626600012868,30.536796999678103],[-82.01625000023513,30.536701000114032],[-82.01625799973274,30.536608000179886],[-82.01694499982102,30.535825999657128],[-82.01737900018928,30.535382999874134],[-82.01743299971763,30.535270999645686],[-82.01743299971763,30.535135000355265],[-82.01736400012066,30.535015000186043],[-82.01700599992037,30.534959999929967],[-82.0166550002911,30.53485099976659],[-82.01660900026035,30.53479999964101],[-82.01660900026035,30.534733000133272],[-82.01679199966014,30.53457300024415],[-82.01708999958598,30.534434999857346],[-82.01721900035572,30.534327999999945],[-82.01731100041722,30.534171999692916],[-82.01740199975549,30.533816999756915],[-82.0176689997192,30.53347600027055],[-82.01775300028311,30.53341699963666],[-82.01784500034461,30.533393999956903],[-82.01793300020816,30.533400000378517],[-82.01833300024124,30.53342599987992],[-82.01874499996988,30.533369000130527],[-82.0188520001,30.533313999716214],[-82.01892800026799,30.53324499981361],[-82.01901199993357,30.533118999965904],[-82.01904999956841,30.53301200020643],[-82.01904999956841,30.532888000207553],[-82.01902000032949,30.532768000357443],[-82.0189509998342,30.532674999752643],[-82.01885999959761,30.532623000340738],[-82.01857799956531,30.532623000340738],[-82.01843299980035,30.532646000203087],[-82.01800500017818,30.532714999757406],[-82.01777599984932,30.532659999746567],[-82.01764600015298,30.532546999781335],[-82.01760099994713,30.532319999761977],[-82.01764600015298,30.532174999850383],[-82.01779900031386,30.53205499989328],[-82.01807399977515,30.53175999978769],[-82.01839400034059,30.531418000340693],[-82.01837099987607,30.53126900026166],[-82.01827200014188,30.531137000385026],[-82.01808100034617,30.531022999714153],[-82.01787499958351,30.530950999832374],[-82.0175850000536,30.53092199976818],[-82.01747100025078,30.530880000380282],[-82.01736400012066,30.53076000037103],[-82.01734900005206,30.530627999802793],[-82.01750200021294,30.530218000223687],[-82.01756300031231,30.52992200023712],[-82.01771499974994,30.529649999642555],[-82.01783699994868,30.529509000055953],[-82.01799000010956,30.529386999677747],[-82.01818799957798,30.529273999774322],[-82.01843199997543,30.529185999874862],[-82.01853099970963,30.52908099988181],[-82.01855400017418,30.528992000078834],[-82.01830300010401,30.528520999807693],[-82.01814200044554,30.528432999999982],[-82.01799699978227,30.52842499980248],[-82.01767700011511,30.528354999787314],[-82.01737199961828,30.52832599972201],[-82.01708999958598,30.52833399992766],[-82.01683799969089,30.528363999725737],[-82.0166550002911,30.52841200015721],[-82.016471999993,30.52848800008258],[-82.0162960002659,30.528596999647807],[-82.01613600043234,30.528656000113916],[-82.01580800036928,30.528702000163918],[-82.01567000027701,30.528688000050085],[-82.01557900004042,30.528659999816306],[-82.0154869999789,30.528586999998033],[-82.01543400027546,30.528500999717693],[-82.01543400027546,30.528369999684237],[-82.01546400041268,30.52825199991643],[-82.01552600033695,30.528155999645428],[-82.01561699967525,30.52806500029241],[-82.01592200017208,30.52737399995016],[-82.01606699993704,30.527194999709565],[-82.016211999702,30.52705399965533],[-82.01644100003085,30.526898999798632],[-82.01653999976506,30.526864999772034],[-82.01667000035971,30.526875000372844],[-82.01678400016253,30.52694499990671],[-82.01706700001975,30.527215999815382],[-82.01714300018774,30.527383999724712],[-82.01725699999054,30.527531000084238],[-82.01739500008281,30.52764099969186],[-82.01754700041877,30.52771599970465],[-82.01778400024523,30.527789999918525],[-82.01797500004095,30.52777100019311],[-82.01799699978227,30.527754999688433],[-82.01808800001885,30.527690000222623],[-82.01812700037692,30.527661999701294],[-82.01818099990527,30.527510000046497],[-82.01819599997388,30.527289999636263],[-82.01816500001175,30.527046000118094],[-82.01794200042899,30.526336000260905],[-82.01776099978069,30.52575900002044],[-82.01773800021448,30.52555300008223],[-82.01778400024523,30.525405999825526],[-82.01792099961428,30.52514800036917],[-82.01825200005038,30.524737000333168],[-82.01830599957873,30.524670999849132],[-82.01831800017263,30.524656000154955],[-82.01847800000618,30.524391000275035],[-82.01853999993047,30.524232000154996],[-82.01860000020493,30.52407800021894],[-82.01863799983975,30.523930000271545],[-82.01863100016708,30.523834000373363],[-82.01855400017418,30.52368500027106],[-82.01844000037136,30.523592000257562],[-82.01821900043842,30.5235329998118],[-82.01807399977515,30.523528999898293],[-82.01795199957641,30.52356499988747],[-82.01783699994868,30.523638000383517],[-82.01776900017661,30.523731000352996],[-82.01772300014586,30.52386099989486],[-82.01762400041166,30.523963999777497],[-82.0174789997484,30.524019000068254],[-82.01733399998345,30.524016999734606],[-82.01721900035572,30.523951000309157],[-82.01713499979182,30.52380600028846],[-82.017097000157,30.52364300007627],[-82.0171199997232,30.52326799996474],[-82.01705100012623,30.5230730001706],[-82.01635700036526,30.522144000032938],[-82.0162960002659,30.521903999954958],[-82.01632700022805,30.521687000193225],[-82.01637999993149,30.521600999996696],[-82.01644900042679,30.521529999903084],[-82.01654099958998,30.521474999751295],[-82.01655999985655,30.52146400033626],[-82.01709499960884,30.521147999936815],[-82.01772999981856,30.520770999857238],[-82.01794400007881,30.52061100019017],[-82.01815800033906,30.520409000215004],[-82.01835599980745,30.52015700033928],[-82.01851599964102,30.519869000012875],[-82.01858500013631,30.51948900013577],[-82.01856199967176,30.51922999984468],[-82.01816500001175,30.518704999897945],[-82.01802000024679,30.518648000024967],[-82.0178520000173,30.51866699998637],[-82.0175349998249,30.518830999865227],[-82.01750899988562,30.518844999851517],[-82.01694499982102,30.519327000249657],[-82.01670799999455,30.519566999726703],[-82.01640300039601,30.520046000177512],[-82.01631899983211,30.5201429997681],[-82.01616599967123,30.520219999789106],[-82.01587600014135,30.520273000240408],[-82.01567799977462,30.52023299975646],[-82.01554100040558,30.520098000129643],[-82.01545699984167,30.519764000012128],[-82.01541900020683,30.51936700033261],[-82.01544900034406,30.51887299981799],[-82.01551799994104,30.518679000326646],[-82.01563199974387,30.518506999951093],[-82.01571600030776,30.518283999762506],[-82.01579300030066,30.517932999959623],[-82.01580800036928,30.517700000005636],[-82.01540300031331,30.516457999751914],[-82.01531200007672,30.51625599965832],[-82.01531200007672,30.515762000357974],[-82.01524299958143,30.51531000003954],[-82.01521300034253,30.514832999989043],[-82.01513600034963,30.514385000284364],[-82.01502199964851,30.513972999735476],[-82.01500699957988,30.513700000273335],[-82.0147549996848,30.513251999990796],[-82.01460999991984,30.51277900025911],[-82.01456399988909,30.512311999950008],[-82.0146629996233,30.511181000086676],[-82.01547199991029,30.508367999671087],[-82.01551799994104,30.508109999877338],[-82.01558700043633,30.507943999822153],[-82.0157470002699,30.507717000378896],[-82.01591499960108,30.50758900003985],[-82.01613600043234,30.507502999753694],[-82.01641799956631,30.507501999803893],[-82.01669299992594,30.507426999671463],[-82.01691399985887,30.507298999724608],[-82.017020999989,30.507131999879245],[-82.01701900033918,30.507032999779902],[-82.01701699979104,30.506746000001165],[-82.01700300044564,30.50666400035103],[-82.01693599960018,30.50653900005289],[-82.01679500003318,30.506383000025096],[-82.01671100036761,30.506291999635284],[-82.0165919996436,30.506098999768536],[-82.01651200017596,30.50587699972079],[-82.016471999993,30.50557799999208],[-82.01648500041179,30.505481999770307],[-82.01650499960496,30.5053479997538],[-82.0167740001168,30.50475399990618],[-82.01682199979737,30.5045260000018],[-82.01688299989674,30.504174000077455],[-82.01690600036127,30.504045999718702],[-82.01687299985099,30.50371800011056],[-82.01689299994247,30.503402000074225],[-82.0170009998975,30.5028089999487],[-82.01708200008837,30.502129999683735],[-82.01708700011122,30.50207600017161],[-82.01703600005762,30.501884999693022],[-82.01703100003473,30.501866000321908],[-82.01694599964594,30.501764000253427],[-82.01679000001032,30.501636999828982],[-82.01550200004752,30.50058399975868],[-82.01528500031255,30.500283999987293],[-82.01516599958855,30.49998500009178],[-82.01514999969501,30.49989199985146],[-82.01517200033464,30.499798000267244],[-82.01523199971079,30.4997150001471],[-82.01530000038116,30.49966100006826],[-82.0155430000554,30.499543000278933],[-82.01562599989607,30.499456999843773],[-82.01567000027701,30.49935400031158],[-82.0156769999497,30.499271999846986],[-82.01565299966026,30.49920899998117],[-82.01539099971944,30.498929999863698],[-82.01535800010747,30.4988390002405],[-82.01535700028256,30.4987149999874],[-82.01537900002386,30.498625000204107],[-82.01548399960585,30.498485999816168],[-82.015550999553,30.49833200011774],[-82.01558700043633,30.498154999896865],[-82.01556899999467,30.497969999745976],[-82.01569600021627,30.49771999986171],[-82.01574200024702,30.497538999866517],[-82.0157680001863,30.497433999744924],[-82.01606899958688,30.496988999777592],[-82.01609700007427,30.496838000209728],[-82.01607199995992,30.49666299971507],[-82.01610200009713,30.49658400026438],[-82.01618499993782,30.49650099972406],[-82.01628200002219,30.49644900030999],[-82.01665600011601,30.496246999672866],[-82.01698300035416,30.496142999771383],[-82.017161999556,30.4961170003592],[-82.01734900005206,30.49609100016596],[-82.01754800024369,30.496002999639167],[-82.01765500037381,30.49591800001345],[-82.01775400010803,30.49579199976689],[-82.01772399997078,30.495672999857195],[-82.01764600015298,30.495565999898638],[-82.017493999817,30.495473000077858],[-82.01725600016564,30.495426999784062],[-82.01608500037871,30.49543999997025],[-82.01593300004274,30.495396999883596],[-82.01589000038503,30.49536299967563],[-82.01576399998834,30.495260999754485],[-82.01568600017053,30.495038999738608],[-82.01571700013267,30.494821999616953],[-82.01576999983611,30.494755999723026],[-82.01626699995359,30.494518000319875],[-82.01653499974218,30.49434699986237],[-82.01690999966092,30.49403399983532],[-82.01719199969322,30.49375699976533],[-82.01740699977837,30.493495999634483],[-82.0175979995741,30.493217000161682],[-82.01763600010723,30.493123999643586],[-82.01765100017586,30.492949000208867],[-82.01776599980357,30.492850999706715],[-82.01784199997157,30.492717000092608],[-82.01797900023891,30.492351000079],[-82.01800600000308,30.492156000201213],[-82.01801699987374,30.49207499997034],[-82.01800099998023,30.491996999999675],[-82.01795499994947,30.491942000171324],[-82.01765700002363,30.49187499976138],[-82.0173809998391,30.49177199994239],[-82.01713800016486,30.49163600016462],[-82.01712800011911,30.491631000374095],[-82.01706000034704,30.491526000068713],[-82.0170429997303,30.49129200019701],[-82.017097000157,30.49110700015483],[-82.01718099982257,30.49097600004617],[-82.01727399970898,30.490896999848104],[-82.01744100011356,30.490749999828136],[-82.01760900034306,30.490532000079515],[-82.01773099964346,30.490263999698026],[-82.01777699967423,30.49003399963124],[-82.01774499988719,30.489760000181615],[-82.01762299968844,30.489539000134037],[-82.0174159999992,30.489369000351424],[-82.01716300027921,30.48928699998577],[-82.01687299985099,30.489229999898612],[-82.01663500019961,30.48909499980336],[-82.0164660001452,30.48889099987189],[-82.01640500004584,30.48867000017304],[-82.01642799961206,30.488505000371937],[-82.01668299988019,30.488246999756193],[-82.01671800004029,30.488211999998004],[-82.01695400004185,30.48791800013905],[-82.01716099973108,30.48758900018373],[-82.01725299979257,30.48734199964161],[-82.01728299992982,30.487111999635587],[-82.01725100014276,30.486516000348754],[-82.01714300018774,30.4855830001394],[-82.01705100012623,30.485421999682163],[-82.01689799996534,30.48530099989402],[-82.0167749999417,30.485247999734728],[-82.01620099983136,30.48510599982293],[-82.01604699984556,30.48503100022752],[-82.01591799997414,30.48493399967419],[-82.01574899991972,30.484755999668256],[-82.01567399957666,30.484638999791468],[-82.015634000292,30.484575999739974],[-82.01555700029911,30.484380999764657],[-82.01553499965948,30.484215999658986],[-82.01552600033695,30.484150000312543],[-82.01554800007827,30.483958000059147],[-82.01564799963738,30.483817000006873],[-82.01584000015633,30.483746999614027],[-82.01604000017286,30.483745000000216],[-82.01617700044021,30.48378299962325],[-82.01629899974064,30.483859999791896],[-82.01696599973741,30.48440300001564],[-82.01720299956388,30.484471999750134],[-82.01737199961828,30.484429999648317],[-82.01760099994713,30.48418399979375],[-82.01766000039667,30.484121000221936],[-82.01782500025313,30.483867000367187],[-82.01795699959929,30.483664999930348],[-82.01812800020181,30.48348699992603],[-82.01832200037059,30.48336700025263],[-82.01872099968045,30.483206000000386],[-82.0187680004344,30.48318599987834],[-82.01886499962049,30.483179000028166],[-82.01906600036025,30.48316500032637],[-82.01917199976715,30.48308099975074],[-82.0192179997979,30.482979000115517],[-82.0192100003003,30.482830000114724],[-82.01910999984285,30.482680999885847],[-82.01894199961338,30.48257899983145],[-82.018703999962,30.482521000253776],[-82.01863600018993,30.482505000043822],[-82.018415000257,30.482398000314266],[-82.01823100013398,30.482231000298658],[-82.01810100043764,30.482006000112012],[-82.0179859999116,30.481408000088248],[-82.01782500025313,30.480820999630012],[-82.01763899958196,30.480288000299385],[-82.01744899961118,30.479940999776797],[-82.01743299971763,30.47987499985418],[-82.017493999817,30.479659000216913],[-82.01755499991637,30.47959400033981],[-82.01763100008435,30.47955100021856],[-82.01783699994868,30.47954700004429],[-82.01796699964503,30.479600999673597],[-82.01827999963947,30.47973100014926],[-82.01850899996835,30.479772999956165],[-82.01889899995567,30.479784000215968],[-82.01906700018517,30.479748000276054],[-82.01921199995013,30.479663999848384],[-82.01930400001162,30.479551999681483],[-82.01937900035469,30.479356999705544],[-82.0193869998523,30.479150999783112],[-82.01934800039255,30.47897599999516],[-82.01907999970564,30.478619000071546],[-82.01869800011423,30.478286999674687],[-82.01794200042899,30.477933000308177],[-82.01782600007803,30.477835999649127],[-82.01778800044319,30.47774400017185],[-82.01777300037458,30.477650000094393],[-82.01779199974284,30.477479000190176],[-82.01780199978859,30.477384000371742],[-82.01787899978147,30.477148000038454],[-82.01786299988797,30.477039000088364],[-82.0173809998391,30.476388999677514],[-82.0171130000505,30.47606800009772],[-82.01700599992037,30.475941999698428],[-82.01690700018617,30.47575800017425],[-82.01686000033052,30.475513000360603],[-82.01690600036127,30.47511099980155],[-82.0171120002256,30.47486899998971],[-82.01745399963403,30.47456400001316],[-82.01761400036592,30.47438000020748],[-82.01780500016163,30.4740460002524],[-82.01785000036747,30.473781999792532],[-82.01792599963714,30.473557000208064],[-82.01810800011033,30.47325300029471],[-82.01851200034137,30.47292799999476],[-82.01899299966699,30.472794000048335],[-82.01902899965201,30.472774999642358],[-82.01914599982787,30.472716999643275],[-82.01928300009523,30.472609999994887],[-82.02028900002571,30.471361000098494],[-82.02080700005956,30.470562000299974],[-82.02109699958947,30.47025100032206],[-82.02118000032848,30.470090000057873],[-82.0212179999633,30.46992000037485],[-82.02137799979688,30.46967999995282],[-82.02255100013194,30.468032000333732],[-82.0228869996926,30.467698999869697],[-82.02325300028883,30.467509999999645],[-82.02351000020677,30.467286000223623],[-82.02351699987948,30.467279000004545],[-82.02359499969728,30.467211999652065],[-82.02367500006321,30.467006000359827],[-82.0237860003913,30.46671700024243],[-82.02392600013339,30.46608200005354],[-82.02399800010339,30.465758000203333],[-82.02414200004345,30.465311000203794],[-82.0242030001428,30.46488900010588],[-82.02419999976975,30.46486300008775],[-82.02416399978475,30.464478999786255],[-82.02405599982971,30.464061999613545],[-82.02398700023275,30.463923000191677],[-82.02388000010262,30.4637890002437],[-82.02345199958214,30.463439999739375],[-82.02329799959635,30.46318400009639],[-82.0232449998929,30.46302600021089],[-82.0232590001366,30.462794999647528],[-82.02323599967208,30.462604000279704],[-82.02310599997573,30.46229699977741],[-82.02296799988346,30.46213099977117],[-82.02234799974235,30.46156100022735],[-82.02229599986383,30.46147800001962],[-82.02227199957437,30.461381999653938],[-82.02232500017614,30.46122699967031],[-82.02248599983461,30.46111799970905],[-82.02263099959957,30.461099000122445],[-82.0228289999663,30.46113799971821],[-82.02301999976201,30.4611349999881],[-82.02321800012871,30.461085999995593],[-82.02338600035822,30.460998000342332],[-82.02348500009242,30.460707999778368],[-82.02343800023674,30.460562999946987],[-82.02327099983216,30.460319000282944],[-82.02326300033457,30.460210000080053],[-82.02328599990078,30.46010200019209],[-82.02331100001514,30.460067000381997],[-82.02336200006877,30.459996999949674],[-82.02346199962787,30.459936999981558],[-82.02362800020754,30.45993499987869],[-82.02387500007974,30.459932000111596],[-82.02413500037075,30.459884999617916],[-82.0244340001215,30.459777000144037],[-82.02455700014514,30.459696000072842],[-82.02464199963563,30.459596999722336],[-82.02468900038961,30.45946000023674],[-82.02461499987146,30.459237999875718],[-82.02466199972712,30.45899399999058],[-82.02483300032966,30.458691999661024],[-82.02531100018057,30.45819500018076],[-82.02538899999834,30.458075999994403],[-82.02542900018132,30.45787400025642],[-82.02536200023417,30.457605999796584],[-82.02537200027992,30.457441000004994],[-82.0254340002042,30.457285000254792],[-82.02555800005277,30.45713400026862],[-82.02575700024438,30.456978000026943],[-82.02597999982714,30.45686999965368],[-82.02626400040758,30.456787999792255],[-82.02634200022538,30.45678200006413],[-82.02654600043991,30.456766000270996],[-82.02658499989963,30.45672800017105],[-82.02657800022696,30.456679999982814],[-82.02680800038071,30.456559999796035],[-82.02702900031366,30.45649499998805],[-82.0270460000321,30.456489999941454],[-82.02732800006439,30.456445999984968],[-82.02747299982936,30.456389999730085],[-82.02783900042556,30.456098999685004],[-82.02801500015265,30.455919000211974],[-82.02812999978039,30.455750999990872],[-82.028144999849,30.45572999994284],[-82.02831999975118,30.45539100020098],[-82.02838900024648,30.455193999656135],[-82.02838099985055,30.455044000015874],[-82.02835099971333,30.454894999860635],[-82.02817499998623,30.454587999846343],[-82.02803799971888,30.454454000223038],[-82.0278700003877,30.45435299974945],[-82.0275189998601,30.45420799975288],[-82.02740400023237,30.454198999922244],[-82.02714300011645,30.454066999987266],[-82.02702299956756,30.454005999739845],[-82.0269470002979,30.453940999776965],[-82.02688600019852,30.45384400000187],[-82.02687000030501,30.453721999964095],[-82.02690100026713,30.453602000006395],[-82.02698099973477,30.453505999624106],[-82.02716800023084,30.453280999664308],[-82.02728200003364,30.45299700009877],[-82.02729000042956,30.452788999924657],[-82.02720599986566,30.45258300033472],[-82.02718300029943,30.452452000275056],[-82.02716800023084,30.452363999793185],[-82.02717599972843,30.452186999621816],[-82.02721400026158,30.45201099964884],[-82.02727500036096,30.45192700007772],[-82.02735900002654,30.451875999832616],[-82.02749600029388,30.451848999692018],[-82.02764100005884,30.451863999771017],[-82.0278009998924,30.451949999663256],[-82.02801500015265,30.45225299972331],[-82.02827399972043,30.452450000018608],[-82.0284269998813,30.452518000197088],[-82.02854900008003,30.45254299989773],[-82.02867899977637,30.452536000168063],[-82.02882400043964,30.452488000238077],[-82.02894599974007,30.45241900029728],[-82.02903699997667,30.452330000043386],[-82.02910599957366,30.45221899993472],[-82.02913599971087,30.452112000226602],[-82.02908300000743,30.4520129999143],[-82.02883899960995,30.45188100011596],[-82.02869399984499,30.451700000072396],[-82.02867899977637,30.45165300025425],[-82.02868399979926,30.451644999936992],[-82.02873999987574,30.451557000275233],[-82.02877000001298,30.451448000337624],[-82.0287089999136,30.4511969997051],[-82.02874700044676,30.45113900002238],[-82.02880799964781,30.451120000038664],[-82.02886899974719,30.451129999908265],[-82.02890700028034,30.45116600035964],[-82.02903000030398,30.451186999842385],[-82.02928100037414,30.45116199979388],[-82.02947200016985,30.451069000145672],[-82.02957099990405,30.45094500021853],[-82.02962500033073,30.450742999637136],[-82.02959400036859,30.450554000170875],[-82.02948700023846,30.45036900016213],[-82.02864799981424,30.449854000360506],[-82.02857599984421,30.449785000103624],[-82.02854099968411,30.449752999765952],[-82.02845700001853,30.44962300031874],[-82.02830499968258,30.44926100002713],[-82.0282710002457,30.449130000148628],[-82.02822799968966,30.448964999944714],[-82.0281669995903,30.448094999741638],[-82.02810600038926,30.447688999932176],[-82.02810600038926,30.447444999782476],[-82.028144999849,30.447252000164525],[-82.02836599978194,30.446918000123524],[-82.02850200022438,30.446779000251418],[-82.02917500006893,30.446093000046904],[-82.02939600000187,30.445893999676958],[-82.02956400023137,30.445684000211884],[-82.03008200026522,30.44470799988095],[-82.03021199996157,30.444533999987446],[-82.03039500025967,30.444386999675157],[-82.0308909996539,30.4442539997917],[-82.03106700027931,30.44418699986898],[-82.03127999981633,30.44404799997499],[-82.03144800004583,30.443880000200718],[-82.03169999994088,30.443499000345213],[-82.03182999963724,30.443217999664416],[-82.03185899994956,30.4431119999799],[-82.03190599980522,30.44293800033564],[-82.03197399957729,30.442467000087706],[-82.03209699960092,30.442110000337177],[-82.03226400000551,30.44181400022531],[-82.03246999986982,30.44159899968],[-82.03259200006856,30.44156800037998],[-82.03271500009222,30.44157400027026],[-82.03283700029095,30.44161600026632],[-82.03293600002515,30.44169600002434],[-82.03304999982797,30.44188899979965],[-82.03308800036112,30.442238000044433],[-82.0331569999581,30.44233300006341],[-82.0332559996923,30.44240399986227],[-82.03340100035557,30.44244600027521],[-82.03359200015129,30.442439999664163],[-82.03373699991624,30.44240399986227],[-82.03385599974192,30.442327000219844],[-82.03387400018357,30.442316000376604],[-82.03398100031369,30.44217700013835],[-82.03406499997928,30.441897999992545],[-82.03425599977498,30.44087599997343],[-82.03430799965354,30.440715999820576],[-82.03446900021034,30.440224000164303],[-82.03482800023554,30.439706999685914],[-82.03531600013216,30.4391670000658],[-82.0360640003198,30.438463000269667],[-82.0365449996454,30.43810499991119],[-82.03678099964696,30.437998000200157],[-82.03738400006962,30.437787999991535],[-82.0381699998921,30.437617999712693],[-82.03887899972167,30.43753599991871],[-82.03903199988254,30.43749999985511],[-82.03935200044798,30.437319000216238],[-82.03965000037381,30.437092000271218],[-82.03992400001022,30.436808000008753],[-82.0400010000031,30.43666099966532],[-82.04002399956931,30.436230000252515],[-82.04001600007173,30.435888000340576],[-82.03994699957643,30.43546699976225],[-82.03975599978072,30.434896000025404],[-82.03975599978072,30.43475899989778],[-82.0397259996435,30.434640999678823],[-82.03957300038093,30.434450000124528],[-82.0394589996798,30.43437199969618],[-82.03936699961828,30.43434300027564],[-82.03926100021141,30.434340999647585],[-82.03915400008128,30.43437600017641],[-82.03907700008837,30.434429000134497],[-82.03902400038494,30.434509000367413],[-82.03895499988965,30.434763000362143],[-82.03895499988965,30.435281999779573],[-82.03885600015545,30.435494999708087],[-82.03867299985734,30.435693999617353],[-82.038466999993,30.435783000344383],[-82.03823099999147,30.435779999833855],[-82.03793300006564,30.43564599991382],[-82.03772700020131,30.435473999943113],[-82.03766699992684,30.435379000211988],[-82.03761300039848,30.43529299964181],[-82.03732600034331,30.434534000039495],[-82.03720800034253,30.43422299969741],[-82.03717800020532,30.434056999893325],[-82.03718499987801,30.433785999984007],[-82.03712399977863,30.43330999998945],[-82.03704000011305,30.43290299985698],[-82.03691100024162,30.432438000384412],[-82.03676599957835,30.432117000059694],[-82.0365289997519,30.431788999782746],[-82.03634999965173,30.43160900034274],[-82.03630000032133,30.431559000267253],[-82.0362900002756,30.431549999894635],[-82.0359949998245,30.431313000111082],[-82.03575100032535,30.431185000004817],[-82.03543800033088,30.431092999848858],[-82.03534700009429,30.43101899967729],[-82.03528599999493,30.43090800008924],[-82.03530899956114,30.430432999957734],[-82.03528599999493,30.430146999728226],[-82.03520900000203,30.42981000003902],[-82.03509500019922,30.429522000354144],[-82.03508000013062,30.42938599962647],[-82.0353620001629,30.428135000299246],[-82.03532399962977,30.42799200001878],[-82.03518600043581,30.427901999935145],[-82.03481300016692,30.427843000343078],[-82.03470299966375,30.427842000349663],[-82.03454600020322,30.427839000369435],[-82.0342480002774,30.427877000112353],[-82.03409500011652,30.427864000201957],[-82.03388199968117,30.427774000000284],[-82.03378299994698,30.427649999878984],[-82.03377499955106,30.427555000272857],[-82.03382800015282,30.42724000014234],[-82.03400399987991,30.426736999836482],[-82.03419700022376,30.42632900015346],[-82.03423300020877,30.426254000231086],[-82.03453799980731,30.425763999680896],[-82.03466800040196,30.425622999830143],[-82.03483599973313,30.42552599976503],[-82.03504900016847,30.42546700028516],[-82.03546099989711,30.425401999884727],[-82.03575100032535,30.425287000023566],[-82.03595700018968,30.42513700006825],[-82.0359949998245,30.425062000004168],[-82.03600300022043,30.424967000201633],[-82.03594899979375,30.424833000143522],[-82.0357970003561,30.42465600033965],[-82.03560599966207,30.424514999662104],[-82.03533100020078,30.424386999930878],[-82.03521700039795,30.424273999707868],[-82.03512500033645,30.4241279998703],[-82.0350109996353,30.423805000015644],[-82.03498800006909,30.42355700037047],[-82.03500999981041,30.42347000018312],[-82.03522499989556,30.422624999866024],[-82.03525500003279,30.42240500015036],[-82.03524800036008,30.422254999637342],[-82.03514799990268,30.42207100021133],[-82.03486400022054,30.42179299992361],[-82.03447699970793,30.421412999820596],[-82.03422499981285,30.421092999686817],[-82.03404200041307,30.42069799973271],[-82.03401899994853,30.42053599965002],[-82.03403499984206,30.42036500021776],[-82.03404599971272,30.420236999690033],[-82.03406499997928,30.42003200034102],[-82.03413399957626,30.419924000095044],[-82.03425599977498,30.41983400031524],[-82.03435500040752,30.41979799991525],[-82.03465599980808,30.41974699990688],[-82.03485099980176,30.419713999705014],[-82.03523999996418,30.419601000267207],[-82.03548400036165,30.419512000268256],[-82.0359949998245,30.419258000068556],[-82.03636100042071,30.419131999803472],[-82.03660599974478,30.41908599986287],[-82.03665400032367,30.419060000021616],[-82.03681900018012,30.418970000219574],[-82.03691100024162,30.418881999730324],[-82.03700199957989,30.4186080000053],[-82.03703300044036,30.418361999726756],[-82.03702500004442,30.41810600022074],[-82.03706299967926,30.417973000130573],[-82.0371630001367,30.417854999747384],[-82.0372769999395,30.41772099999267],[-82.03755200029912,30.41753799986283],[-82.03765199985824,30.417504000363873],[-82.03775800016344,30.417468999978723],[-82.03794800013426,30.417479000200714],[-82.03905500034708,30.41794800008755],[-82.03922199985332,30.41799000018714],[-82.03939799958043,30.418000999675343],[-82.03961900041168,30.41797099994141],[-82.04029100043134,30.41778000028311],[-82.04054199960318,30.417638999739875],[-82.04064899973329,30.41753799986283],[-82.04070300015998,30.417454000031206],[-82.04072499990129,30.417357999692378],[-82.04070999983267,30.417294000188726],[-82.04066399980192,30.41723799991075],[-82.04048100040212,30.41719199985211],[-82.040374000272,30.417204000307347],[-82.04003100014033,30.417380999685346],[-82.03989399987297,30.417408000074307],[-82.03974900010802,30.417410000274945],[-82.0395499999164,30.41735999989411],[-82.03939799958043,30.417288000354166],[-82.03925299981549,30.41718299970333],[-82.03913900001267,30.417051000008634],[-82.03907000041569,30.416907999750496],[-82.03906200001977,30.41670200027263],[-82.03931399991484,30.415679999629536],[-82.03941299964903,30.41555599963154],[-82.03950499971054,30.415503000265318],[-82.03962699990929,30.41547800036426],[-82.03974900010802,30.41549299984085],[-82.03984799984222,30.41553699968663],[-82.03998500010958,30.41568799979894],[-82.04005399970656,30.41596599966148],[-82.04013800027046,30.41617199991824],[-82.040366999701,30.41645200017178],[-82.0404510002649,30.416515000118103],[-82.04056500006772,30.41655700005972],[-82.04098500019228,30.416596999765996],[-82.0412670002246,30.4165549998416],[-82.04151900011968,30.416458000057727],[-82.04177799968743,30.416445000175226],[-82.04202200008491,30.41640099996407],[-82.0424649997757,30.416244000281466],[-82.04285399993812,30.415991000212234],[-82.04344099956894,30.415407000331435],[-82.04360899979845,30.415210999689055],[-82.04376199995932,30.414868999680806],[-82.04367800029374,30.414353999869643],[-82.04365099963124,30.41431099962261],[-82.04361700019439,30.414257000222314],[-82.04351799956186,30.41419400036786],[-82.04321999963602,30.41413699972665],[-82.04296799974094,30.414124000309645],[-82.04271699967076,30.414152000183996],[-82.04247300017163,30.414215000065624],[-82.04226700030729,30.414309000133105],[-82.04202999958251,30.41451100026848],[-82.04185499968034,30.41483500002673],[-82.04171699958808,30.415004999727934],[-82.04153400018826,30.415154999765193],[-82.04134300039256,30.41525300019185],[-82.04120600012523,30.41528899994442],[-82.04108399992649,30.41526799970302],[-82.04100000026091,30.415206999972234],[-82.04089300013078,30.41506799983361],[-82.04084700010002,30.414937999853734],[-82.0408320000314,30.414815999941467],[-82.04090900002429,30.414387000334617],[-82.040915999697,30.414004999785643],[-82.04095400023014,30.41387200030425],[-82.04104600029166,30.413746000057586],[-82.04120600012523,30.41363699968838],[-82.04122899969144,30.413630999628992],[-82.04140399959361,30.413586000333815],[-82.04198399955176,30.413638999966366],[-82.0424799998443,30.41358799983813],[-82.04297600013686,30.41343500006824],[-82.04321299996333,30.413277000120083],[-82.04335799972829,30.41305000000667],[-82.04347999992702,30.412610999664956],[-82.04338799986552,30.412406999942487],[-82.04331500007058,30.412360999931007],[-82.04315799971172,30.412262999699408],[-82.04286800018184,30.412153999998278],[-82.04239500035382,30.41205699971405],[-82.0421269996669,30.41191000003412],[-82.04198199990195,30.411764999674386],[-82.04189099966534,30.411604999802222],[-82.0418530000305,30.411459999764155],[-82.04186800009913,30.411314000122573],[-82.04196699983332,30.411174999863025],[-82.0421199999942,30.411087000092376],[-82.0422959997213,30.41106300000034],[-82.0428380000446,30.41098799996511],[-82.04324300010055,30.410865999763995],[-82.04347200042942,30.410741999847904],[-82.04363200026297,30.41055700023632],[-82.04368599979135,30.410408000277535],[-82.04369300036235,30.410174000018287],[-82.04367800029374,30.410069000236184],[-82.04356399959262,30.40971299984652],[-82.0435410000264,30.40937099994262],[-82.04370099985996,30.408722000074707],[-82.04379999959416,30.408503999615373],[-82.04386099969352,30.408277000023546],[-82.04389900022666,30.407989999732866],[-82.04387599976214,30.407770999764136],[-82.04380799999008,30.407619999800293],[-82.0436699998978,30.407468000175456],[-82.04357100016361,30.40735899976869],[-82.04338000036792,30.407211999986906],[-82.0431820000012,30.407105999912062],[-82.04293599995388,30.407115999646322],[-82.04267800021103,30.407127000359992],[-82.04204399982622,30.407269000023454],[-82.04186800009913,30.4072639997769],[-82.04169999986962,30.407216000031337],[-82.04147100043909,30.407074000290777],[-82.04136400030896,30.40697300032782],[-82.04129599963859,30.406832999876507],[-82.041288000141,30.40666900037635],[-82.04132599977581,30.406551000272707],[-82.04143299990594,30.40639999997147],[-82.04157799967089,30.406272999937496],[-82.04173800040279,30.406181000309918],[-82.04182999956598,30.406146999953993],[-82.04185600040356,30.40614199965003],[-82.04191300030497,30.40613199981601],[-82.04202899975759,30.40611099992884],[-82.0428520002883,30.405963000374765],[-82.04316199990969,30.405877999660394],[-82.04331699972042,30.405835999772336],[-82.04381300001295,30.405641999722743],[-82.04398899974004,30.405530999932374],[-82.04414899957362,30.40539700030346],[-82.04450900032204,30.40492899999494],[-82.04460800005624,30.40471499973553],[-82.0446609997597,30.404513000247878],[-82.04467099980543,30.40442000027807],[-82.04470000011774,30.404126999627366],[-82.04468500004914,30.403963000230604],[-82.04463399999551,30.403827000295202],[-82.04460100038357,30.40374200004568],[-82.04430400028264,30.403267000160323],[-82.04419700015251,30.40298299983308],[-82.04402899992301,30.40202900018297],[-82.04392199979289,30.401642000328266],[-82.0437539995634,30.401213000162404],[-82.04341100033005,30.400567999844597],[-82.04324300010055,30.400169000174838],[-82.04281600030329,30.398747999949382],[-82.04250300030886,30.3978250000298],[-82.04234299957696,30.39742499969585],[-82.04222799994925,30.396981999916814],[-82.04220299983487,30.396943000231865],[-82.04218600011644,30.396908999758693],[-82.04210900012353,30.396848000179048],[-82.04196000016063,30.396632000180052],[-82.04193800041932,30.396607999634096],[-82.04130800023246,30.395896000126303],[-82.04123100023958,30.395675000281365],[-82.04126899987442,30.395350999699406],[-82.04123700008736,30.39510700035973],[-82.04112900013232,30.394863999966937],[-82.04068700026644,30.394720000195047],[-82.04050399996834,30.3946369996597],[-82.04026600031698,30.394476000053935],[-82.04024299985244,30.39444499972881],[-82.04021400043845,30.394403000347403],[-82.04017500008037,30.39434799967268],[-82.04015099979094,30.39419300007002],[-82.04019500017186,30.393881999785567],[-82.04014900014111,30.393637999875743],[-82.0400570000796,30.393461999638667],[-82.03984299981936,30.393185000357878],[-82.03968100033597,30.392930000269633],[-82.03960500016798,30.39277499996669],[-82.03946700007572,30.392363000240383],[-82.03963299975706,30.39199800024053],[-82.03976300035173,30.39187400038458],[-82.0398679999337,30.39176999988408],[-82.0400429998359,30.391545000091405],[-82.04007299997313,30.391465000281322],[-82.0400649995772,30.391384999630787],[-82.03993499988086,30.391136000160458],[-82.03992800020818,30.39112899989853],[-82.03975800032886,30.390940000386138],[-82.03888700011758,30.39037499963482],[-82.03877300031476,30.3902479996827],[-82.0387339999567,30.390143999775862],[-82.03872599956078,30.390023999865015],[-82.03890700020906,30.389492000370705],[-82.0389099996838,30.389467999620255],[-82.03892200027767,30.389327999645275],[-82.03889899981314,30.389180000228535],[-82.03883799971378,30.389037000217794],[-82.03873800015467,30.38891299970311],[-82.0383170002052,30.388556999675696],[-82.03828700006795,30.388500000340958],[-82.03812499968625,30.388188000130533],[-82.03794200028645,30.388012999775004],[-82.03723099990874,30.387489999966252],[-82.03707799974788,30.387409999935365],[-82.0370090001509,30.38731699995268],[-82.03700800032601,30.387155000271456],[-82.03717499983226,30.386884999947473],[-82.0372059997944,30.38667699983781],[-82.03724400032755,30.38655100014463],[-82.03733300001602,30.386260000195414],[-82.03723299955857,30.385943999665848],[-82.03707299972503,30.385788999903053],[-82.03689199997505,30.385715000254567],[-82.03677399997426,30.385667999642365],[-82.0364309998426,30.385589999747154],[-82.03613399974166,30.38540800026615],[-82.0358960000903,30.385153999682878],[-82.03583499999094,30.385013000068682],[-82.03582199957214,30.38492099978759],[-82.03581099970148,30.384850999667265],[-82.0358550000824,30.384619999921863],[-82.03591500035688,30.384539000203876],[-82.03601400009107,30.384468999809908],[-82.0361439997874,30.384431999880334],[-82.03652600027714,30.384394000273172],[-82.03673100031656,30.384373000361574],[-82.0369739999908,30.384293000103465],[-82.03704299958778,30.384221000202682],[-82.03721699966506,30.38394400029404],[-82.03733399984091,30.383398999835055],[-82.0375430000783,30.382898000040573],[-82.03758900010905,30.382859999836906],[-82.03759599978173,30.38276700017345],[-82.03764099998757,30.38273300019105],[-82.03770999958455,30.382757999951345],[-82.03781699971468,30.382745999912213],[-82.03797700044656,30.382656999640613],[-82.03804500021862,30.382548999898816],[-82.0380510000664,30.382394999859606],[-82.03811899983847,30.382313999847227],[-82.03815599964838,30.38220900033406],[-82.03814800015078,30.38207100018236],[-82.03807799983059,30.381939999981558],[-82.03781800043791,30.38181400038003],[-82.03758099971311,30.38180500007017],[-82.03751899978884,30.381804000380104],[-82.03722800043403,30.381725999725504],[-82.03689000032522,30.381526000127167],[-82.0368049999364,30.38141200019628],[-82.03678900004289,30.381303000158347],[-82.03682699967771,30.381198000333942],[-82.03693299998292,30.381096000263618],[-82.03702599986934,30.380981999831107],[-82.03743199975021,30.380486999816643],[-82.03759800032987,30.380186999949792],[-82.0376639995538,30.379948999741327],[-82.03760900020052,30.379693000270372],[-82.03754599955302,30.3795390003806],[-82.03746000023762,30.37943599963957],[-82.03740699963585,30.37937200007999],[-82.03720800034253,30.37925200011469],[-82.03713800002234,30.379176999674105],[-82.03707500027315,30.378886000240694],[-82.03675100040805,30.37847300034837],[-82.03671399969981,30.378387999735512],[-82.03667299969193,30.37829300023956],[-82.03663300040726,30.378095999775002],[-82.03663500005709,30.378083000210307],[-82.03667400041515,30.3779310003432],[-82.03675300005787,30.377797000050098],[-82.03686199983781,30.377696999769533],[-82.03692299993719,30.377658999868565],[-82.03707799974788,30.37756299993064],[-82.03730299987878,30.377489000253235],[-82.03751799996392,30.377449999761815],[-82.03802500012715,30.377455999719192],[-82.03814999980061,30.377341999690955],[-82.03817499991496,30.3772220003334],[-82.03813800010505,30.377158000099094],[-82.0379029999284,30.376902000292937],[-82.03787500033931,30.37675499962295],[-82.03811100034086,30.37633800026769],[-82.03854099961286,30.3758200002824],[-82.03869999962151,30.375533999700867],[-82.03877699961441,30.3753029996338],[-82.03877999998747,30.375294000274405],[-82.03881000012468,30.375064999933166],[-82.03881199977452,30.37469299975493],[-82.03877400013967,30.37458600027696],[-82.03871399986521,30.37452499993542],[-82.03863000019963,30.3744870003514],[-82.03852399989442,30.374479999671777],[-82.03843299965781,30.374508999826862],[-82.03753300003254,30.375190999710085],[-82.0372059997944,30.375222999701393],[-82.03687899955625,30.37518000004975],[-82.03676499975343,30.37510900016897],[-82.0367270001186,30.375006000184744],[-82.03682699967771,30.37474000022013],[-82.03692600031023,30.374551999773647],[-82.03725000017532,30.374173999809837],[-82.03748399962875,30.3738979998726],[-82.0379659996776,30.373219000377823],[-82.03814099957978,30.37292400035937],[-82.03815800019652,30.3727900001778],[-82.03805899956402,30.372536000127866],[-82.03792300001987,30.37239100021532],[-82.03777900007984,30.37233399997706],[-82.03760400017767,30.37232500034429],[-82.03740900018398,30.37227699970556],[-82.03726199987089,30.372239999810624],[-82.03718599970291,30.372176999978336],[-82.03714899989299,30.372114000105398],[-82.03715700028893,30.372033000098412],[-82.03721800038828,30.371848000022187],[-82.03730999955147,30.371723000379923],[-82.03744699981881,30.371630999989343],[-82.03770000043714,30.3716070002776],[-82.03785000022495,30.37159300005549],[-82.03819300035663,30.37148300012285],[-82.038466999993,30.371323000140855],[-82.03870299999457,30.371090999624332],[-82.03885600015545,30.371022000249788],[-82.03917499999767,30.370981999702718],[-82.03954099969556,30.37100399996689],[-82.03972999984146,30.370985999680634],[-82.04005100023181,30.370895999749855],[-82.04015699963873,30.37086799987512],[-82.04058299961108,30.3706980000756],[-82.04075099984057,30.370555999952728],[-82.04080500026723,30.370400000005734],[-82.04076699973409,30.37027999987711],[-82.04070700035794,30.37018500025208],[-82.04061500029643,30.370113000034294],[-82.04047899985399,30.37006800006497],[-82.04044899971676,30.370019999868205],[-82.04042699997545,30.369859000004997],[-82.04049499974752,30.36970900015385],[-82.04052599970966,30.369671000248008],[-82.04075500003852,30.36959799983682],[-82.04143899975374,30.369433000012446],[-82.04176000014411,30.369280000053354],[-82.04193500004627,30.369146000302788],[-82.04211800034437,30.368960000367903],[-82.04217900044375,30.36886399963797],[-82.04220200000996,30.368742000302145],[-82.04209700042799,30.368365000179157],[-82.04199199994768,30.368121999940026],[-82.04194699974182,30.368035999796852],[-82.04179399958096,30.36794499964413],[-82.04176900036492,30.367904000331187],[-82.04172699963381,30.367837999756453],[-82.0417119995652,30.367688999739656],[-82.04175799959596,30.36762000028954],[-82.04183399976392,30.367596000368298],[-82.04190999993192,30.36759999970971],[-82.04214900030651,30.36767999967933],[-82.04230400011721,30.367730999751767],[-82.04278299979302,30.36783100015089],[-82.0433529997054,30.36788499964187],[-82.04357399963835,30.36792400007383],[-82.04378000040099,30.367932000279694],[-82.04405300021247,30.36789299985098],[-82.04433400041985,30.36778900018174],[-82.04448699968242,30.367672000227866],[-82.04458700013984,30.367503000133475],[-82.04460999970605,30.367324999653995],[-82.04455000032992,30.36715700034991],[-82.04430799958227,30.366832999769706],[-82.04411900033469,30.36668200008224],[-82.04402800009811,30.366607999919292],[-82.04382300005868,30.366517999834183],[-82.043259999819,30.36649500026418],[-82.04270499997521,30.366370999827012],[-82.04243200016373,30.366264999616206],[-82.04229499989638,30.3661780003152],[-82.0420840000092,30.36595799976865],[-82.0420150004122,30.36581900007357],[-82.04202399973474,30.36565800026905],[-82.04210999994845,30.36547000018588],[-82.04213900026078,30.365409000357477],[-82.04219100013931,30.36538099968655],[-82.04231400016297,30.365314999734174],[-82.04249699956274,30.36524899973732],[-82.04298299980955,30.365219000076355],[-82.04323399987972,30.365242999805872],[-82.04339999956107,30.36519999964034],[-82.04363700028586,30.36507400016411],[-82.04374299969275,30.36506900008314],[-82.04384999982285,30.365097999929226],[-82.04392599999085,30.3651499996585],[-82.04397700004448,30.365229000222687],[-82.04398299989226,30.365459000206968],[-82.04401999970217,30.3656349997217],[-82.04408800037257,30.365802000236705],[-82.04418499955864,30.3659610001],[-82.04432100000106,30.36610999964955],[-82.0445849995917,30.366307000239924],[-82.0446759998283,30.36635499993417],[-82.04478299995843,30.36637599984142],[-82.04495700003571,30.366360999797394],[-82.04511699986928,30.366307000239924],[-82.045239000068,30.36622299974953],[-82.04534600019811,30.366086999983594],[-82.04539300005379,30.365972000022513],[-82.04540099955139,30.365818000220028],[-82.04531199986295,30.36547199990008],[-82.04530500019024,30.36533599986481],[-82.04537499961214,30.36519899978047],[-82.04549000013817,30.3651089999488],[-82.04570199985028,30.36506900008314],[-82.04603699958604,30.365134000340984],[-82.04628600000636,30.36524799987795],[-82.04653500042673,30.365455000002886],[-82.04664099983361,30.365482999877596],[-82.04690699997238,30.365451999656017],[-82.04706599998106,30.36540000008731],[-82.04721999996684,30.365302000020183],[-82.04733499959457,30.365154999735335],[-82.04746600001414,30.364661999919182],[-82.04750000034932,30.36429800019258],[-82.04751600024285,30.36411900020916],[-82.04761699962687,30.36366800002798],[-82.04767100005354,30.363569999775468],[-82.04777099961267,30.363485000157038],[-82.04792299994861,30.36342100023149],[-82.04850899975456,30.363178000108512],[-82.0494619999816,30.36260699999515],[-82.04968999958722,30.36251899987805],[-82.04991899991607,30.362474000289613],[-82.04995800027413,30.36247199973899],[-82.0502229996897,30.362476000065076],[-82.05047200011003,30.362490999929857],[-82.05072200035528,30.362484999829213],[-82.0509700000524,30.362462000085795],[-82.05117699974164,30.362448000104568],[-82.0512169999246,30.362440000225117],[-82.05145200010125,30.362367999730395],[-82.05156500007917,30.36232200018319],[-82.05170999984412,30.36225200015677],[-82.0518210001722,30.362203000108448],[-82.05198299965558,30.362168999949755],[-82.05210200037958,30.362135999670436],[-82.05246899990239,30.362076999871455],[-82.05275199975962,30.362016000252055],[-82.05295799962393,30.361991999730616],[-82.05320100019651,30.361943000327155],[-82.0533200000222,30.361910999865085],[-82.05342399977926,30.361851000036268],[-82.05355699984865,30.361765999699024],[-82.05366900000165,30.361659999922693],[-82.05385599959939,30.36142200034279],[-82.05411300041565,30.361185999985626],[-82.05417500033992,30.361138000079784],[-82.05427800027209,30.36107799977677],[-82.05444399995345,30.360969000320623],[-82.05501499969075,30.36067600036273],[-82.0551450002854,30.360586000244467],[-82.0552070002097,30.36053800004413],[-82.05544200038634,30.36038999966586],[-82.05566099977113,30.360285999768767],[-82.05570000012919,30.360273000161463],[-82.05577999959682,30.360254000314857],[-82.05598499963624,30.360223999896785],[-82.05606800037522,30.360217999657063],[-82.05623400005658,30.360230000136205],[-82.05648299957859,30.360255000225283],[-82.0568969998554,30.360289000274182],[-82.05701999987903,30.360273000161463],[-82.05714000042795,30.360241999838667],[-82.05725800042873,30.36020599995165],[-82.05733000039876,30.360170000051326],[-82.05739599962267,30.36012199964685],[-82.05742300028517,30.360098000210932],[-82.05751199997363,30.35997699992919],[-82.05755299998151,30.35987500019677],[-82.05759900001226,30.35973700029836],[-82.05762599977646,30.359523000272997],[-82.05763499999728,30.359488000039583],[-82.0576519997157,30.359454999630803],[-82.05769799974647,30.359394999845698],[-82.05775399982298,30.359342000237437],[-82.05781599974725,30.359294000201775],[-82.05785199973226,30.359277000005875],[-82.05809100010686,30.359214000348427],[-82.05813200011472,30.359208000046745],[-82.05821900015339,30.35920400036215],[-82.05832799993333,30.359257000045183],[-82.05863400025507,30.359443999750514],[-82.05872499959335,30.35951799990818],[-82.05878900006576,30.35956399999897],[-82.05884900034023,30.35961399973611],[-82.05906699990012,30.35983100008178],[-82.05924600000026,30.3599820002705],[-82.05930799992454,30.360029999968535],[-82.05945500023763,30.360098000210932],[-82.05969399971393,30.360240999928152],[-82.05984199985193,30.360306000294198],[-82.06004000021865,30.36036099997398],[-82.06008100022652,30.360369000023475],[-82.0601640000672,30.360374000344716],[-82.06040699974145,30.360324000220988],[-82.06048700010739,30.360303999699234],[-82.06068200010107,30.360240999928152],[-82.06076300029191,30.360222999986092],[-82.06101099998904,30.360205000040715],[-82.06105199999692,30.3602120001921],[-82.06132900000635,30.36029000018425],[-82.06155699961198,30.360377999981488],[-82.06173900008517,30.360463999882978],[-82.06187399980439,30.360548999801445],[-82.06205399972944,30.36063899995382],[-82.06209399991242,30.36064999969979],[-82.06217500010327,30.360664999844612],[-82.06225700011903,30.36067399977539],[-82.06229899995182,30.360671999963085],[-82.06238099996757,30.36065899963195],[-82.06242100015055,30.360648999793394],[-82.06248899992262,30.360607999747025],[-82.06254400017421,30.36055300020618],[-82.06261699996915,30.360465999699542],[-82.06267800006852,30.360371999751205],[-82.06269099958898,30.360336999821573],[-82.06268999976407,30.360301999879425],[-82.06267300004563,30.36019500015576],[-82.06266200017498,30.360086999627754],[-82.06258000015922,30.359516000072237],[-82.06256900028856,30.359373000070274],[-82.06260000025071,30.359121999816043],[-82.06261199994627,30.359088000136662],[-82.06266800002275,30.358991999792554],[-82.06277799962763,30.358838999776097],[-82.06282799985634,30.35878100023925],[-82.06285600034374,30.358754999847672],[-82.06292099974276,30.358710000077817],[-82.06327999976796,30.35861599999223],[-82.06348399998245,30.358581000209426],[-82.06373400022771,30.358577999651608],[-82.06385700025136,30.358594999969007],[-82.06397899955178,30.35861799984657],[-82.06437199991215,30.35873699963216],[-82.06457399957853,30.35878100023925],[-82.06482200017396,30.358806999848756],[-82.06490500001463,30.358803000147812],[-82.06511000005405,30.358772000134294],[-82.06518799987185,30.35874699966617],[-82.06526200039,30.358714999708738],[-82.06537299981979,30.358607999799368],[-82.06542100039867,30.358550000125554],[-82.06552000013288,30.358390999841106],[-82.06558700008003,30.358221000055437],[-82.06559999960051,30.35815000026272],[-82.06559799995068,30.35811400038087],[-82.06557399966124,30.358007999747457],[-82.06553100000353,30.35786900038087],[-82.06549900021648,30.357803000010186],[-82.0653100000706,30.35756500034725],[-82.06506900004617,30.357228999700574],[-82.06501899981745,30.357130000030452],[-82.06487800025046,30.356753000103335],[-82.06486900002963,30.35671799965391],[-82.06486599965659,30.356682000020257],[-82.06491099986242,30.356432999736597],[-82.06492299955801,30.356398999897706],[-82.06501200014476,30.356257999892684],[-82.06509300033562,30.35624099994428],[-82.06517100015341,30.35621700033136],[-82.06524599959818,30.35618500032149],[-82.06531199972041,30.35614100009706],[-82.0653679997969,30.35608800027608],[-82.0654590000335,30.355967999639265],[-82.06552000013288,30.35591900031881],[-82.0655560001179,30.355901000356624],[-82.06567499994357,30.355868000288112],[-82.06592099999088,30.355829999655196],[-82.0661839997566,30.355756999764676],[-82.06626300029764,30.355781000265605],[-82.06637299990247,30.35583200034167],[-82.06644200039779,30.355872000109112],[-82.06647199963669,30.355895999806723],[-82.06658299996477,30.35600400031085],[-82.06660100040644,30.3561469998117],[-82.0666199997747,30.35621700033136],[-82.0666340000184,30.356251000233456],[-82.06676200006491,30.35647699982968],[-82.06689599995921,30.356740999972807],[-82.06704300027232,30.3569149997833],[-82.06722999987007,30.35710799974568],[-82.06729799964214,30.35719899990508],[-82.06747300044262,30.35748499985503],[-82.06780300015551,30.3581060001469],[-82.06792799982897,30.358292999727134],[-82.0680490002028,30.358439000319816],[-82.06813700006636,30.358561000106437],[-82.06818800011996,30.35861799984657],[-82.06848699987073,30.35891800001205],[-82.06870799980366,30.359132999732605],[-82.06882900017749,30.359231999701027],[-82.0689299995615,30.35929600004226],[-82.06938700039431,30.359545999932312],[-82.0696629996805,30.359707999637745],[-82.06979599974991,30.35979400012832],[-82.06993899986504,30.359924999774933],[-82.07010100024677,30.36003700013245],[-82.07033999972305,30.360237000285796],[-82.07061400025773,30.36050799971322],[-82.07074399995408,30.36059899981017],[-82.07100900026795,30.36077299973436],[-82.07134999985148,30.360979000126456],[-82.0715690001346,30.36108300006178],[-82.07190899989322,30.361219999710897],[-82.07210399988689,30.361281999726675],[-82.0726679999515,30.361410000009972],[-82.07291499982371,30.36143800026763],[-82.07312300023617,30.36143800026763],[-82.07316300041914,30.361433000000712],[-82.07322199997037,30.361380999845384],[-82.07325499958233,30.36135699994325],[-82.0732870002677,30.361335999733416],[-82.07347200021563,30.3612550000997],[-82.0741740003725,30.361028999915426],[-82.07481100023205,30.36085999996794],[-82.07497600008848,30.360838999651378],[-82.07513699974697,30.360804999793668],[-82.0752930002809,30.360753999984937],[-82.0754050004339,30.360707999678645],[-82.07556299971932,30.360662000125863],[-82.07567900007027,30.36062299989835],[-82.07606300020983,30.360482999688784],[-82.0763779998541,30.360393000168017],[-82.07710400030042,30.36012400024554],[-82.07720899988242,30.360065000008024],[-82.07743300018839,30.35990400003273],[-82.07750099996046,30.35986299967413],[-82.07756799990761,30.359829000252248],[-82.07772600009135,30.359783000286086],[-82.07799200023014,30.35968100035142],[-82.07822400003373,30.359600000122327],[-82.07881499986252,30.359429000193533],[-82.07928500021579,30.359283000303318],[-82.07954200013376,30.359166000249957],[-82.07980400007457,30.35905600029083],[-82.07987600004459,30.359019000044206],[-82.07993399977092,30.358981999783584],[-82.08001699961157,30.358977000166263],[-82.08062199968408,30.358846000025252],[-82.08089500039387,30.358800000371968],[-82.08090799991434,30.358797999746205],[-82.08111399977868,30.358767999656774],[-82.08115499978655,30.358772000134294],[-82.08119499996953,30.358777999687565],[-82.08140000000893,30.358813000175026],[-82.08155900001758,30.358856000048128],[-82.08183199982906,30.35894400036031],[-82.08194399998206,30.358990999869228],[-82.08197599976911,30.359013999653627],[-82.0820450002644,30.35907399967249],[-82.08224100008297,30.359243000380346],[-82.08226700002226,30.359280999687492],[-82.08230499965708,30.359335999943603],[-82.08236599975646,30.359469000040487],[-82.08242799968073,30.35956300008147],[-82.08260500013105,30.359759999907357],[-82.08288499961522,30.360072000169435],[-82.08302899955527,30.360202000307854],[-82.08309200020277,30.36024899998747],[-82.08315999997482,30.36029100009432],[-82.08319699978476,30.360307000204102],[-82.08331800015858,30.360334000092763],[-82.08364700004655,30.360379999799797],[-82.0838549995607,30.360386999938676],[-82.08397900030758,30.360397999712976],[-82.08406100032335,30.360386999938676],[-82.08422299980674,30.360355999651997],[-82.08455500006777,30.360328999769408],[-82.08472099974911,30.360334000092763],[-82.08480399958978,30.36032999967907],[-82.08492800033666,30.36032999967907],[-82.08550800029478,30.36037600016313],[-82.08588200038861,30.360392000259004],[-82.08617500029155,30.36041399980525],[-82.08625499975919,30.360420999941685],[-82.08642100033886,30.360427000168954],[-82.08666999986087,30.360446999890428],[-82.0869589995659,30.360479000056326],[-82.08758200008005,30.360495000135355],[-82.08778899976927,30.360513000027364],[-82.08820399987097,30.360540999766684],[-82.08840100041277,30.360600999623973],[-82.08851600004053,30.36064199967328],[-82.08896499957909,30.36090399962003],[-82.08900200028732,30.360919999629534],[-82.08935100026679,30.36103699991028],[-82.0895079997273,30.36108499986569],[-82.08971100011689,30.361120000302797],[-82.08975299994968,30.36112200010594],[-82.08987500014841,30.36114300036173],[-82.09015600035582,30.361201999949],[-82.09027799965624,30.361222000287132],[-82.09036100039522,30.36122400008819],[-82.0904860000687,30.361217000009233],[-82.09052600025167,30.361207000227722],[-82.09067900041255,30.36115200024851],[-82.09075300003238,30.361117999724474],[-82.09087100003316,30.361082000159815],[-82.09095100039912,30.361062999695275],[-82.0911560004385,30.36103699991028],[-82.09184400035167,30.36089299990264],[-82.09200300036036,30.360851999958605],[-82.09261699975536,30.360762000002282],[-82.09274099960392,30.360753000079598],[-82.09280300042651,30.36075800038122],[-82.09335999992011,30.360802999984035],[-82.09377500002182,30.360807000378326],[-82.09389899987036,30.360795999874938],[-82.09459500017945,30.360689999822526],[-82.09463600018735,30.360688000010537],[-82.09471800020312,30.360703000149538],[-82.09479299964786,30.360732999645563],[-82.09493099974013,30.360812999806843],[-82.09506499963442,30.36089700029329],[-82.09513499995462,30.36093599963643],[-82.09516699974168,30.360958999738692],[-82.09536099991043,30.361121000204367],[-82.095484999759,30.36113500037555],[-82.09588200031735,30.361240999945704],[-82.09591900012727,30.361256999900096],[-82.09602200005942,30.361317999992853],[-82.09611400012093,30.36139100038422],[-82.09616000015168,30.36144999982189],[-82.09619699996162,30.361515000159695],[-82.09622600027393,30.36158200024797],[-82.0962949998709,30.361863000314997],[-82.09632500000814,30.362112999844957],[-82.0963640003662,30.362253000046778],[-82.09639299978019,30.362321000293896],[-82.096470999598,30.36244700021656],[-82.09649400006252,30.362476999952793],[-82.09659799981961,30.362590000375057],[-82.09662799995682,30.36261399997463],[-82.09683999966893,30.362728000123766],[-82.09687700037719,30.36274399983491],[-82.09699399965473,30.362781000222675],[-82.09724200025016,30.362807000319137],[-82.09749199959708,30.36280300000665],[-82.09778200002532,30.362780000338073],[-82.09790599987389,30.362788000189713],[-82.09802899989752,30.362807000319137],[-82.0980680002556,30.362817999821296],[-82.09808400014911,30.362824999785676],[-82.09810500006552,30.362835000176872],[-82.09823899995982,30.36292000036019],[-82.09831900032576,30.363002999929897],[-82.09836100015855,30.3630650003656],[-82.098385000448,30.36313399992922],[-82.09839200012068,30.36317000028878],[-82.09838999957255,30.363242000193075],[-82.09837799987699,30.363312000286122],[-82.09835500031078,30.363382000328993],[-82.09829199966326,30.36351500034994],[-82.09826099970113,30.36365599997071],[-82.09826499989909,30.363728000292348],[-82.09827800031788,30.363798999911673],[-82.09829000001344,30.363834000152682],[-82.09833799969401,30.363891999793633],[-82.09846800028868,30.363981999970168],[-82.09850300044877,30.364000999867688],[-82.09861800007651,30.364042999913618],[-82.09869900026736,30.36406099992772],[-82.09874000027524,30.36406500018881],[-82.09885900010093,30.36403299964594],[-82.09897299990375,30.363988999851244],[-82.09900899988875,30.363969999951443],[-82.09913600011036,30.363878000017046],[-82.09933299975386,30.363693000013413],[-82.09939800005118,30.363648000190086],[-82.09952400044789,30.36350500002833],[-82.09967500006061,30.36338099967541],[-82.09977799999278,30.363320000094237],[-82.09996700013866,30.36324700036753],[-82.10011299972852,30.363178999989053],[-82.10026699971432,30.363122999687494],[-82.10046599990595,30.363072000312307],[-82.10065599987674,30.363000000282852],[-82.10089400042644,30.362855000181074],[-82.10100599968112,30.36280800020347],[-82.10107500017641,30.36279099984325],[-82.10114499959829,30.36282900009731],[-82.10131200000286,30.362936999922933],[-82.10134100031519,30.362962999977984],[-82.10143699967634,30.363080000140055],[-82.10146000014086,30.36314899969309],[-82.1014700001866,30.36325600006065],[-82.10147199983643,30.363327999901706],[-82.10146400033882,30.363363000311207],[-82.10141800030807,30.363422999987588],[-82.1012519997284,30.363584000371187],[-82.101158999842,30.363653000343703],[-82.10112500040512,30.36367400005611],[-82.10082300028132,30.363792999891267],[-82.10078999977104,30.363814000348665],[-82.10069900043277,30.36388699965217],[-82.10064199963304,30.36393900002535],[-82.10062099971664,30.363969000078992],[-82.10059499977737,30.364036999908123],[-82.10055499959441,30.36421299965673],[-82.1005610003405,30.364247999749573],[-82.10058399990673,30.364317000028716],[-82.10062800028766,30.364417000043577],[-82.1007300003949,30.364530999641293],[-82.10076300000686,30.364551999940236],[-82.10083900017484,30.364579000207264],[-82.10088100000763,30.364580000073484],[-82.10100400003131,30.36457099972702],[-82.10112500040512,30.364546999832573],[-82.10123699965979,30.364500999760065],[-82.10130600015509,30.36446099964571],[-82.10136700025446,30.36441299979694],[-82.10152600026312,30.364299000061674],[-82.10170399964002,30.364150000078183],[-82.10176899993736,30.36410600033618],[-82.10180800029542,30.364092999686328],[-82.10197200032694,30.36407399980672],[-82.10201300033484,30.364080999681217],[-82.10209100015263,30.36410600033618],[-82.10216499977248,30.364137000209347],[-82.10223500009268,30.36417599981076],[-82.10233399982688,30.364240999887034],[-82.1023639999641,30.364307999658056],[-82.10237499983477,30.36437899963143],[-82.10236499978902,30.36445100019588],[-82.10233300000196,30.364555000314777],[-82.10219800028274,30.364816999855712],[-82.10191600025045,30.365214000002723],[-82.10187900044053,30.365317000226646],[-82.1018579996258,30.36542299991485],[-82.10185599997598,30.365459000206968],[-82.10186199982378,30.365601999836795],[-82.10186299964869,30.365781000206205],[-82.10185400032617,30.36581599973781],[-82.10178999985375,30.365947999696793],[-82.10171799988372,30.36607799977583],[-82.10167400040112,30.366138000111743],[-82.10164699973862,30.366164999940835],[-82.10156100042322,30.36628700016663],[-82.10153399976072,30.366391999730826],[-82.10153100028597,30.36646299974136],[-82.10155499967712,30.36656899973754],[-82.10155899987507,30.36663999961952],[-82.10163599986795,30.366667999930026],[-82.10178099963291,30.366737999895967],[-82.10201400015973,30.366889000272046],[-82.10210100019839,30.36696599974784],[-82.10218499986397,30.36709000020554],[-82.10220199958239,30.36712300036334],[-82.10228699997121,30.367362999696486],[-82.10230200003983,30.367395999762213],[-82.10241500001773,30.36758800013488],[-82.10249700003351,30.367712999638087],[-82.10255599958474,30.3677639996933],[-82.10261000001141,30.367800999731855],[-82.10264799964624,30.36781499972191],[-82.1028069996549,30.367858000287608],[-82.10293100040177,30.367865999723918],[-82.10301400024245,30.36786199961831],[-82.1030950004333,30.367845000136594],[-82.10333999975737,30.367805999673188],[-82.1035049996138,30.367785000073038],[-82.1035880003528,30.367785999906406],[-82.10362900036068,30.36778299963106],[-82.10371200020136,30.367786999739838],[-82.1039969997084,30.367830000317916],[-82.10419800044816,30.36787399993454],[-82.10446399968862,30.36797300035596],[-82.10453300018393,30.36801299980881],[-82.1046870001697,30.368132999619444],[-82.10476599981241,30.368216000190248],[-82.10484600017836,30.368340999665683],[-82.10487399976745,30.36840799972798],[-82.10494200043784,30.36869000015776],[-82.10495599978323,30.368722999775652],[-82.10501799970748,30.368817000223196],[-82.10504500037001,30.368841999667346],[-82.10511800016494,30.368876999653516],[-82.10524100018857,30.36889600015014],[-82.10528200019647,30.36889600015014],[-82.10540500022012,30.368876999653516],[-82.10552200039598,30.368840999844704],[-82.10555800038098,30.36882200011252],[-82.10558599997009,30.36879600006509],[-82.10564500041963,30.36870099977329],[-82.10571999986439,30.36853400033384],[-82.1057979996822,30.368293000171267],[-82.10588899991878,30.368130999959664],[-82.10590999983518,30.368099999802435],[-82.10596500008675,30.36804700026103],[-82.10608100043771,30.367971999749376],[-82.10623299987536,30.36787600037466],[-82.10634000000549,30.36782100027063],[-82.10637199979254,30.36779800023203],[-82.10662500041083,30.367560999923608],[-82.10672699961977,30.367447999819642],[-82.10680799981063,30.3673669998225],[-82.10689400002435,30.367289000048878],[-82.10698400043603,30.36721500034528],[-82.10711699960711,30.3671290001795],[-82.10718699992732,30.36709000020554],[-82.10722399973724,30.367076000111737],[-82.1074249995787,30.367028999837487],[-82.10754799960233,30.36701100036961],[-82.10763100034133,30.36700599961261],[-82.1076720003492,30.36700700022909],[-82.1077130003571,30.367013000052303],[-82.10783399983261,30.367039999639854],[-82.10844999977576,30.367256999785884],[-82.10864899996739,30.36730499978891],[-82.10868999997525,30.36731100036893],[-82.10873199980806,30.36730700024067],[-82.10881299999892,30.36729099972588],[-82.10900899981749,30.36723399961468],[-82.10904700035064,30.367218999702278],[-82.10908099978751,30.36719899981545],[-82.10935199994917,30.366977000332316],[-82.10948199964551,30.366886999811737],[-82.10958200010293,30.36682299978731],[-82.1096850000351,30.366762999871703],[-82.10979999966283,30.36672299990747],[-82.10988300040182,30.366713999758243],[-82.10996399969436,30.366727000059683],[-82.11008199969514,30.366762000027798],[-82.11012299970301,30.36676799986605],[-82.11024699955156,30.36677500032279],[-82.11032799974242,30.36675600018917],[-82.11036600027556,30.366741000203447],[-82.11039999971246,30.366720000374517],[-82.11051500023848,30.36661600023284],[-82.11055399969824,30.366552999877104],[-82.11056999959176,30.366446000016435],[-82.11057600033786,30.366374999993624],[-82.11057399978971,30.366339000038696],[-82.11055200004841,30.366268999787142],[-82.11049000012413,30.366175999840387],[-82.11038399981892,30.366065000163207],[-82.1102909999325,30.365994999715504],[-82.1101710002819,30.365895999616793],[-82.11014399961941,30.365868999713374],[-82.10995299982369,30.36573200037579],[-82.10992500023461,30.365704999652056],[-82.10987800037896,30.36564599968083],[-82.10986999998303,30.36561100008836],[-82.10987099980794,30.36553900037794],[-82.1098969997472,30.36547199990008],[-82.10993699993018,30.365409000357477],[-82.11002899999168,30.36533500000632],[-82.11013299974874,30.365275999811868],[-82.11028599990962,30.365219000076355],[-82.11033199994039,30.365208999928928],[-82.11036700010048,30.365228000363174],[-82.11056700011704,30.365356999990873],[-82.11075000041512,30.365500999626658],[-82.11085199962407,30.365563000028935],[-82.11092600014223,30.36559300035949],[-82.11111899958775,30.36565800026905],[-82.11119300010591,30.365688999650235],[-82.11128199979439,30.365762999733516],[-82.11133799987087,30.365814999884226],[-82.11136999965792,30.36583799961416],[-82.11139800014533,30.365865000301227],[-82.11151000029832,30.366014999848527],[-82.11152700001675,30.36604800036915],[-82.11157700024548,30.36618400018934],[-82.11158800011613,30.366255000350836],[-82.11155999962872,30.36657799990013],[-82.1115370000625,30.366682999926944],[-82.11145099984877,30.36692099988038],[-82.11141800023681,30.36702399985649],[-82.11138899992451,30.36716499984352],[-82.1114020003433,30.36741499977146],[-82.1114319995822,30.367481999693165],[-82.11152100016898,30.36755699980557],[-82.11163999999467,30.36758599968893],[-82.11172299983535,30.367584999853438],[-82.11192100020206,30.367530000360762],[-82.11195700018708,30.367512000210084],[-82.11204300040079,30.367434999614062],[-82.11215100035584,30.367327000105348],[-82.11218099959474,30.367302000273806],[-82.11222800034872,30.367242999715998],[-82.11233299993071,30.367089000364984],[-82.11238599963416,30.367033999818297],[-82.11247900041889,30.3669620003805],[-82.11254999966569,30.366924000182177],[-82.11262599983367,30.366894000259954],[-82.11274899985732,30.366877999677648],[-82.1127899998652,30.366880000138096],[-82.11295499972164,30.366901999775067],[-82.1129949999046,30.36691099990699],[-82.11313999966956,30.366982000315733],[-82.11322099986043,30.367062999856756],[-82.11328799980758,30.3671540000552],[-82.11330600024922,30.367186000351897],[-82.11334700025712,30.36728800021036],[-82.11335300010491,30.367346999965942],[-82.11327299973897,30.36743299994006],[-82.11318800024846,30.367512000210084],[-82.11316399995901,30.36754100010678],[-82.1131489998904,30.367573000276774],[-82.11306299967667,30.367690000349093],[-82.11303300043775,30.36775499963988],[-82.11301699964592,30.36782500037787],[-82.11301099979814,30.367893999683318],[-82.11301400017118,30.367929999840783],[-82.1130359999125,30.368034999965978],[-82.11309899966169,30.36812799969489],[-82.11316399995901,30.36819999982427],[-82.11327500028709,30.368258999804592],[-82.11334700025712,30.368258999804592],[-82.11344099996845,30.368221000110374],[-82.113528999832,30.36812400037507],[-82.11365100003074,30.36795799978185],[-82.11382900030597,30.367878000039656],[-82.11411600036114,30.36784000019731],[-82.1142410000346,30.36783500025776],[-82.11436499988316,30.367845000136594],[-82.11452700026487,30.36787200026952],[-82.11460900028064,30.367882000144565],[-82.11491800007714,30.367983000220686],[-82.11527399972928,30.36808000009586],[-82.11535499992013,30.36809499987619],[-82.11547799994378,30.368108999824113],[-82.1155349998452,30.368104999728487],[-82.11569600040198,30.368075999999053],[-82.11577500004469,30.368053000020435],[-82.11605799990191,30.367905000163407],[-82.11619299962113,30.367822000103644],[-82.11635500000284,30.36765900005212],[-82.11637699974413,30.367627999745267],[-82.11641699992711,30.36752600024146],[-82.11645700011009,30.36735100009262],[-82.11645499956194,30.367314999721994],[-82.11642899962268,30.367173000111546],[-82.11642199994999,30.367101999841413],[-82.11641199990426,30.366817999795778],[-82.11640699988138,30.366782999847633],[-82.11642600014794,30.36656899973754],[-82.11647899985141,30.366322000292232],[-82.11650300014084,30.366253999726705],[-82.11660600007299,30.36590800017429],[-82.11667600039321,30.365740999840295],[-82.11668600043895,30.365706000281797],[-82.11673300029462,30.365606999890566],[-82.11682199998306,30.365444999879657],[-82.11688499973225,30.365352999782694],[-82.11695900025042,30.365267000304613],[-82.11711700043418,30.365101000287012],[-82.11749499982763,30.364764999949372],[-82.11757299964543,30.36468200032487],[-82.11776900036233,30.364497000291912],[-82.1179159997771,30.364429999875277],[-82.11799299977,30.3644030003422],[-82.11805300004447,30.364384999615933],[-82.11814900030392,30.364358000070457],[-82.11819100013673,30.36436099967585],[-82.11822999959645,30.364371999778268],[-82.11844499968163,30.364481000092454],[-82.1187529996532,30.36472200034883],[-82.11878600016347,30.36474399969618],[-82.1191409999907,30.364845999776517],[-82.11922200018155,30.364861999916258],[-82.11938700003802,30.364874999688734],[-82.11951199971146,30.364865000281245],[-82.11955100006954,30.364876000327023],[-82.11960399977298,30.364905000230348],[-82.11964800015392,30.364966000373116],[-82.119823999881,30.365118000245758],[-82.11994899955448,30.365212000283304],[-82.1200559996846,30.36526599967033],[-82.12013100002767,30.36529699995088],[-82.12032699984626,30.365356000132607],[-82.12036700002923,30.365364999631716],[-82.1204080000371,30.365368999839422],[-82.12049000005287,30.36536999969755],[-82.12061300007652,30.365355000274327],[-82.1209360001167,30.36529299974017],[-82.12118100033909,30.36526100037422],[-82.12126400017976,30.365269000022913],[-82.12138100035563,30.365303999737833],[-82.12141899999047,30.365319999802626],[-82.12152500029568,30.36537599962128],[-82.12172199993917,30.36550800017411],[-82.12183200044234,30.36561399965532],[-82.12187699974986,30.365675000130953],[-82.12191500028301,30.365739000131587],[-82.12192500032876,30.36577299982429],[-82.12194000039737,30.366024000062094],[-82.12191299973487,30.366345999751076],[-82.12191500028301,30.366381999703407],[-82.12193000035163,30.366451999874084],[-82.12196100031376,30.366556000190197],[-82.12200800016944,30.366654999620735],[-82.12203300028379,30.36668200008224],[-82.12213700004087,30.366741000203447],[-82.1221749996757,30.36675600018917],[-82.12225300039182,30.36677899969779],[-82.1223350004076,30.366791000146918],[-82.12237700024039,30.366791999990514],[-82.12246000008105,30.36678600015374],[-82.12253899972377,30.366765000334482],[-82.12260700039414,30.36672399975177],[-82.12263199961018,30.366693999768188],[-82.12269000023483,30.36659899975948],[-82.12270399958021,30.36656500035397],[-82.12285300044145,30.3660049997825],[-82.12287299963461,30.36597399972645],[-82.12292700006128,30.36591900010276],[-82.12299499983335,30.36587700008744],[-82.12307000017641,30.36584799969725],[-82.12311100018431,30.36583900024259],[-82.12319400002498,30.36583199971884],[-82.12323500003288,30.36583400020074],[-82.12331500039882,30.36585100003205],[-82.12338800019374,30.36588499968573],[-82.12349000030099,30.365946999844557],[-82.12371999955643,30.366100000368313],[-82.12389799983168,30.366251000179375],[-82.12392999961872,30.366272999957864],[-82.12396999980169,30.36628399984528],[-82.1240819999547,30.3663030000706],[-82.12429600021494,30.366339999886936],[-82.12446400044442,30.366330999702456],[-82.12458699956974,30.366324999837374],[-82.12462799957764,30.366327000309187],[-82.12483000014231,30.366366999660308],[-82.12486899960207,30.366379000159995],[-82.12493800009734,30.366419000264933],[-82.12513300009103,30.36655399972313],[-82.12519400019039,30.36660200007116],[-82.12521900030474,30.36663100023773],[-82.12523500019827,30.36666399977541],[-82.12526600016041,30.366805000281524],[-82.1252729998331,30.36698399999902],[-82.12525500028976,30.3671269997241],[-82.12522099995456,30.367341000163215],[-82.12523000017539,30.36748499997776],[-82.1252360000232,30.367519999674638],[-82.1252729998331,30.36762299979489],[-82.12530600034339,30.367688999739656],[-82.12541500012334,30.367882999977006],[-82.12550800000973,30.368002000115943],[-82.1256240003607,30.368104999728487],[-82.12584100009568,30.368212000099014],[-82.12607000042453,30.368297000259194],[-82.1261520004403,30.36830799991893],[-82.12635999995445,30.368315000265422],[-82.126483999803,30.36830799991893],[-82.12673300022334,30.368286999651513],[-82.12685399969887,30.36826200006541],[-82.12692999986685,30.368231999778594],[-82.1270389996468,30.36818099996747],[-82.12710899996698,30.368140999808286],[-82.12720699987628,30.368074000338115],[-82.12727700019647,30.368035999796852],[-82.12746799999218,30.367897999787555],[-82.12755800040387,30.367822999936706],[-82.1277220004354,30.36765999988685],[-82.12786800002526,30.367485999814257],[-82.12789599961435,30.367459000349907],[-82.12792900012464,30.367437000063166],[-82.12814300038488,30.367327999943477],[-82.12817699982175,30.36730700024067],[-82.12821399963168,30.367292000339454],[-82.12825499963955,30.367285999758277],[-82.12846300005202,30.3672830002426],[-82.1285040000599,30.36727499998357],[-82.12857799967975,30.367242999715998],[-82.12864100032725,30.36714999992052],[-82.12867200028938,30.36708299977134],[-82.12869300020579,30.36694099982401],[-82.12868900000782,30.36690599991995],[-82.12865300002281,30.366841000064827],[-82.12860899964188,30.36678000031654],[-82.12852999999916,30.366696000232455],[-82.1284759995725,30.366624999616],[-82.12839500027997,30.366607999919292],[-82.12806600039198,30.366560000349242],[-82.12798699985096,30.366537999860228],[-82.12794900021612,30.366521999994703],[-82.12781199994878,30.36644100000563],[-82.12770599964357,30.366384000173998],[-82.12760500025955,30.366320999668805],[-82.12752800026665,30.36623600011619],[-82.12741699993856,30.36608500028197],[-82.12735300036447,30.365951999880632],[-82.12734199959549,30.365916999622616],[-82.12733699957263,30.365882000127076],[-82.12733800029584,30.365845999990743],[-82.12735199964122,30.36573800027723],[-82.12738099995356,30.365633999866272],[-82.12740299969487,30.365602999692555],[-82.12756400025165,30.36543800010274],[-82.12759600003871,30.365416000136417],[-82.12778000016172,30.36533199965571],[-82.12781899962147,30.36531800008532],[-82.12785899980445,30.365308999806782],[-82.12794199964512,30.365302999879006],[-82.12802500038411,30.365311000299368],[-82.1284830001435,30.36531800008532],[-82.12860799981698,30.36531399987554],[-82.12864899982486,30.365308999806782],[-82.12876900037378,30.365279000164207],[-82.12896299964423,30.365213000143058],[-82.12900000035245,30.365197000060746],[-82.12920600021678,30.365075000025264],[-82.12939600018757,30.36493499998765],[-82.12949499992177,30.364819000358313],[-82.12954900034845,30.36476400008505],[-82.12957100008977,30.364734000275295],[-82.12961700012052,30.364633999809456],[-82.129637000212,30.364603000093854],[-82.12966399997617,30.364574999967196],[-82.12975100001482,30.364452999930926],[-82.12987099966543,30.364305999920052],[-82.12994900038153,30.364179000196792],[-82.13004899994064,30.364064000317338],[-82.13010599984206,30.364012000010614],[-82.13017399961412,30.36397099982388],[-82.13030099983573,30.363878000017046],[-82.13037299980576,30.3638419999181],[-82.13040499959278,30.363818999718756],[-82.13058500041618,30.363668999903513],[-82.13068199960223,30.3636009998185],[-82.13075299974734,30.363564999617537],[-82.13094299971814,30.363492000073684],[-82.13112500019133,30.36340599973421],[-82.13171900039318,30.36324700036753],[-82.13207400022041,30.363144000288752],[-82.13218700019831,30.36309800033147],[-82.13225800034343,30.36306000018191],[-82.13228799958235,30.363035999916672],[-82.13233899963596,30.362978999650654],[-82.13242800022275,30.362903000019397],[-82.13255500044436,30.362809999972097],[-82.1326220003915,30.362768000171798],[-82.13283699957833,30.36265900027373],[-82.13291299974632,30.36262799993209],[-82.1330099998307,30.362600999901616],[-82.13307299957991,30.362556000350903],[-82.13324900020531,30.362476000065076],[-82.13329299968792,30.362455000095437],[-82.13348400038196,30.36238300038687],[-82.13370899961451,30.362289999845135],[-82.13386400032354,30.36223700025527],[-82.13421800032587,30.362132999996813],[-82.13427299967915,30.362125999982904],[-82.1343820003574,30.362111999953576],[-82.13467299971222,30.36209400035583],[-82.13492200013255,30.362102000263576],[-82.13500499997325,30.362110000170674],[-82.13512600034707,30.362134999779244],[-82.13540599983125,30.362204999889403],[-82.1356789996427,30.36229099973475],[-82.13608500042189,30.36237200006068],[-82.13620800044554,30.362386000052847],[-82.13653899998334,30.362413000142684],[-82.13657999999121,30.362420000136048],[-82.13666200000698,30.362427000128974],[-82.13706399968989,30.362516000216157],[-82.1370999996749,30.362533999736257],[-82.13729800004161,30.362662999817044],[-82.13734400007236,30.362722999922862],[-82.13740500017174,30.36281600005282],[-82.13744100015676,30.362882000141436],[-82.13746399972298,30.362950999834148],[-82.13746200007314,30.363022999899687],[-82.13745200002741,30.363129999630043],[-82.13740599999664,30.36323000008355],[-82.13740000014886,30.363265999632667],[-82.13737900023246,30.363334999829586],[-82.1373599999659,30.36336799970434],[-82.137282999973,30.363453000199506],[-82.1372489996378,30.363473000077324],[-82.13706299986497,30.36355400019946],[-82.13695999993281,30.36361399975859],[-82.13687299989417,30.363692000138126],[-82.13684899960474,30.36372200026759],[-82.13675200041867,30.363880999637157],[-82.13673599962684,30.36391499997582],[-82.13678400020572,30.36401499962662],[-82.13691300007713,30.364198999926156],[-82.13694200038947,30.364223999775852],[-82.13711100044385,30.364330999742396],[-82.1371499999036,30.364340999979614],[-82.13735699959285,30.36435299995288],[-82.13752300017252,30.364338000373596],[-82.13756400018039,30.364340999979614],[-82.13764700002108,30.36433400012373],[-82.13776800039489,30.364306999789054],[-82.13780900040278,30.364307999658056],[-82.13784799986253,30.36431999963537],[-82.13817599992558,30.364475000113895],[-82.13842600017084,30.36460399995983],[-82.13864700010377,30.364702999816267],[-82.13883500042475,30.364781000102354],[-82.13903000041842,30.364840999683842],[-82.13942600025355,30.364951000112825],[-82.13946700026142,30.36495700006225],[-82.13971400013362,30.364933000262518],[-82.13996199983075,30.364918999859857],[-82.14007999983153,30.36488499987032],[-82.14019399963435,30.364839999820347],[-82.14034000012252,30.364771999774405],[-82.14054000013907,30.36464499988119],[-82.14062899982753,30.364568999994397],[-82.14066200033781,30.36454799969912],[-82.14077399959248,30.364499999893034],[-82.14080700010274,30.364479000357985],[-82.14088999994344,30.364399000094995],[-82.14099100022577,30.364283999699055],[-82.14105599962478,30.364240000017357],[-82.14111199970128,30.36418600006382],[-82.14117500034878,30.364139999821447],[-82.1413450002281,30.36398299984249],[-82.14140700015237,30.363933999886303],[-82.14150500006168,30.363867999732562],[-82.14164200032901,30.363785999996175],[-82.14170699972802,30.363742000090348],[-82.14174199988814,30.36372300014256],[-82.1418580002391,30.36368400036044],[-82.14206199955527,30.36364900006582],[-82.1423519999835,30.363637999882016],[-82.14243399999926,30.36362400006912],[-82.142548999627,30.36358299971968],[-82.14273299975001,30.36350099974433],[-82.14280999974291,30.3634720001998],[-82.14289099993375,30.36346000011843],[-82.14309299960013,30.363416000066007],[-82.14321499979886,30.36339600017652],[-82.14325699963165,30.36339299976647],[-82.14338100037853,30.363401000343075],[-82.14370900044158,30.36344899991343],[-82.14378499971126,30.36347800023991],[-82.14385599985636,30.36351399969778],[-82.14389500021443,30.363526999649434],[-82.1439360002223,30.363535000215098],[-82.1439780000551,30.36353099993238],[-82.14405300039817,30.363501999621576],[-82.14412100017023,30.36346000011843],[-82.14416700020098,30.36332099997333],[-82.14416499965284,30.36328800008271],[-82.14411500032244,30.363229000203543],[-82.14408500018523,30.363161999693272],[-82.14402099971281,30.36306999977391],[-82.14396200016158,30.362975000120265],[-82.14394899974278,30.362941000229934],[-82.14394100024518,30.362904999786082],[-82.14394100024518,30.362834000292807],[-82.14394899974278,30.362726000353458],[-82.14396399981139,30.362693000262084],[-82.14404099980429,30.36256599999448],[-82.14406599991864,30.362537000172654],[-82.1442319996,30.362375999615736],[-82.14426599993519,30.362354999624625],[-82.14430299974511,30.36233899984987],[-82.14438099956291,30.362315000182818],[-82.14452899970091,30.362247999821534],[-82.14456800005898,30.36223700025527],[-82.14465000007475,30.36225000037673],[-82.14472899971746,30.36227200028014],[-82.1449570002214,30.362358999955493],[-82.14517700032943,30.362460000310104],[-82.1454009997371,30.362553999801957],[-82.14548299975287,30.362567999768057],[-82.14569000034042,30.362572999976898],[-82.14576800015823,30.362547999705168],[-82.14583699975519,30.362508000342277],[-82.14590100022761,30.36246299997365],[-82.14593700021263,30.362444999665435],[-82.14597700039559,30.362434000121343],[-82.14601800040349,30.36242800001719],[-82.14605699986322,30.362415999807734],[-82.14609399967313,30.36239900015445],[-82.14612499963529,30.362375999615736],[-82.1462590004279,30.362239000035576],[-82.1462879998419,30.36213399988803],[-82.14630100026069,30.362099999705343],[-82.14638499992628,30.361975999896462],[-82.14645100004851,30.361931999951477],[-82.14648799985845,30.36191500021406],[-82.14668500040025,30.361858999963886],[-82.14678300030954,30.361844000002172],[-82.14690100031032,30.361879000167622],[-82.14697499993017,30.361910999865085],[-82.14700400024249,30.361937000192825],[-82.14706799981658,30.361982999921107],[-82.14729999962017,30.362189000090098],[-82.14740299955234,30.362248999711582],[-82.14744000026057,30.36226600016605],[-82.1475199997282,30.36228600028662],[-82.14760299956887,30.36228899995551],[-82.14768200010992,30.36226799994577],[-82.14779300043799,30.362218999905462],[-82.147821999852,30.362192999652635],[-82.14786399968479,30.36213100021433],[-82.14791800011146,30.36203399986415],[-82.14796599979204,30.361895999911297],[-82.14797900021082,30.361681000063026],[-82.14800400032517,30.361465999742098],[-82.14805200000576,30.36129200027564],[-82.14808399979282,30.361224999988707],[-82.14812399997578,30.361162000035645],[-82.14816900018164,30.36110199974735],[-82.1481950001209,30.36107400016864],[-82.14825399967214,30.361022999725026],[-82.14835300030465,30.360957999835453],[-82.14839099993948,30.36094199983217],[-82.14854900012323,30.360898000197164],[-82.14863199996391,30.360898000197164],[-82.14879299962239,30.360932999926053],[-82.14890800014841,30.360974999739202],[-82.14897900029352,30.36101200002107],[-82.14901299973042,30.36103400020294],[-82.1490699996318,30.36108499986569],[-82.1491180002107,30.36114400026307],[-82.1493009996105,30.361465999742098],[-82.14937799960339,30.361552000237218],[-82.14954900020594,30.361709000243106],[-82.14958199981788,30.361731000268204],[-82.1496179998029,30.36174899993275],[-82.14980799977369,30.36182000021361],[-82.15009900002684,30.36182999993242],[-82.15018100004261,30.361815999860756],[-82.15037699986118,30.361757999763785],[-82.15052400017427,30.361690999796064],[-82.15066399991636,30.361614000042557],[-82.15069300022869,30.361587999628895],[-82.15079600016082,30.361476000272233],[-82.15082700012299,30.361450999720105],[-82.15086099955985,30.36143200010232],[-82.15101399972073,30.361376000350727],[-82.15123499965367,30.36127700022692],[-82.15131099982166,30.361248000022957],[-82.1514339998453,30.361229000365732],[-82.15160100024987,30.36122799969014],[-82.15176699993124,30.36123299996753],[-82.15230300040675,30.361295999874805],[-82.15267599977733,30.36130100014872],[-82.15273299967875,30.36129100037581],[-82.15293500024342,30.36124899992323],[-82.15317200006989,30.36118400018378],[-82.15324800023788,30.361153000149777],[-82.1533560001929,30.36109999994381],[-82.15345199955405,30.361030999720377],[-82.15357700012585,30.360888000383035],[-82.15361999978353,30.36082600011752],[-82.15364700044606,30.360799000364654],[-82.1538059995564,30.36068299970534],[-82.15405800034978,30.360555999928227],[-82.15409099996174,30.360533999638836],[-82.15423800027483,30.360467000382883],[-82.15427699973456,30.360454000024497],[-82.15456399978974,30.360411000078805],[-82.15477200020221,30.360405999759443],[-82.15489600005077,30.36040699966832],[-82.15518700030393,30.360386999938676],[-82.15543599982594,30.3603860000296],[-82.1555179998417,30.360374000344716],[-82.15571600020841,30.36032099971664],[-82.15575300001835,30.360303999699234],[-82.15592000042292,30.36019699997781],[-82.15595600040794,30.360178000116445],[-82.1562219996484,30.360076999730726],[-82.15630100018944,30.36005300028378],[-82.15642300038817,30.360029999968535],[-82.15646400039606,30.360029000055807],[-82.15658900006952,30.36003700013245],[-82.15683599994173,30.36006599992032],[-82.15695899996537,30.360086999627754],[-82.1572409999977,30.360149000361716],[-82.1574040002043,30.36017700020523],[-82.1574460000371,30.360178000116445],[-82.15765299972632,30.360163999808233],[-82.15781699975786,30.36014100029423],[-82.15789700012381,30.36012199964685],[-82.15808100024681,30.35992800029138],[-82.15809700014034,30.359895000031116],[-82.15809200011746,30.359715999740647],[-82.15808399972155,30.35968100035142],[-82.15804100006385,30.35957900031033],[-82.15799199966006,30.359479999918044],[-82.15792700026104,30.35927199962854],[-82.15792300006308,30.359236000159616],[-82.1579249997129,30.359200999823507],[-82.15797999996447,30.359028000126425],[-82.1580379996908,30.358976000242833],[-82.15807000037617,30.358952999674276],[-82.15818099980594,30.358904000298654],[-82.15825799979883,30.35887799993977],[-82.15829399978384,30.358859999746894],[-82.15836999995182,30.35883400015146],[-82.1584109999597,30.358825999976435],[-82.15849299997546,30.358822000276206],[-82.15878099985555,30.3587889996428],[-82.15882199986343,30.35878699979196],[-82.15911399994148,30.35879300011953],[-82.1593619996386,30.358777999687565],[-82.15944299982947,30.358763999954178],[-82.15963899964804,30.358701999892638],[-82.15971300016619,30.358669999920487],[-82.15996699971109,30.358548000269803],[-82.16031099966769,30.358421999975334],[-82.16066100037038,30.358304999667272],[-82.16074300038612,30.358292999727134],[-82.16095000007537,30.358282999646704],[-82.16111499993181,30.358290999866192],[-82.16116299961237,30.358282999646704],[-82.16141899970542,30.358178999834937],[-82.16158100008712,30.358068000383323],[-82.1616079998513,30.358040999869235],[-82.16165399988205,30.357942000245714],[-82.16167999982133,30.35787300012005],[-82.16167599962337,30.357838000071354],[-82.16165700025512,30.357805999816616],[-82.16161000039945,30.357745999795146],[-82.16147099958395,30.357613999618433],[-82.1614449996447,30.357584999878718],[-82.16142499955319,30.35755400025437],[-82.16141100020782,30.357520000029982],[-82.1614160002307,30.357483999916283],[-82.16143299994913,30.357451000381758],[-82.1614589998884,30.357422999758004],[-82.16149999989628,30.357360999621633],[-82.16152500001064,30.35733199980692],[-82.1616770003466,30.357210000037878],[-82.16177699990573,30.35711100034852],[-82.16190199957917,30.35720600027158],[-82.16193000006659,30.35723300024103],[-82.16197799974717,30.357291999861275],[-82.16208599970219,30.357445999911082],[-82.16221399974872,30.357586999754137],[-82.16227400002317,30.357636999726665],[-82.16230900018327,30.357657000018566],[-82.16254699983466,30.357718000030932],[-82.16258399964457,30.357733999786422],[-82.162824999669,30.35787599992427],[-82.1628880003165,30.35792299994634],[-82.16291099988271,30.357958999898468],[-82.16295000024078,30.35805499970609],[-82.16298100020292,30.358412999837338],[-82.16300999961692,30.35859000033195],[-82.16303399990635,30.358658000025184],[-82.16305900002072,30.35868700022188],[-82.16314500023445,30.35880899969919],[-82.1631999995877,30.3588620003714],[-82.163233000098,30.358884000261757],[-82.16330900026597,30.35891299961637],[-82.16339100028173,30.358925000255557],[-82.16343300011452,30.358925000255557],[-82.1634730002975,30.35891800001205],[-82.16359100029828,30.358884000261757],[-82.16366099972018,30.35884400017557],[-82.16369300040553,30.358821000351185],[-82.16375000030693,30.358769000357494],[-82.16377200004825,30.35873900025917],[-82.16383300014762,30.35860500001753],[-82.16382999977456,30.358497999987847],[-82.16383399997252,30.358282999646704],[-82.16385400006402,30.358176999971615],[-82.16387499998041,30.358108999944033],[-82.163894000247,30.358075999845255],[-82.16392000018625,30.35804800017549],[-82.16404700040786,30.357955000162857],[-82.16408699969253,30.35794799984995],[-82.16412799970041,30.357953000294955],[-82.16420600041651,30.35797800019086],[-82.16423599965545,30.35800200014696],[-82.16431400037155,30.35808599994684],[-82.16434399961047,30.35811099980874],[-82.16451000019013,30.358220000124224],[-82.16456299989358,30.358260999621233],[-82.16468199971928,30.358229000279955],[-82.16472000025243,30.358213999761567],[-82.16479100039753,30.358176999971615],[-82.16482900003237,30.358162000220354],[-82.16498700021612,30.358116000245424],[-82.16510699986671,30.35808599994684],[-82.165140000377,30.3580940001824],[-82.16516600031625,30.358134999732158],[-82.16526800042351,30.358198000084595],[-82.1654220004093,30.358319000241508],[-82.16552799981619,30.358377000052275],[-82.16560300015927,30.358407000261675],[-82.165641999619,30.35841800025864],[-82.1656840003501,30.358422999904473],[-82.165725000358,30.358421999975334],[-82.16580700037376,30.358410000049584],[-82.16588500019158,30.358385000264033],[-82.16592600019945,30.358378999911512],[-82.16616600039896,30.358437999615727],[-82.1663799997609,30.358549000197684],[-82.16642599979166,30.358583000064478],[-82.16642699961655,30.35865500024487],[-82.16639900002747,30.358833000226518],[-82.16639200035478,30.358905000222883],[-82.1663949998295,30.358976000242833],[-82.16640999989811,30.359082999749646],[-82.16641999994387,30.359118000127992],[-82.16649600011183,30.35928500014402],[-82.16654799999039,30.35938300003927],[-82.16661999996039,30.3594709998774],[-82.1666760000369,30.359524000190905],[-82.16680800028138,30.359610999985122],[-82.16686400035788,30.359661999614676],[-82.16694700019855,30.359667999888508],[-82.16698800020643,30.359675000078386],[-82.16702699966618,30.359687999765168],[-82.1670629996512,30.359705999805684],[-82.16709500033656,30.359729000197174],[-82.16712200010073,30.359757000160847],[-82.16718900004788,30.35984700026681],[-82.16724599994929,30.359900000376584],[-82.16733600036098,30.35997400018935],[-82.1673730001709,30.359990000350987],[-82.16741300035387,30.36000200008295],[-82.1675349996543,30.3600209999785],[-82.16757400001235,30.360018000240007],[-82.16764500015746,30.359979999668894],[-82.16770999955648,30.359933999773748],[-82.16777900005177,30.359895000031116],[-82.16794800010616,30.359736000382625],[-82.16798300026626,30.359715999740647],[-82.16814200027493,30.359674000162034],[-82.16826399957536,30.359653000365938],[-82.16843000015503,30.359638000065914],[-82.1684710001629,30.3596419997327],[-82.16851299999568,30.35964099981606],[-82.16855400000358,30.359635000315663],[-82.16883400038606,30.359564999916444],[-82.16891200020386,30.35954100034388],[-82.1689499998387,30.359525000108746],[-82.16897800032609,30.359498999914923],[-82.1691049996494,30.3593559998881],[-82.16922799967304,30.35916900001458],[-82.16925299978739,30.359139999960718],[-82.16928200009971,30.35911399966457],[-82.16944600013125,30.35900399964696],[-82.16948100029136,30.358985000328946],[-82.1695559997361,30.35895400037316],[-82.16975599975265,30.358904000298654],[-82.16983899959332,30.358897999977952],[-82.16996400016511,30.358898999902248],[-82.17000500017299,30.35890300037447],[-82.17004500035596,30.3589140003156],[-82.1701969997936,30.358971999773594],[-82.17029399987798,30.359039999976414],[-82.17038599993948,30.35911199982042],[-82.17043399962006,30.359170999857625],[-82.17051800018396,30.359249999825444],[-82.17066999962162,30.359373000070274],[-82.1707940003685,30.359601000039433],[-82.17088300005695,30.35972299992703],[-82.17091099964604,30.359749000061303],[-82.17094300033142,30.35977199966754],[-82.17097900031644,30.359791000382856],[-82.17105899978405,30.359808999629326],[-82.1711829996326,30.359819000328848],[-82.17138799967202,30.35984499966251],[-82.17150700039602,30.359877999939652],[-82.17162299984867,30.35991800037809],[-82.17169300016886,30.359956000198146],[-82.17172499995591,30.359978999755658],[-82.17188899998744,30.360142000205816],[-82.171908000254,30.360173999696368],[-82.17195500010969,30.360231999957527],[-82.17200899963805,30.360318999897174],[-82.17198900044487,30.36046100015807],[-82.17199399956942,30.360532999731245],[-82.17202200005684,30.360638000047313],[-82.17211300029342,30.36083799974693],[-82.17212099979103,30.36087300027242],[-82.17214000005761,30.36090600020273],[-82.17222200007336,30.360987000125405],[-82.17225300003552,30.36101000021567],[-82.17235199976972,30.361124999810517],[-82.17241600024214,30.361171999821746],[-82.17252099982413,30.361230000266197],[-82.17255199978625,30.36125300029928],[-82.17269900009934,30.36142699983516],[-82.17278299976495,30.361551000340047],[-82.17282100029809,30.361653999771057],[-82.17289400009302,30.36182200000244],[-82.1729069996135,30.361892000336663],[-82.17290900016164,30.361963999631552],[-82.17290099976572,30.361998999754103],[-82.17289499991794,30.36206999985354],[-82.1728649997807,30.362245000151386],[-82.17276000019872,30.36255499968886],[-82.17274599995503,30.36269699980401],[-82.1727529996277,30.362841000256054],[-82.17276400039668,30.362875000181127],[-82.17288900007014,30.363017999713858],[-82.17291800038247,30.36304399974737],[-82.17298600015452,30.363085000322716],[-82.17327400003461,30.36323000008355],[-82.17330699964657,30.363251999766526],[-82.17339600023335,30.36332700002269],[-82.17345200030985,30.36337999979694],[-82.17355299969387,30.363493999828332],[-82.1736249996639,30.363581999843273],[-82.17366300019704,30.36364599966347],[-82.17369800035715,30.363748999988598],[-82.1737159999005,30.363818999718756],[-82.1737379996418,30.36396200019648],[-82.1737300001442,30.36403299964594],[-82.1736459995803,30.36427400023115],[-82.17358399965602,30.36440599994622],[-82.17353699980035,30.364580999939687],[-82.1735259999297,30.364651999714862],[-82.1735259999297,30.364688000290734],[-82.17354900039423,30.36479300002163],[-82.17360000044786,30.364889999960692],[-82.1736459995803,30.36495000025041],[-82.1737450002128,30.36506599972441],[-82.17379600026642,30.365110999670392],[-82.17383300007636,30.365126999766762],[-82.17390300039655,30.365164999888272],[-82.17410500006292,30.365246000159168],[-82.17435199993513,30.36534199979055],[-82.17449000002739,30.365421000199692],[-82.17461300005104,30.36551800029095],[-82.17466900012754,30.365570999652924],[-82.17479899982386,30.36571100033025],[-82.17492900041853,30.36589399991127],[-82.17508400022923,30.36606299968609],[-82.17519700020712,30.36616900011586],[-82.17532699990348,30.36625799989804],[-82.1753980000486,30.366294999731394],[-82.1755899996692,30.36636199964539],[-82.17566199963923,30.366396999744204],[-82.17573100013452,30.36643599999449],[-82.17576899976936,30.366452999721144],[-82.17580899995232,30.366461000047437],[-82.17585099978513,30.366464000363404],[-82.175891999793,30.36646000020044],[-82.17596999961081,30.366436999841724],[-82.17600700031903,30.366420000112335],[-82.17607400026618,30.366380000007815],[-82.17609699983241,30.36634900007058],[-82.17614299986316,30.366250000330243],[-82.17616999962735,30.36622299974953],[-82.17620399996252,30.36620099995981],[-82.17624099977246,30.366185999888938],[-82.17628199978033,30.366176999690282],[-82.17640499980399,30.366176999690282],[-82.1764469996368,30.366181999714602],[-82.1765189996068,30.366216000028363],[-82.17661200039154,30.36628800001539],[-82.17672799984418,30.3663900000355],[-82.17674799993566,30.36642199980706],[-82.17676100035446,30.366456000037367],[-82.17676800002715,30.36649100010249],[-82.17680099963911,30.366595000377128],[-82.17681900008077,30.366627000081667],[-82.17702999996797,30.366894000259954],[-82.17705799955705,30.36692099988038],[-82.17727099999239,30.367091999886615],[-82.17745299956728,30.367181000378924],[-82.17760800027627,30.367230000258292],[-82.17772799992689,30.367259000238626],[-82.17811100024151,30.367397000374638],[-82.17817900001359,30.367437999900147],[-82.1782929998164,30.36754299977863],[-82.17852700016813,30.367793000290277],[-82.17876599964443,30.367993000084446],[-82.17896599966096,30.368121000110015],[-82.17904299965384,30.368148000166737],[-82.1791449997611,30.368209999665766],[-82.1793070001428,30.36832199983634],[-82.17940000002923,30.36839299999565],[-82.17946500032654,30.368437000134026],[-82.17981199975787,30.368634999736525],[-82.17985199994085,30.3686460001333],[-82.17997400013958,30.36866199965129],[-82.18005699998027,30.368651999855953],[-82.18009700016323,30.368642999884276],[-82.18013499979807,30.368629000012817],[-82.18031800009618,30.368543000315558],[-82.18047600027991,30.36849900022489],[-82.18072099960399,30.368459000195788],[-82.18076199961187,30.368461999675322],[-82.18080299961974,30.36846999983723],[-82.18083799977987,30.368488999637872],[-82.18099099994073,30.368611000064448],[-82.1810450003674,30.36866599972412],[-82.18106200008584,30.3687219999518],[-82.18106700010873,30.368757999804426],[-82.18106299991075,30.36879199999752],[-82.18102799975065,30.36885799992833],[-82.18098599991787,30.368919999752258],[-82.1809609998035,30.36894800018491],[-82.18092999984137,30.36897300037069],[-82.18077500003066,30.369142000249596],[-82.18075199956613,30.36917200025721],[-82.1806939998398,30.36926700009134],[-82.18063899958821,30.36944000027839],[-82.18065700002988,30.369655000120062],[-82.18067399974832,30.369760999756245],[-82.18070200023574,30.36982799962061],[-82.18071099955824,30.36986399984109],[-82.18076599980984,30.369960000364213],[-82.18078799955113,30.369990999931677],[-82.18113800025382,30.370392999808512],[-82.18125299988155,30.370543000160417],[-82.1812710003232,30.370575000123026],[-82.1812830000188,30.37061000026391],[-82.18130200028536,30.37078899999136],[-82.18130300011026,30.370860999711397],[-82.18128399984369,30.371076000303603],[-82.18127399979795,30.371111000265152],[-82.18125700007951,30.371143999840946],[-82.18114999994938,30.371297999780897],[-82.18103100012371,30.371397999632187],[-82.1809959999636,30.371415999842544],[-82.18076400016,30.37149800015619],[-82.18068399979406,30.371516000348137],[-82.18064600015923,30.37153200017154],[-82.18054300022706,30.371592000260975],[-82.18047899975465,30.371637000303874],[-82.18038800041637,30.37170999996775],[-82.18027399971523,30.37181400011673],[-82.18025000032411,30.371844000079484],[-82.18023400043059,30.37187700018298],[-82.18016099973732,30.372082999660964],[-82.18016199956224,30.372154999978108],[-82.18018800039984,30.372333000190128],[-82.18024000027837,30.37257999995185],[-82.18026799986745,30.372647999993227],[-82.18040199976176,30.37282900020331],[-82.18045100016556,30.37288699993425],[-82.18064600015923,30.37302000020296],[-82.18071499975619,30.37306099969572],[-82.18075400011426,30.373073000148896],[-82.18091700032087,30.373098000054913],[-82.18108300000223,30.373111000282538],[-82.18124899968359,30.37310100016725],[-82.18145500044623,30.37307900037493],[-82.1814949997309,30.373070999815106],[-82.18153400008894,30.3730580003572],[-82.18185299993117,30.372889000271815],[-82.18208499973476,30.37280800013187],[-82.18220199991063,30.37277200022041],[-82.1822429999185,30.37276299985292],[-82.18232499993427,30.372757000382535],[-82.18261700001233,30.372768000315506],[-82.18273599983802,30.37279899976776],[-82.18281399965582,30.372823999743854],[-82.18292400015898,30.3728739996769],[-82.18299399958087,30.372912999668902],[-82.18328999985688,30.373109999728573],[-82.18334500010846,30.373164000179138],[-82.18349300024646,30.373338000222585],[-82.18359600017862,30.37349400013192],[-82.183685999692,30.373733000329846],[-82.18373099989785,30.373944999945046],[-82.18375400036238,30.37412299999805],[-82.18375299963915,30.37419399981994],[-82.18373799957054,30.37426500036528],[-82.18368099966914,30.374399999840882],[-82.18360399967624,30.374896999977985],[-82.1835939996305,30.375039999755135],[-82.18358899960762,30.375219999654245],[-82.18365499972987,30.375574999689324],[-82.18376400040812,30.375808000166426],[-82.18378500032452,30.375839000204678],[-82.18386099959419,30.37592499968436],[-82.18397000027245,30.376078000094545],[-82.18401899977795,30.376176999958822],[-82.18411599986231,30.37645199991683],[-82.18415199984733,30.376518000101616],[-82.18419899970299,30.37657699971246],[-82.18427499987098,30.376705000124925],[-82.18437199995535,30.37682200011919],[-82.18440600029054,30.376888000054162],[-82.18444300010046,30.377064999659797],[-82.18444800012334,30.3772080001404],[-82.18451000004761,30.377416999989666],[-82.1845169997203,30.377452000006],[-82.18453500016197,30.37763200011355],[-82.18453299961384,30.377702999711747],[-82.18452099991826,30.377736000162407],[-82.18449199960594,30.377762000157283],[-82.18445899999399,30.377828000232554],[-82.18443700025267,30.3778970002284],[-82.18443700025267,30.377969000138407],[-82.18446200036703,30.378038000034664],[-82.18448099973529,30.37806999986897],[-82.1845080003978,30.37813799996636],[-82.18451599989541,30.378172999724573],[-82.18451800044353,30.37820899997201],[-82.1845650002992,30.378420000230225],[-82.1845929998883,30.378597999884466],[-82.18461600035282,30.378703999898995],[-82.18463700026922,30.378773000051375],[-82.18465200033783,30.37880699986145],[-82.18467499990406,30.378836000282735],[-82.18473299963037,30.37888799968049],[-82.18479499955467,30.378936000173006],[-82.18482899988983,30.378955999983805],[-82.1849800004009,30.379016999885156],[-82.18501999968555,30.379010000304948],[-82.18505999986851,30.378997999805605],[-82.18513299966347,30.378964000061977],[-82.18516600017374,30.378942000039167],[-82.1854950000617,30.37878799974114],[-82.18556600020682,30.37875000026433],[-82.18560399984165,30.378736000290175],[-82.18568500003249,30.37871799987765],[-82.18580700023124,30.378698000018215],[-82.1859310000798,30.378686000255563],[-82.1859729999126,30.378686000255563],[-82.18605400010345,30.378700999958625],[-82.18613299974616,30.37872500025376],[-82.18616999955609,30.378742000168625],[-82.18636399972485,30.378876999661188],[-82.18651100003794,30.378945999691446],[-82.18658700020593,30.37897500007151],[-82.18678499967432,30.37903099981898],[-82.1868669996901,30.379035000242556],[-82.18690900042118,30.379033000030812],[-82.18707000007967,30.378997000086837],[-82.18710900043774,30.378983999866996],[-82.18721400001972,30.378927000373093],[-82.1872750001191,30.378878000156124],[-82.18736200015772,30.37875499964567],[-82.18741599968608,30.378658000286993],[-82.18744199962535,30.37858999977632],[-82.18748199980833,30.378451000215108],[-82.18755100030361,30.37831999981203],[-82.18763300031937,30.378194999920428],[-82.18770899958905,30.378109999840806],[-82.18782199956695,30.37800499968602],[-82.1878530004274,30.377980999989084],[-82.18805699974358,30.37785700016934],[-82.188197000384,30.377779999970883],[-82.18835200019468,30.377728999715476],[-82.18859200039421,30.377672000264646],[-82.1886710000369,30.377649000218515],[-82.18874600038,30.377617999979275],[-82.18881699962678,30.377580000047647],[-82.18888299974901,30.377536999882828],[-82.18894399984839,30.377489000253235],[-82.18907699991777,30.37735099963686],[-82.18915700028373,30.377226000055995],[-82.18924500014728,30.377063999921237],[-82.18927299973636,30.37699599985163],[-82.18941800039963,30.376584999985308],[-82.18947000027816,30.3764870002787],[-82.18961199967008,30.376268000199655],[-82.18964299963221,30.376244000076234],[-82.18974999976234,30.376189999776997],[-82.18991499961878,30.376170000175236],[-82.19008100019845,30.376177999706442],[-82.19020099984904,30.376207999880055],[-82.19023699983406,30.37622500023268],[-82.19029799993343,30.376274999976218],[-82.19034099959111,30.37637599990713],[-82.1903599998577,30.376408000285526],[-82.19040500006355,30.376467999707412],[-82.19042199978198,30.376500000055643],[-82.19046699998783,30.376560999939706],[-82.19070100033956,30.37685100035444],[-82.19074300017235,30.376912000019473],[-82.19085899962498,30.3770579999398],[-82.1908870001124,30.37708499985337],[-82.19095400005955,30.37712599996629],[-82.19102699985447,30.37716100008682],[-82.19106600021254,30.37717399977412],[-82.19111300006819,30.377256999644565],[-82.19117099979452,30.377391999638153],[-82.19129200016835,30.377579000314377],[-82.19133700037419,30.37764000030004],[-82.19152899999482,30.377828000232554],[-82.19184600018721,30.378161999624748],[-82.19211499980074,30.37838499978551],[-82.19245899975732,30.378695999799525],[-82.19259600002468,30.378831000130557],[-82.19278599999546,30.3790650003143],[-82.19282299980539,30.379129000074894],[-82.19284399972177,30.379235000288535],[-82.19284100024706,30.37937799991938],[-82.19282100015556,30.379483999862995],[-82.19274499998758,30.37976399992139],[-82.19259299965161,30.380208999692304],[-82.1925840003291,30.380281000224148],[-82.19257900030622,30.380780999784665],[-82.19264299988033,30.381024000332186],[-82.192689999736,30.38130699971396],[-82.1927249998961,30.381665999656516],[-82.1927249998961,30.38173700019913],[-82.19274900018554,30.382024999830143],[-82.19280600008695,30.382120000348376],[-82.19282700000335,30.382190000100085],[-82.19285700014056,30.382330000228105],[-82.19288800010271,30.382396000318515],[-82.19295599987478,30.38256399978397],[-82.19300500027859,30.38266300005332],[-82.19305100030934,30.382721999829528],[-82.1932539998006,30.382948000245268],[-82.19336000010581,30.383102000188003],[-82.1933879996949,30.38316999988421],[-82.19341000033454,30.383238999983387],[-82.19342600022806,30.383308999708532],[-82.19342200003011,30.383344999614124],[-82.1934010001137,30.383414000364702],[-82.19328999978562,30.38364699997855],[-82.19320899959476,30.383771999871705],[-82.19318500020364,30.38380100036959],[-82.19310200036296,30.3838810002556],[-82.1929719997683,30.383972000298094],[-82.19286100033852,30.384019999843552],[-82.19278400034564,30.38404599971665],[-82.19270200032987,30.38405800037109],[-82.19261899959089,30.384061999813948],[-82.19249499974234,30.384054000153117],[-82.19245299990953,30.38404799982584],[-82.19237300044192,30.38402899994941],[-82.19229499972579,30.384003000071797],[-82.19225500044112,30.383993999963547],[-82.19208899986145,30.38399100018554],[-82.1919650000129,30.384007000291856],[-82.19193200040095,30.384028000282107],[-82.19190399991352,30.384054000153117],[-82.1918870001951,30.384087000009206],[-82.19182199989777,30.384258000212153],[-82.19176800036941,30.38446800014716],[-82.19175800032367,30.384539999865964],[-82.19175999997348,30.384612000306717],[-82.19178900028581,30.384715999902486],[-82.19182100007286,30.38478300036584],[-82.19184199998925,30.384813999882326],[-82.19193200040095,30.38488800021314],[-82.19218799959566,30.38512300027425],[-82.19225200006808,30.385170000373694],[-82.19242100012248,30.385272999721018],[-82.19255099981882,30.385363000363466],[-82.19265700012403,30.385419000325264],[-82.1927819997975,30.38551500029586],[-82.19289899997337,30.385616999628525],[-82.19296000007273,30.385664999915818],[-82.19305799998202,30.385731999728467],[-82.1931759999828,30.385832999960716],[-82.19322700003643,30.385890000076373],[-82.19324799995283,30.385921000016534],[-82.19325999964839,30.385954999664683],[-82.19331700044812,30.386201999875603],[-82.19329300015866,30.386238999909907],[-82.19327800009005,30.38627300022227],[-82.19322100018864,30.386482000059285],[-82.19315800043945,30.386835000207444],[-82.19315300041659,30.38697800034134],[-82.19312300027936,30.387155999906778],[-82.19317900035585,30.38732900020543],[-82.1932250003866,30.38768500005782],[-82.19325600034874,30.38775200003521],[-82.19330200037949,30.387889999913256],[-82.19335400025804,30.3880260003436],[-82.19343799992362,30.38814999965928],[-82.1934849997793,30.38825000009266],[-82.19352499996226,30.388312000015517],[-82.19363100026747,30.388505999619948],[-82.19367200027537,30.388568999776073],[-82.19369900003953,30.388597000004623],[-82.19377500020752,30.388723999778236],[-82.19389300020829,30.388871999885804],[-82.19401500040702,30.389017000145476],[-82.19417699989043,30.389180000228535],[-82.19420799985257,30.389204000274837],[-82.19424300001266,30.38922299991985],[-82.19430699958677,30.38926899998321],[-82.19440700004418,30.389333000035293],[-82.19457899957332,30.389433000032774],[-82.19469199955122,30.38948000038365],[-82.19477100009226,30.38950099997256],[-82.19493500012379,30.389524000328926],[-82.1949769999566,30.389526999937054],[-82.19501799996446,30.389522999942994],[-82.19522100035405,30.38948200038162],[-82.1952589999889,30.389467999620255],[-82.19543899991395,30.38937599965928],[-82.19545999983033,30.38934799965399],[-82.19548300029489,30.389278999994115],[-82.19561999966392,30.389017000145476],[-82.19570199967968,30.38889199998785],[-82.19583399992415,30.388668000160777],[-82.19595899959764,30.388523000158067],[-82.19601600039736,30.38847200008456],[-82.19615000029167,30.388386000021892],[-82.1962599998965,30.388336000275043],[-82.19637799989728,30.38829999988358],[-82.19650099992093,30.388283000081522],[-82.19658399976161,30.388277999637776],[-82.19678799997612,30.388310999617104],[-82.19682800015907,30.388320999726073],[-82.19704999991694,30.38841899996481],[-82.19729900033727,30.388547999986834],[-82.1973720001322,30.388582000270624],[-82.19757299997364,30.38870900006374],[-82.19785400018105,30.388974000363444],[-82.19797999967943,30.389067999934426],[-82.19816700017549,30.389146999767796],[-82.1982869998261,30.38917800022438],[-82.19840300017705,30.38921600029575],[-82.19847900034505,30.389246999955592],[-82.19854999959183,30.389282999998176],[-82.19862800030796,30.38930900002068],[-82.198772000248,30.389381000046832],[-82.19883900019515,30.389421999650594],[-82.19887600000506,30.389439000029377],[-82.19890899961703,30.3894610000137],[-82.19905500010522,30.389588000214044],[-82.19910899963357,30.389642000084425],[-82.19922499998452,30.389832000166038],[-82.19926900036546,30.389970999812288],[-82.1992729996651,30.39000700036292],[-82.19926900036546,30.390078000269323],[-82.19919400002239,30.39020699965067],[-82.19911200000662,30.390288000094195],[-82.19905000008234,30.390335999636587],[-82.19893600027953,30.39038100034842],[-82.19881699955552,30.39041199963862],[-82.19862199956184,30.390475000115494],[-82.198511999957,30.39052599991831],[-82.19841999989549,30.39059799982248],[-82.19834399972751,30.390684000262688],[-82.1982030001605,30.390904000179297],[-82.19810299970308,30.39110000002579],[-82.19808400033483,30.3911700003185],[-82.19806900026622,30.39131199993895],[-82.1980550000225,30.391382000079755],[-82.19805099982455,30.391516000342158],[-82.19804999999963,30.39156200010076],[-82.19805800039555,30.39163299965188],[-82.19807900031195,30.391739000249977],[-82.19810799972595,30.391843000008578],[-82.19821499985608,30.392075999669384],[-82.19830699991759,30.392194999800562],[-82.1984140000477,30.39234800030971],[-82.19847699979688,30.39240699966209],[-82.1986180002622,30.392482000021943],[-82.19880200038523,30.39256399970893],[-82.19902900016594,30.392651000322118],[-82.1991320000981,30.392712000198163],[-82.1991949998473,30.392758000168424],[-82.19924900027398,30.392813000188692],[-82.19952000043561,30.393129999772224],[-82.19971399970606,30.393265000309164],[-82.19978700039931,30.393298999726213],[-82.19991399972261,30.393392999784943],[-82.19999800028653,30.393473000340762],[-82.20019099973204,30.393538000308233],[-82.20022300041741,30.393562000058793],[-82.20025000018158,30.393589000061702],[-82.20030899973281,30.39368400018482],[-82.20034700026595,30.39382299977429],[-82.20036099961136,30.393856000205243],[-82.20036999983218,30.393997999795694],[-82.2003639999844,30.394068999900867],[-82.20034399989292,30.394210999956556],[-82.20028799981641,30.39438299982383],[-82.20025900040241,30.394523999863114],[-82.20026000022733,30.394560000285647],[-82.20027799977068,30.394629999648707],[-82.20031299993077,30.394732999871064],[-82.20036900000727,30.394828999988068],[-82.20044199980221,30.394916999689585],[-82.20047299976434,30.394940999876212],[-82.20055599960503,30.39494999975096],[-82.200595999788,30.39495999995519],[-82.20067299978089,30.394987000346543],[-82.20075300014685,30.395005999641707],[-82.20087500034558,30.395027999922064],[-82.20094999979032,30.395057999732913],[-82.20103199980609,30.395067999926038],[-82.20106899961601,30.39508500009717],[-82.201144999784,30.395111999679084],[-82.20118199959391,30.395130000171086],[-82.20121400027928,30.39515299997701],[-82.20132300005922,30.395260999734454],[-82.20140000005212,30.395350000147936],[-82.20150299998427,30.395733999948813],[-82.20157699960413,30.395940000281154],[-82.20161500013727,30.396080000078523],[-82.20164899957416,30.396256999789728],[-82.20168499955915,30.396396999907566],[-82.20175400005445,30.39656599963304],[-82.20188799994875,30.396788999634875],[-82.20192200028394,30.396855000031156],[-82.20196599976656,30.39706800016054],[-82.2019890002311,30.39720999973047],[-82.20199599990377,30.397280999825416],[-82.20198000001025,30.3974240001656],[-82.20197199961434,30.397460000294124],[-82.20195700044404,30.397493000271087],[-82.20187999955284,30.397620000102002],[-82.20187999955284,30.397656000158275],[-82.20191899991089,30.397869000090495],[-82.20193200032969,30.39790300022945],[-82.20195099969794,30.39793499975695],[-82.20204500030759,30.3980519999013],[-82.2022160000118,30.398209999695087],[-82.20225199999682,30.39822700009411],[-82.20236800034778,30.39826700033762],[-82.20240900035564,30.398275000384352],[-82.20243500029493,30.3983019998593],[-82.20247899977754,30.39836300008045],[-82.2025109995646,30.39842900018792],[-82.20262799974046,30.398577999832135],[-82.2027780004266,30.39870299999275],[-82.20284000035088,30.3987499997576],[-82.2028980000772,30.398802000179955],[-82.2029750000701,30.398885999790544],[-82.20303600016946,30.39897999989629],[-82.2030810003753,30.39908000009083],[-82.20310399994152,30.399148999801202],[-82.2031089999644,30.3991850000687],[-82.20311399998727,30.39936499965734],[-82.20309399989577,30.399506000252735],[-82.20308200020023,30.39954100010522],[-82.20300600003223,30.399706999743955],[-82.2029540001537,30.399842999993798],[-82.20292599966629,30.399947999926088],[-82.20283799980274,30.400225000172465],[-82.20283299977986,30.400261000043272],[-82.20282699993209,30.400405000168675],[-82.20283100013005,30.400513000317122],[-82.20284000035088,30.400584000335254],[-82.20284000035088,30.400620000073765],[-82.20279000012218,30.400939999920837],[-82.20279000012218,30.400976000302887],[-82.20280600001568,30.401118999881543],[-82.20281600006143,30.401153999930752],[-82.20285700006933,30.401255999980453],[-82.20288200018366,30.401283999671595],[-82.20294599975776,30.401330999743926],[-82.20305299988789,30.401386000360333],[-82.20311999983505,30.40142900010223],[-82.20319299962998,30.40146400004027],[-82.20323299981295,30.401473000088753],[-82.20331499982872,30.401465000303993],[-82.2033490001639,30.401448999957683],[-82.2033759999281,30.401421000313793],[-82.2034679999896,30.401348000374483],[-82.20357599994462,30.401292999736665],[-82.20361500030269,30.40128199991533],[-82.2036570001355,30.40127899989336],[-82.20369800014336,30.40128199991533],[-82.20394400019066,30.401321000192002],[-82.2039819998255,30.401333000274008],[-82.20409099960544,30.401386999850036],[-82.20418100001712,30.40146100002395],[-82.20422799987278,30.401520000070107],[-82.20424499959121,30.401553000224826],[-82.20425499963697,30.401588000118494],[-82.20426499968272,30.401731999836706],[-82.20425999965984,30.401910999895325],[-82.20428599959911,30.402053000171538],[-82.20430400004076,30.40212399984482],[-82.20433199962986,30.402190999991134],[-82.20435000007151,30.402223999919105],[-82.20444600033099,30.4023410003486],[-82.20452599979862,30.40242399976046],[-82.20456799963141,30.402485999984517],[-82.20461100018744,30.402586999940247],[-82.20462700008095,30.402658000000056],[-82.20465999969292,30.402761999754393],[-82.20467800013459,30.402838000160433],[-82.20464799999735,30.403048999917342],[-82.20463700012671,30.403082999802418],[-82.20459100009593,30.40314299988989],[-82.20456099995873,30.403167999850883],[-82.20442100021663,30.40324500018634],[-82.20434699969849,30.4032779997581],[-82.20430599969059,30.403281999963706],[-82.20418500021508,30.40325599978655],[-82.20410300019931,30.403258000277255],[-82.2039399999927,30.40328499992408],[-82.203821000167,30.403318999727055],[-82.20373999997615,30.40333600001149],[-82.2035449999825,30.40339899990032],[-82.20345999959368,30.40344699997287],[-82.20340699989023,30.403477999765013],[-82.20330999980584,30.403545999999498],[-82.20325799992732,30.40360200038487],[-82.20325399972936,30.403637999785527],[-82.20325499955426,30.40371000009659],[-82.20327499964574,30.403815999984534],[-82.2033130001789,30.403918999816472],[-82.20342100013393,30.40415300034738],[-82.2036520001126,30.4045749999203],[-82.20370300016624,30.40471199981909],[-82.20376900028847,30.404920000264983],[-82.20377299958811,30.404954999726602],[-82.20375300039495,30.405025000161636],[-82.20375000002188,30.40527600031293],[-82.20376000006765,30.405310999646883],[-82.20377799961099,30.405344000069963],[-82.20387999971824,30.405456000295754],[-82.20398699984835,30.405609999621614],[-82.20406399984127,30.40569499979454],[-82.20412800031366,30.405742000068],[-82.2041440002072,30.40577400012586],[-82.20416799959833,30.405842999754924],[-82.20426399985779,30.406002000331373],[-82.20440600014803,30.406180000094526],[-82.2044339997371,30.406206999708132],[-82.20455500011094,30.406304000381954],[-82.20466899991375,30.40634899993492],[-82.20470999992165,30.406357000094335],[-82.20487499977807,30.406343000202355],[-82.20524300002411,30.406281000103117],[-82.20544800006351,30.406254999949777],[-82.20561399974488,30.406246999782017],[-82.20574599998935,30.406252000080652],[-82.20590499999801,30.406257999818813],[-82.20606900002954,30.406281000103117],[-82.20619000040335,30.40630600003537],[-82.20622899986311,30.406319999932705],[-82.20640799996325,30.406409999778003],[-82.20659600028422,30.40655299992112],[-82.20662300004841,30.40657899999505],[-82.20672799963039,30.406775000150937],[-82.20675500029289,30.40684299963869],[-82.2067639996154,30.406877999960432],[-82.20677799985911,30.40702199962488],[-82.20677600020927,30.407108000323877],[-82.20677500038438,30.4071289999966],[-82.20676600016354,30.40723699968082],[-82.20675500029289,30.4072709996571],[-82.20673799967614,30.407304000192493],[-82.20671400028502,30.407332999902476],[-82.20657799984255,30.407469000377656],[-82.2065450002306,30.407491000174655],[-82.20643100042778,30.407541999614597],[-82.2063979999175,30.407557000310703],[-82.20585700031744,30.407734000138394],[-82.20563800003431,30.407832000268268],[-82.20549800029222,30.40790900002457],[-82.2054460004137,30.40796500023177],[-82.20538600013924,30.408059000120023],[-82.20537299972045,30.40809299981005],[-82.2053490003293,30.40819900036278],[-82.2053269996897,30.40833999982328],[-82.20533699973544,30.408447000299933],[-82.20535199980405,30.408517999972275],[-82.2053690004208,30.408551000086078],[-82.20542399977407,30.40862400006349],[-82.20545899993417,30.408670999701666],[-82.20550800033796,30.40872899985038],[-82.20559700002643,30.408805000260205],[-82.20581999960919,30.409070000268176],[-82.20593400031032,30.409260999927213],[-82.2060589999838,30.409403999768074],[-82.20622300001533,30.409612000289503],[-82.20634600003898,30.409799999902752],[-82.20640399976529,30.409933999686306],[-82.20641499963595,30.40996899967465],[-82.20643599955234,30.410097999899566],[-82.20647300026057,30.410323999732526],[-82.20648599978105,30.4104670003404],[-82.2064809997582,30.410502000137644],[-82.20647300026057,30.41068000021813],[-82.20644200029844,30.41081999980099],[-82.20641299998613,30.410886000010645],[-82.20628999996248,30.411112999733522],[-82.20619100022827,30.411228000029947],[-82.20599000038683,30.411501000170706],[-82.20596400044755,30.411530000183415],[-82.20578000032454,30.41167399995838],[-82.20573599994361,30.411735999731494],[-82.20572400024803,30.411769999690332],[-82.2057219996999,30.411805999952882],[-82.20574099996647,30.411912000347424],[-82.20575500021019,30.411946000244967],[-82.20581999960919,30.412039000018115],[-82.20586999983792,30.412096000335072],[-82.20599700005951,30.412188999965313],[-82.20614900039548,30.412247000347985],[-82.2062709996959,30.412226000226738],[-82.20643800010048,30.412218999927102],[-82.20672699980547,30.412248999879665],[-82.20680799999633,30.412266000158613],[-82.20684300015643,30.412286000118353],[-82.2069109999285,30.412377000038536],[-82.20696299980703,30.41243199985549],[-82.20705700041668,30.41251799966207],[-82.20719100031098,30.41264199964625],[-82.20733699990085,30.41281599988318],[-82.20740200019819,30.412908000230388],[-82.20747099979515,30.413078000189113],[-82.20749400025969,30.413147000078755],[-82.20754799978805,30.413431000278713],[-82.2075589996587,30.413464999647076],[-82.20759100034407,30.413504999845877],[-82.20764800024546,30.413529000112263],[-82.20777200009402,30.413580000271313],[-82.20787599985111,30.41364000010527],[-82.20795100019417,30.41367199989841],[-82.20798399980613,30.413693999846906],[-82.20807199966967,30.413770000264698],[-82.20820899993703,30.413905000157527],[-82.20827500005929,30.413997000252987],[-82.2083410001815,30.414129000204824],[-82.20836499957265,30.41419800012619],[-82.20838399983923,30.414304000247153],[-82.20838300001431,30.41434000034975],[-82.20835600025013,30.41444500018583],[-82.20832600011289,30.414511999623798],[-82.2083050001965,30.41454399990571],[-82.20827900025725,30.414571000304836],[-82.20823400005139,30.414631999658482],[-82.20816200008136,30.414760999918514],[-82.20811699987553,30.414862999697117],[-82.2080869997383,30.414881999773222],[-82.2080089999205,30.414906999826957],[-82.20790099996546,30.414960999642265],[-82.2078680003535,30.41498300007492],[-82.20781399992681,30.41503799997284],[-82.20777100026912,30.415098999809242],[-82.20768699970522,30.41517800027734],[-82.20759899984166,30.41529899961508],[-82.2073839997565,30.41568600033764],[-82.20732299965714,30.41584300014319],[-82.20729300041823,30.415924000240214],[-82.20725800025814,30.415988999982453],[-82.20719700015876,30.41608299989074],[-82.20716700002154,30.416149999753603],[-82.20712500018874,30.416211999782323],[-82.20709800042457,30.416238999720015],[-82.20700499963982,30.416312000145403],[-82.20694100006571,30.416356999733125],[-82.20679600030076,30.416484999927352],[-82.20670599988908,30.416605999968773],[-82.2066580002085,30.41666400005069],[-82.20657799984255,30.41678900029695],[-82.2065440004057,30.416854000237823],[-82.20652099994116,30.416884000315076],[-82.20646999988753,30.41698099967553],[-82.2064330000776,30.417084000336363],[-82.20642999970455,30.417120000188213],[-82.2064330000776,30.41715600002681],[-82.20645099962096,30.417226000234383],[-82.20646999988753,30.417257000299198],[-82.2065179995681,30.417316000095468],[-82.20660600032997,30.41739200001683],[-82.20667099972898,30.41743699988126],[-82.20682399988986,30.417493000045024],[-82.20703599960197,30.417378000158077],[-82.20711199976995,30.417349000333644],[-82.20739100032752,30.417277000010902],[-82.2076780003827,30.417240000114937],[-82.20771900039058,30.41724700005446],[-82.20775700002541,30.41726099993201],[-82.20796500043787,30.41738000035939],[-82.20799700022492,30.417403000347115],[-82.20803400003484,30.417466999779293],[-82.20804499990551,30.4175389999618],[-82.20804499990551,30.417574999645808],[-82.20802200033928,30.41768099997245],[-82.2080089999205,30.41771500018436],[-82.2079880000041,30.41774600009385],[-82.20791600003407,30.417834000058143],[-82.20785499993471,30.4178830001007],[-82.20767599983455,30.418080000118323],[-82.20763499982668,30.41814299978838],[-82.20761899993315,30.418175999746897],[-82.20760800006248,30.41821099987843],[-82.20759899984166,30.418353999776556],[-82.20761800010825,30.418460000031725],[-82.20765200044343,30.418525999723155],[-82.20783200036848,30.41872400007891],[-82.2079100001863,30.418748999923125],[-82.20798200015632,30.41878499993547],[-82.2081029996318,30.418882999815565],[-82.20815399968545,30.418940000008902],[-82.2081989998913,30.418999999646342],[-82.20831799971697,30.419188999851304],[-82.20848900031952,30.419552999616354],[-82.20850699986286,30.41962299965388],[-82.20851899955842,30.419692999641143],[-82.20852199993149,30.419798999991105],[-82.20849099996936,30.419940999811722],[-82.20847099987785,30.419970999714707],[-82.20838700021227,30.420051000185413],[-82.20832399956475,30.42009699967111],[-82.20820300008926,30.420194999782932],[-82.20803999988263,30.420304999870233],[-82.20786300033062,30.42039800019947],[-82.2077849996145,30.42042200032003],[-82.20760300003963,30.420508000057925],[-82.20750099993238,30.420569999641863],[-82.20747499999311,30.420597999990804],[-82.20743999983301,30.420662999718523],[-82.20741300006883,30.42073100037653],[-82.20740600039615,30.42076699965759],[-82.20744099965792,30.42105000008513],[-82.20746199957432,30.421119999823368],[-82.20748000001598,30.421152000262474],[-82.20750699978016,30.421179000382693],[-82.20755500035906,30.42123800013165],[-82.20758200012324,30.421264000167298],[-82.20765599974308,30.421296999844984],[-82.20769599992603,30.42130799973508],[-82.2077779999418,30.42131999968415],[-82.20802599963892,30.42133900005241],[-82.20810900037793,30.42133699993229],[-82.20831400041733,30.42133900005241],[-82.20839999973273,30.421341000172525],[-82.20852199993149,30.421322999864856],[-82.20860099957419,30.42129799990542],[-82.2087489997122,30.42123600000947],[-82.20882999990305,30.421216999621162],[-82.20895399975161,30.421207999843602],[-82.20899399993459,30.421215000273143],[-82.20911000028555,30.421255999680348],[-82.20914500044563,30.421275000061062],[-82.20917499968456,30.421300000026378],[-82.20919899997399,30.421329000225974],[-82.20921599969243,30.421361999881665],[-82.20922999993613,30.4214320001708],[-82.2092359997839,30.42150399975172],[-82.2092070003699,30.421680999851336],[-82.20914500044563,30.42181400031013],[-82.20912600017905,30.42184599974698],[-82.20904199961515,30.422088000328568],[-82.20899800013255,30.422334999784702],[-82.20900099960727,30.422406000199498],[-82.20901499985098,30.422511999926158],[-82.20906000005681,30.422651000306672],[-82.20914700009547,30.42285200017238],[-82.20920399999686,30.422947999753998],[-82.20936999967823,30.423197000213552],[-82.20942199955677,30.423254000210726],[-82.20944400019637,30.423283999869696],[-82.20943900017352,30.4233480000925],[-82.20945000004417,30.423382999918257],[-82.20950500029574,30.423479999790118],[-82.20953200005991,30.42350800007863],[-82.20962499994634,30.423578999639805],[-82.20973600027443,30.423625999822793],[-82.21004800044396,30.423722000192118],[-82.2101210002389,30.423755999848357],[-82.21015399985086,30.423777999847516],[-82.21017300011744,30.42381000018945],[-82.21018300016317,30.42384399981503],[-82.21018700036113,30.423880000271456],[-82.210184999813,30.42391599993998],[-82.21017399994233,30.42395100033662],[-82.21015700022392,30.42398399988015],[-82.21006900036036,30.424104999918413],[-82.210036999675,30.42417199969576],[-82.21002599980434,30.424207000000507],[-82.21000400006302,30.424313000094383],[-82.21000400006302,30.424349000377774],[-82.21001900013164,30.424455000317327],[-82.2100500000938,30.42455900008767],[-82.21011500039111,30.424649000156993],[-82.21018999983588,30.42473500004231],[-82.2103260002783,30.424870000258906],[-82.21037499978381,30.42492700005325],[-82.21043400023335,30.42497799967798],[-82.21048299973883,30.42503500018385],[-82.2105370001655,30.425088999816964],[-82.21056899995256,30.425112000311504],[-82.21064500012054,30.425139000110523],[-82.21075300007556,30.42519099964497],[-82.21080999997697,30.425242999926336],[-82.21085400035791,30.425344000348883],[-82.21086000020568,30.42537900023317],[-82.21085600000772,30.425415000123206],[-82.21083000006847,30.42548199977559],[-82.21077999983976,30.425580999917607],[-82.21073299998407,30.425640000103154],[-82.21044699975381,30.42590100004938],[-82.21031200003462,30.426036000201677],[-82.21022300034615,30.42611100029165],[-82.21007900040611,30.426285999760886],[-82.20999700039035,30.42636699970996],[-82.20990100013087,30.42652500015342],[-82.20978999980278,30.42663100005252],[-82.20967900037301,30.42678200003879],[-82.20960400002994,30.426868000367655],[-82.20955999964902,30.426927999777583],[-82.20953200005991,30.426994999940057],[-82.20951100014352,30.427024999997908],[-82.20940599966322,30.42740799992543],[-82.20938499974683,30.42749099971149],[-82.20931000030207,30.42779499987401],[-82.20929699988328,30.427827999666516],[-82.20918999975315,30.428021999769964],[-82.20913700004971,30.428077000064533],[-82.20909199984386,30.428137000280056],[-82.20905599985885,30.428200999643042],[-82.20900499980525,30.4283369996991],[-82.20900099960727,30.428409000381077],[-82.20900300015542,30.428443999940328],[-82.20901099965302,30.4284790002616],[-82.20903900014042,30.428547000119547],[-82.20908900036915,30.428595000218575],[-82.20912399963092,30.428614999930076],[-82.20923900015696,30.42865600010051],[-82.20939999981545,30.428686999632315],[-82.20956200019715,30.4287110000376],[-82.2097620002137,30.42876200000783],[-82.20979599965058,30.42877999971762],[-82.20981099971917,30.42881299995143],[-82.20983199963557,30.428883000316656],[-82.20982999998576,30.428917999705824],[-82.20980700041953,30.42902300012172],[-82.20977899993214,30.429091000375035],[-82.20975299999286,30.429118999827658],[-82.20965599990848,30.429186000034466],[-82.20958499976336,30.429223000047983],[-82.20955200015142,30.429245000363352],[-82.20950699994556,30.429303999882087],[-82.2094669997626,30.42936700005078],[-82.20939800016562,30.429498000148396],[-82.20930399955597,30.42965700014288],[-82.2092910000355,30.429691000054465],[-82.20925800042355,30.429904999772738],[-82.20927500014197,30.42997500012883],[-82.20928900038567,30.430008999929584],[-82.20932799984543,30.43007199964297],[-82.20946799958752,30.430249999658304],[-82.20953500043298,30.430381000119215],[-82.20956399984696,30.430448000233714],[-82.20957800009069,30.430768999854752],[-82.20956200019715,30.430839000365367],[-82.20953399970975,30.430906000165308],[-82.20950600012067,30.4311919997184],[-82.20943499997556,30.4312789999903],[-82.20940800021138,30.431305999631526],[-82.20931500032495,30.431377999671046],[-82.2092490002027,30.43142200009939],[-82.2091720002098,30.43144599983173],[-82.20913100020194,30.43145099961383],[-82.20908900036915,30.43145099961383],[-82.20896499962227,30.43144200000582],[-82.20892299978948,30.43144499987525],[-82.2088829996065,30.431454000257563],[-82.20884900016962,30.43147500011362],[-82.20878700024537,30.43152200036526],[-82.20871199990228,30.431607999613423],[-82.20870100003162,30.43164199961951],[-82.20868799961283,30.431713000231845],[-82.20869099998588,30.43174800015471],[-82.2087420000395,30.431883999912696],[-82.20875799993303,30.431916999870932],[-82.20877899984943,30.432023000107247],[-82.20879800011599,30.432054000118068],[-82.20883099972797,30.432074999844943],[-82.20886800043621,30.43209199976809],[-82.20902900009467,30.432128000278954],[-82.2091439997224,30.432170999645354],[-82.20918399990538,30.432176000164862],[-82.20926799957095,30.432170999645354],[-82.20930699992903,30.432164000001954],[-82.20933899971607,30.432140999621012],[-82.2094109996861,30.432104999889525],[-82.20945099986906,30.43209299971788],[-82.20953299988484,30.43208500011903],[-82.20965500008359,30.432109999637913],[-82.20969400044163,30.432122999756928],[-82.20972299985563,30.43214800004063],[-82.20978599960482,30.43224099992427],[-82.20979900002362,30.432274999709694],[-82.20980300022158,30.432311000153003],[-82.20979800019872,30.432382000278395],[-82.20980400004649,30.432416999961127],[-82.20977100043454,30.43259299968038],[-82.2097620002137,30.432664000374977],[-82.20976100038878,30.432736000186576],[-82.2097200003809,30.43305500014321],[-82.20968199984776,30.43315600022283],[-82.20964000001496,30.433218000288875],[-82.20961099970265,30.433244000229884],[-82.20953700008279,30.433274999852614],[-82.2094170004322,30.433306000240037],[-82.20917100038491,30.43333799978008],[-82.20913100020194,30.4333469999877],[-82.20906300042986,30.433388999654685],[-82.20898899991171,30.433472999708936],[-82.20896999964513,30.433504999968736],[-82.20891899959152,30.43363999966643],[-82.20891399956865,30.43367600038044],[-82.20891699994169,30.433783000186583],[-82.20892699998744,30.43385400001492],[-82.20896200014754,30.434030000239098],[-82.2089589997745,30.4340660000346],[-82.20894899972875,30.434099999958367],[-82.20894200005606,30.434171000330416],[-82.20890299969798,30.43431100029079],[-82.20886800043621,30.43437500024998],[-82.20885599984233,30.434409000066022],[-82.20880899998666,30.434468000333688],[-82.20878200022248,30.434494999866672],[-82.20869099998588,30.434566999875635],[-82.20861999984076,30.434604000171483],[-82.20847099987785,30.43466799993845],[-82.20839100041023,30.43468700003057],[-82.20835000040235,30.43468899987702],[-82.20830900039445,30.434684000260855],[-82.20828099990706,30.43465799992921],[-82.20825800034083,30.43462799989538],[-82.20818399982267,30.434500000267022],[-82.20816200008136,30.434469000259178],[-82.20813399959397,30.434442999870207],[-82.20807000001986,30.434397000177867],[-82.20803599968467,30.43437700010284],[-82.20799600040003,30.434366000137224],[-82.20791400038426,30.43437700010284],[-82.207876999676,30.434393999624678],[-82.20781099955377,30.434435999615317],[-82.20777200009402,30.43444800027323],[-82.20752799969655,30.434491000165806],[-82.2074890002368,30.43450100019218],[-82.20729699971788,30.434565000026666],[-82.20725200041034,30.43458899976015],[-82.20719899980857,30.434643000300717],[-82.20717500041745,30.434673000329934],[-82.20714899957987,30.43474099974232],[-82.20715100012801,30.43477500020525],[-82.20716899967137,30.434807000037903],[-82.20719200013589,30.434913000231344],[-82.20718600028812,30.435021000149163],[-82.20716199999866,30.43508900009344],[-82.20714600010515,30.435121999741792],[-82.20712500018874,30.4351530003166],[-82.20703099957909,30.435223999922048],[-82.20699700014222,30.435243999823427],[-82.20684399998134,30.435300999752066],[-82.20680899982125,30.435319999720907],[-82.20664599961462,30.435429999793808],[-82.20661700020062,30.435455999919643],[-82.20653900038282,30.435539999742566],[-82.20646999988753,30.43562899983566],[-82.20645499981892,30.435662000075823],[-82.20641600035917,30.435725000010336],[-82.20630400020617,30.435955999680306],[-82.20629699963517,30.435990999629517],[-82.20629599981025,30.43602600034069],[-82.20628099974165,30.43609600017629],[-82.20627999991673,30.436165999961624],[-82.20630000000821,30.436307999969372],[-82.20629699963517,30.436343999698494],[-82.20630099983313,30.436414999985825],[-82.20626099965015,30.436627999763243],[-82.20624700030477,30.436734000300905],[-82.20624300010681,30.4368060002058],[-82.2062489999546,30.436948000056073],[-82.2062849999396,30.437087999902396],[-82.20631799955156,30.43715400015854],[-82.20636100010759,30.437215000109138],[-82.20640999961307,30.43727099976356],[-82.20642999970455,30.437303000326107],[-82.2064809997582,30.437359999825826],[-82.20654900042855,30.437398999627337],[-82.20674600007206,30.437527999991794],[-82.20682200024004,30.437612000353447],[-82.20689199966193,30.437700000212196],[-82.20690699973053,30.437732999751518],[-82.20692599999713,30.437802000019516],[-82.20694100006571,30.43790899994568],[-82.20692199979915,30.438298999710472],[-82.2069319998449,30.43837000012339],[-82.20696500035517,30.438434999627006],[-82.20718200009014,30.438741000294783],[-82.20720999967924,30.43878800014271],[-82.20725900008304,30.438867999897653],[-82.20730900031175,30.43896499986099],[-82.20735699999233,30.43910200027563],[-82.20735799981726,30.439136999870154],[-82.20735100014454,30.43917300010384],[-82.20733199987798,30.439204000165336],[-82.20730500011379,30.43923199981266],[-82.20726900012879,30.439249999913642],[-82.20722999977073,30.439261999979134],[-82.20714699993005,30.43926899988752],[-82.20710599992218,30.43926600025876],[-82.20706499991428,30.43926899988752],[-82.20694600008859,30.439300999794433],[-82.20687099974552,30.439330000064043],[-82.20677100018641,30.43939200007734],[-82.206706999714,30.439436999862437],[-82.20662999972112,30.439460999945886],[-82.20633000014546,30.439583000020463],[-82.20623100041125,30.439646999617626],[-82.20617399961152,30.439699999808948],[-82.20613099995381,30.43975999984457],[-82.20612000008316,30.43979400010655],[-82.20608400009814,30.43985699969503],[-82.20604499974009,30.43995900034395],[-82.20600000043257,30.440097000004165],[-82.20595400040182,30.44019699989409],[-82.20593500013524,30.440229000270886],[-82.20593199976219,30.440264000235377],[-82.20592199971644,30.44029900018731],[-82.20587499986077,30.440398000005327],[-82.20584899992151,30.440425000219946],[-82.20581700013446,30.440448000196042],[-82.20579500039315,30.440477999988303],[-82.20578199997436,30.440511999999913],[-82.20577399957844,30.4405830003504],[-82.20577399957844,30.440619000050184],[-82.20580500043889,30.440759000047173],[-82.20580899973854,30.440831000077967],[-82.20580700008873,30.44086699968624],[-82.20575600003508,30.441002999893374],[-82.20574000014157,30.44103599986376],[-82.2057009997835,30.441099000198744],[-82.20567499984423,30.441127000076378],[-82.20563999968414,30.44114599968448],[-82.20548999989632,30.4412049997484],[-82.20544999971334,30.441215999716995],[-82.20534000010848,30.441266000262644],[-82.20519699999336,30.4413379999191],[-82.20510099973389,30.441406999959433],[-82.20504399983247,30.441458000260884],[-82.2049960001519,30.44151700013601],[-82.20495199977097,30.44161700011849],[-82.20492900020474,30.441758999932837],[-82.2049390002505,30.44183000014965],[-82.2049810000833,30.441968000259568],[-82.20502999958877,30.44206699993193],[-82.2050730001448,30.442127000059898],[-82.2051149999776,30.442264999749487],[-82.2051159998025,30.442299999757527],[-82.20510599975675,30.442334999753008],[-82.20503299996183,30.442463999782845],[-82.20500799984747,30.442492999886085],[-82.20497100003755,30.44250600016998],[-82.20484600036407,30.442501000180126],[-82.20472300034044,30.442518999677606],[-82.20468300015746,30.44252799981233],[-82.20461100018744,30.44256299972596],[-82.20458900044612,30.44257900030188],[-82.20454800043824,30.442610000054927],[-82.20449200036174,30.44271399982892],[-82.20447800011803,30.442747999835262],[-82.20443799993507,30.442959999880514],[-82.2044050003231,30.443244999872494],[-82.20439899957701,30.443352000021193],[-82.20440199995005,30.443422999852384],[-82.20439699992718,30.443528999973218],[-82.20434300039884,30.443738000377824],[-82.2043130002616,30.443804000004917],[-82.20430400004076,30.44383900023492],[-82.20430599969059,30.443875000281384],[-82.20432999998003,30.443943000246804],[-82.20434900024661,30.443975000168603],[-82.20437299963774,30.44404300006427],[-82.20437500018586,30.444114999993246],[-82.20435199972134,30.444292000108838],[-82.20431900010938,30.444395999637447],[-82.20428399994928,30.44445999994751],[-82.2042089996062,30.44454600017699],[-82.20410499984914,30.44460399991073],[-82.2040329998791,30.444638000032374],[-82.20392800029713,30.444695999711303],[-82.20389499978684,30.444717999633923],[-82.20388999976399,30.44475300031025],[-82.2038489997561,30.444853999890228],[-82.20381500031922,30.44491799989964],[-82.2037929996796,30.444947999865384],[-82.2037860000069,30.444984000276722],[-82.2038410002585,30.44507999975983],[-82.20386800002267,30.445107000226663],[-82.20399100004632,30.44520099995782],[-82.20415000005498,30.44531300012887],[-82.20422799987278,30.445396999979092],[-82.20433900020087,30.445558999817703],[-82.2043550000944,30.445582000131484],[-82.20438000020874,30.44564999968066],[-82.20440699997292,30.445754999893563],[-82.20441100017088,30.44579100000693],[-82.20440100012515,30.445897999684465],[-82.20439299972922,30.44593200012919],[-82.20438500023162,30.44600199982304],[-82.20432900015511,30.44616999981256],[-82.20429700036809,30.446235000311667],[-82.20428300012436,30.446340999698126],[-82.20430700041382,30.446410000069708],[-82.20437099998792,30.44650099991267],[-82.20439699992718,30.44652899978771],[-82.20443600028524,30.446591999670762],[-82.20443700011016,30.44662900005018],[-82.20440100012515,30.44680499967429],[-82.20439899957701,30.446876999886562],[-82.20440399959988,30.446948000248142],[-82.20441600019376,30.44698300012378],[-82.20444100030812,30.447010999860364],[-82.20458299970002,30.447086000083182],[-82.20467200028679,30.4471599996785],[-82.20469499985302,30.447189999728696],[-82.2047140001196,30.447260000068006],[-82.20471699959432,30.447294999831612],[-82.2047140001196,30.447331000150676],[-82.20467300011171,30.447470000009957],[-82.20456199978362,30.447622000047097],[-82.2045529995628,30.44765699968072],[-82.204546999715,30.447728000248592],[-82.20454900026314,30.447763999633295],[-82.20456299960854,30.447798000201594],[-82.20463600030178,30.44788500037179],[-82.20466300006596,30.447912000061653],[-82.20490900011326,30.44804500037521],[-82.2049960001519,30.448119999802408],[-82.20507499979462,30.448201000203134],[-82.20516100000835,30.448323000182537],[-82.20522899978039,30.448410999666617],[-82.20527499981114,30.448509999765694],[-82.2052999999255,30.448612999660252],[-82.20532300039005,30.44889899993981],[-82.20534699978117,30.449112000322955],[-82.20534500013136,30.44918400037997],[-82.2053280004129,30.449289999657204],[-82.20525100042002,30.449495000240923],[-82.20521799990976,30.44956000007158],[-82.20516400038139,30.44976899993614],[-82.20515299961242,30.44983999973991],[-82.20514299956668,30.449875000125928],[-82.20511099977963,30.449941000244365],[-82.20506800012191,30.450001999938536],[-82.20501399969525,30.450055999686796],[-82.20495099994605,30.45014900030165],[-82.20494199972522,30.450183999802224],[-82.20493199967949,30.45025500007817],[-82.20493500005253,30.450291000078337],[-82.2049609999918,30.450359000214455],[-82.2049889995809,30.450385999993436],[-82.20506899994685,30.45040400035819],[-82.20511099977963,30.45040599988222],[-82.20519299979539,30.450393999639676],[-82.20523399980327,30.450399999761107],[-82.20527099961319,30.450414000301247],[-82.2053690004208,30.450528999960007],[-82.2053970000099,30.45055599969183],[-82.20543100034507,30.450576000320144],[-82.20546200030721,30.45059999998456],[-82.20548400004853,30.450626999696766],[-82.20548099967547,30.450663000333936],[-82.20551300036085,30.45076600027652],[-82.205616000293,30.450875000202476],[-82.20565099955479,30.450894000233948],[-82.2056790000422,30.450919000351192],[-82.20570300033164,30.450946999731464],[-82.20573799959342,30.451047999863082],[-82.205728000446,30.45108299981528],[-82.20569900013368,30.45114899989003],[-82.20564499970702,30.451201000269474],[-82.20558199995783,30.451248000305586],[-82.20550499996493,30.451274000085164],[-82.20538299976619,30.451295000319003],[-82.20530099975042,30.451296000071903],[-82.20505499970312,30.451265999736734],[-82.20497199986245,30.451265999736734],[-82.20493099985457,30.451271999804465],[-82.2048129998538,30.451308000203372],[-82.2047769998688,30.45132499987088],[-82.20468200033254,30.451442000280654],[-82.204658999868,30.451545000174363],[-82.20464600034754,30.451579000198095],[-82.2046429999745,30.451650000232192],[-82.20464899982227,30.451721999963034],[-82.20474500008174,30.45183999964352],[-82.204771000021,30.451908000247627],[-82.20477400039404,30.451942999890996],[-82.204771000021,30.452013999659847],[-82.20472800036329,30.452113999715596],[-82.20468599963218,30.452173999854683],[-82.20461000036252,30.45230099976903],[-82.20458900044612,30.452369000051505],[-82.20458600007308,30.45240500004517],[-82.20457299965427,30.452438999768866],[-82.20452900017168,30.45249799996731],[-82.20447599956991,30.452551999881354],[-82.20443999958489,30.452568000366377],[-82.20428499977419,30.45261999998867],[-82.20424799996427,30.45263599968817],[-82.20421700000213,30.452659999619705],[-82.20408700030579,30.452797000148067],[-82.20405799999347,30.4528640003476],[-82.20403999955181,30.452933999709437],[-82.20404799994772,30.453038999819466],[-82.20410499984914,30.45313400015338],[-82.20414800040517,30.45319399966446],[-82.2042079997813,30.453242000021113],[-82.2042420001165,30.453262999830937],[-82.20434000002577,30.45337700026827],[-82.20435300044457,30.45341099965279],[-82.20435900029236,30.453481000170502],[-82.20434000002577,30.453622000009602],[-82.20431499991142,30.45368899964199],[-82.20431599973632,30.45372499992238],[-82.20430700041382,30.453759999687577],[-82.20428800014724,30.453792000258346],[-82.20427599955337,30.453826000272485],[-82.20426499968272,30.453897999944463],[-82.2042999998428,30.453917000160917],[-82.20437299963774,30.453968999837787],[-82.20437099998792,30.45400400028968],[-82.20438000020874,30.454075999830145],[-82.20440699997292,30.45414299992473],[-82.20444200013301,30.45420799975288],[-82.20450999990508,30.45429499962183],[-82.20449599966139,30.454337000331847],[-82.20446399987433,30.454477999706775],[-82.20445700020164,30.454579999770026],[-82.20446499969924,30.454612000071517],[-82.20445600037674,30.454648000010987],[-82.2044670002474,30.45474799968694],[-82.20448099959279,30.454779000216117],[-82.20447899994295,30.454814000377077],[-82.20449599966139,30.45488000024817],[-82.20450599970712,30.454984999810126],[-82.20449499983647,30.45534199964279],[-82.20452999999657,30.455444000350358],[-82.20455799958567,30.455471000269235],[-82.20462899973077,30.455506999891348],[-82.20466700026392,30.455520999697757],[-82.20470900009673,30.45552299989117],[-82.20487499977807,30.455514000182003],[-82.20499799980172,30.45552200018169],[-82.2050389998096,30.455527999987382],[-82.20518100009983,30.455599999950568],[-82.20527700035929,30.455665000355545],[-82.20530699959819,30.45569099973106],[-82.20538100011636,30.455721000252765],[-82.20542200012424,30.45572999994284],[-82.20545899993417,30.455743999717253],[-82.20564100040737,30.455829000350835],[-82.20572500007296,30.455830000057162],[-82.20588400008161,30.45579200036653],[-82.20592199971644,30.45577599963649],[-82.20600299990728,30.455695000110875],[-82.20603499969434,30.455671999860513],[-82.20604700028822,30.455666000063623],[-82.2061440003726,30.45562000031804],[-82.20622700021329,30.455613000035004],[-82.20626800022116,30.455613000035004],[-82.20630699968092,30.455626000117764],[-82.20633299962019,30.455642999806354],[-82.20636699995536,30.45567499975876],[-82.20642700022982,30.455724000149562],[-82.20648300030632,30.45577599963649],[-82.20650800042068,30.45580499965102],[-82.20652699978895,30.455837000324596],[-82.20655699992616,30.45594099992454],[-82.2065729998197,30.456082000075956],[-82.20657399964459,30.456152999926676],[-82.20654600005552,30.45632999986376],[-82.2065179995681,30.456433999711802],[-82.20650699969744,30.456461999830662],[-82.20649599982679,30.45653999962146],[-82.20649300035207,30.456610999912826],[-82.2065109998954,30.456643000321716],[-82.20653799965959,30.45667100038049],[-82.20657100016987,30.456692999923213],[-82.20660700015489,30.456710000200026],[-82.20668300032285,30.456739999633623],[-82.2067229996075,30.4567499997009],[-82.20684599963118,30.45676299963196],[-82.20701200021085,30.4567590000703],[-82.20705300021872,30.456764999799887],[-82.20709800042457,30.456777000032268],[-82.20716399964847,30.456820000143008],[-82.20719999963349,30.456836999623345],[-82.20730299956566,30.45689799964724],[-82.20733400042612,30.456921000382582],[-82.20737899973365,30.456980999884987],[-82.20739299997734,30.457015000335144],[-82.20741200024392,30.457084999812576],[-82.20741999974152,30.457155999706856],[-82.20742099956644,30.45722700032372],[-82.20741200024392,30.45742500032006],[-82.20743599963504,30.457530000237046],[-82.20745999992448,30.45755899972953],[-82.20747099979515,30.457592000289704],[-82.20754799978805,30.457677000085532],[-82.20756700005461,30.457707999682842],[-82.20756000038192,30.457778999897442],[-82.20756200003173,30.45781500021558],[-82.20755799983378,30.45785099974599],[-82.20754699996314,30.457884999892556],[-82.20750000010746,30.45798399965966],[-82.20747699964294,30.458012999791386],[-82.20736399966503,30.45811599970887],[-82.20733799972575,30.45814400011865],[-82.20729599989296,30.45820599978065],[-82.20725999990795,30.458270000314588],[-82.20724599966425,30.45830400031495],[-82.20722300009804,30.4585480003794],[-82.20721999972497,30.458618999981894],[-82.20722700029599,30.45865400031225],[-82.20725200041034,30.458683000244545],[-82.20728300037247,30.45870700023539],[-82.2073200001824,30.458722999709796],[-82.2073970001753,30.458743999887062],[-82.20743800018319,30.458805999941617],[-82.20745099970365,30.458841000204725],[-82.2074669995972,30.458910000244206],[-82.2075310000696,30.45911799974199],[-82.20752900041978,30.45929699982921],[-82.20751900037405,30.459366999990145],[-82.20750799960507,30.459402000051718],[-82.20749300043477,30.459507999829764],[-82.20750699978016,30.4596140002668],[-82.20752600004674,30.459682999758833],[-82.20754799978805,30.45978900000545],[-82.20754899961295,30.459930999672945],[-82.20755700000888,30.460038000087312],[-82.20758499959796,30.460104000291484],[-82.20760800006248,30.46017300021082],[-82.2076719996366,30.460303999956764],[-82.20769500010114,30.460372000074674],[-82.20770000012402,30.46040699977527],[-82.207692999553,30.460479000004693],[-82.207664000139,30.460619999783592],[-82.20763400000176,30.46068600036788],[-82.20759100034407,30.460747000304927],[-82.20757600027545,30.460779999785345],[-82.20755500035906,30.460810999944023],[-82.20752000019894,30.46083000036112],[-82.20744400003097,30.460857999990914],[-82.20738600030464,30.460907999752326],[-82.20736500038825,30.460938999870283],[-82.20735600016742,30.460974000141505],[-82.20735199996945,30.46104500029901],[-82.20736000036538,30.461114999978328],[-82.20738999960429,30.461286999618284],[-82.20737200006094,30.46135699989804],[-82.2073469999466,30.461425000055304],[-82.20733000022815,30.46145800008033],[-82.20730799958852,30.46148800037493],[-82.20727699962639,30.46151100002674],[-82.20720499965637,30.461546999740133],[-82.20716500037172,30.461555000018755],[-82.20691900032442,30.46158300021451],[-82.2068830003394,30.461601000059613],[-82.20680600034652,30.46162399968469],[-82.20676500033862,30.461631000310167],[-82.20672599998056,30.461644000364288],[-82.20668999999556,30.461660999777223],[-82.20664899998768,30.461662000198054],[-82.2066079999798,30.461669000046484],[-82.20657100016987,30.461682999741868],[-82.2065440004057,30.461710000254783],[-82.20652500013912,30.46174300018326],[-82.20651300044355,30.46177699974594],[-82.20651199972032,30.46184699967361],[-82.20649199962884,30.461952000245127],[-82.2064609996667,30.46205499986985],[-82.20642100038204,30.46211799978205],[-82.2063629997574,30.46216999972807],[-82.20625599962729,30.46222399970224],[-82.2062070001218,30.462281000115606],[-82.20619000040335,30.46231399985072],[-82.2061510000453,30.462414999815053],[-82.20612799958077,30.462555999889208],[-82.2061359999767,30.462591000353743],[-82.20621100031975,30.462758999620988],[-82.20626599967304,30.462811999633917],[-82.20628800031267,30.46284200028587],[-82.20630300038125,30.462876000239305],[-82.20631000005396,30.462912000222538],[-82.20631500007684,30.46294600015153],[-82.20631599990175,30.462982000108962],[-82.206305999856,30.46305300035163],[-82.20621299996958,30.46328900000111],[-82.20619000040335,30.46335700035834],[-82.20617399961152,30.463389000100065],[-82.20612799958077,30.46352400022572],[-82.20608400009814,30.463622000056304],[-82.20604899993805,30.463684999729466],[-82.20600799993016,30.463787999844715],[-82.20600999957999,30.463822999866597],[-82.20599899970932,30.46385500022956],[-82.20597600014311,30.463960999808215],[-82.20598600018887,30.46403200011164],[-82.20598500036395,30.464067000045837],[-82.20600600028034,30.464136000255444],[-82.20602700019674,30.464165999725324],[-82.20611199968724,30.464244999937005],[-82.20616399956579,30.46430100032271],[-82.20621600034264,30.464421999884728],[-82.20619500042623,30.464472999757465],[-82.20618399965726,30.464543999687685],[-82.2061719999617,30.46457700020467],[-82.206165000289,30.464648000059103],[-82.20616799976375,30.46468400016181],[-82.20615900044122,30.464752999934294],[-82.20615900044122,30.464788999998213],[-82.20617699998456,30.464895000109045],[-82.20619899972588,30.46496399973212],[-82.20618899968015,30.46503300008055],[-82.20618799985522,30.4651040003769],[-82.206193999703,30.465140000311028],[-82.20624200028192,30.46519800017696],[-82.20633199979527,30.46527100034634],[-82.20644599959809,30.465313999805243],[-82.2065240003142,30.465337000102284],[-82.20660299995691,30.46546399989409],[-82.20668400014777,30.465625999668607],[-82.20670199969112,30.46569500032238],[-82.20670400023926,30.465731000038144],[-82.20667499992695,30.465797999860808],[-82.20665400001054,30.465828999971205],[-82.20657700001766,30.465910999965804],[-82.20658399969034,30.46598199962214],[-82.20660600032997,30.466051999625165],[-82.20661399982757,30.46612299995303],[-82.20663300009416,30.466192999854723],[-82.20664800016276,30.466298999986243],[-82.20663100044432,30.466331999908693],[-82.20660200013202,30.466358000308986],[-82.20656899962174,30.466379999987073],[-82.20653099998691,30.466395000151923],[-82.20640899978817,30.466414000254172],[-82.2063689996052,30.466424000102688],[-82.20630900022906,30.466474000104373],[-82.20626800022116,30.466535999884947],[-82.2062349997109,30.466602000332315],[-82.2062349997109,30.46663700011735],[-82.20625599962729,30.466706000054913],[-82.20628099974165,30.466734000318638],[-82.20645099962096,30.46688999964947],[-82.20650000002477,30.46694800002191],[-82.2065169997432,30.466980000132505],[-82.20654100003264,30.467048000235813],[-82.20657000034495,30.46715200025649],[-82.20658299986543,30.46722299978242],[-82.20658500041357,30.46725899970772],[-82.20656100012413,30.46739900015079],[-82.20652900033707,30.46746399965212],[-82.20649199962884,30.46752600035107],[-82.20632599994748,30.467683000320918],[-82.20627599971877,30.467739999862733],[-82.20621799999245,30.46783499979913],[-82.20621600034264,30.46787100027244],[-82.20622399984023,30.46792999964292],[-82.20629699963517,30.467964999724966],[-82.20639399971955,30.468032000333732],[-82.20641800000901,30.468062000152216],[-82.20643100042778,30.468095999832094],[-82.20644099957522,30.468167000218433],[-82.20644399994825,30.468237999778726],[-82.2064389999254,30.468309000061492],[-82.2064320002527,30.468345000359587],[-82.20637199997824,30.468514999694875],[-82.2063540004349,30.46854799964072],[-82.20630800040414,30.46860799972486],[-82.20627999991673,30.468634999866783],[-82.20617100013679,30.46868399993322],[-82.20608999994595,30.468700999666044],[-82.20596600009738,30.468700999666044],[-82.2058830002567,30.468696999820274],[-82.2056790000422,30.468674000316692],[-82.20563499966127,30.46861200034857],[-82.20562100031589,30.46857800007455],[-82.20558299978273,30.468514999694875],[-82.20551400018577,30.468424999856015],[-82.20548599969835,30.46839900000756],[-82.20541999957611,30.46835699993983],[-82.20534000010848,30.46833600028631],[-82.20525800009273,30.468325000281663],[-82.20517600007696,30.468325999859836],[-82.20509700043424,30.468349000219877],[-82.20506099955091,30.468364999659183],[-82.20499299977885,30.468404999794515],[-82.20496400036485,30.468430000064323],[-82.20478699991453,30.468521000248966],[-82.20475099992952,30.46858599977575],[-82.20473699968582,30.468620000046986],[-82.20469099965506,30.468678999737953],[-82.204658999868,30.468702000014623],[-82.20449700038462,30.468731999626677],[-82.20446600042249,30.468756000238876],[-82.20437500018586,30.46887499976705],[-82.20434400022373,30.46894100017793],[-82.204334000178,30.468975999896706],[-82.2043350000029,30.469011999948243],[-82.20434699969849,30.469082000096403],[-82.20437199981282,30.46915099985034],[-82.20439000025449,30.4691830000114],[-82.20441500036884,30.4692110003372],[-82.20447200027026,30.469262000025186],[-82.20450099968426,30.469328999741606],[-82.20450200040749,30.46943500033137],[-82.20455000008806,30.469608000330233],[-82.20457400037752,30.469713000278194],[-82.20458000022529,30.46982100034984],[-82.20467800013459,30.47005100017503],[-82.20467800013459,30.470088000163535],[-82.20466899991375,30.470158000312498],[-82.20464200014958,30.47022599974543],[-82.204546999715,30.47034299991108],[-82.20449300018666,30.470396999999675],[-82.20446999972212,30.470426999863918],[-82.20440100012515,30.470557999756362],[-82.20434599987357,30.47069300001074],[-82.2043409998507,30.470727999874143],[-82.2043550000944,30.47079899989012],[-82.20436500014013,30.470905999979983],[-82.20437600001078,30.47097600031527],[-82.20438100003366,30.47104799970067],[-82.20437400036097,30.47109500022781],[-82.20432300030734,30.471136999888927],[-82.20428599959911,30.47115299964447],[-82.20424499959121,30.471159000036018],[-82.20420399958334,30.471159000036018],[-82.2040809995597,30.471143000281444],[-82.20405600034364,30.471136999888927],[-82.20404100027504,30.471133000143215],[-82.20396599993195,30.471105000369956],[-82.20392999994694,30.471085999634408],[-82.20384399973322,30.471009000201477],[-82.20381199994618,30.470985999695447],[-82.2037359997782,30.47095700032876],[-82.20365399976244,30.47095099992478],[-82.20361399957946,30.470961999632824],[-82.20349399992885,30.47105900017202],[-82.20346200014181,30.47112499987696],[-82.2034549995708,30.471160000359344],[-82.20345600029403,30.471229999737748],[-82.20349200027903,30.471330999747728],[-82.20355000000536,30.471426000052432],[-82.20354900018044,30.471460999652365],[-82.20353699958658,30.4714949996941],[-82.20353400011183,30.471565999925126],[-82.20352700043915,30.471601999793492],[-82.20350300014968,30.47166999976656],[-82.20347999968516,30.471700000012905],[-82.20345000044624,30.471725000211052],[-82.2032570001024,30.471859000080034],[-82.20324100020888,30.47189100012549],[-82.20324299985869,30.4719630003828],[-82.20324899970649,30.47199799978974],[-82.20324700005665,30.47203400027259],[-82.20323299981295,30.47206600026054],[-82.20319600000302,30.47213000020484],[-82.20316800041394,30.472195999958164],[-82.20315800036819,30.472229999743266],[-82.20315400017023,30.47226499982843],[-82.2031089999644,30.47240100034971],[-82.20307499962921,30.472830999768885],[-82.20306600030668,30.47285599967667],[-82.20304299984215,30.472931999666745],[-82.20302500029881,30.47296499966434],[-82.20302699994862,30.47307100016748],[-82.20301699990289,30.473104999647074],[-82.20300600003223,30.473176000252625],[-82.20296199965131,30.473237000110036],[-82.20293200041237,30.473261000386124],[-82.20268899983982,30.473394999689834],[-82.20265700005277,30.473417999626925],[-82.2025320003793,30.473603000000214],[-82.20250499971681,30.47363099982944],[-82.20247200010483,30.473650000068385],[-82.20243000027205,30.473646999949384],[-82.20226500041561,30.473651999889583],[-82.20216400013327,30.473716000339948],[-82.20202400039118,30.473789999840424],[-82.20199400025396,30.47379799988772],[-82.20185799981152,30.473927000075093],[-82.20179000003945,30.474102999941074],[-82.20149799996142,30.47422999991509],[-82.2012789996783,30.474374000014407],[-82.20103500017913,30.474664999661904],[-82.20101799956237,30.474788000081475],[-82.20092999969883,30.475194000004812],[-82.20091100033058,30.47526100028517],[-82.20090100028484,30.475499999835023],[-82.20092200020123,30.475669999841305],[-82.20102099993544,30.475919000357617],[-82.20110100030138,30.476004999918455],[-82.20133499975479,30.476133000006453],[-82.20142299961833,30.47626599973205],[-82.2014619999764,30.47666899966002],[-82.20145000028084,30.47680200020185],[-82.20142900036444,30.477151000049535],[-82.20144000023508,30.477333000292422],[-82.20143299966409,30.477464000184252],[-82.20140099987704,30.477542000189842],[-82.20130700016571,30.477690999768726],[-82.20121900030216,30.4778549998417],[-82.20116800024853,30.478015999654087],[-82.20112999971538,30.478059999931542],[-82.20120300040863,30.478105999918824],[-82.2012999995947,30.478184000184235],[-82.20135900004423,30.478310000004512],[-82.20136700044016,30.478442000378635],[-82.20129799994487,30.478535000218017],[-82.20125500028715,30.478651999689983],[-82.20126899963256,30.47874900031018],[-82.20135900004423,30.478846000059594],[-82.20142500016647,30.47897499975211],[-82.20151300003002,30.479166999770186],[-82.20153099957336,30.479205999872704],[-82.20158199962701,30.47950800007837],[-82.20156699955838,30.479624999929282],[-82.2015339999464,30.479768000330367],[-82.20147899969484,30.479936000159576],[-82.20147299984707,30.480063000266625],[-82.20174599965851,30.48036699981941],[-82.20186000035966,30.480413999718962],[-82.20196499994164,30.480400999847824],[-82.20212999979807,30.48041200003668],[-82.20225100017191,30.48046400027905],[-82.20234300023341,30.480550999922766],[-82.20240799963243,30.480663999940095],[-82.20243500029493,30.480841999687627],[-82.20240900035564,30.480941000119657],[-82.20239599993687,30.48116100011708],[-82.202390999914,30.481191999981725],[-82.20238599989112,30.481221000170812],[-82.20229600037774,30.48139700001195],[-82.20223199990534,30.48145500025941],[-82.20220900033912,30.481493000002303],[-82.2021790002019,30.481498999756674],[-82.2021800000268,30.481529000071056],[-82.20216999998105,30.481563999910055],[-82.20212099957726,30.48168300004277],[-82.20215800028548,30.481771999799747],[-82.20234400005832,30.481836000331434],[-82.2025399998769,30.48187500013883],[-82.20296300037451,30.481873999925643],[-82.20311300016236,30.481982999881332],[-82.2031730004368,30.482069999715726],[-82.20320600004878,30.482183999728072],[-82.20318400030746,30.482382000084137],[-82.20312599968283,30.482554000097803],[-82.20307899982717,30.482663000066125],[-82.20298400029091,30.482740999776837],[-82.20281500023651,30.48285000030991],[-82.20270700028148,30.483011000376855],[-82.20268700019001,30.483129000088514],[-82.20264700000703,30.48326299974511],[-82.202651000205,30.483374000089277],[-82.20266600027361,30.483490999938397],[-82.20260699982406,30.483598000014748],[-82.20253400002913,30.483688999958186],[-82.2024699995567,30.483761000006282],[-82.20246799990689,30.483840999997234],[-82.20244699999049,30.483963000243943],[-82.20235099973102,30.48408599975405],[-82.20226600024053,30.484174999636252],[-82.20207600026973,30.484270999983327],[-82.20189999964433,30.484348999953674],[-82.20177400014593,30.484447999915364],[-82.20167899971136,30.484592999794746],[-82.20157099975634,30.48471099991088],[-82.20142500016647,30.48492900031342],[-82.20124000021856,30.48511399971443],[-82.20130100031793,30.485273000324643],[-82.20140000005212,30.485399000258628],[-82.20143199983917,30.485535000237718],[-82.20161099993932,30.485642999789736],[-82.20175300022953,30.48577400011055],[-82.20171499969638,30.486190000031076],[-82.2017289999401,30.486305000030324],[-82.20196300029183,30.486344000369474],[-82.20227100026338,30.48640199999137],[-82.20254700044792,30.486549999777573],[-82.2029059995748,30.486827000237163],[-82.20298400029091,30.487106000227264],[-82.20301299970494,30.48730799971537],[-82.20304600021521,30.487435000267215],[-82.20304799986502,30.487603000023306],[-82.2028620000922,30.487777999783397],[-82.20286399974202,30.487866000008367],[-82.20292800021441,30.487924000271448],[-82.20319299962998,30.48815000008585],[-82.20323299981295,30.48818399971793],[-82.2032789998437,30.488179999898442],[-82.20341500028614,30.488172000258984],[-82.20358500016546,30.488281000128502],[-82.20364000041705,30.488298999683284],[-82.203673000029,30.488499999646358],[-82.20366800000613,30.48856499976899],[-82.20369899996828,30.488747999714217],[-82.20382600018988,30.489117999901666],[-82.20387200022063,30.48920599968894],[-82.20391599970326,30.48928200007456],[-82.2039399999927,30.489310000038632],[-82.20401899963541,30.489431999622447],[-82.2040959996283,30.489515000000573],[-82.2041299999635,30.489534000235768],[-82.20415300042802,30.489563000261583],[-82.20421399962908,30.489609000231447],[-82.20431900010938,30.489716999906975],[-82.20437799966062,30.48976600020043],[-82.20445700020164,30.48984800016242],[-82.20451800030101,30.48994099994127],[-82.20460600016456,30.490063000282134],[-82.20477299967084,30.49026499982506],[-82.20486200025759,30.490387999885403],[-82.20491199958799,30.49044399994323],[-82.2049810000833,30.49053300020379],[-82.205031000312,30.4905900003018],[-82.20523100032854,30.49076899982218],[-82.20534699978117,30.490807999920474],[-82.20538799978907,30.490812999753285],[-82.20542700014711,30.490801999965907],[-82.20546300013213,30.49078299997831],[-82.20549499991918,30.490760000273617],[-82.20551900020862,30.49073099983044],[-82.20567700039238,30.490615999642817],[-82.20571199965416,30.490596000269434],[-82.20575299966205,30.49059199977498],[-82.20579399966994,30.49059400002223],[-82.2058349996778,30.49060200023671],[-82.20598399964072,30.490664000134807],[-82.20601799997591,30.490684000268253],[-82.20604399991518,30.490711999828964],[-82.20606599965647,30.490742999747944],[-82.20612000008316,30.490837999687738],[-82.20614299964939,30.49090500003767],[-82.20613400032687,30.490973999806783],[-82.20611000003741,30.491037000360997],[-82.20609199959576,30.491104999918125],[-82.20609499996881,30.49117599978071],[-82.20610599983945,30.491211000020968],[-82.20613400032687,30.49123699997016],[-82.20619500042623,30.49128299992277],[-82.20622800003818,30.491302999929047],[-82.20637799982603,30.491365000154527],[-82.2064110003363,30.4913860002594],[-82.20648699960597,30.491469999859557],[-82.20655799975108,30.49163600016462],[-82.20656399959886,30.49170699963974],[-82.20655699992616,30.491810000301623],[-82.20654699988042,30.491845000313887],[-82.20652299959099,30.491873999650956],[-82.20646599968957,30.49192399974222],[-82.2064330000776,30.49194399961673],[-82.20640299994038,30.49196900003464],[-82.20638000037415,30.4919980001089],[-82.20635100006186,30.492022999738847],[-82.20631799955156,30.492043000367048],[-82.206313000427,30.4920770001871],[-82.20632900032054,30.492109999887226],[-82.20634699986388,30.492249000096383],[-82.20634000019119,30.49228199973823],[-82.20635600008471,30.49231400003696],[-82.20633500016831,30.492345000219583],[-82.20634400038915,30.4923759996183],[-82.20632299957444,30.492406999781164],[-82.20631500007684,30.4924780002418],[-82.20631599990175,30.492513000013727],[-82.2064049995902,30.492633000020867],[-82.20645800019197,30.49268700013058],[-82.20650500004763,30.49274599994386],[-82.20656100012413,30.492839000049173],[-82.20660600032997,30.49296999997187],[-82.20661700020062,30.493036999627797],[-82.20667099972898,30.493205999871993],[-82.20676500033862,30.493275000331575],[-82.20680200014856,30.493289000127184],[-82.20700800001286,30.49328200022966],[-82.20704999984567,30.493283999647524],[-82.2071290003867,30.493300999729232],[-82.20716299982358,30.493319999999155],[-82.20722399992293,30.4934510000483],[-82.20723300014377,30.493486000244282],[-82.20722300009804,30.493628000313137],[-82.20720899985433,30.493733999989548],[-82.20721100040247,30.493750999992617],[-82.2075379997423,30.493777000037145],[-82.20767400018474,30.493680999778707],[-82.20786400015552,30.493648999929583],[-82.20809799960895,30.493875999696442],[-82.20828299955687,30.49413300000718],[-82.20826099981558,30.494327999792997],[-82.20825699961762,30.494395000061918],[-82.20823599970122,30.49441899976571],[-82.20820200026434,30.494546000325382],[-82.20828099990706,30.49464199973031],[-82.2083820001894,30.494764999676],[-82.2084600000072,30.494821000310896],[-82.20848599994648,30.49482399977725],[-82.20848900031952,30.49484199966984],[-82.20855100024379,30.494887000160805],[-82.20858600040388,30.494912999901693],[-82.20865400017595,30.49489399994285],[-82.20867799956707,30.494879000298656],[-82.20870900042755,30.49487800021905],[-82.2087689998037,30.49486099963884],[-82.20900700035338,30.494741000057495],[-82.20924599982968,30.494677000271853],[-82.20948799967898,30.494792000304063],[-82.20964900023579,30.495018999726216],[-82.20979499982566,30.495225000121064],[-82.20979999984854,30.495330000304765],[-82.20978800015295,30.495345999954242],[-82.20980200039668,30.49537599987037],[-82.2097909996277,30.495403000328857],[-82.20976899988638,30.495428999931914],[-82.20977300008435,30.49544799978627],[-82.20972700005359,30.49556399975366],[-82.20972200003074,30.495657000261506],[-82.20982800033592,30.495735999690908],[-82.2098890004353,30.495827999964558],[-82.20993499956774,30.496002999639167],[-82.2099799997736,30.496084999763177],[-82.2100020004132,30.496124000052763],[-82.21016899991947,30.496229000040238],[-82.21041400014187,30.496326000171226],[-82.21075300007556,30.496443999992756],[-82.21086699987838,30.49654199997182],[-82.21095899993989,30.496703999894564],[-82.21107399956762,30.496858999907353],[-82.21115599958337,30.49695400006776],[-82.21139900015596,30.497125999869606],[-82.2115780002561,30.497288999648642],[-82.21157900008102,30.49747699970521],[-82.21165799972371,30.49784299978599],[-82.2120720000005,30.498101999772448],[-82.21211899985616,30.49821100012839],[-82.21215499984118,30.498319000318023],[-82.21215099964323,30.498468999866454],[-82.21211899985616,30.498595999783205],[-82.2121139998333,30.49866000008676],[-82.21211100035856,30.498706999666055],[-82.2121270002521,30.498803000383063],[-82.21224400042796,30.498883999656552],[-82.212416999782,30.498952999959155],[-82.21257400014085,30.499043000213],[-82.2126140003238,30.499053999842687],[-82.21261900034668,30.49907599987243],[-82.21263900043817,30.499098999933295],[-82.21267100022521,30.499134999681182],[-82.21269100031671,30.49914199993167],[-82.21268999959348,30.499194000228265],[-82.21270399983719,30.499250999896276],[-82.21269299996652,30.499380999665906],[-82.21267000040031,30.499401000329577],[-82.21256499992,30.499493000233215],[-82.21240799956118,30.499543000278933],[-82.21227299984196,30.49958700011219],[-82.21217099973471,30.499664000159388],[-82.2121210004043,30.499741000145725],[-82.2121210004043,30.499878000232027],[-82.21214999981832,30.49999899969583],[-82.21217800030571,30.500019000232356],[-82.21225799977334,30.500076000190916],[-82.21226699999418,30.500084999651772],[-82.21234700036013,30.500169000255365],[-82.21242299962977,30.500235000346958],[-82.21248399972914,30.5003379997203],[-82.21254300017868,30.50043400037566],[-82.21263299969206,30.500520999968536],[-82.21263199986716,30.500548999794287],[-82.21302600005247,30.500758000146337],[-82.21305799983952,30.500763000241836],[-82.21324899963523,30.500960999947246],[-82.21357900024643,30.50120299989982],[-82.21392800022586,30.50134600032761],[-82.21416300040251,30.50139000011922],[-82.2142970002968,30.501504999955582],[-82.21430999981729,30.501554999741053],[-82.21434099977942,30.501565999860684],[-82.21434800035044,30.501593000149104],[-82.2143800001375,30.501621999676473],[-82.21446800000103,30.501702999698548],[-82.21457000010828,30.501758000200596],[-82.21465899979675,30.501790999712878],[-82.21472200044425,30.50174200005771],[-82.21480500028493,30.501559999795628],[-82.2149509998748,30.501461000215983],[-82.21505899982984,30.501433999890978],[-82.2152119999907,30.501406000320014],[-82.21533900021231,30.50143899995172],[-82.21552300033532,30.50160400026445],[-82.21568800019176,30.501823999987973],[-82.21579600014681,30.501983999615106],[-82.21585300004821,30.502209000048286],[-82.21590999994963,30.50232999970828],[-82.21605700026271,30.502450999991687],[-82.216259999754,30.502556000115646],[-82.21629200043934,30.502600000133874],[-82.21636799970902,30.502688000110624],[-82.21636199986123,30.50294600035759],[-82.21636799970902,30.503094999741442],[-82.21640600024216,30.5031550002029],[-82.21655199983205,30.503254000380192],[-82.21670499999291,30.503309000005157],[-82.2167750003131,30.50339100016223],[-82.21681899979572,30.503418999935757],[-82.21692699975077,30.50355600025937],[-82.21707300023894,30.503787000079868],[-82.21725700036197,30.503831000315188],[-82.21752400032564,30.503853000038376],[-82.21769599985478,30.503880999678906],[-82.21775899960397,30.504002000354653],[-82.21777200002276,30.504216000170555],[-82.21792500018364,30.504425000382508],[-82.21800100035162,30.504446999971336],[-82.21802599956767,30.50449099990804],[-82.21817899972855,30.504567999942886],[-82.21829900027747,30.504563000043014],[-82.21837600027035,30.504534999824845],[-82.21847699965437,30.504446999971336],[-82.21852199986023,30.504266000110274],[-82.2185980000282,30.504199999658105],[-82.2186680003484,30.504205000350634],[-82.21879499967169,30.504237999806648],[-82.21890199980182,30.504341000358703],[-82.21896600027424,30.50440300001471],[-82.21900399990906,30.50441399981223],[-82.21902300017564,30.504441000084007],[-82.21923900008571,30.504557000162784],[-82.21974100022604,30.504611999824856],[-82.21993799986954,30.504639000041596],[-82.22018599956664,30.504738000256243],[-82.22031299978825,30.50476599964196],[-82.22039599962893,30.504804000343295],[-82.22050399958397,30.50493099972818],[-82.22062400013289,30.50501899991767],[-82.22076999972275,30.50508499981408],[-82.22089100009656,30.505232999817643],[-82.2210059997243,30.50538200034151],[-82.22113299994591,30.505497000101414],[-82.22115200021247,30.50553499974323],[-82.22127600006104,30.505606999879184],[-82.22137999981811,30.505667000338768],[-82.22137399997033,30.505695000230943],[-82.22175499973685,30.505897999788836],[-82.2220979998685,30.50621700011758],[-82.22228299981644,30.5064479998091],[-82.22234599956562,30.506498000149225],[-82.22236499983221,30.506541999931923],[-82.22240300036535,30.506558000059044],[-82.22242900030461,30.50659100026459],[-82.22254999978014,30.50670700010065],[-82.22274099957585,30.50678599984316],[-82.2228989997596,30.50680000001615],[-82.22311499966965,30.50672300020062],[-82.22326700000562,30.506745000043576],[-82.22340099989991,30.506778000185648],[-82.22346399964911,30.50680499980101],[-82.22382600004737,30.50705299964393],[-82.22403600010963,30.507167999749672],[-82.22405000035336,30.50719100021887],[-82.22409300001104,30.50726199995047],[-82.22411200027763,30.50732799987245],[-82.22419500011831,30.507376999809033],[-82.2243280001877,30.507503999703435],[-82.22449999971683,30.507542000108874],[-82.22470999977911,30.50754699985558],[-82.22486799996287,30.507563999766518],[-82.22507200017736,30.50769000024284],[-82.22518000013238,30.507938000150517],[-82.22524999955428,30.50822900005028],[-82.22521799976722,30.508366999730153],[-82.22532599972226,30.50862499961596],[-82.22547899988314,30.50881799988688],[-82.22570099964099,30.508998999788794],[-82.22579000022775,30.50914200036251],[-82.22585999964964,30.50937899965403],[-82.22590800022853,30.50946200004007],[-82.22601899965831,30.50965400026979],[-82.226469999745,30.50989600026117],[-82.22662899975367,30.510011000100306],[-82.22666700028681,30.510004999782264],[-82.22685800008252,30.510153999959538],[-82.22702899978675,30.510385000359484],[-82.22707399999258,30.510495000025376],[-82.22710599977964,30.510720000115246],[-82.22701000041849,30.510989999690537],[-82.2269209998317,30.511144000241842],[-82.22690900013615,30.511320000131],[-82.22692800040272,30.511495999701545],[-82.22696900041062,30.511543999951297],[-82.2269979998246,30.511577999920323],[-82.22711900019843,30.51169900030561],[-82.22735400037507,30.512139000015083],[-82.22762100033877,30.512387000183995],[-82.22769099976065,30.51253499990846],[-82.22788800030246,30.51268400007805],[-82.22793799963286,30.51267799992498],[-82.22806599967939,30.51279899971516],[-82.2281800003805,30.512870999889827],[-82.22823100043414,30.512942000117302],[-82.22828800033554,30.51297999994523],[-82.22835799975742,30.513095999898425],[-82.22847900013126,30.513161999729927],[-82.22848800035209,30.513175999758797],[-82.2285879999112,30.513327000273538],[-82.22866300025427,30.513579999944014],[-82.2287009998891,30.5137220000855],[-82.22872699982838,30.513816000141276],[-82.22873900042225,30.5139649998954],[-82.22868900019354,30.51441000035166],[-82.22874500027002,30.51466400017542],[-82.22879700014857,30.51490000006279],[-82.22878899975265,30.514937999899285],[-82.22875299976764,30.515125000018784],[-82.22872699982838,30.51523499973891],[-82.22872699982838,30.515344000239313],[-82.22872699982838,30.515450000239593],[-82.22872500017856,30.515459999693366],[-82.22869599986622,30.515648000222487],[-82.22867699959966,30.515808000320536],[-82.22866999992696,30.515867999902454],[-82.22867999997271,30.515923999994733],[-82.22868300034575,30.51594500021453],[-82.22879799997348,30.51602199969171],[-82.22895000030944,30.51607099989005],[-82.22907699963274,30.51615900005799],[-82.22939499965005,30.51641800001955],[-82.22946499997025,30.51645600003654],[-82.22947699966582,30.51649499989595],[-82.22954100013824,30.516532999882845],[-82.22960499971234,30.51661600035238],[-82.22959800003964,30.516643000331317],[-82.22973799978173,30.51670900007637],[-82.22981800014769,30.51680099985724],[-82.22983300021627,30.51681900032568],[-82.23013199996703,30.517054999624524],[-82.23020800013501,30.51719299993278],[-82.23030400039448,30.517325000178918],[-82.23032399958764,30.517482000296877],[-82.23034200002931,30.517619000153147],[-82.2303610002959,30.51776999995745],[-82.2303550004481,30.517908000024484],[-82.23025300034085,30.51814399977478],[-82.23012600011924,30.518243000168386],[-82.23008199973832,30.518315000180213],[-82.23003099968469,30.518330999917676],[-82.23001800016421,30.518392000101638],[-82.22996700011059,30.518435999918804],[-82.2299040003614,30.51855700028063],[-82.22985300030777,30.518595000235234],[-82.22967500003254,30.518953000341124],[-82.22955500038194,30.519392999719948],[-82.22953000026759,30.519733999880525],[-82.22945400009961,30.520064000045018],[-82.22942200031254,30.520081000088826],[-82.22940899989376,30.520184999927793],[-82.22935199999236,30.520290000247638],[-82.2293279997029,30.52042500038156],[-82.22930099993873,30.52058699998527],[-82.22934600014457,30.520735000380714],[-82.22949900030545,30.521082000110567],[-82.22955600020686,30.521373000133117],[-82.22952000022184,30.52177000013082],[-82.22950500015322,30.521939999772318],[-82.22959399984168,30.522082999882308],[-82.2296449998953,30.52214300023378],[-82.22972799973599,30.52216499968265],[-82.22977200011692,30.52221499967799],[-82.22982900001831,30.522224999983504],[-82.22993699997336,30.522297000140867],[-82.23001399996625,30.522477999709665],[-82.23010299965472,30.52275299964064],[-82.23014100018787,30.52307799989241],[-82.23007099986766,30.52333099971936],[-82.22995700006484,30.523578000181274],[-82.22995700006484,30.523738000380387],[-82.23000200027069,30.524057000208767],[-82.23005300032432,30.52426099989452],[-82.23011000022572,30.524485999847855],[-82.23035899974775,30.525085000244854],[-82.23037100034163,30.52511299996121],[-82.23040200030377,30.52512900012713],[-82.23049799966492,30.5252609996545],[-82.23053000035029,30.525278000336797],[-82.23054200004586,30.525315999984986],[-82.23059899994725,30.525355000158253],[-82.23061200036605,30.525398999918334],[-82.2307069999023,30.525458999770024],[-82.23072000032109,30.52551399998843],[-82.23087299958365,30.525663000381563],[-82.23096200017041,30.52575599996062],[-82.23101300022405,30.525888000183834],[-82.23098700028477,30.52604200034661],[-82.2309110001168,30.52632799989081],[-82.23082900010104,30.526394000023178],[-82.23081300020749,30.52643200000875],[-82.23079099956789,30.52648200013],[-82.23075899978083,30.526576000226374],[-82.23079700031398,30.52664699972854],[-82.23084800036762,30.526740999665314],[-82.23111500033129,30.526845000115024],[-82.23121599971532,30.526861999746377],[-82.23133700008916,30.526922000242294],[-82.2313689998762,30.526922000242294],[-82.23154700015144,30.527047999615576],[-82.2317060001601,30.52710899974473],[-82.23189600013089,30.527263000293704],[-82.23209299977438,30.52746599969477],[-82.2320939995993,30.527494000272583],[-82.23216999976728,30.527554000378238],[-82.23228899959297,30.527798000168307],[-82.23237300015687,30.527971999828203],[-82.23247500026412,30.528087999686264],[-82.23251299989894,30.528110000110726],[-82.23251299989894,30.528142999964157],[-82.2326150000062,30.528213999868843],[-82.23280499997699,30.5282690000754],[-82.23285199983266,30.5282780000218],[-82.23311700014654,30.52832899970248],[-82.23323000012444,30.528375999642403],[-82.23330100026955,30.528406000201308],[-82.23337099969143,30.528456000080542],[-82.23367600018827,30.528995000038744],[-82.23377800029552,30.529077000196697],[-82.23401900031993,30.529088000297524],[-82.23415900006204,30.529148000192627],[-82.23422299963613,30.52914300000934],[-82.23434300018504,30.529230999947707],[-82.23448999959983,30.529396000294366],[-82.23460400030096,30.529654000077887],[-82.23464199993579,30.529704000088582],[-82.23468700014163,30.52970900024301],[-82.23480699979223,30.529774999626333],[-82.2350999996952,30.529857999619537],[-82.23521400039633,30.529928999818512],[-82.23525899970385,30.530071999778404],[-82.23527999962025,30.530183000094546],[-82.235297000237,30.530270000149137],[-82.2354179997125,30.530408000262643],[-82.23547100031426,30.530452000055813],[-82.23556000000274,30.530524000307363],[-82.2356210001021,30.530573000157943],[-82.23579299963124,30.530798000196604],[-82.23585600027874,30.53084699990892],[-82.23587499964701,30.530880000380282],[-82.23597699975426,30.530974000090538],[-82.23599000017305,30.53100699974503],[-82.23612300024243,30.531154999745677],[-82.23612999991512,30.53118800011241],[-82.23616800044826,30.53120499975766],[-82.23616199970218,30.531248999963573],[-82.23620000023531,30.531264999892837],[-82.23619299966431,30.53129300014962],[-82.23643500041197,30.53156200013239],[-82.23643500041197,30.531595000360923],[-82.23652400010042,30.531694000205327],[-82.23656199973526,30.531803999742227],[-82.23670800022344,30.531957999813127],[-82.23700699997418,30.53212300017089],[-82.23727399993787,30.532156000208808],[-82.23738799974069,30.532215999756616],[-82.2374389997943,30.532281999758048],[-82.23750900011451,30.53240900038499],[-82.2375850002825,30.532644999738224],[-82.23769400006245,30.532893000198058],[-82.23776299965942,30.532970000174622],[-82.23779500034479,30.532985999820436],[-82.2378460003984,30.53307999981414],[-82.23802399977532,30.533261000187895],[-82.23803100034634,30.53329399983921],[-82.23831699967829,30.533579999700713],[-82.23840600026504,30.533760999916574],[-82.2385009998013,30.533826999642063],[-82.23865300013728,30.53383300003692],[-82.23872299955914,30.533854999934082],[-82.23881200014591,30.533910000042084],[-82.23888199956781,30.53395899973224],[-82.23892699977365,30.534020000164666],[-82.23894000019244,30.534145999617433],[-82.23890800040539,30.53436599997726],[-82.238951999888,30.534486999846674],[-82.23907300026183,30.53460800033916],[-82.23910500004888,30.5346630000208],[-82.23913099998815,30.534761999833528],[-82.23910500004888,30.534976999688872],[-82.23914299968372,30.53513100014566],[-82.23924499979097,30.535300999622777],[-82.23947400011983,30.53543799989069],[-82.23956899965607,30.535565000260057],[-82.23959499959534,30.535763000267114],[-82.23953100002123,30.535895000047553],[-82.23949300038639,30.536037999736248],[-82.23953799969394,30.53619699987878],[-82.23963999980117,30.536477999898082],[-82.2396840001821,30.536522000036726],[-82.2396909998548,30.536548999900948],[-82.23978000044158,30.536610000254242],[-82.23985599971124,30.53670300018653],[-82.24000899987212,30.537083000057542],[-82.24009099988788,30.53718199972484],[-82.24012299967494,30.53720399963722],[-82.24024999989653,30.53747899966874],[-82.24040300005743,30.53777000010055],[-82.24033299973722,30.538265000116326],[-82.24028599988155,30.538383000100914],[-82.24019399982005,30.538617000380736],[-82.24021300008661,30.539601999668548],[-82.24017499955346,30.5399100003717],[-82.23996600021442,30.540306000061495],[-82.23987099977985,30.540405000311903],[-82.23985800025937,30.540437999857126],[-82.23981999972622,30.540449000218864],[-82.23980700020577,30.540481999749122],[-82.23959600031856,30.540655000291775],[-82.23956600018134,30.54067999979017],[-82.23947099974679,30.540845000031823],[-82.23943300011194,30.540860999927766],[-82.23935600011905,30.540988000169126],[-82.23934400042349,30.541064999917847],[-82.23933900040062,30.541215000046734],[-82.23933100000468,30.541531999768377],[-82.23925499983672,30.541868000069137],[-82.23932500015691,30.542655000171912],[-82.23936600016481,30.542824999631648],[-82.23940200014981,30.54297900002311],[-82.23938600025627,30.54313799963342],[-82.23937000036275,30.543303000340526],[-82.23934500024839,30.543699999697346],[-82.23933600002756,30.543785000096996],[-82.23932000013404,30.54393600024116],[-82.2391989997602,30.54461800038534],[-82.238951999888,30.545207000171406],[-82.23891199970502,30.545425999899113],[-82.23887900009306,30.545504999888088],[-82.23861799997715,30.545881000364776],[-82.23839299984627,30.546105999756133],[-82.23832800044727,30.546172000376092],[-82.23728099961058,30.546958999634686],[-82.23716000013505,30.54710000019338],[-82.23702399969261,30.547211999931644],[-82.23632999993167,30.547566000105864],[-82.23613199956495,30.547678999616505],[-82.23581600009577,30.547859999859437],[-82.23509200019758,30.548306999641927],[-82.23489700020392,30.54844099999613],[-82.23455300024733,30.548675000021053],[-82.23443500024655,30.548754999986116],[-82.2344379997213,30.54900300030996],[-82.23414499981833,30.550108999974256],[-82.23393700030417,30.55144999998736],[-82.23385899958807,30.552086999660652],[-82.23383400037203,30.552689000040854],[-82.23388899972528,30.55376400032969],[-82.2339950000305,30.55425000017617],[-82.23420699974261,30.555215999683924],[-82.23421299959038,30.555249999842196],[-82.23438199964478,30.556202000211496],[-82.23438599984274,30.55637899992587],[-82.23442699985064,30.556592999660808],[-82.23435700042874,30.55704499974786],[-82.234199000245,30.557446000215727],[-82.23418599982621,30.557650000167058],[-82.2340650003507,30.557748999749997],[-82.2338619999611,30.55781999966995],[-82.23354999979158,30.55786400019354],[-82.23293399984843,30.557896999993],[-82.23262300040213,30.55795800008492],[-82.23236899995891,30.558051999885286],[-82.23223300041478,30.55813099965531],[-82.23205099994158,30.558238999785164],[-82.232031999675,30.558265999798856],[-82.23192399971998,30.558338000314304],[-82.23172700007649,30.55855200037073],[-82.23168900044165,30.558579999721474],[-82.23166299960407,30.558657000214996],[-82.2315870003344,30.558701000359083],[-82.2315809995883,30.558733999873912],[-82.23124400020272,30.559191000228594],[-82.23101499987386,30.559514999812702],[-82.23091399959152,30.55976799987217],[-82.23063400010736,30.560060000206242],[-82.23044400013656,30.560373000332948],[-82.23031699991496,30.560477999753903],[-82.23024099974698,30.56055500028844],[-82.23020300011213,30.56057200020736],[-82.2300879995861,30.560714999907812],[-82.22994799984401,30.560829999930608],[-82.22986599982825,30.56093999972395],[-82.22982800019342,30.56101199980244],[-82.22972600008615,30.56107200008489],[-82.22972000023837,30.561110999823132],[-82.22947800038905,30.561386000210124],[-82.22933899957356,30.561484999849192],[-82.2291159999908,30.561677000150603],[-82.22884300017932,30.5618479997245],[-82.22868400017067,30.562056999739827],[-82.22858200006343,30.562177999909384],[-82.2284680002606,30.562354000167847],[-82.2284680002606,30.562381999968586],[-82.22843599957523,30.56239300016435],[-82.228264999871,30.56258000020743],[-82.22820600031977,30.562611999793994],[-82.22811900028114,30.562661999852065],[-82.22808099974797,30.562728000043922],[-82.22791599989155,30.562815999714232],[-82.22789599980007,30.562844000155177],[-82.22781999963209,30.562870999661026],[-82.22780799993653,30.562899000086098],[-82.2273560000249,30.563185000152533],[-82.2270959997339,30.563332999839705],[-82.22679100013536,30.563482000221782],[-82.2265619998065,30.563625000274637],[-82.22648599963854,30.563647000383067],[-82.22647200029314,30.56365499999932],[-82.22639500030024,30.56370000034249],[-82.22630800026162,30.56375200012867],[-82.2261669997963,30.563840999787175],[-82.22609200035156,30.56388899969949],[-82.2259900002443,30.56398299994245],[-82.22595799955893,30.56398799987873],[-82.22590099965753,30.56404299993467],[-82.22563399969384,30.56419699992542],[-82.2255390001576,30.564263999985723],[-82.2253419996158,30.56436299978232],[-82.22521500029251,30.56450000003739],[-82.22511999985794,30.564543999852447],[-82.22509399991867,30.564576999700634],[-82.22496699969706,30.564665000014383],[-82.22492300021445,30.564671000050474],[-82.22482699995497,30.56471999968653],[-82.22452900002914,30.564775000101008],[-82.22435099975391,30.5648520003195],[-82.224089999638,30.5650670000635],[-82.22404000030761,30.56514400005018],[-82.22399599992669,30.565175000208427],[-82.22387200007812,30.565267999850143],[-82.22386200003237,30.56527600010626],[-82.2236389995513,30.56533700020038],[-82.22333399995276,30.565407999982675],[-82.2233149996862,30.56543599967557],[-82.2231749999441,30.565513000142882],[-82.22282599996464,30.565594999629102],[-82.22228500036456,30.565700000360433],[-82.22194200023291,30.56572199999833],[-82.22154200019982,30.56572199999833],[-82.22124900029687,30.565706000332508],[-82.22093200010445,30.565644999696893],[-82.22009900042633,30.565540999805485],[-82.21972399960929,30.565474999980168],[-82.2194709998893,30.56546699974046],[-82.21875799986177,30.565441999663914],[-82.21822999978217,30.56528300023314],[-82.21795100012291,30.565249999851584],[-82.21763300010558,30.56518399982831],[-82.21731500008829,30.565189999832302],[-82.21715600007963,30.565223000234266],[-82.21692099990298,30.565315999829952],[-82.2169019996364,30.565344000322856],[-82.21667999987854,30.565453999639626],[-82.21666700035809,30.565461999880398],[-82.21598100009474,30.565938000256647],[-82.2158730001397,30.56604799967336],[-82.21568200034397,30.566163999682583],[-82.21564999965861,30.56620800028991],[-82.21551699958923,30.56630699964978],[-82.21550999991653,30.56633399973893],[-82.21531999994575,30.566454999988828],[-82.2151480004166,30.566553999870088],[-82.21497000014138,30.566598000300566],[-82.21469700032989,30.566719000221198],[-82.21455500003967,30.566766000143243],[-82.2145220004277,30.56677599972878],[-82.21444899973447,30.566802000347973],[-82.21442699999315,30.56681199992973],[-82.21439699985592,30.566827000073985],[-82.2146760004135,30.568004000242844],[-82.21469999980462,30.56848099984403],[-82.21467700023841,30.568556000025172],[-82.22766900001935,30.56945399982536],[-82.22940899989376,30.569571999797823],[-82.23297800022937,30.56980800008558],[-82.23322599992647,30.56983099964702],[-82.23773199969729,30.570045999958168],[-82.23880700012305,30.57011800024002],[-82.23941800004333,30.570169999679848],[-82.24985599963999,30.570898999809636],[-82.25818900038756,30.571564999741433],[-82.25819699988514,30.57155299974828],[-82.263106999887,30.571769000171297],[-82.26338300007154,30.57178599967217],[-82.27785100013624,30.572841000080103],[-82.28043799993247,30.573009999987406],[-82.28246300021225,30.573108000091594],[-82.28335799981464,30.573150999821976],[-82.28414600018525,30.573190000118558],[-82.28732399981028,30.573386999909268],[-82.28807299982283,30.57341899979819],[-82.2891630003172,30.573492999984378],[-82.29243200017883,30.57371700028748],[-82.29293099994611,30.5737520001914],[-82.29352299959983,30.573792000287142],[-82.29511799970929,30.573901000038877],[-82.2962170004245,30.573976999935237],[-82.29923199984292,30.574183000006062],[-82.29990499968748,30.574228000105943],[-82.30013999986411,30.574244999949237],[-82.30150200034507,30.57432599975286],[-82.30192800031742,30.574395999881972],[-82.30297899955544,30.57445899972294],[-82.30635999957006,30.57466200022118],[-82.30719399997142,30.574708000130233],[-82.30742800032314,30.574723999858104],[-82.30890999955639,30.574827999958462],[-82.30896200033324,30.574821999777186],[-82.30911999961866,30.574806000065482],[-82.30917300022043,30.574800999913343],[-82.3208080004416,30.575611000316023],[-82.32230300009363,30.57570299998547],[-82.34209399971374,30.57692100031174],[-82.35711099977443,30.577885999934562],[-82.35773099991553,30.577925999871923],[-82.36170899960675,30.578179999862623],[-82.36228899956488,30.578217999688263],[-82.36393300007813,30.578329999861257],[-82.36465199995345,30.57837800033774],[-82.36626100030662,30.578488000341064],[-82.3673020003972,30.578557999786053],[-82.36734099985695,30.578560999761145],[-82.36774000006513,30.578588000306116],[-82.36813900027329,30.578614000079064],[-82.37216200017032,30.578888000355864],[-82.37484400040113,30.579003999703442],[-82.37507399965658,30.579017000308426],[-82.3755950000635,30.57904099999292],[-82.3827210001408,30.579475000222555],[-82.38466600005464,30.579625999745353],[-82.38593899994882,30.57970899965431],[-82.38701400037458,30.579778999764624],[-82.38811599966624,30.579849999802764],[-82.3909150000729,30.580032000338456],[-82.39269299958214,30.580142999987466],[-82.3940280002989,30.580226000227302],[-82.39684299970078,30.580400000275826],[-82.40560099969748,30.580903999907477],[-82.40654600042693,30.58096500022687],[-82.4066019996051,30.58096800012744],[-82.40671100028337,30.580985000335886],[-82.40692800001835,30.580991000135803],[-82.41891399986879,30.581766999740577],[-82.42177400037482,30.58196299993792],[-82.42186100041346,30.58196799972075],[-82.42470500012766,30.582160999648117],[-82.4285609996201,30.5823680000728],[-82.43172400007484,30.58253599966671],[-82.4477160001039,30.583548000157695],[-82.4530100002453,30.58388199973123],[-82.45367800006697,30.583919999642198],[-82.45953299989995,30.58425099968185],[-82.45979300019094,30.584267000155105],[-82.46025900034627,30.584295999749468],[-82.46680399974221,30.584701000191668],[-82.46730900025561,30.584734000141697],[-82.46773900042591,30.584761999668654],[-82.46935200007871,30.584865999829468],[-82.46951399956211,30.584876999795316],[-82.47103000002885,30.58497500027976],[-82.47368600032037,30.585146999691016],[-82.47512800026897,30.585225999821937],[-82.47598000021365,30.58527200013277],[-82.47801200016612,30.585382000047915],[-82.4804600000452,30.585515000319905],[-82.48867700044181,30.586042000010767],[-82.49066500001335,30.586151999825496],[-82.49224000003132,30.586238000071706],[-82.4958019997959,30.586490000120143],[-82.49717199977447,30.58657199965707],[-82.49723299987383,30.58657600006649],[-82.49848800022467,30.58664900035677],[-82.5028759999947,30.586910000033843],[-82.50646399969854,30.587087000170516],[-82.5172240004088,30.587709000166857],[-82.51829800011134,30.58779499980501],[-82.52416100034024,30.588072000108166],[-82.5248500000783,30.58816500021946],[-82.52512999956248,30.588210000016783],[-82.52506599998837,30.58823899997822],[-82.52534899984559,30.588245000102464],[-82.5271029999637,30.58830000032205],[-82.5271099996364,30.58837100030629],[-82.52737800032331,30.588388999880166],[-82.53001000032542,30.58851100034067],[-82.53200200009489,30.588596000152414],[-82.53208999995843,30.58859999970496],[-82.53212599994345,30.58866300036996],[-82.53402099962857,30.58869900017917],[-82.5340220003518,30.58874999982157],[-82.53439899992034,30.588769999871126],[-82.53527199978144,30.58881699993267],[-82.53546400030037,30.58882100024948],[-82.5356690003398,30.588841000284393],[-82.53578599961733,30.58885199979916],[-82.53630000035156,30.588818999704454],[-82.53956500001523,30.58899999975775],[-82.54279299986896,30.58920999991728],[-82.54496499956352,30.589429000085058],[-82.54622900013517,30.589491000332217],[-82.54721300032435,30.589540999679475],[-82.54765400036533,30.589567000381535],[-82.54830999959313,30.58960600026158],[-82.54952899995895,30.58967299978101],[-82.5502000001537,30.589711999618395],[-82.55123399967327,30.58977199993249],[-82.55152900012435,30.589789000143593],[-82.55298699996646,30.589884999778732],[-82.55311199963994,30.58990399971938],[-82.55317299973932,30.589949000255928],[-82.55319899967857,30.58989699982309],[-82.55381700016986,30.589826000183383],[-82.55416000030154,30.589884999778732],[-82.55477799989451,30.589909999740613],[-82.55618999970586,30.590018999932056],[-82.55790600018915,30.590061000022764],[-82.55984400043027,30.590184999668878],[-82.5637119996183,30.590369999743945],[-82.56496899961896,30.590545999880565],[-82.56544399999511,30.590613000296756],[-82.56566300027822,30.590613000296756],[-82.56689299961639,30.590697999811628],[-82.56876200026055,30.590808999620837],[-82.56888100008622,30.59081000025947],[-82.56906500020924,30.59081799995511],[-82.57129600035333,30.590816000224624],[-82.5722019998264,30.590869000029127],[-82.58101699972451,30.591385999855465],[-82.58213099961003,30.591470000380486],[-82.58400699992687,30.591548000139937],[-82.58539299979897,30.591683000170192],[-82.58955200013844,30.592087999905836],[-82.5903880001896,30.59217000011978],[-82.59054800002319,30.59218600005913],[-82.59078900004761,30.59220199999585],[-82.59093999966035,30.592212000051624],[-82.59194700031406,30.592278000239133],[-82.59496799958026,30.592479000076395],[-82.59573500003447,30.59253000004956],[-82.59597600005888,30.592544000234636],[-82.59680200006432,30.592592999706465],[-82.5980959998749,30.59267000026254],[-82.59928299955536,30.592740000293183],[-82.600110000284,30.592788999665917],[-82.60097499974918,30.592840000249268],[-82.60356999994134,30.59299300029164],[-82.60443600012977,30.593043999994293],[-82.60859999959379,30.59327799992358],[-82.62109299960744,30.59398100002021],[-82.62485500028689,30.594192999873496],[-82.62519199967248,30.594210000082374],[-82.6252579997947,30.594213000346333],[-82.6270810004081,30.59431000006805],[-82.62778900041278,30.59434799975718],[-82.63255200010151,30.594601000197084],[-82.6343759996415,30.594699000128912],[-82.63716199962937,30.594849999908714],[-82.645519999593,30.595306000386227],[-82.64830599958087,30.59545799981079],[-82.65034599992926,30.595567999764512],[-82.65646900044914,30.595900999861524],[-82.6584660002415,30.59601000027395],[-82.65850999972413,30.596011999897268],[-82.66110499991628,30.596151999719275],[-82.66888999959446,30.59657499970889],[-82.67148599961152,30.596716000068366],[-82.675095999955,30.59691900035711],[-82.68592799973696,30.59752999981004],[-82.68934100043695,30.597722999680553],[-82.68944000017116,30.59772800019694],[-82.68953899990535,30.597733999733713],[-82.69781599967811,30.598188000205607],[-82.6986169995692,30.598232000199545],[-82.69890199997455,30.598270999685457],[-82.70735700002254,30.598825999708883],[-82.70737700011402,30.59882700026472],[-82.72790699970092,30.600211000355305],[-82.72827300029715,30.600226999740187],[-82.74985400002038,30.601156000280216],[-82.76687299989631,30.6022310000003],[-82.80384300012423,30.604565000302625],[-82.80602200038979,30.60470200019723],[-82.82061199975492,30.60562400004059],[-82.83367999970383,30.606450999951367],[-82.86832500007635,30.60864100023237],[-82.87485699995182,30.60886699985166],[-82.87762899969599,30.609168999853885],[-82.87778199985685,30.60918099982943],[-82.88708300000177,30.609571999828777],[-82.92353500019584,30.6117220000017],[-82.92363200028022,30.611726999795454],[-82.93253900023984,30.612240999944387],[-82.93546800034285,30.61241400008027],[-82.93657300000754,30.61247900000674],[-82.93715899981346,30.61252400010867],[-82.93991600038733,30.612739999688458],[-82.9403790001696,30.612771999728405],[-82.95734299979395,30.61373999999703],[-82.95885099986478,30.613866999917153],[-82.95893200005563,30.61386299986135],[-82.95900200037583,30.613877999683275],[-82.97682899981552,30.6148779998357],[-82.99142499992675,30.615731000217124],[-82.99574199955167,30.61598399970099],[-82.99985800023344,30.61622500019563],[-83.0052489995609,30.61647599996083],[-83.00544299972967,30.616483999856346],[-83.02243900003937,30.61746700016166],[-83.02281599960791,30.61750899994925],[-83.02287800043052,30.617525000342077],[-83.0235310001836,30.617576000272088],[-83.02354200005423,30.617576999861164],[-83.02529399962421,30.617569000055898],[-83.03771300001803,30.618388000267935],[-83.0386960003823,30.61844700024973],[-83.05100400044802,30.619193000312006],[-83.05570000018962,30.619471999659314],[-83.05589799965803,30.619483000334743],[-83.05750199998832,30.619578000353233],[-83.059712000216,30.619711000067877],[-83.06522300009237,30.62003899974565],[-83.0744100004345,30.620557999944285],[-83.08413199963056,30.621105999852293],[-83.0855080003552,30.62118199983724],[-83.08594600002313,30.62120599990143],[-83.09769199967407,30.62185700033975],[-83.0980880004075,30.621879000374253],[-83.09822300012672,30.62188499996117],[-83.0982509997158,30.621888000140974],[-83.11713000001507,30.622928000187553],[-83.11830499999996,30.622951999818895],[-83.1186380000859,30.622958999645775],[-83.11867599972072,30.622959999952307],[-83.12147900032535,30.623107000064476],[-83.12364299962398,30.623220999981925],[-83.12486399963962,30.623257000090753],[-83.13136999957584,30.62358300029453],[-83.13661400038683,30.623967000359226],[-83.14001200011988,30.624215000042227],[-83.15020600021738,30.62496099971547],[-83.15360499977535,30.625210000226883],[-83.15554499966632,30.625346000006015],[-83.16136799971221,30.625756999802647],[-83.1633090003264,30.625895000138577],[-83.16383499985785,30.62592300013787],[-83.1654140000738,30.62601000013936],[-83.1659410003285,30.626039000380104],[-83.17178100009284,30.62635999990583],[-83.17203499963773,30.626370000300206],[-83.1723069996243,30.6263890000417],[-83.1724129999295,30.62639500012208],[-83.17289300032853,30.626441000210338],[-83.1748199998007,30.626590000211664],[-83.17504400010668,30.62662500034474],[-83.17505499997735,30.626633000174557],[-83.1757499995632,30.626677999881604],[-83.17606900030374,30.626685000212092],[-83.17957400016692,30.626861000072207],[-83.1796150001748,30.626862999831587],[-83.18707900036094,30.62732299982483],[-83.18711600017086,30.62733100037002],[-83.19829399955921,30.627865000092918],[-83.1983420001381,30.62786800008742],[-83.22083799955523,30.629154999955784],[-83.22517599999486,30.62940300025842],[-83.22522100020069,30.629404999965285],[-83.22696299972493,30.62950600018176],[-83.22864800024608,30.629601999876485],[-83.22910400035566,30.62962900011165],[-83.2465819998159,30.63062899987888],[-83.24664200009038,30.6306319997877],[-83.24670800021259,30.630635999923562],[-83.24677299961162,30.630638999832115],[-83.24686600039635,30.630644999648975],[-83.24697099997834,30.63065199969245],[-83.24802799996245,30.630710999928528],[-83.24842299997268,30.630733999722622],[-83.24858600017927,30.630747000343174],[-83.24867400004283,30.63075400037927],[-83.24876199990636,30.630760999641918],[-83.2492980003819,30.630802999844978],[-83.24986699957105,30.630847999931856],[-83.2499970001657,30.63085600018557],[-83.25149799966553,30.630949000188114],[-83.25407000029148,30.631105999665394],[-83.25415499978199,30.63111100000395],[-83.25620099997813,30.6312370001026],[-83.25622100006962,30.631238000323577],[-83.26470299988179,30.631758000204314],[-83.26594099961588,30.63183400032741],[-83.26616400009695,30.63184800024187],[-83.2665130000764,30.63187000032423],[-83.27113600002308,30.63215300030483],[-83.27573600040353,30.632436000230733],[-83.27864899971468,30.632615000300003],[-83.29160399968569,30.63341200023761],[-83.30737800015486,30.634300000059447],[-83.30915700038732,30.634399999615837],[-83.30918499997642,30.63440199999237],[-83.30924900044884,30.634405999972387],[-83.30941799960493,30.63441699972338],[-83.30958599983443,30.63442999984909],[-83.30970399983521,30.63443799980663],[-83.31055800032804,30.63449899965456],[-83.31107299998884,30.634535000205663],[-83.31152999992332,30.63456900037027],[-83.31187399987992,30.63459399961986],[-83.31290800029782,30.634671000019605],[-83.3132530000793,30.63469700020101],[-83.31496199999158,30.63479800030418],[-83.31983600000841,30.635086999764287],[-83.3200899995533,30.635099999799973],[-83.3218000001888,30.635194999948077],[-83.32329800021388,30.635283999701173],[-83.32779200028912,30.635553999771258],[-83.3292900003142,30.635644000142456],[-83.33160199975083,30.635782000291407],[-83.33853899968226,30.636196999726717],[-83.34085199984212,30.636336000027995],[-83.34090200007084,30.63633899975987],[-83.34094399990363,30.636342000264538],[-83.34102400026957,30.636347000332492],[-83.3410540004068,30.636347999727697],[-83.3411049995621,30.636351999627244],[-83.3411599998137,30.636355000131513],[-83.34204199989563,30.63640700035507],[-83.34485399982276,30.63657499975662],[-83.34579199998119,30.636630999749947],[-83.34618500034158,30.636653999682583],[-83.34736500034933,30.6367240003849],[-83.34775899963634,30.63674799968658],[-83.34863599969539,30.636802000025817],[-83.35014899978908,30.636897000048403],[-83.35046699980639,30.63691600004175],[-83.35053600030169,30.636919999917875],[-83.35132299994905,30.636969000125493],[-83.35682399977968,30.637308999636538],[-83.3568520002671,30.637308000251256],[-83.3570780002229,30.637322000146572],[-83.3573040001787,30.63733600003985],[-83.35750400019525,30.637347999615457],[-83.35770300038688,30.637359999962555],[-83.35779999957295,30.637366000135522],[-83.35809400019915,30.637383999879333],[-83.35819200010842,30.6373900000508],[-83.35971400042295,30.63748299995616],[-83.35998899988425,30.63750000029489],[-83.36086500011838,30.637554000214305],[-83.36427999956989,30.637764000215643],[-83.3658029997093,30.63785799991399],[-83.36853500016882,30.638008000263007],[-83.37487200005064,30.638356999767865],[-83.37672999992583,30.63848700028915],[-83.3794599998372,30.638679999682555],[-83.3794720004311,30.638679999682555],[-83.37951099989084,30.63868300011461],[-83.37952400030963,30.638684000258607],[-83.38165599982122,30.63880899962701],[-83.38805299997748,30.639183999854886],[-83.39014400037948,30.63930699984793],[-83.39027800027378,30.639312999900188],[-83.39067199956075,30.639325000003478],[-83.39106599974605,30.639337000105343],[-83.39124900004417,30.639342000018495],[-83.39152299968055,30.639350000342752],[-83.39328400036966,30.639406000275493],[-83.39443699971496,30.639440999637255],[-83.39550100027006,30.63947400026061],[-83.39572100037809,30.639479000166688],[-83.397221000053,30.639568999977904],[-83.4023810003001,30.63988099980871],[-83.40410199990792,30.63998500030156],[-83.42083899975155,30.64100399965383],[-83.4241019997654,30.641198000326305],[-83.4273670003274,30.641392999952803],[-83.42836400003704,30.641451999821754],[-83.42936199957161,30.641511999769474],[-83.42958000002983,30.641499999937512],[-83.42974099968829,30.6414779997264],[-83.4302119998665,30.64143299994647],[-83.4305139999903,30.641469000235855],[-83.43213000001613,30.6415700002246],[-83.43242999959179,30.64159000018693],[-83.43306999982438,30.641650000049044],[-83.43339000038983,30.641669999994825],[-83.4347400002769,30.64172000022762],[-83.43532000023505,30.641760000086055],[-83.43581999982726,30.641790000355478],[-83.4376400000676,30.641909999794407],[-83.43802000000919,30.64192000012736],[-83.43936999989627,30.64197999978476],[-83.44027000041987,30.642040000177833],[-83.44889500034716,30.642409999718307],[-83.44894399985264,30.64241300003467],[-83.44898700040868,30.64241500024551],[-83.44987399961516,30.642466000198066],[-83.45061400030518,30.64250799995697],[-83.4513540000969,30.64255099980157],[-83.45147200009768,30.64255699965254],[-83.4516000001442,30.64256499971094],[-83.4518470000164,30.64257899961824],[-83.45369999986872,30.642685999836683],[-83.45555199989613,30.642791999835183],[-83.45626599974857,30.642833000124252],[-83.45670799961444,30.642858999657655],[-83.45786500005597,30.642925000106462],[-83.46060300036326,30.643081000145106],[-83.46881700038686,30.643549000297092],[-83.47068299975965,30.643656000215213],[-83.47258400019085,30.643764000106486],[-83.47566999975437,30.643940999903567],[-83.4766999999743,30.643999999763956],[-83.47735299972737,30.644038000047964],[-83.4793119998849,30.644154000212374],[-83.47996499963797,30.644192999750025],[-83.48182500006132,30.64433100006856],[-83.48740799990772,30.6447449998427],[-83.48926900015596,30.644884000226277],[-83.48986800038065,30.644927999866873],[-83.49046699970705,30.64497300033922],[-83.49139999984261,30.645042000353044],[-83.49519599995892,30.645324000368117],[-83.49779299980092,30.645515999957183],[-83.49992500021081,30.6456739998242],[-83.50190699993455,30.645771999846776],[-83.50785499965393,30.646068000226826],[-83.5098380001009,30.646166999916744],[-83.51003300009458,30.646176999809573],[-83.51485100003491,30.646420000209616],[-83.52122999974951,30.646759999731753],[-83.52170799960038,30.646781000226795],[-83.53687199997421,30.64753600027338],[-83.54719199957007,30.648050000366695],[-83.55238000030457,30.64830799981964],[-83.55329400017357,30.648353000264816],[-83.5560369996054,30.648488999971583],[-83.55695200019761,30.648535000374668],[-83.55792899981577,30.648583000066242],[-83.5608599995686,30.648728999851265],[-83.5618370000851,30.648778000259004],[-83.56264499964887,30.64881800028959],[-83.5650690001368,30.648938000282016],[-83.56587800042381,30.64897800024636],[-83.56774999964439,30.649069999792527],[-83.5733690003741,30.649349000325355],[-83.57524200031791,30.649443000356808],[-83.57641099955669,30.649500999919557],[-83.57906400037349,30.64963300020717],[-83.57931600026858,30.649645999833453],[-83.58189999969176,30.64977399980596],[-83.58339100004416,30.649847999628218],[-83.5835419996569,30.649855999856257],[-83.58369399999286,30.649863000055248],[-83.58902400011927,30.65012800026028],[-83.59053100036517,30.650201999811557],[-83.59435400024567,30.65039299973897],[-83.60018899998715,30.650683999785105],[-83.61171999955292,30.651258000229763],[-83.61221400019566,30.65128899988481],[-83.61369600032721,30.65138200033599],[-83.61419000007162,30.651413999963623],[-83.61719899964226,30.651544999946978],[-83.62487899973844,30.65187999995838],[-83.6262269999757,30.651957999741352],[-83.62923499972142,30.652132999986577],[-83.62984800018982,30.652168000152155],[-83.63168699979845,30.652274999807045],[-83.63230100009177,30.652310999924296],[-83.6342889996633,30.652426000209054],[-83.64025300017452,30.652774000237514],[-83.64224199957097,30.652889999968668],[-83.64860500029035,30.65326099971985],[-83.65552399978012,30.653660000065134],[-83.6676939997536,30.654374999686333],[-83.6740580002979,30.654746999898876],[-83.67407800038939,30.654747999876744],[-83.67413899959044,30.65475199978811],[-83.67416000040515,30.654753999743743],[-83.67464499992872,30.654788999733235],[-83.67610100012101,30.654893999625624],[-83.67658700036782,30.65493000031321],[-83.67662400017775,30.65492499966039],[-83.6767349996075,30.654909000042554],[-83.67677300014066,30.65490500013769],[-83.6792610002027,30.6550209996302],[-83.68672600021374,30.65537100030646],[-83.68921500010067,30.655487999982782],[-83.69087600033238,30.655561000098743],[-83.69586099977899,30.655783000017472],[-83.69752299983558,30.65585699987703],[-83.70021599993703,30.656015999811913],[-83.7082969998912,30.656493000365675],[-83.71099099981757,30.656652000027208],[-83.7110619999627,30.656655999859797],[-83.71157800034673,30.65667999962462],[-83.7127519996084,30.6567350003833],[-83.71803599970406,30.65698600016067],[-83.71979800021808,30.657070000183815],[-83.72042000000901,30.65710300020056],[-83.72228600028012,30.657205000040513],[-83.72290899989596,30.657238999963205],[-83.72295499992671,30.65724099986738],[-83.72309200019407,30.657249000256417],[-83.72313900004973,30.657252000112337],[-83.7262990001314,30.657424000196894],[-83.73088899956781,30.657675999678226],[-83.73578199985121,30.65794299999421],[-83.73627700031886,30.657970000045854],[-83.7386389999842,30.658099999702536],[-83.73879100032015,30.65810800002047],[-83.73894299975782,30.6581170002807],[-83.73990000018281,30.65817200022177],[-83.74277099966118,30.658339999679225],[-83.7437289999111,30.658396000206245],[-83.74375800022341,30.658397000146365],[-83.74384500026204,30.658399999966665],[-83.74387399967605,30.658400999906746],[-83.7448200002304,30.658438000000693],[-83.74492599963729,30.65844199975937],[-83.7450600004299,30.658449000109425],[-83.74517800043068,30.65845699962572],[-83.74789300027345,30.658614000044622],[-83.74861600034671,30.658654999806902],[-83.7497629998442,30.658722000229087],[-83.74980200020225,30.658724000102573],[-83.75014600015885,30.65873799998852],[-83.75118100040164,30.658779999634348],[-83.75152600018315,30.658794000284942],[-83.75218200030928,30.658821000098925],[-83.75463900040917,30.65896200020687],[-83.75476099970959,30.658965000009623],[-83.75614900012981,30.659010000130902],[-83.75712599974797,30.65909399994063],[-83.76210799971984,30.659333999767476],[-83.76446799973536,30.659466999694953],[-83.76692999985815,30.65960699970567],[-83.76770399998505,30.65964400011065],[-83.76893800041948,30.65970299966202],[-83.77167300035372,30.659834000004064],[-83.77263999992614,30.65987999964552],[-83.7734600000838,30.659919999719108],[-83.77387500018548,30.659938999825567],[-83.77443699970196,30.659966000092396],[-83.77456499974848,30.65997400025587],[-83.776636000059,30.660116000149575],[-83.77668000043992,30.660119999838813],[-83.77732700034522,30.660147999977138],[-83.77738099987359,30.660150999743088],[-83.78104399992051,30.66030899964887],[-83.7815700003503,30.660332000132072],[-83.78901699991965,30.66073999989802],[-83.78921500028638,30.660733999629887],[-83.79018400040695,30.660802999986803],[-83.79219000042015,30.660911000043438],[-83.79381599959342,30.660999000172076],[-83.79590699999542,30.661105000185458],[-83.79784600006147,30.661201000199362],[-83.80357500039607,30.661486999852652],[-83.8036630002596,30.661492000165932],[-83.80509599998736,30.66156399970383],[-83.80567299957245,30.661592000196492],[-83.80588299963473,30.661602000039323],[-83.80595399977983,30.661605999667064],[-83.8065139996465,30.661633000240904],[-83.8081969996195,30.66171700008914],[-83.80875800020937,30.66174499976472],[-83.808809000263,30.6617470003484],[-83.80907299985364,30.661760999796513],[-83.8100200002329,30.661814000172576],[-83.81033599970208,30.661832000002118],[-83.81071999984164,30.661889999859323],[-83.81160000027374,30.661990000250725],[-83.81163500043384,30.66199200005659],[-83.81315000017736,30.662070000180293],[-83.81431000009363,30.662119999909454],[-83.81492000018899,30.662150000043614],[-83.81597999964785,30.662210000284],[-83.81711000032521,30.662259999940744],[-83.81779599969025,30.66229600020303],[-83.8180600001792,30.662310000344352],[-83.81921000004974,30.66235999994935],[-83.81957999994557,30.662380000247722],[-83.8205959999218,30.662422999754792],[-83.8233330004042,30.66255300037647],[-83.82425599959569,30.66259499990988],[-83.82489300035355,30.662624999896593],[-83.82502200022498,30.66262900025474],[-83.82602599960734,30.662671999651025],[-83.82741200037773,30.66278199972671],[-83.82987100012745,30.662925999917565],[-83.83172700035284,30.663061999986624],[-83.83177400020848,30.66306900000206],[-83.83189499968401,30.663076999908686],[-83.83422799993535,30.663174000172546],[-83.83955499968872,30.66339499971706],[-83.84264899964816,30.66352399991685],[-83.84298099990919,30.66353799988023],[-83.84307600034374,30.663543000087444],[-83.84728599983852,30.66373700035502],[-83.84975600035722,30.66381900015189],[-83.8549450000183,30.664394999628474],[-83.85509700035428,30.664404999953973],[-83.85538500023436,30.664424999829105],[-83.85743399990527,30.66451999975909],[-83.85854799979077,30.664572000291237],[-83.85882599962514,30.664585000226747],[-83.8588519995644,30.664586000102837],[-83.85906599982464,30.66459900003648],[-83.8592809999098,30.66461199996829],[-83.85988900035534,30.6646480001271],[-83.86191799993476,30.664771000182142],[-83.86737799975751,30.665099999949405],[-83.87370299994375,30.66544899980505],[-83.87383099999028,30.665459000021485],[-83.87471499972202,30.66552499972388],[-83.87583899965328,30.665609000052548],[-83.87778500029033,30.66572599969882],[-83.87965800023414,30.66580100030892],[-83.8797040002649,30.665802000172427],[-83.87975899961815,30.665804999762887],[-83.87984400000697,30.665808000125953],[-83.87989099986265,30.665809999852815],[-83.88006599976482,30.66581900016855],[-83.88185099984507,30.66589200020866],[-83.88199599961003,30.665897000294073],[-83.8821620001897,30.665904999966596],[-83.8833310003268,30.665967999779],[-83.88369799984962,30.665984999745927],[-83.88439199961057,30.665983000022692],[-83.88608600035255,30.666082000181525],[-83.88617699969082,30.666088000117657],[-83.88812300032788,30.666144999878604],[-83.88897500027258,30.666184999677164],[-83.89124599970133,30.666292999900637],[-83.89307400033759,30.66637599970418],[-83.89607200003758,30.66647699994611],[-83.90000299987311,30.66665100032186],[-83.90611999964689,30.666921999976633],[-83.91424599980692,30.667308999842444],[-83.9213409999221,30.667707000303913],[-83.92626500016765,30.66795499987893],[-83.93254900034601,30.668272000022707],[-83.93501999979131,30.668380000231462],[-83.93717999979027,30.668476999808107],[-83.93991899992248,30.668599999625062],[-83.94275099994111,30.66874299981225],[-83.94358799981718,30.668784999745956],[-83.9436589999623,30.66878800001648],[-83.9458199997862,30.668880000025343],[-83.94965899956021,30.669048000185086],[-83.95218599998033,30.66916799978921],[-83.9528110001443,30.669211000139075],[-83.95343600030827,30.669253999697123],[-83.9538530000598,30.669283000106972],[-83.95427200035947,30.66931199973552],[-83.95445999978212,30.669324999805937],[-83.95824400020288,30.669494999615154],[-83.96099900022861,30.669676000274027],[-83.96317299957298,30.669816999997444],[-83.9655460000073,30.669925999845272],[-83.96583600043552,30.66993700019173],[-83.96608599978246,30.669947999764204],[-83.96799899990923,30.670033999750473],[-83.96922300029793,30.670089999682403],[-83.97020699958878,30.670155000266366],[-83.97373999993937,30.670293999656632],[-83.97565499971597,30.6703699996278],[-83.97833299974882,30.670513000285812],[-83.98637000022038,30.670944999647986],[-83.98904900007813,30.67108999984513],[-83.99121900012285,30.671207999615742],[-83.99773000008194,30.671563000184786],[-83.99990099995158,30.67168199995304],[-84.0005799996439,30.671724999956556],[-84.00261699961924,30.671856000226786],[-84.0032960002099,30.671899999953304],[-84.00383299961202,30.67192900034156],[-84.005443999615,30.672016999708035],[-84.00598099991542,30.672046999860047],[-84.0062749996433,30.67206199993261],[-84.00634999998637,30.672066999698668],[-84.0067190000573,30.67208700030581],[-84.00715900027338,30.67211000030355],[-84.00739299972678,30.672122999997452],[-84.00745399982615,30.67212699996238],[-84.00850699961231,30.67218199965626],[-84.01458699957615,30.67250999989171],[-84.01640299961856,30.6725880000241],[-84.01676900021477,30.67261499984719],[-84.01818100002612,30.672725000193264],[-84.01909099969713,30.672763999794206],[-84.02192000024104,30.672891000267594],[-84.0255360004323,30.67309000002266],[-84.02577200043385,30.673103000357397],[-84.03327199970667,30.673433000125314],[-84.03483599985398,30.673536000283285],[-84.03710200015819,30.673648999700113],[-84.03967999973358,30.6737539999628],[-84.03997000016182,30.673764999873367],[-84.04162600037064,30.673831000082956],[-84.04194500021288,30.67384899999181],[-84.04386400018743,30.67396000025701],[-84.04473700004853,30.673985000139023],[-84.046700000404,30.6740879997084],[-84.04679900013821,30.67409099981425],[-84.0468750003062,30.67409499969769],[-84.04932400001017,30.67419700014574],[-84.04936199964501,30.67419700014574],[-84.05017900032792,30.67426200028421],[-84.05059899955418,30.67432999970474],[-84.05095699975446,30.67438600023685],[-84.05160500038299,30.674372000300025],[-84.05211599984582,30.67435999991106],[-84.05386400011616,30.674466999721197],[-84.05688500028067,30.674658000373025],[-84.05720599977272,30.67467799967108],[-84.05779800032475,30.674713000171074],[-84.05875400002652,30.674750999971153],[-84.05888200007303,30.674754000056403],[-84.05907899971653,30.674760000226573],[-84.05917099977803,30.67476199976815],[-84.05926399966445,30.674764999853057],[-84.05929299997678,30.674774999877815],[-84.05939300043421,30.674771999793265],[-84.05952700032852,30.674774000107167],[-84.06166700023601,30.674857000351025],[-84.06370400021133,30.67497200007766],[-84.0645899995929,30.675022000084017],[-84.07086200007569,30.675365000279996],[-84.07273900021748,30.675454999906687],[-84.08375699977225,30.675804000215653],[-84.08402499956085,30.67581499989273],[-84.08410900012476,30.675818999704774],[-84.08446599960182,30.675831999672194],[-84.09266700010491,30.676179999635455],[-84.10479699989541,30.67669500013326],[-84.10769900023425,30.67681900005302],[-84.11024300037278,30.67700099987116],[-84.11156599959736,30.677095999797086],[-84.11278400013826,30.677183000118983],[-84.11563700007329,30.67738699979381],[-84.11571300024127,30.677392000056937],[-84.11819100025757,30.677569000086873],[-84.11847300028988,30.677589000327426],[-84.1185240003435,30.677592000324474],[-84.12489999968504,30.67804800034399],[-84.13101999983188,30.678338000056403],[-84.13104599977115,30.67835899987125],[-84.1312180001986,30.678372000269405],[-84.1323170000155,30.67842599976498],[-84.13322900023468,30.678445000095362],[-84.13381400021568,30.678471000094152],[-84.13496699956094,30.678529000006815],[-84.13673699957258,30.678612000114278],[-84.1384770003453,30.678698999843142],[-84.14095899966125,30.67881599986115],[-84.14380699957341,30.678951000240705],[-84.1482849997551,30.679168000335096],[-84.15113900041337,30.679303000222554],[-84.15473799998787,30.67948299977898],[-84.15498200038536,30.679490999871692],[-84.15521099981588,30.67949800024195],[-84.17532299982635,30.680461999921665],[-84.18714999966815,30.681029000163605],[-84.19141699996267,30.681233999916763],[-84.19468199962633,30.68139099963695],[-84.202345999829,30.68177199974681],[-84.21134599967503,30.682226999650343],[-84.21686699959716,30.682496000264198],[-84.22335599981493,30.68281999994545],[-84.2239319995751,30.68284600031151],[-84.25035700007625,30.684133000023465],[-84.25411899985737,30.68426099989852],[-84.25442799965387,30.68430599982637],[-84.26850699955615,30.68484799974751],[-84.28091400025438,30.685243999693455],[-84.28120999963208,30.68525999969618],[-84.28227500001212,30.68530999978407],[-84.28255899969423,30.68533400015695],[-84.28803699995865,30.685536000291016],[-84.30007600041087,30.686027999797723],[-84.30009300012931,30.686027999797723],[-84.30038600003226,30.686040999935937],[-84.30279200007855,30.686141999702514],[-84.30284099958403,30.686143999780928],[-84.3047179997258,30.68622199971797],[-84.31370300040152,30.686594999803322],[-84.31537100030592,30.686684999780027],[-84.31740200043346,30.686795000324338],[-84.33400899968245,30.687660999838887],[-84.33404600039067,30.687662999885877],[-84.34463999962294,30.68821299964512],[-84.34479699998177,30.688220999787042],[-84.35195499984614,30.688597000302277],[-84.35324299980894,30.688664999672035],[-84.35404899972288,30.68870599981423],[-84.35545300003663,30.688779999951347],[-84.357561999982,30.688889000029143],[-84.35982099971517,30.68900499966494],[-84.35986699974593,30.689006999684086],[-84.36727999987842,30.689395999914574],[-84.36952500026622,30.689513999722283],[-84.37489399985238,30.689793000134202],[-84.37846999986067,30.689917000230107],[-84.37853099996005,30.68991999984423],[-84.38070500020271,30.689993000210205],[-84.38074899968532,30.689995000208878],[-84.38076700012701,30.68999100021148],[-84.3809219999377,30.690001000204628],[-84.38094500040224,30.690001000204628],[-84.38100599960329,30.690003999816113],[-84.38177899990526,30.69003100017781],[-84.38410100028597,30.690111999672563],[-84.38487500041285,30.69013900000405],[-84.38631800018634,30.690188999882658],[-84.38633800027785,30.690190000266224],[-84.38826399992509,30.690256999676063],[-84.39084599969846,30.690347999710887],[-84.39843100025841,30.69061300013004],[-84.40181999977062,30.69073200037307],[-84.40299700030366,30.69077299963738],[-84.40652599955796,30.690897000019472],[-84.407703000091,30.69093900036197],[-84.40799599999396,30.690949000256897],[-84.40921899965943,30.690990999804256],[-84.41376799998625,30.69114999985646],[-84.41488699989463,30.691190000115043],[-84.4152850002779,30.691203999931226],[-84.41961799979632,30.691354999751038],[-84.4207069995675,30.691394000326035],[-84.43262399982098,30.691649999965772],[-84.43695999971247,30.691743999789804],[-84.4369899998497,30.691745000157262],[-84.4400329997555,30.691810000071733],[-84.448507999895,30.691994000174773],[-84.44925500025771,30.692017000066407],[-84.45232099972975,30.692111999896685],[-84.45250599967767,30.692117999760836],[-84.45359199997411,30.69215100016584],[-84.45738399989246,30.692268000106356],[-84.45864799956581,30.692307000312468],[-84.45908100010917,30.69232000037766],[-84.46021799956092,30.69235499989089],[-84.46492900026944,30.6924999996151],[-84.46650000008945,30.692549000229153],[-84.46663499980868,30.692553000120572],[-84.46703900003972,30.692564999793724],[-84.46717499958385,30.69257000004333],[-84.46723900005624,30.692571999988605],[-84.46862099973036,30.69261400037479],[-84.47296199964472,30.692747999645455],[-84.47440899961619,30.69279300025232],[-84.47635400042833,30.692930999922723],[-84.48219199964453,30.693345000067485],[-84.48282500020444,30.69338999962361],[-84.4841390001065,30.693480000217786],[-84.48428300004655,30.693544999736417],[-84.48465799996528,30.693568000030975],[-84.48688400008649,30.693715000172],[-84.49469600042717,30.69423300009844],[-84.4969600001832,30.69438399981462],[-84.49730099976675,30.6944080002491],[-84.49830699969723,30.694476000160275],[-84.49991500022549,30.694588999793076],[-84.50132700003684,30.694664999957034],[-84.50191299984276,30.694696999926855],[-84.50233700016528,30.6947250000849],[-84.50255100042554,30.694735000360033],[-84.50301599985762,30.694762000170872],[-84.5031969996076,30.694771999669744],[-84.5034150000658,30.694787000074804],[-84.50566499957813,30.694910999935146],[-84.51242499995756,30.69528499999437],[-84.51467899966788,30.695410000316826],[-84.51472100039899,30.69541299976024],[-84.51475400001094,30.69541299976024],[-84.5169190000328,30.695532000265377],[-84.52364400025213,30.695904000359324],[-84.52586299980234,30.696027000006424],[-84.5258879999167,30.6960280003295],[-84.52687899977856,30.69608300031511],[-84.52985200026251,30.696249999952947],[-84.53084300012438,30.696306999679884],[-84.5310130000037,30.696328999768784],[-84.53152500018977,30.69639600032459],[-84.531695999894,30.69641899993981],[-84.53184900005486,30.696434000088885],[-84.53229000009583,30.696466000244605],[-84.5324640001731,30.696503999981328],[-84.53258100034898,30.69655600028787],[-84.53274299983237,30.69653100006969],[-84.53279700025905,30.696522999844017],[-84.53324900017066,30.69649899993547],[-84.53390399957355,30.696512999754106],[-84.53459700040791,30.69655600028787],[-84.53502800040313,30.696563000193297],[-84.53593899989907,30.696631999675382],[-84.5367799999731,30.696695000301258],[-84.53700599992894,30.69668799963301],[-84.53733900001485,30.696710999950977],[-84.53747100025933,30.69673299994782],[-84.53774700044384,30.696778000241665],[-84.537990999943,30.696783000272994],[-84.53815699962436,30.69674600018934],[-84.53819799963225,30.696727999913843],[-84.53840299967166,30.696717999845205],[-84.53869099955175,30.69671599998583],[-84.53886800000207,30.696719999704495],[-84.53907700023943,30.6967249997389],[-84.53926899986006,30.69676600031981],[-84.539341999655,30.696773000210005],[-84.53937000014241,30.696775000068197],[-84.54165399998995,30.696898999691754],[-84.54314699999216,30.6969820002291],[-84.54331100002366,30.696990999957364],[-84.54851300010357,30.69723500033773],[-84.55080100014908,30.697344999674346],[-84.55405800031512,30.697495999928826],[-84.56383899996075,30.69795500032083],[-84.56707600003533,30.698106999922388],[-84.56710000032479,30.698108999752872],[-84.56713899978453,30.698111999884865],[-84.56759900009206,30.69813300003348],[-84.56908899972122,30.698203000238433],[-84.56944100007372,30.69822100023882],[-84.5695869996636,30.698226999723225],[-84.57183899972408,30.698332000295594],[-84.57521300006601,30.698490999841326],[-84.57859499990555,30.698640000028053],[-84.58076400012536,30.698735999813938],[-84.58084799979095,30.69874000022133],[-84.58087399973023,30.698740999743833],[-84.58167200014657,30.698776000018363],[-84.58414400031506,30.698884999622333],[-84.58496899959728,30.698922999951403],[-84.58512799960593,30.69892999968514],[-84.58652400042209,30.69899000025121],[-84.59119099985138,30.699196000005355],[-84.59274400012802,30.69926399963271],[-84.5938689998842,30.69931200038584],[-84.59723800020328,30.699461000077303],[-84.59836100030961,30.69951200004846],[-84.5984449999752,30.699513000335415],[-84.59920800023146,30.699545999756825],[-84.60175200036998,30.699658000119786],[-84.60258800042116,30.699696999657068],[-84.60260400031468,30.699688999693855],[-84.60333200041083,30.699729999787934],[-84.60471400008494,30.699791999652216],[-84.605519000174,30.699833999986147],[-84.60624899991996,30.699871999941518],[-84.60627599968413,30.699870000147495],[-84.6063579996999,30.699865999786958],[-84.6063860001873,30.69986500027611],[-84.60644100043888,30.699868000353433],[-84.6079560001824,30.699947999807307],[-84.61266699999263,30.700200999864283],[-84.61420799967539,30.700283999878963],[-84.61423899963752,30.70028599966441],[-84.6164329999717,30.700399999723942],[-84.62301599990082,30.700741999866995],[-84.62491399995896,30.700840999926125],[-84.62521100005989,30.700859000206812],[-84.62542399959689,30.700870000119274],[-84.62869400018177,30.701058000254324],[-84.63779100011217,30.70158399996802],[-84.63914799967193,30.701661999787138],[-84.64263400016688,30.701865000001217],[-84.64275800001543,30.701869999769016],[-84.64281599974174,30.70187400004649],[-84.64313299993415,30.70189299962434],[-84.64324300043731,30.701901000177255],[-84.6434250000122,30.701913000232924],[-84.64346500019518,30.701916000246623],[-84.64375800009813,30.701934000326784],[-84.6441149995752,30.701951999631227],[-84.64433200020848,30.70196399968056],[-84.64595999992989,30.702037999694404],[-84.65084800019045,30.70226499991519],[-84.6523319999718,30.702333999954675],[-84.65247799956168,30.70234100021341],[-84.6526130001792,30.70234700021407],[-84.65301800023516,30.70236500021387],[-84.65315299995437,30.702371999697938],[-84.65334499957498,30.702380000211082],[-84.65368500023193,30.702398000204727],[-84.6539220000584,30.70240799968476],[-84.65411500040226,30.70241699967939],[-84.6552529996789,30.702467999633],[-84.65867100040175,30.702622999841545],[-84.65981200005146,30.702674999940488],[-84.66079799989046,30.70271900029934],[-84.66375499958257,30.702854999947586],[-84.66474799999258,30.702900999955606],[-84.66493499959032,30.70290899965253],[-84.66497099957533,30.70290899965253],[-84.66566500023461,30.70294099997832],[-84.66585100000744,30.702948999671936],[-84.6658839996194,30.70294999992319],[-84.66589600021327,30.702951000174497],[-84.66653399989774,30.702979999733483],[-84.66845000039756,30.703068000153003],[-84.66908899990693,30.703097999926552],[-84.66923299984697,30.703102999630474],[-84.67036500017414,30.703153999993894],[-84.67419399990244,30.703326999693115],[-84.67547099999459,30.703386000367892],[-84.67580400008052,30.703401000206366],[-84.6768040001632,30.70344599970796],[-84.67707799979961,30.703458999817524],[-84.67712399983036,30.703454000132048],[-84.67713600042423,30.703461999783123],[-84.67820099990597,30.70351199971135],[-84.68139000029996,30.70365699966555],[-84.68245399995676,30.70370600002161],[-84.68257699998041,30.703711999937386],[-84.68651600021187,30.703891000085545],[-84.68669299976388,30.703898000231295],[-84.68795800016044,30.703950999883972],[-84.69500300004691,30.70424600021673],[-84.69941299955823,30.704429999781684],[-84.7036539999135,30.70460799990836],[-84.70419299986375,30.704629999649566],[-84.70721200037843,30.704755999685545],[-84.71789199982443,30.705201999655667],[-84.72145299976411,30.7053510002928],[-84.72160099990211,30.705355999879973],[-84.72219400027903,30.705379999902814],[-84.72441700002722,30.70547300003147],[-84.72513599990252,30.705504000054443],[-84.72516100001688,30.705505000279263],[-84.7280359996932,30.705625000148455],[-84.73500500031001,30.705915999887225],[-84.73666900001643,30.705984999632836],[-84.73954299986785,30.70610899977924],[-84.73956399978424,30.706108000333057],[-84.73969799967857,30.706112999880954],[-84.74013500041987,30.706130999950553],[-84.74190200005847,30.706204999857896],[-84.74249200006236,30.706229999886837],[-84.74369700018448,30.7062789997085],[-84.74731500002557,30.70642999988512],[-84.7485219997975,30.70648299969156],[-84.74886999995203,30.70649600016428],[-84.74945400010814,30.706493000292976],[-84.7499169998904,30.706490999863863],[-84.75225599998954,30.70660599975684],[-84.75318999995,30.706652000293595],[-84.75330100027809,30.706656999813298],[-84.7541540000477,30.706699000248413],[-84.75479500010519,30.706729999877428],[-84.75524600019192,30.706751999907134],[-84.75685399982184,30.706830999621193],[-84.760102999592,30.706991000046482],[-84.76141400001931,30.707055000296776],[-84.76347100008614,30.707155999700227],[-84.76415399997643,30.707188000162155],[-84.76620600002039,30.707287999992456],[-84.7668899997356,30.70732200005013],[-84.76692200042096,30.70732300025612],[-84.76699500021589,30.707326000101546],[-84.76791599975756,30.707372000294978],[-84.77099899984637,30.707523000305486],[-84.77202700041649,30.70757500008052],[-84.77234200006075,30.707591000243287],[-84.77562500016607,30.707744999743458],[-84.78642500016097,30.708252000207647],[-84.78986800009987,30.708414000210094],[-84.78998100007777,30.70841800021624],[-84.7900249995604,30.708419999833094],[-84.79006599956828,30.708422999644423],[-84.79648299981602,30.70874799976649],[-84.8011409999228,30.708986000178477],[-84.80117500025798,30.70898799978356],[-84.80253799966553,30.70905799983694],[-84.81067700024435,30.70947299971707],[-84.8158550000348,30.709713999656156],[-84.82185399980781,30.7099939997746],[-84.82231599976517,30.710014000248428],[-84.82269099968389,30.710023999711503],[-84.82280399966179,30.710028999828793],[-84.82329599975638,30.71004699994001],[-84.82382700020905,30.71006600022533],[-84.82400499958595,30.710072999923025],[-84.82420899980048,30.71008400032962],[-84.82427800029575,30.710084999734605],[-84.82449099983275,30.710094999962614],[-84.82456199997786,30.710098999899106],[-84.82463800014585,30.710101000253392],[-84.82486800029963,30.71010900012565],[-84.82488900021602,30.71010900012565],[-84.8249429997444,30.71011199988445],[-84.8251550003548,30.710119999755797],[-84.8252880004242,30.710126000045022],[-84.82938900013905,30.71034200016815],[-84.83056599977377,30.71040400016417],[-84.83632199987251,30.71070800006632],[-84.84272999989942,30.710968000116786],[-84.84366800005786,30.71100600032091],[-84.84713100008824,30.711148000097662],[-84.84718100031697,30.71115300015669],[-84.84889100005415,30.71122099985254],[-84.8491060001393,30.711219000293752],[-84.85488599962919,30.711188999956175],[-84.85539899964017,30.711186999624438],[-84.85681499964949,30.711236000017493],[-84.85685900003043,30.711238000348278],[-84.8568719995509,30.711236000017493],[-84.85689699966527,30.71122999979731],[-84.85691299955877,30.711238999741305],[-84.85736600019362,30.71125500006866],[-84.85844499991904,30.71129700004646],[-84.86155499977203,30.711418999988712],[-84.86346500042406,30.71149399986396],[-84.86347700011962,30.71149399986396],[-84.86369700022765,30.711501999620683],[-84.86380199980965,30.711506999661363],[-84.86412700039797,30.71152000022928],[-84.86441000025518,30.711530999698518],[-84.86444299986714,30.711531999860856],[-84.86453699957846,30.711535999737695],[-84.8646930001124,30.711541999938845],[-84.86470499980796,30.711567000129318],[-84.86472400007453,30.711606999648232],[-84.86474199961789,30.71164500037294],[-84.86475500003668,30.711670999925285],[-84.86548399995773,30.71319100000867],[-84.8654899998055,30.71320200005968],[-84.86662700015556,30.71583399978666],[-84.86755000024537,30.717807000226088],[-84.86815100011992,30.719092000006864],[-84.8682840001893,30.719324999970866],[-84.86845599971844,30.71962800024861],[-84.86871600000943,30.720083000075093],[-84.8689749995772,30.720537000002363],[-84.86914899965448,30.720840999626198],[-84.86928699974675,30.721082999794884],[-84.86970100002353,30.72180899974534],[-84.86975200007716,30.721896999976266],[-84.86986500005506,30.722033999666994],[-84.87070000028132,30.723039000216815],[-84.8713179998743,30.72378299997474],[-84.87349999961458,30.725775000204887],[-84.87368200008778,30.72594100016791],[-84.87447600030616,30.726645999714542],[-84.87456400016971,30.72672400011649],[-84.874698000064,30.72684299983598],[-84.8748310001334,30.726961000178484],[-84.87492099964678,30.727040000327023],[-84.87533300027374,30.727412000156324],[-84.87542100013728,30.72749099993523],[-84.87602100018691,30.727791000050345],[-84.87676600000148,30.728255999850752],[-84.87682100025306,30.728291000226527],[-84.8771209998287,30.72839099979606],[-84.8772670003169,30.72848800007478],[-84.87772099987833,30.728791000125607],[-84.87812099991143,30.729091000055547],[-84.87868900017399,30.729470000297482],[-84.87872099996105,30.729490999796656],[-84.87952100002722,30.729891000194254],[-84.8800209996194,30.73019099978913],[-84.88062099966903,30.730490999994597],[-84.8813210001761,30.73079100003844],[-84.88182099976828,30.731190999673853],[-84.88252100027533,30.73169099997218],[-84.8830889996396,30.7321639998481],[-84.88312100032496,30.732190999993023],[-84.88382099993369,30.732590999995153],[-84.88422099996677,30.73309099997955],[-84.8843289999218,30.73330699962137],[-84.88452100044074,30.733690999934073],[-84.88492099957551,30.734391000307106],[-84.88522100004948,30.73499099988897],[-84.88548600036333,30.73569800023823],[-84.88552099962514,30.73579099969718],[-84.88572099964166,30.73669100003584],[-84.88592099965821,30.737490999628356],[-84.88622100013218,30.73839100030281],[-84.88642100014873,30.739090999733662],[-84.88662100016526,30.7399910001324],[-84.8868210001818,30.74049100032424],[-84.88712099975746,30.74109099975429],[-84.88752199961546,30.741790999642433],[-84.88792199964853,30.74229099975736],[-84.88849800030702,30.74296399998403],[-84.88852199969814,30.742991000190965],[-84.88882200017211,30.743391000140335],[-84.88942200022174,30.743790999972926],[-84.88982200025484,30.74419099968865],[-84.89042200030445,30.744690999699724],[-84.89047099980993,30.74472399987476],[-84.89102200035408,30.745091000310573],[-84.89142200038717,30.745591000282335],[-84.89162400005353,30.74579300008458],[-84.89202200043678,30.746191000373905],[-84.89242199957157,30.746591000159995],[-84.89292200006206,30.747191000198704],[-84.89342199965425,30.747691000077886],[-84.89372200012822,30.74799099984035],[-84.89422199972043,30.74839099987146],[-84.8945220001944,30.748790999785335],[-84.89496999990806,30.74916400034085],[-84.89512200024402,30.749290999850594],[-84.89532200026055,30.749391000015322],[-84.89542199981967,30.74949100007626],[-84.89562199983621,30.74969099988664],[-84.89617099983222,30.750190999911467],[-84.89616699963426,30.750225000279016],[-84.89616099978646,30.750277999942444],[-84.89615400011377,30.750329000057185],[-84.89614999991582,30.750364000135463],[-84.89612200032671,30.75059100006952],[-84.89613300019737,30.75059899966974],[-84.8965220003598,30.750891000062754],[-84.89674400011765,30.750985999801443],[-84.89696800042364,30.751081999970395],[-84.89722199996854,30.75119099989345],[-84.89762200000162,30.751391000033433],[-84.89793400017115,30.751468999705164],[-84.8980220000347,30.751491000333626],[-84.89912199967651,30.751690999850492],[-84.90022200021666,30.751890999723997],[-84.9005219997923,30.751890999723997],[-84.90103399997838,30.751890999723997],[-84.90112199984193,30.751890999723997],[-84.9019219999081,30.751890999723997],[-84.90208000009183,30.751877999968734],[-84.90240700033,30.751850000192928],[-84.90312200000734,30.75179099983917],[-84.90336899987955,30.75168799984151],[-84.90367299965315,30.75156200015179],[-84.90432200010659,30.751290999629322],[-84.90457099962862,30.75119099989345],[-84.90532200018929,30.750891000062754],[-84.90632200027201,30.75059100006952],[-84.9073220003547,30.75059100006952],[-84.9073850001039,30.75060199971264],[-84.90823899969843,30.7507569997438],[-84.9083419996306,30.75077599972545],[-84.90842199999653,30.750790999911523],[-84.90922200006268,30.750891000062754],[-84.9099350000902,30.75106900010592],[-84.91002200012885,30.751091000053748],[-84.91112199977067,30.75119099989345],[-84.91242200032734,30.751690999850492],[-84.91352199996916,30.75229099976891],[-84.91402199956134,30.752991000095445],[-84.91409799972934,30.753143000177683],[-84.9142219995779,30.75339100020309],[-84.91432200003533,30.753590999633786],[-84.91442199959444,30.753891000316923],[-84.91452200005187,30.75469099988509],[-84.91452200005187,30.755191000196277],[-84.91452200005187,30.75545099991873],[-84.91452200005187,30.756190999977097],[-84.91452200005187,30.757090999622946],[-84.91452200005187,30.757731000308212],[-84.91452200005187,30.757790999792462],[-84.91452200005187,30.75849100027617],[-84.91452399970169,30.758503999910584],[-84.91453299992253,30.758546999817067],[-84.91453600029558,30.758560999890236],[-84.9146070004407,30.758919999636348],[-84.91472200006841,30.75949099974728],[-84.9148340002214,30.759997000105628],[-84.91491399968903,30.760355000244672],[-84.91492200008496,30.760391000193582],[-84.91493799997848,30.760521000068657],[-84.91500099972767,30.76102300027786],[-84.91502199964407,30.76119099978783],[-84.91548000030178,30.761590999793544],[-84.91685600012812,30.762794000307583],[-84.91731499971243,30.763195000225597],[-84.91733599962883,30.76321299967069],[-84.91740099992616,30.763269999949745],[-84.91742299966747,30.763290000175058],[-84.91788799999787,30.76375499999702],[-84.9189230002407,30.76478999982776],[-84.91930099963415,30.765134000007738],[-84.91978900042908,30.7655769996917],[-84.91993699966878,30.765711999825957],[-84.92002299988249,30.765790000246113],[-84.92012300033994,30.765990000163598],[-84.92012300033994,30.76625300037968],[-84.92012300033994,30.766455000063544],[-84.92012300033994,30.766489999682893],[-84.91985899985097,30.76721499985217],[-84.91932300027376,30.768690000052686],[-84.9189950002107,30.7694749997778],[-84.91882299978325,30.7698899996162],[-84.91868600041423,30.77022000017251],[-84.91853200042844,30.770586000364002],[-84.91832300019107,30.77108999965265],[-84.91813700041821,30.771709000329487],[-84.9180229997171,30.772090000215222],[-84.91794400007437,30.772563000060888],[-84.91782299970056,30.77328999982998],[-84.91771800011857,30.77398599991165],[-84.91764699997346,30.774461999769795],[-84.91760400031573,30.774746999931146],[-84.91752300012489,30.775289999632463],[-84.91747500044433,30.775603999746995],[-84.9174319998883,30.775889999878835],[-84.91753399999556,30.77626999992606],[-84.91768700015643,30.776842000010507],[-84.91784000031731,30.77741300030272],[-84.91794200042456,30.77779500022946],[-84.9180229997171,30.77808999989653],[-84.918143000266,30.778276000200066],[-84.91855800036771,30.778922000344586],[-84.9189230002407,30.779489999953196],[-84.91901899960185,30.77959399975739],[-84.91937599997722,30.779983999758258],[-84.92002299988249,30.78068999988153],[-84.92036299964113,30.781158000380145],[-84.92045399987772,30.7812820002692],[-84.92082299994867,30.78178999991332],[-84.92212299960701,30.783890000330988],[-84.92312299968974,30.785190000175547],[-84.92330400033802,30.785470000133476],[-84.92422300022986,30.78688999999267],[-84.9247189996241,30.78752799977314],[-84.92562300034565,30.788690000090572],[-84.92618599968704,30.789458999767046],[-84.92666500026117,30.790111000364973],[-84.92667600013179,30.790125999822493],[-84.92671100029192,30.79017400007727],[-84.92672299998748,30.790189999642372],[-84.92734300012857,30.791205000037657],[-84.9278229996293,30.791989999700988],[-84.9283230001198,30.793090000124508],[-84.92867200009925,30.794486999991296],[-84.92872300015289,30.794689999880106],[-84.9289149997735,30.79565199972805],[-84.92893200039025,30.79568700029986],[-84.92894099971278,30.795726999614853],[-84.92894800028378,30.79580200021486],[-84.92895300030665,30.795841000195054],[-84.92898199972065,30.79598700015847],[-84.92902299972855,30.79618999996644],[-84.92902299972855,30.796430999805274],[-84.92902299972855,30.796580999848196],[-84.92902299972855,30.796820000153126],[-84.92902299972855,30.797290000175455],[-84.92899799961418,30.79753599977658],[-84.92897400022304,30.797773999983455],[-84.92896300035238,30.79787700003946],[-84.92893200039025,30.798186000316814],[-84.92892300016942,30.798289999964478],[-84.92875400011502,30.798906999930278],[-84.92862299969545,30.799390000062388],[-84.92827799991396,30.80076800005832],[-84.92812300010327,30.80139000032558],[-84.92801099995026,30.802167000210705],[-84.92792300008672,30.802789999897808],[-84.92792300008672,30.80369000037205],[-84.92814999986744,30.804486000358672],[-84.9283230001198,30.80508999961671],[-84.92837699964817,30.805239000073694],[-84.92868399979481,30.806083000372823],[-84.92872300015289,30.806189999815416],[-84.92912300018597,30.807190000361885],[-84.92962299977818,30.807988999700356],[-84.92986200015277,30.80849900005595],[-84.9300339996819,30.80886600031766],[-84.9301390001622,30.809089999809505],[-84.93024399974419,30.80931400032218],[-84.93032300028521,30.8094889997807],[-84.93077799967156,30.810247999862387],[-84.93092300033483,30.81048899994035],[-84.93162299994357,30.811488999721348],[-84.93232299955231,30.812488999894633],[-84.93264999979046,30.812879999815024],[-84.93282399986774,30.813089000248507],[-84.93339399978011,30.813658999890976],[-84.93345200040477,30.813717000236156],[-84.93351000013106,30.813774999774875],[-84.93402399996698,30.81428899974322],[-84.93494200003393,30.815665999936265],[-84.93522400006623,30.81608899980905],[-84.9361239996915,30.817288999629156],[-84.93619499983662,30.817409999700903],[-84.93682400019856,30.81848899988645],[-84.93722400023164,30.819688999808537],[-84.93742400024819,30.820889000165955],[-84.93742400024819,30.820931000157625],[-84.93742400024819,30.82218900028267],[-84.93737800021741,30.822646999979288],[-84.93732399979075,30.82318900014668],[-84.93729600020166,30.82375900002265],[-84.93726000021665,30.824468000382847],[-84.93722400023164,30.825189000261314],[-84.93709600018511,30.82582500010437],[-84.93692399975767,30.826689000201444],[-84.93670000035,30.827729999861234],[-84.93662400018201,30.82808899983044],[-84.93656300008264,30.828365000123114],[-84.93655999970959,30.82837600012949],[-84.93655200021198,30.828409000141125],[-84.93654999966384,30.828420999862058],[-84.93652399972457,30.82853399973176],[-84.93648699991466,30.82870500001889],[-84.93644900027982,30.82887500028664],[-84.93642400016547,30.828989000106994],[-84.93638800018046,30.829238000218268],[-84.9363349995787,30.829612000184873],[-84.93628100005033,30.82998499976256],[-84.93624599989023,30.830235000076666],[-84.93622400014894,30.830389000137416],[-84.93621900012606,30.830456999704964],[-84.93617100044547,30.831128000137348],[-84.93615600037687,30.83135200016402],[-84.93615399982872,30.831369000275572],[-84.93614899980585,30.83143800037976],[-84.93614399978298,30.83150800012176],[-84.9361239996915,30.83178899980665],[-84.93609399955426,30.832010999697953],[-84.93592399967494,30.833288999990298],[-84.93582400011584,30.833788999727805],[-84.93574499957481,30.83396100034363],[-84.93570299974202,30.834053999705127],[-84.93558700028937,30.834309999713224],[-84.93547099993843,30.834565000154306],[-84.93537800005201,30.834768999865176],[-84.93532399962533,30.834888999855483],[-84.93506400023264,30.835364000080485],[-84.93495700010251,30.835560999805637],[-84.93493000033834,30.8356160003302],[-84.93481499981232,30.835850999832164],[-84.9347239995757,30.835988999717944],[-84.93442400000005,30.83638900018853],[-84.93382399995042,30.83698900008257],[-84.93321899987795,30.837395999938714],[-84.93292400032514,30.837589000082158],[-84.93232400027553,30.83808899978744],[-84.93224700028264,30.838165999718804],[-84.93213799960438,30.83829600011391],[-84.93204100041831,30.838304999749084],[-84.93149599972196,30.838376999885355],[-84.93071099972441,30.838440999961154],[-84.92987999969611,30.83864600030226],[-84.9297960000305,30.838654999904612],[-84.92968800007549,30.838678000255797],[-84.92909899989651,30.83875099972422],[-84.9283790001963,30.838788999626306],[-84.92792499973655,30.838835999869985],[-84.92747299982491,30.838926999915344],[-84.92729700009781,30.838956000174445],[-84.9270839996625,30.83902399984331],[-84.92695599961597,30.839192000361173],[-84.92624099993863,30.83995799967434],[-84.92602500002856,30.84054300032527],[-84.92591399970047,30.840934000166783],[-84.9257959996997,30.841521999787286],[-84.92566500017844,30.842684999967236],[-84.9257179998819,30.843609999734923],[-84.92572700010273,30.843695000204264],[-84.92572299990478,30.843788999719116],[-84.92574800001913,30.84385100015282],[-84.92577700033144,30.843922999984205],[-84.92592399974623,30.844289000284167],[-84.92612399976275,30.84488900014508],[-84.9263239997793,30.84538900037645],[-84.9268240002698,30.846388999963217],[-84.92740300040303,30.847257999984873],[-84.92742400031943,30.84728899985711],[-84.92767000036673,30.847659000046633],[-84.92782400035252,30.84788900023723],[-84.92852399996124,30.8484889999497],[-84.92872200032797,30.848636999887848],[-84.92892399999434,30.848788999941082],[-84.92912400001089,30.84890300001574],[-84.92962399960307,30.84918900026971],[-84.93036799959275,30.84963499978386],[-84.93062399968578,30.849789000334564],[-84.93145700026223,30.850371999904212],[-84.93162399976849,30.85048899965154],[-84.93179100017305,30.85056299964874],[-84.93252400029208,30.850888000346682],[-84.9332239999008,30.851487999810015],[-84.93372400039132,30.852088000147386],[-84.93377000042207,30.852202999629156],[-84.93392400040787,30.85258799987501],[-84.93442400000005,30.853488000219855],[-84.93475000041329,30.854194000096022],[-84.93502400004967,30.85478799994653],[-84.93552399964187,30.855788000262255],[-84.93577499971204,30.856290999810213],[-84.9361239996915,30.85698799967842],[-84.93645000010473,30.85788499982416],[-84.93652399972457,30.85808799989728],[-84.93659099967174,30.858690000166646],[-84.93662400018201,30.858988000295213],[-84.93644400025696,30.859707999775445],[-84.93642400016547,30.85978799981235],[-84.9359759995535,30.860593000372905],[-84.93592399967494,30.860687999677083],[-84.93532500034856,30.861287000143342],[-84.93522400006623,30.861387999643426],[-84.9350320004456,30.86148299970221],[-84.9346240000166,30.861688000157624],[-84.93406599979977,30.861948000255264],[-84.93397100026353,30.86199299966672],[-84.93375600017838,30.862124999669216],[-84.93352400037477,30.862287999912233],[-84.93308099978569,30.86255299982939],[-84.93302399988427,30.86258799992376],[-84.93252400029208,30.863188000215054],[-84.93232400027553,30.86378799983585],[-84.93232400027553,30.863988000160216],[-84.93232400027553,30.864288000249914],[-84.93251000004838,30.864659999859413],[-84.93252400029208,30.864687999937434],[-84.93279399973049,30.865406999690386],[-84.93282399986774,30.865487999703188],[-84.93282999971551,30.865497999976068],[-84.93293699984564,30.865640000037455],[-84.9330549998464,30.86579599976467],[-84.9331240003417,30.865887999781343],[-84.93332400035824,30.866088000351187],[-84.93352299965156,30.86621200010942],[-84.93375700000327,30.866359000361204],[-84.93390599996619,30.866451999932004],[-84.93407800039364,30.86655899994838],[-84.93412400042439,30.8665880003358],[-84.9344759998786,30.866890000179783],[-84.93482400003315,30.867188000267625],[-84.9356240000993,30.867687999912235],[-84.93632399970804,30.86828799989854],[-84.93656399990755,30.868567999737756],[-84.93657099958024,30.868576000316],[-84.93692399975767,30.868987999890685],[-84.93714800006366,30.86925000036846],[-84.93726100004156,30.869381000338826],[-84.93752399980728,30.8696880001682],[-84.93761400021897,30.86976300005999],[-84.93774800011327,30.869874999758242],[-84.93812399985691,30.870187999880187],[-84.938375999752,30.870404000040796],[-84.93871800005876,30.870696999748326],[-84.93882400036397,30.870787999638384],[-84.93932399995616,30.871487999877925],[-84.93962400043013,30.87208799997934],[-84.93982400044668,30.87258800027872],[-84.93982400044668,30.87308800028262],[-84.93982400044668,30.873687999619623],[-84.93966299988986,30.874167999777022],[-84.93962400043013,30.87428799982631],[-84.93942400041358,30.874588000062936],[-84.93922400039705,30.87488800013145],[-84.93895900008317,30.875152999911943],[-84.93892399992308,30.875188000031812],[-84.93877900015812,30.875403999717815],[-84.93872399990653,30.875487999764037],[-84.93866399963207,30.87558799972306],[-84.93842400033088,30.87598800005763],[-84.93835599966049,30.87605799967469],[-84.93832899989631,30.87608700027205],[-84.93831700020075,30.876102000178754],[-84.93818499995628,30.87625499986442],[-84.93815900001701,30.876285999614755],[-84.93810899978828,30.876345999874104],[-84.93782400028125,30.8766880000949],[-84.93732399979075,30.877387999644608],[-84.93690000036653,30.87781099962311],[-84.93676399992408,30.877948000074287],[-84.93672399974112,30.87798799981448],[-84.93602400013239,30.87878800036446],[-84.93582400011584,30.87908799961965],[-84.93552399964187,30.879579000015433],[-84.93502400004967,30.880288000353595],[-84.93492399959226,30.880588000308865],[-84.93452399955918,30.88128799989217],[-84.93432400044095,30.881888000310354],[-84.93422399998352,30.88218799988129],[-84.93422399998352,30.88228799978647],[-84.93412400042439,30.882488000054657],[-84.93421200028794,30.882839999944274],[-84.93422399998352,30.882888000109343],[-84.9342640001665,30.883028999925223],[-84.93442400000005,30.883587999848313],[-84.9347239995757,30.88408800027482],[-84.93490000020114,30.884527999909906],[-84.93492399959226,30.88458799963342],[-84.93502400004967,30.884787999725468],[-84.93512100013406,30.884787999725468],[-84.9351660003399,30.884787999725468],[-84.93522400006623,30.884787999725468],[-84.93672499956604,30.885888000091242],[-84.93729500037674,30.886266999875396],[-84.93732499961567,30.886287999825683],[-84.93783199977887,30.886603999953557],[-84.93812499968182,30.886788000035693],[-84.93912499976453,30.887087999679807],[-84.93937199963673,30.88716399970769],[-84.94028600040401,30.887444999774203],[-84.9404250003212,30.887487999799426],[-84.94132499994647,30.88768800000373],[-84.94192499999609,30.887987999912607],[-84.94252500004572,30.888487999728344],[-84.94271900021448,30.888778000059833],[-84.94301999961505,30.889194000086633],[-84.94331400024123,30.88959999977891],[-84.94352500012843,30.889888000127325],[-84.94432500019458,30.891087999708827],[-84.94512500026076,30.89218800018484],[-84.94592500032692,30.89318800037534],[-84.9464249999191,30.89388699980619],[-84.94712500042617,30.894486999932706],[-84.94802500005144,30.89538700001098],[-84.94862500010107,30.89618700017345],[-84.94962500018377,30.897387000217776],[-84.95011599955514,30.89820599998022],[-84.95022500023339,30.898387000071367],[-84.95092499984214,30.899486999948444],[-84.95142500033263,30.900487000221037],[-84.9514799996859,30.900611999906022],[-84.95183500041148,30.90140299969688],[-84.95232499995792,30.90228700013302],[-84.95272300034118,30.90268799968676],[-84.9532249995832,30.903487000026814],[-84.95377399957921,30.904126999728348],[-84.95382499963281,30.904187000275858],[-84.95398600018962,30.904444000037213],[-84.95432500012332,30.904987000127996],[-84.9546950000192,30.905505000348597],[-84.95482499971553,30.905687000198064],[-84.95506400009013,30.906086000020654],[-84.9551250001895,30.906187000086685],[-84.9555620000325,30.906711000336205],[-84.95562499978169,30.90678700020478],[-84.95582399997333,30.907107999633027],[-84.9561250002722,30.907586999906503],[-84.95628400028085,30.90774599968934],[-84.95639499971062,30.907857000021078],[-84.95672500032181,30.908186999726148],[-84.95677800002527,30.908226999940062],[-84.95752500038799,30.908786999637886],[-84.95755600035012,30.90881799964933],[-84.95822499999672,30.909486999661926],[-84.95882599987127,30.90998699973727],[-84.95962599993743,30.910586999924636],[-84.9597720004256,30.91073300027721],[-84.96022599998706,30.911187000203693],[-84.96048200008009,30.91140699967172],[-84.96092599959579,30.91178699980357],[-84.96116199959732,30.91202300026973],[-84.9614260000863,30.9122870001929],[-84.96222600015246,30.913087000159948],[-84.96302600021862,30.91378700032828],[-84.96316900033376,30.91391200036992],[-84.9638260002848,30.914486999999713],[-84.96385899989674,30.914519999661852],[-84.96442200013645,30.915082999827646],[-84.96492599992659,30.91558699981591],[-84.96582599955188,30.91638699993602],[-84.96616200001085,30.916723000010894],[-84.96672600007548,30.917286999878243],[-84.96707000003207,30.917802999910727],[-84.9673260001251,30.918186999831207],[-84.96792600017473,30.919086999794448],[-84.96809600005405,30.919359999995102],[-84.96842599976692,30.91988699993187],[-84.96863400017938,30.920302999640366],[-84.9688259998,30.920687000314725],[-84.96911700005315,30.92130500031852],[-84.9692330004041,30.921562999864438],[-84.96942599984962,30.92198699996044],[-84.96963799956173,30.92278300016788],[-84.9698259998827,30.923486999826718],[-84.97012600035667,30.924686999735904],[-84.97024000015949,30.925183000283944],[-84.97042599993233,30.92598699972882],[-84.97042599993233,30.92668700028947],[-84.97062599994887,30.92758699964636],[-84.97102599998195,30.92818699964924],[-84.97142600001503,30.92858699987145],[-84.97192599960722,30.928887000288615],[-84.97242600009774,30.92918699976459],[-84.97302600014736,30.92958699965676],[-84.97318900035398,30.929668000101568],[-84.97382600021352,30.929987000187317],[-84.97442600026316,30.93028700006511],[-84.97502600031278,30.93058699977225],[-84.97522600032931,30.93078700008149],[-84.976042000289,30.93104800004858],[-84.97772600008693,30.931587000217473],[-84.97776799991972,30.931596000338878],[-84.97862599971221,30.931786999976122],[-84.9796259997949,30.93228699985425],[-84.98062699970252,30.93268699987757],[-84.98132700020957,30.933186999672404],[-84.98212700027574,30.93368699993458],[-84.98262699986795,30.93428700018796],[-84.98312700035844,30.93478599993984],[-84.98332700037498,30.935186000295353],[-84.98352700039152,30.93548600004161],[-84.98362699995063,30.935985999838163],[-84.98362699995063,30.936486000101695],[-84.98362699995063,30.936986000061587],[-84.98360400038442,30.937054999642715],[-84.98352700039152,30.9372860003233],[-84.98352700039152,30.937686000234986],[-84.98335800033712,30.938192000006154],[-84.98332700037498,30.938286000046272],[-84.98312700035844,30.939085999843332],[-84.98302699990101,30.940285999698045],[-84.98302699990101,30.940886000139756],[-84.98302699990101,30.9410869997922],[-84.98302699990101,30.941985999899124],[-84.98302699990101,30.94258599968507],[-84.98292999981663,30.943066999640124],[-84.98291800012107,30.94312699964886],[-84.98282699988447,30.943685999910745],[-84.98278300040185,30.943879000159793],[-84.98262699986795,30.944586000273873],[-84.98252700030882,30.945385999730348],[-84.98237599979775,30.94613600012059],[-84.98222699983485,30.946886000017503],[-84.9820610001535,30.9474650002384],[-84.98182699980177,30.948285999689322],[-84.98155700036335,30.94920199988149],[-84.98138699958572,30.949780999935978],[-84.98137900008811,30.949823999685634],[-84.98135700034679,30.949884000074356],[-84.98135200032391,30.94989999996624],[-84.98133800008023,30.949943999655027],[-84.98132700020957,30.949986000109504],[-84.98082699971907,30.95138599981379],[-84.98042699968597,30.952385999919102],[-84.98024900030906,30.95274099991968],[-84.9799849998201,30.953269999905753],[-84.97992700009378,30.953386000342622],[-84.97972700007725,30.953986000194554],[-84.97962699961982,30.954685999881224],[-84.9795270000607,30.955585999864976],[-84.9795270000607,30.95658599991651],[-84.9795270000607,30.95778600033381],[-84.97962699961982,30.958986000311636],[-84.97982699963636,30.960185999849042],[-84.98012700011033,30.961286000045764],[-84.9801820003619,30.96143299989386],[-84.98042699968597,30.962085999864062],[-84.98082699971907,30.96278600027394],[-84.98112700019303,30.96338599962253],[-84.98142799959359,30.963818000177746],[-84.98156300021112,30.96404099979411],[-84.98172700024266,30.964286000050247],[-84.98212999975047,30.96494100021085],[-84.98252700030882,30.965585999900405],[-84.98332700037498,30.966385999899053],[-84.98412700044115,30.96708600036917],[-84.9843359997802,30.96720499963833],[-84.98482700004988,30.96748600031442],[-84.98528200033455,30.967692999847607],[-84.98566599957579,30.96786699997875],[-84.98592699969171,30.967985999815077],[-84.98682499966715,30.968382999671906],[-84.9870320002547,30.968474999682513],[-84.98721700020263,30.968542999834366],[-84.98748400016632,30.968622999814976],[-84.98750699973255,30.968629999935306],[-84.98780300000855,30.96871900031955],[-84.98802700031455,30.968785999731843],[-84.988292999555,30.968838999659052],[-84.98856799991461,30.968893999915725],[-84.98871000020483,30.968922000314258],[-84.98902700039724,30.968986000204197],[-84.98913500035229,30.96902199969012],[-84.98927400026945,30.96906800016886],[-84.98962700044686,30.969186000257505],[-84.99042699961473,30.96938599989191],[-84.99136099957518,30.969639999917415],[-84.99152700015486,30.969686000098392],[-84.99252700023756,30.969886000225845],[-84.99372800016172,30.97018599963148],[-84.99472800024442,30.97038600025192],[-84.99582799988625,30.970585999683188],[-84.99682799996894,30.9708859999701],[-84.99739299985846,30.971098000230764],[-84.99762800003512,30.971186000084476],[-84.99765700034742,30.9711909997061],[-84.9986280001178,30.971386000150446],[-84.99932799972656,30.97148600002634],[-84.99972799975964,30.97148600002634],[-84.99979700025492,30.97148600002634],[-84.9998309996918,30.971476999810687],[-84.99984099973754,30.971445000320927],[-84.99988599994339,30.971313000097894],[-84.99990600003485,30.9712499999971],[-84.99992799977618,30.971186000084476],[-85.00007599991417,30.971280999782916],[-85.00029799967201,30.97142500034558],[-85.0004719997493,30.971536999691605],[-85.00052000032818,30.971568000154484],[-85.00056800000877,30.971598999837035],[-85.0006690002911,30.971664000008317],[-85.00125199972399,30.972038999836244],[-85.00157599958908,30.97217300011585],[-85.00275200029719,30.972661000349067],[-85.00402600001628,30.97346800013775],[-85.00425699999495,30.973731999833205],[-85.00494400008323,30.974518999712746],[-85.0051049997417,30.974703999875814],[-85.00514900012264,30.974789000288514],[-85.00562299977557,30.97569599988813],[-85.00573400010364,30.97590800024934],[-85.005751999647,30.976008999729018],[-85.00579799967775,30.976276999736797],[-85.00593099974712,30.97704000025346],[-85.00593300029529,30.977080999866256],[-85.00595199966352,30.977353000308028],[-85.00600500026529,30.978161999872082],[-85.00602700000661,30.97847799995002],[-85.00593400012018,30.979804000017946],[-85.00566200013364,30.98054199978727],[-85.00538199975114,30.98130399965908],[-85.00534599976612,30.98140199982969],[-85.00531300015416,30.981492000290604],[-85.00528899986472,30.981556999886156],[-85.00505000038844,30.982147999888134],[-85.00463500028673,30.983182000029508],[-85.00434200038379,30.983702000207067],[-85.00408600029074,30.984156999770597],[-85.00384500026632,30.984583000198235],[-85.00383000019771,30.98461099984519],[-85.00361500011253,30.98499199969777],[-85.0034000000274,30.985373999961052],[-85.00316700039889,30.985786999930195],[-85.00293399987207,30.986199999651912],[-85.00255800012843,30.986865999908595],[-85.00253999968677,30.986898999994665],[-85.00238099967811,30.98783600021952],[-85.00242900025702,30.988837999738955],[-85.00267399958108,30.9898969999102],[-85.00290899975772,30.99083399995244],[-85.00300300036736,30.9917480002607],[-85.00300099981922,30.99192400030872],[-85.00299499997143,30.99262000011736],[-85.00286100007715,30.99362900003723],[-85.00285500022936,30.993662999628853],[-85.00284600000852,30.993687000012738],[-85.00278499990917,30.99386000019483],[-85.00276499981766,30.993918000029872],[-85.0026040001592,30.994371000329288],[-85.00233200017263,30.995142000165153],[-85.00217900001175,30.995748999857692],[-85.0020629996608,30.996215999975387],[-85.0020559999881,30.996242999780385],[-85.00204599994235,30.996286000166993],[-85.0020350000717,30.996326999980344],[-85.00202800039901,30.996355000030526],[-85.00201199960718,30.996414000164407],[-85.00199099969078,30.996501000269163],[-85.00196899994947,30.996591999851216],[-85.00195499970576,30.99665200011203],[-85.00193999963716,30.996712999837992],[-85.00191799989584,30.996807000033574],[-85.00189600015455,30.996899000364653],[-85.00188199991082,30.996961999703192],[-85.00184599992582,30.997073000379906],[-85.00182800038247,30.997602000366122],[-85.00181900016163,30.997889000119148],[-85.00183900025313,30.99907699965671],[-85.00185900034461,30.999538999971694],[-85.0018869999337,31.00018500015909],[-85.00188899958353,31.00025799968452],[-85.00189100013166,31.000332000159023],[-85.00189100013166,31.000342000197968],[-85.00190000035249,31.000680999895565],[-85.0020350000717,31.000680999895565],[-85.00219300025545,31.000682000126844],[-85.00225400035482,31.000682000126844],[-85.00236499978459,31.000682000126844],[-85.00243699975461,31.000685000050627],[-85.00249899967889,31.000685000050627],[-85.00256200032639,31.000685000050627],[-85.00275099957396,31.000685000050627],[-85.00281500004638,31.000685000050627],[-85.00339900020248,31.000683999819383],[-85.00515400014552,31.000683999819383],[-85.00573900012652,31.000683999819383],[-85.00757699991023,31.00068300035814],[-85.01309100015965,31.00068300035814],[-85.01492999976826,31.00068300035814],[-85.01574599972795,31.000682000126844],[-85.01819399960702,31.000682000126844],[-85.01901100028994,31.000682000126844],[-85.01998200006032,31.000680999895565],[-85.02289699991962,31.000680999895565],[-85.02386900041324,31.000680999895565],[-85.0239160002689,31.000680999895565],[-85.02406000020895,31.000680999895565],[-85.02410799988954,31.000680999895565],[-85.02427199992105,31.000676000279018],[-85.02432899982246,31.00067500004766],[-85.02476700038869,31.000662000119274],[-85.02493200024513,31.000657999963256],[-85.02527700002665,31.00067999966427],[-85.02544699990595,31.000690999897856],[-85.02559699969378,31.00070099989914],[-85.02594900004627,31.000676999740335],[-85.02658099988295,31.000635000025454],[-85.02699500015974,31.000649999650754],[-85.02751200036867,31.000669999660833],[-85.02806999968719,31.00066600027515],[-85.02974699981242,31.000655000038677],[-85.03010699966254,31.00065300034554],[-85.03030599985416,31.000652000113952],[-85.03051300044172,31.000649999650754],[-85.03061899984861,31.000649999650754],[-85.03093100001814,31.000647999957504],[-85.03113600005756,31.000646999725866],[-85.03115500032412,31.000646999725866],[-85.0313439995717,31.00064600026422],[-85.03143300015849,31.000645000032566],[-85.03170099994709,31.000643000339217],[-85.03179100035877,31.000643000339217],[-85.03349900044613,31.00063099986828],[-85.03862600018294,31.000597999912905],[-85.04033599992012,31.000586999668595],[-85.04042700015674,31.000586000206336],[-85.0406999999682,31.000584999974038],[-85.04078100015906,31.000584999974038],[-85.04079200002971,31.000584999974038],[-85.04106800021422,31.000584999974038],[-85.04278299997429,31.000584999974038],[-85.04875900018108,31.000584999974038],[-85.05075099995057,31.000584999974038],[-85.0523450002351,31.000579000120155],[-85.05712800001535,31.00056399971367],[-85.0587230001248,31.000559000090977],[-85.05875699956168,31.000560000323546],[-85.05886100021706,31.00056399971367],[-85.05889600037716,31.000566000178623],[-85.05892599961608,31.0005669996411],[-85.05901699985267,31.00057000033852],[-85.05904799981482,31.000572000033397],[-85.05939000012158,31.000599000145066],[-85.06041600014356,31.00063999964415],[-85.06075900027521,31.00065699973177],[-85.06096900033751,31.00065900019478],[-85.06160100017419,31.000676000279018],[-85.06181200006138,31.000669000199437],[-85.06190199957474,31.000669000199437],[-85.0619900003366,31.000669000199437],[-85.0621719999115,31.00065999965629],[-85.06226200032319,31.000656000270236],[-85.06259000038624,31.00063999964415],[-85.06321300000207,31.000623000323515],[-85.06383700034114,31.000615000008022],[-85.06477399977634,31.000613000314047],[-85.06478700019512,31.000613000314047],[-85.06909700014735,31.000643000339217],[-85.07111900005407,31.000673000354944],[-85.07236600000898,31.000679000202975],[-85.07319600021238,31.00068300035814],[-85.0745629998179,31.00069600028364],[-85.07489300042909,31.000705000053326],[-85.0750070002319,31.000706999745365],[-85.07889600023465,31.00074900019861],[-85.07907500033478,31.00075099988967],[-85.08241500034153,31.000779000180994],[-85.08364499967969,31.000776000260164],[-85.08539200012511,31.00078999963314],[-85.08840800026675,31.000779000180994],[-85.08874600037556,31.000779000180994],[-85.0920300003058,31.000785000022294],[-85.09236900023951,31.000776000260164],[-85.09276500007464,31.00076699972717],[-85.09338799969048,31.000763000345554],[-85.09372800034741,31.000760999884672],[-85.09540700012246,31.000759000193764],[-85.09898700032873,31.000755000041806],[-85.10044599999573,31.000763999805972],[-85.1009210003719,31.00076699972717],[-85.1021259995957,31.00076600026674],[-85.10297000004279,31.000765000036388],[-85.10345000044182,31.000769000187873],[-85.10352400006165,31.000769999648227],[-85.10436199976266,31.000802000084065],[-85.10473599985647,31.00080399977407],[-85.10742499975996,31.000792000093412],[-85.10777399973942,31.000790999863277],[-85.10875000043099,31.000783000331882],[-85.1100469997163,31.00078099987148],[-85.11151200012942,31.00077999964123],[-85.11270200018292,31.00078699971267],[-85.11339599994388,31.00078699971267],[-85.11393999991701,31.000783000331882],[-85.11523799992554,31.000776000260164],[-85.11563299993576,31.00077399979955],[-85.11680600027081,31.000777999950717],[-85.11705399996792,31.000779000180994],[-85.11719899973289,31.00077399979955],[-85.11838600031167,31.00077500002986],[-85.118656999575,31.000776000260164],[-85.12148500029399,31.000755000041806],[-85.12194600042643,31.000756000272325],[-85.12313399993181,31.000762000115127],[-85.1241130000981,31.000776000260164],[-85.12568700029117,31.0007979999339],[-85.12705300007177,31.000799000163962],[-85.12737699993686,31.000799999623997],[-85.128033000063,31.000813999763462],[-85.12842600042336,31.000822000062275],[-85.12960600043114,31.000846000184527],[-85.12999999971811,31.000854999940106],[-85.1317649997069,31.000826999671173],[-85.13706300004625,31.00074300035498],[-85.13882899985992,31.000716000284072],[-85.13960899983459,31.000716000284072],[-85.14194999958355,31.000716000284072],[-85.14240499986822,31.000716000284072],[-85.14261699958033,31.000716999744984],[-85.14273100028146,31.000716000284072],[-85.14277599958899,31.000715000053134],[-85.14291399968126,31.000715000053134],[-85.142959999712,31.000715000053134],[-85.14305599997147,31.00071399982221],[-85.14334300002666,31.000710999899347],[-85.14344000011103,31.000710999899347],[-85.14391899978682,31.000706999745365],[-85.14535499988763,31.00069799997587],[-85.14583500028665,31.000695000052495],[-85.14670899997266,31.000722000129343],[-85.14809800021779,31.000765000036388],[-85.14948699956462,31.00080799992398],[-85.15208400030491,31.000887999806526],[-85.1523370000249,31.00093000018],[-85.15268099998148,31.000907999766643],[-85.1535270000784,31.00091199991219],[-85.154195999725,31.000924000347755],[-85.15455999977307,31.00092700026393],[-85.15468600016976,31.000923000119005],[-85.15481099984325,31.000913000141054],[-85.15492999966892,31.00089600009908],[-85.15504400037007,31.000867000382847],[-85.15509799989842,31.000843999725436],[-85.15697199966714,31.00086799984217],[-85.16259700024465,31.000943000071835],[-85.16447199983827,31.000967999621924],[-85.16511100024593,31.0009649997071],[-85.16702900039559,31.00096000010544],[-85.16766899972987,31.00095899987707],[-85.16787399976928,31.00095799964869],[-85.16848999971243,31.000955999961903],[-85.16869599957676,31.000955999961903],[-85.17010300026355,31.00095100035976],[-85.17432700000205,31.000937999699005],[-85.17573499961544,31.000934000324552],[-85.1757609995547,31.000934000324552],[-85.17583900027083,31.000934000324552],[-85.175866000035,31.000934000324552],[-85.17597999983782,31.00093300009598],[-85.1763239997944,31.00093199986732],[-85.17643900032044,31.00093199986732],[-85.1783440000513,31.000926000035204],[-85.18405999996709,31.000908999995545],[-85.18596600042116,31.000903999621],[-85.18650100017345,31.000901999933077],[-85.18810999962831,31.00089700032811],[-85.18864600010383,31.00089600009908],[-85.18867200004311,31.00089600009908],[-85.18874999986089,31.00089600009908],[-85.18877699962509,31.00089600009908],[-85.1889110004177,31.000894999870038],[-85.18911200025916,31.000894999870038],[-85.18931300010061,31.000893999640983],[-85.18944799981982,31.000893999640983],[-85.19223999965547,31.00088499988913],[-85.19283100038257,31.000883999659987],[-85.20061699988565,31.00083900011744],[-85.20341000044453,31.000823000292066],[-85.20535199998533,31.00081099984379],[-85.21003100000847,31.000783999792095],[-85.21118000005411,31.00078999963314],[-85.21310700042457,31.000802000084065],[-85.21312300031812,31.000802000084065],[-85.21614199993448,31.000819000142794],[-85.22520100023006,31.000873000218615],[-85.22703200034107,31.000883999659987],[-85.22822099967136,31.000883999659987],[-85.22850799972653,31.000883999659987],[-85.22937100044021,31.000883999659987],[-85.22965900032028,31.000883999659987],[-85.23174499980111,31.000883999659987],[-85.23800499969,31.000883999659987],[-85.24009199989408,31.000883999659987],[-85.24204299965568,31.000883999659987],[-85.24363199991734,31.000883999659987],[-85.24789800038695,31.000782000101655],[-85.24984999997348,31.00073600028026],[-85.25010699989141,31.000729999665854],[-85.25036100033464,31.000723000360207],[-85.25189500034472,31.00068600028188],[-85.25240699963248,31.000673999816303],[-85.25314599959928,31.000655000038677],[-85.25536300039799,31.000602000071453],[-85.25610300018968,31.00058399974174],[-85.256124999931,31.000583000279438],[-85.25778000031491,31.000541999985888],[-85.26281099979226,31.00041899976942],[-85.26448899974238,31.00037899963976],[-85.26579599997176,31.000346000367202],[-85.26972000013461,31.000251000344218],[-85.2710290000138,31.000218999723515],[-85.27122400000746,31.00021400008273],[-85.27151699991045,31.000206999969183],[-85.27180899998848,31.000199999855177],[-85.27200499980705,31.00019599967977],[-85.27204900018799,31.000195000213402],[-85.2721770002345,31.00019100003778],[-85.27224400018166,31.00018999980135],[-85.27248199983303,31.000183999922594],[-85.27256399984881,31.000183999922594],[-85.27269299972022,31.000183999922594],[-85.27360900013736,31.000183999922594],[-85.2763580003153,31.000183999922594],[-85.27702899961172,31.000183999922594],[-85.27727499965901,31.000179000279978],[-85.27999100022501,31.000124999811078],[-85.28814199960108,30.9999650002386],[-85.29085999981687,30.999911999887917],[-85.291191000253,30.999905999991633],[-85.29218700013774,30.9998910002493],[-85.29251900039876,30.99988599982129],[-85.29448000020611,30.99985500008803],[-85.30036699982611,30.999763999769588],[-85.30232900035669,30.99973400023789],[-85.3038359997043,30.999709999835684],[-85.30836099974167,30.999639000375154],[-85.30986899981248,30.99961600019156],[-85.30997500011769,30.999613999706618],[-85.31013599977618,30.99961199999165],[-85.31029499978483,30.99960900003412],[-85.31040199991494,30.99960799979163],[-85.31099699994172,30.999597999675704],[-85.31278200002197,30.999569999807687],[-85.31337799987362,30.999560999930814],[-85.31473799980644,30.999540999688186],[-85.31882000015304,30.9994830001927],[-85.32018099991075,30.999464000177728],[-85.32192800035618,30.999437999989006],[-85.32716899989582,30.999364000360696],[-85.32891700016614,30.999339999865427],[-85.33011499971725,30.999320999821943],[-85.33371099981703,30.999267999883298],[-85.33491000009137,30.999250000071783],[-85.33786400030873,30.999204000281377],[-85.3467260000625,30.999068999981528],[-85.34853700008203,30.999042000206654],[-85.34968100010478,30.999024999831118],[-85.36474599984605,30.998796999846462],[-85.36571900016459,30.998781999929694],[-85.36864200041981,30.998737999646846],[-85.36961599966493,30.99872399997257],[-85.37046699978472,30.998731999676693],[-85.37302299961881,30.998756000324985],[-85.37387499956351,30.998764000026426],[-85.37493200044595,30.998774000229755],[-85.37544899975657,30.99876500027782],[-85.38017200016067,30.998682999649734],[-85.38174700017863,30.998655999765514],[-85.3837630002376,30.998621000160945],[-85.3898110004144,30.998519999975986],[-85.39182699957502,30.998485999805794],[-85.3929170000694,30.998467000362186],[-85.39618900030409,30.99841200020877],[-85.39727999972507,30.99839400023567],[-85.39731599971009,30.998392999980446],[-85.39881899975802,30.998367000269695],[-85.40343900022995,30.998289999811316],[-85.40497999991274,30.998265000329113],[-85.40518300030233,30.998261000072542],[-85.40579199967446,30.99825000032866],[-85.40599599988899,30.998247000328277],[-85.40632700032509,30.998244000327794],[-85.40732400003473,30.99823500032584],[-85.40754300031784,30.998234000068898],[-85.40765600029576,30.99823299981193],[-85.40768100041012,30.99823200032499],[-85.40775699967979,30.998231000067996],[-85.40778299961904,30.998231000067996],[-85.4082220000102,30.998225000065936],[-85.40954099993513,30.99820899980199],[-85.40987099964802,30.998205000313074],[-85.40998100015118,30.99820200031128],[-85.41191600001926,30.9981720002882],[-85.41204300024087,30.998169999772955],[-85.41252600011462,30.998162000021743],[-85.41336899983851,30.998116999964633],[-85.41356499965707,30.99810600020415],[-85.41371000032035,30.998097999677547],[-85.42014900030941,30.998011000259623],[-85.42325499996443,30.997967999880803],[-85.43257399965269,30.997842000181187],[-85.43568100003093,30.997799999987617],[-85.4377840001285,30.997771000099892],[-85.44409500007104,30.9976849998764],[-85.44619899999353,30.997657000216662],[-85.44869499955317,30.997622000245443],[-85.45618499967856,30.997520999772462],[-85.45868199996141,30.997488000280864],[-85.46034300019313,30.99746500034844],[-85.46532900036294,30.99739700001368],[-85.46699100041955,30.997375000325313],[-85.46787099995335,30.997361999947042],[-85.4705139998261,30.997326999867557],[-85.471395999908,30.99731499974937],[-85.47219500014927,30.997300999866233],[-85.47459500034776,30.99726299973302],[-85.47539500041391,30.997250000109485],[-85.47606300023561,30.997237999981603],[-85.47806800042389,30.997205999889825],[-85.4787370000705,30.997196000292064],[-85.47876300000975,30.997196000292064],[-85.48064900037235,30.997168999986904],[-85.48638500037963,30.997090000333387],[-85.4882979996081,30.997064000267393],[-85.48916700016953,30.997050999846735],[-85.4917770004303,30.997015000153414],[-85.49262600000198,30.997004000265772],[-85.49264799974328,30.997004000265772],[-85.49371599959804,30.996989000066964],[-85.49692300043372,30.996944999726892],[-85.49799200011338,30.99693099978939],[-85.49993200000435,30.996895000050767],[-85.50128799973919,30.996884000149347],[-85.50130299980782,30.996873000246588],[-85.5031470003376,30.99686200034261],[-85.50373800016641,30.996868999931674],[-85.5039070002208,30.99686700015914],[-85.50440500016319,30.996864999616527],[-85.50857200000026,30.996828000351343],[-85.51315399993906,30.996800999941925],[-85.51558000007681,30.996783999936923],[-85.52470499959631,30.996721999983585],[-85.52717199974195,30.996703999691498],[-85.52912099985375,30.99668999971867],[-85.53160800009087,30.99667599974379],[-85.53241499982973,30.99665200011203],[-85.53363699967029,30.996619999823643],[-85.53415300005432,30.996605000334434],[-85.53825499959407,30.996527999993415],[-85.54602400027704,30.99645499992272],[-85.54732999978317,30.9964420001891],[-85.54744000028636,30.99644099991334],[-85.54754999989122,30.99643999963757],[-85.5476400003029,30.996439000131836],[-85.54772999981627,30.996437999856038],[-85.54878599997546,30.996428000177808],[-85.55156799976538,30.996401999931326],[-85.55177899965257,30.99640000014901],[-85.55198899971487,30.996397000090425],[-85.55221399984576,30.996395000308006],[-85.55243800015174,30.996392999755482],[-85.55540099969163,30.99636499971647],[-85.56270099984621,30.996295999860134],[-85.56811200016348,30.99624400005822],[-85.56900699976589,30.996259000374195],[-85.57280999955489,30.99623900020902],[-85.57506699963825,30.996225999675907],[-85.57537100031018,30.996223999889914],[-85.5756750000838,30.99622099982578],[-85.57585400018394,30.99622000031776],[-85.5760330002841,30.996219000039673],[-85.57605699967522,30.996230000017857],[-85.57667900036446,30.996214000189177],[-85.57732500044484,30.996209000338464],[-85.57736200025477,30.996209000338464],[-85.57742300035413,30.996209000338464],[-85.57948899974348,30.99619299973626],[-85.57978500001948,30.996190999949565],[-85.5833979998377,30.996172000048723],[-85.58623700042733,30.996153999652837],[-85.59858399995281,30.996076000208134],[-85.59998400006857,30.99606700000159],[-85.60231700031991,30.99605600000459],[-85.60253099968186,30.99605600000459],[-85.60289800010297,30.99605600000459],[-85.60326499962578,30.99605600000459],[-85.61403299983363,30.99599400034802],[-85.61687900009596,30.995982000062092],[-85.61966099988588,30.99596600019186],[-85.6235909998965,30.995933999673277],[-85.62493300028596,30.995922999660944],[-85.62878999960334,30.995898999839724],[-85.63143599984912,30.99588499974873],[-85.63693800040298,30.995854999766802],[-85.64439699966792,30.99581399975056],[-85.64625600026633,30.995802999724386],[-85.64709399996734,30.995797999852083],[-85.64724200010534,30.99579700033962],[-85.64739100006825,30.995796000057094],[-85.6474580000154,30.995796000057094],[-85.64752400013765,30.995796000057094],[-85.65220099961266,30.995767999842794],[-85.65246799957636,30.995767000330023],[-85.65981799995967,30.995728000072397],[-85.66342800030316,30.99570799979588],[-85.66781000022539,30.995682999636827],[-85.66947099955878,30.995674000163188],[-85.67097100013198,30.995648999995282],[-85.67256100021856,30.9956440001149],[-85.67621800041772,30.99563699966588],[-85.67976699976353,30.995617999654687],[-85.68119100016875,30.9956099996894],[-85.68123100035173,30.99561299977268],[-85.68127099963638,30.99561500034156],[-85.68133099991084,30.995618999939083],[-85.68155500021683,30.99561200025828],[-85.68251000009369,30.99560499980697],[-85.6829970001654,30.995607999890478],[-85.68377399976704,30.995604000292484],[-85.68429699982377,30.995603000007936],[-85.6849400004294,30.995601000208875],[-85.68536600040176,30.995601000208875],[-85.6878679998092,30.9955939997567],[-85.69061199996426,30.995579999620936],[-85.69069900000291,30.995579999620936],[-85.69214000012656,30.995572999937274],[-85.69220700007374,30.995572999937274],[-85.71450500002246,30.99545699993469],[-85.72452300039285,30.99541800032035],[-85.72709099992252,30.99540499967532],[-85.73296699967187,30.99537599982931],[-85.73919700032188,30.995343000365548],[-85.74162799958418,30.995326000100654],[-85.74961900002502,30.995292000331837],[-85.74993200001944,30.994836999971398],[-85.75226400044588,30.994815999985285],[-85.75689200041542,30.994775000292453],[-85.75987199967373,30.994748000071933],[-85.75995799988746,30.994748000071933],[-85.75999800007042,30.994748000071933],[-85.76065599984638,30.994741000327213],[-85.76234499966715,30.994725999772466],[-85.76895000023589,30.994667999658702],[-85.76900499958917,30.99466700013441],[-85.77267199983405,30.994633999655324],[-85.77965700034437,30.994571999844414],[-85.77992500013298,30.994571000319098],[-85.77997899966134,30.994571000319098],[-85.80107499986097,30.994384000345192],[-85.81362300012623,30.994270999792054],[-85.82879300034779,30.994139000339324],[-85.83026500043361,30.994126999819994],[-85.83045100020645,30.994124999989968],[-85.8306239995605,30.99412399968991],[-85.83079599998794,30.99412199985982],[-85.83096000001946,30.9941210003298],[-85.83112300022609,30.994120000029692],[-85.83124899972448,30.994116999899394],[-85.83226999972358,30.9941109996385],[-85.83998599980477,30.99404600012515],[-85.85658899975411,30.99389800014386],[-85.86505100037311,30.993822999763857],[-85.86514199971138,30.993822000230697],[-85.87039599966981,30.993777999969602],[-85.87084400028179,30.993772999991133],[-85.87460299968988,30.993630000342463],[-85.87493099975295,30.993617999759092],[-85.87831000011772,30.993589999675407],[-85.87852699985272,30.993587999834123],[-85.8811439997862,30.993567999878916],[-85.88782200014985,30.993512999980425],[-85.89108000014083,30.99348699970935],[-85.8934729997683,30.99346699973296],[-85.8993369998221,30.993461999738184],[-85.90604199994995,30.993419999925937],[-85.91111900035636,30.99338600024775],[-85.91127400016707,30.99338499993993],[-85.91142899997776,30.993383999632115],[-85.91777199970736,30.993343999631893],[-85.92646600012995,30.99328900037437],[-85.93129400011603,30.99325900034591],[-85.93190599986121,30.993256999727613],[-85.93193099997556,30.993256999727613],[-85.93246900010091,30.99325100018269],[-85.93295799982246,30.993249000334306],[-85.93583699969675,30.993229999847387],[-85.93883299974691,30.993211000126756],[-85.9389519995726,30.993209999817118],[-85.9390710002966,30.993209999817118],[-85.93989099955591,30.993204000269245],[-85.94000400043214,30.993204000269245],[-85.94011599968682,30.99320299995953],[-85.94283700027569,30.993184000233505],[-85.94752200014662,30.993154999712186],[-85.95088700026771,30.99313499966618],[-85.95813100034583,30.993089000006496],[-85.96217400033436,30.993063999931017],[-85.96493900040582,30.993045999718635],[-85.9654449998458,30.993042000013205],[-85.96555600017388,30.993042000013205],[-85.96566800032687,30.993040999701797],[-85.965803999871,30.993040000160445],[-85.96594000031345,30.993040000160445],[-85.977292999604,30.992998999704152],[-85.97781300018599,30.992996999850476],[-85.97833299986966,30.99299499999677],[-85.97850899959676,30.992993999684856],[-85.97868500022217,30.992993000143006],[-85.97886599997214,30.99299199983108],[-85.98508400002825,30.99295299997882],[-85.98509999992179,30.992963000021454],[-85.9859810001788,30.992947999957174],[-85.98687800032934,30.992941999622733],[-85.99728999998673,30.992877000082803],[-85.99861099956149,30.992870000200774],[-85.99993700005743,30.993134000125817],[-86.00641399968131,30.99318799993297],[-86.00705700028696,30.99318499977336],[-86.01566600032075,30.993219999832807],[-86.0158250003294,30.993219999832807],[-86.01598400033807,30.993221000142277],[-86.016161999715,30.9932219996818],[-86.01633900016529,30.993222999991275],[-86.02421199970702,30.993269999895357],[-86.03229600003426,30.99330600023227],[-86.03503900036442,30.99331999993176],[-86.03577599978308,30.993323999625517],[-86.03666700008586,30.99332899962752],[-86.05234500029553,30.993348999632854],[-86.0525810002971,30.99334600024837],[-86.05350600003672,30.993393000091853],[-86.05427500014075,30.993401000243153],[-86.05478700032683,30.993394999937223],[-86.0558919999915,30.993393000091853],[-86.05616900000095,30.993391999784112],[-86.05625500021466,30.993391999784112],[-86.05947899987046,30.99301100036541],[-86.06022600023317,30.992946000102428],[-86.0609740004208,30.99288099979508],[-86.06116799969126,30.99287099974391],[-86.06123299998858,30.99286700003115],[-86.06137600010372,30.992858999835057],[-86.06181100029688,30.992860000148383],[-86.062423999867,30.992860000148383],[-86.06302800011457,30.99287099974391],[-86.06313299969656,30.99287099974391],[-86.06323800017685,30.99287099974391],[-86.06326599976595,30.99286899988755],[-86.06336600022338,30.9928659997179],[-86.06346499995759,30.992862000004937],[-86.06379499967046,30.992862000004937],[-86.06625199977037,30.992865000174714],[-86.07136400033689,30.99287099974391],[-86.07848899969098,30.99288099979508],[-86.07864799969963,30.99288099979508],[-86.08559899987476,30.992885999820302],[-86.09118799956894,30.992894000014132],[-86.09152099965489,30.992894000014132],[-86.1023859999471,30.992902000207238],[-86.10249599955198,30.992902000207238],[-86.10431599979232,30.9929040000629],[-86.11243500027967,30.992912000255213],[-86.11711699977755,30.992909999629642],[-86.11744900003858,30.992907999774108],[-86.12137099965327,30.992885999820302],[-86.12153999970768,30.99288399996426],[-86.12494099981379,30.99311700023726],[-86.13065300042993,30.99338600024775],[-86.1307229998518,30.993383000094347],[-86.13084699970037,30.99337800009519],[-86.1309539998305,30.993373999633615],[-86.1310600001357,30.993369999941958],[-86.13260400019155,30.993313999620796],[-86.1327220001923,30.99331499992935],[-86.14547600032188,30.99343800006776],[-86.15815299956022,30.993559999741624],[-86.16295799998008,30.993678000350773],[-86.16297800007158,30.993685999708088],[-86.16299700033815,30.993683999868814],[-86.16398300017715,30.99368800031739],[-86.16428699995076,30.99367000022269],[-86.16447699992156,30.993660999789093],[-86.1648810001526,30.993642000154313],[-86.16489399967307,30.99364099984919],[-86.16503199976535,30.993627000196756],[-86.16530299992698,30.99359999965125],[-86.16547100015647,30.993604000103286],[-86.16572499970137,30.993599000115758],[-86.1658440004254,30.993597000274665],[-86.16588600025818,30.993595999969074],[-86.16605399958934,30.993589000139803],[-86.16664699996628,30.99358499968709],[-86.16840299973423,30.9935590002057],[-86.16926499972466,30.993557999899714],[-86.16932099980114,30.993557999899714],[-86.17031800040913,30.993723999726395],[-86.17075000022926,30.99379999971765],[-86.17076299974974,30.993802000324557],[-86.1719140003435,30.993761000195825],[-86.17194600013055,30.993761000195825],[-86.1733150002842,30.99376800001241],[-86.17367099993635,30.993772999991133],[-86.17465500012553,30.993787999925672],[-86.17490100017282,30.993728999707432],[-86.17506699985418,30.993695000139333],[-86.17518599967987,30.993677000046006],[-86.17523599990858,30.99367000022269],[-86.17540499996298,30.99366000025424],[-86.17557400001738,30.993658999949297],[-86.17616800021922,30.993690000156576],[-86.17888999973468,30.993784000251434],[-86.17914500000279,30.993789000229267],[-86.18008300016123,30.993843999968604],[-86.18025300004055,30.993862000030404],[-86.18042000044511,30.993886999896702],[-86.18058600012647,30.99392600013709],[-86.18074500013512,30.993977999662743],[-86.18081799993007,30.994008000235134],[-86.18724600004846,30.994021000300513],[-86.19086700026261,30.994028000098066],[-86.19554799993558,30.994038000027995],[-86.20043299982308,30.994047999956827],[-86.20058000013617,30.994049000257686],[-86.20615399976174,30.9940699996426],[-86.20628900037927,30.9940699996426],[-86.2146070001599,30.994084000000086],[-86.21472599998559,30.994084000000086],[-86.2176960000965,30.99409099979297],[-86.22137699968675,30.994100000186034],[-86.22728699977131,30.99411500006916],[-86.22809100003543,30.994134000379773],[-86.2336439997446,30.994262000185238],[-86.23376900031639,30.994265000310918],[-86.23384899978402,30.994267000138006],[-86.23833500036166,30.994370000031815],[-86.24994399974523,30.99413300007982],[-86.25635900034317,30.993857000056337],[-86.25794100003382,30.99385599975353],[-86.25852199981688,30.993847999640387],[-86.25910400032315,30.993840999829626],[-86.26027099991211,30.993825000370272],[-86.26038999973781,30.993825000370272],[-86.26794000013766,30.993814999647952],[-86.27119300010575,30.993810999974784],[-86.27480500009906,30.993804999694692],[-86.28884899984124,30.993701999960816],[-86.28898899958334,30.99370099965632],[-86.28964399988452,30.99369399983482],[-86.29015699989552,30.99369399983482],[-86.29109599987885,30.993705999638554],[-86.29194600017374,30.993723999726395],[-86.29207000002229,30.993723999726395],[-86.292773999829,30.99372500003065],[-86.29305400021147,30.993726000334892],[-86.29318700028087,30.99372699986906],[-86.29432899975548,30.993733999688203],[-86.2946200000086,30.993736999830553],[-86.29479800028385,30.993738999668707],[-86.2956410000077,30.993748999628888],[-86.29645899961722,30.993749999932877],[-86.29692200029781,30.99375800005423],[-86.29715099972834,30.993761999729625],[-86.29772700038686,30.993772999991133],[-86.29823899967461,30.993781999644145],[-86.29875099986069,30.993786000088612],[-86.29909099961932,30.993789000229267],[-86.29994000008928,30.99381900009102],[-86.30078899966092,30.993827000206593],[-86.30231400034852,30.993847999640387],[-86.30275399966624,30.993870000142365],[-86.30316399974508,30.993891000336767],[-86.30358999971742,30.9939049999504],[-86.30375100027422,30.9939049999504],[-86.30427500015585,30.99390699978503],[-86.30444400021025,30.99391699972764],[-86.3048629996116,30.993967000194946],[-86.30518499982686,30.994018000167095],[-86.30523400023067,30.99402600026597],[-86.30661199970685,30.99401600033478],[-86.30912099968528,30.99399899983337],[-86.30926700017346,30.99399800030205],[-86.31560999990305,30.994029999930127],[-86.31587500021692,30.994052999920868],[-86.31744500021203,30.994190000219557],[-86.31746899960315,30.994190000219557],[-86.32254600000958,30.99421499999989],[-86.32493100013946,30.99422699973809],[-86.32731700009424,30.99423900024489],[-86.3278769999609,30.994241000072524],[-86.33081600010965,30.99425700023215],[-86.3308899997295,30.99425700023215],[-86.33093199956228,30.994257999760745],[-86.33111900005835,30.994260000358047],[-86.33196799963001,30.994283999821647],[-86.33228200034766,30.994286999946706],[-86.33404200031356,30.994301999800406],[-86.33515200000112,30.994296999849418],[-86.33555200003421,30.994299999974057],[-86.33747900040468,30.994317999949793],[-86.3384090001672,30.99432600002351],[-86.33893100039901,30.994330999972984],[-86.33926100011189,30.994334000096504],[-86.33938400013554,30.994334999624297],[-86.33988799992571,30.994340000343364],[-86.3407900000991,30.99434899994288],[-86.34252999997352,30.994366999909374],[-86.34289300019668,30.99436800020689],[-86.34839800022529,30.994384000345192],[-86.34850600018031,30.994384000345192],[-86.3488290002205,30.994384999872462],[-86.3502300001612,30.994391000116117],[-86.35043900039858,30.994391999643327],[-86.35656100019521,30.99441899996467],[-86.36476599999797,30.994451000221503],[-86.36495099994589,30.99450300023101],[-86.3650499996801,30.994542999745114],[-86.36513699971874,30.994540999923803],[-86.36521899973451,30.99454700015765],[-86.36547400000262,30.99455299962105],[-86.36752299967353,30.99453100004662],[-86.36812100007332,30.994516999754808],[-86.36837799999128,30.994518000050743],[-86.36854799987059,30.994522999990156],[-86.36936300000535,30.994532000342407],[-86.36939700034056,30.994532000342407],[-86.36983900020644,30.994519999872526],[-86.37089899966527,30.994509999993145],[-86.37202900034264,30.994482999697603],[-86.3723289999183,30.994482999697603],[-86.37257400014067,30.994477999756093],[-86.37314099968002,30.99448200017135],[-86.37320699980225,30.99448200017135],[-86.3742720001823,30.99447599993343],[-86.3743719997414,30.99447200028797],[-86.37896600027406,30.994295000022966],[-86.37907000003113,30.994291000369923],[-86.38385399963629,30.994236000118327],[-86.38864599963736,30.994180999834967],[-86.39195600040519,30.99442500020612],[-86.39197300012361,30.99442599973296],[-86.39376400005165,30.99442899985354],[-86.39574499995048,30.99441099989876],[-86.39866599965758,30.994402999832168],[-86.39894299966701,30.994392999940573],[-86.40078999967155,30.994394999764975],[-86.40248799971316,30.994430999677192],[-86.4031870003953,30.994438999741433],[-86.40509799997395,30.99441899996467],[-86.4051440000047,30.994404000129297],[-86.4052009999061,30.994402000305087],[-86.40706800000211,30.994329000147232],[-86.41265000002362,30.99412899964997],[-86.41273299986429,30.994126000290013],[-86.41297200023888,30.994118000199528],[-86.41304000001095,30.99411500006916],[-86.4132120004384,30.99410899980814],[-86.41331799984529,30.994105000147364],[-86.41343699967099,30.99410099971628],[-86.41426400039965,30.99407099994323],[-86.41428799979077,30.9940699996426],[-86.4143039996843,30.9940699996426],[-86.41449799985307,30.99407099994323],[-86.41479800032704,30.994072000243847],[-86.4150989997276,30.994072000243847],[-86.42228199970631,30.99409099979297],[-86.42273699999097,30.994087000131366],[-86.42543099991735,30.99406499967945],[-86.42554700026831,30.994064000148818],[-86.42557300020756,30.994064000148818],[-86.42558699955296,30.994064000148818],[-86.42597999991335,30.994061000016814],[-86.43849700021646,30.993954999653926],[-86.44573899974641,30.99389600030904],[-86.45470400033065,30.99379100006633],[-86.45494700000489,30.993880000088804],[-86.45499100038583,30.993972000163186],[-86.45516399973988,30.9939379999117],[-86.4553400003653,30.993937000379745],[-86.45535200006086,30.993937000379745],[-86.45538100037317,30.993937000379745],[-86.45548000010737,30.993937000379745],[-86.45549600000089,30.993937000379745],[-86.45812299998012,30.993949999684784],[-86.4581430000716,30.993949999684784],[-86.45831899979869,30.99399800030205],[-86.46073200041597,30.993980000265925],[-86.46640800014879,30.993911999756474],[-86.47307100044385,30.993738999668707],[-86.47326499971429,30.993733999688203],[-86.4745049999965,30.993701999960816],[-86.47568599982917,30.993677000046006],[-86.47789000020909,30.99367899988542],[-86.47794299991254,30.99367899988542],[-86.48334400018405,30.99368500017349],[-86.48354800039856,30.993680999724813],[-86.48356599994192,30.993680999724813],[-86.48447899998597,30.993660999789093],[-86.48466800013185,30.99365700010946],[-86.48492099985185,30.99365099981964],[-86.48509800030216,30.9936470001396],[-86.48629199965531,30.99362299974569],[-86.48858999974655,30.993574000173968],[-86.48860300016536,30.993574000173968],[-86.49351200034228,30.993471999727458],[-86.49510800027664,30.993439000375],[-86.4999499996081,30.99333899963074],[-86.50001599973035,30.993341999785518],[-86.50929400030905,30.99360299979776],[-86.51284299965484,30.9937030002653],[-86.51311999966428,30.99368500017349],[-86.51325100008386,30.993677000046006],[-86.51342400033623,30.993672000062258],[-86.52007099983942,30.993486000172677],[-86.5201470000074,30.993401999780716],[-86.5201960004112,30.993258000036768],[-86.52446399963232,30.99343600022328],[-86.52458699965597,30.993441000219406],[-86.52467200004477,30.993456000206223],[-86.52899899971543,30.9936470001396],[-86.52901399978404,30.993643999994465],[-86.52916600012,30.993655000269587],[-86.53563000022343,30.993952999820287],[-86.53565100013984,30.99394400018347],[-86.54238399985674,30.994265000310918],[-86.54248799961383,30.994270000263587],[-86.5426540001935,30.994278000341325],[-86.54281900004993,30.994285000120023],[-86.54907999976376,30.994570000023725],[-86.5550660000163,30.99484500000158],[-86.55516999977336,30.994849999923844],[-86.56343599967549,30.99522299969922],[-86.5637670001116,30.995145000263218],[-86.56408599995382,30.995066999993362],[-86.56410100002243,30.995063000372696],[-86.56553200010036,30.994967000185873],[-86.56757400009856,30.99510899985043],[-86.56788200007013,30.99510000032263],[-86.5679210004282,30.995099000032788],[-86.57072999998229,30.995044000247145],[-86.57425599976186,30.994973999914002],[-86.58046700014529,30.99496500037347],[-86.5840580002222,30.994959999687225],[-86.58890600029977,30.994952999958066],[-86.5915280002561,30.994951999666686],[-86.59156800043907,30.994951999666686],[-86.5916899997395,30.994949000332603],[-86.59209499979545,30.994941000311147],[-86.59367700038443,30.99490799992687],[-86.59420399974081,30.994896000274355],[-86.59430300037333,30.99489699979627],[-86.59696799998737,30.994930999705886],[-86.59792500041236,30.994943000124064],[-86.59796600042026,30.994943000124064],[-86.60238599997733,30.994938000206737],[-86.60818399990889,30.994931999997497],[-86.61597299978501,30.99493300028907],[-86.61977599957402,30.994923999974603],[-86.62273399998935,30.99491700024285],[-86.62288899980005,30.99491700024285],[-86.62500399959319,30.994870000380292],[-86.62731900030117,30.994859000245242],[-86.62734400041553,30.994859000245242],[-86.62775500031928,30.99485699966057],[-86.63343500025005,30.99491499965935],[-86.63453300024204,30.994885999664337],[-86.63461000023494,30.994883999850213],[-86.63463600017421,30.994883000328183],[-86.63470700031932,30.99488099974396],[-86.63502699998648,30.994872999716854],[-86.63612800035152,30.994846999816506],[-86.63614400024503,30.994846999816506],[-86.6362329999335,30.99484500000158],[-86.6368110002418,30.99483099975586],[-86.63717100009193,30.994822000201825],[-86.6393450003346,30.994770000366245],[-86.63972899957582,30.994764999669787],[-86.64216399993444,30.994733000288292],[-86.64223000005667,30.99473199999462],[-86.64840100025714,30.994664000021295],[-86.64843100039435,30.994664000021295],[-86.64853199977838,30.994664000021295],[-86.65071000021904,30.994836999971398],[-86.65093799982466,30.99485499984585],[-86.65119200026787,30.994875000301246],[-86.65124199959827,30.99486900008805],[-86.6513699996448,30.994851999738664],[-86.65149699986641,30.99483599967886],[-86.65318400003736,30.994615000214377],[-86.65321800037255,30.994615000214377],[-86.65324299958858,30.994615000214377],[-86.65871400018032,30.994641000177907],[-86.65882999963294,30.99464199970253],[-86.6651470003216,30.994672000066007],[-86.666190000062,30.994686999859166],[-86.66621099997839,30.994676999997342],[-86.66631700028361,30.99468500004088],[-86.6664710002694,30.99469699972],[-86.66996799973667,30.99469499990192],[-86.6715689996939,30.994683999746755],[-86.67159200015844,30.994683999746755],[-86.6716180000977,30.994683999746755],[-86.67164599968679,30.994683999746755],[-86.67167499999911,30.994683999746755],[-86.6717029995882,30.994683999746755],[-86.6717290004258,30.994683999746755],[-86.67175199999201,30.994683999746755],[-86.67177100025857,30.994683999746755],[-86.67178700015211,30.994683999746755],[-86.67183700038082,30.994681999928407],[-86.67211199984212,30.99468300022256],[-86.67213100010869,30.99468300022256],[-86.67216500044388,30.99468300022256],[-86.6741949998482,30.994686999859166],[-86.67514200022747,30.9946889996774],[-86.67554100043564,30.994689999971527],[-86.67570700011697,30.9946889996774],[-86.67573999972896,30.9946889996774],[-86.67575999982043,30.9946889996774],[-86.67577499988904,30.9946889996774],[-86.67579599980544,30.9946889996774],[-86.67582599994267,30.9946889996774],[-86.67587399962325,30.9946889996774],[-86.67753700040308,30.99468500004088],[-86.67762000024376,30.99468500004088],[-86.67847399983829,30.994670999771678],[-86.6848740003676,30.99456399979133],[-86.68489799975873,30.99456399979133],[-86.6883170003065,30.99450699987516],[-86.6968219996849,30.994592000359155],[-86.70140100014895,30.994636999769366],[-86.70448300041281,30.994667999658702],[-86.70561099964372,30.994487000112592],[-86.70625900027224,30.994702999944025],[-86.70655200017521,30.99486700027358],[-86.7067000003132,30.994951000145353],[-86.70766500023582,30.99502899974008],[-86.70818999994236,30.99505200025991],[-86.71127100038134,30.99525900006903],[-86.7129869999663,30.99568000032575],[-86.71462499973346,30.995731000152027],[-86.71819800026702,30.99593199988115],[-86.71830200002411,30.99593800002743],[-86.71838800023782,30.99595500018323],[-86.7184219996747,30.995960000047297],[-86.72014200035595,30.99633300010176],[-86.7228570001987,30.996479000374084],[-86.72358500029485,30.996568999702706],[-86.7244060002774,30.996551000151808],[-86.72550099989634,30.996512999719737],[-86.72554199990424,30.996501999774246],[-86.72569500006512,30.99650900015971],[-86.72639999969672,30.99654199999007],[-86.72664599974402,30.996535999881758],[-86.72667000003345,30.99653500037703],[-86.72706900024163,30.996524999938913],[-86.72711299972424,30.996518999829515],[-86.72714299986148,30.996510999939748],[-86.72759800014614,30.996395999814197],[-86.7280030002021,30.996295999860134],[-86.72822099976199,30.996242999780385],[-86.72823400018078,30.99625600031118],[-86.72960599980915,30.996574999808963],[-86.73274599979936,30.996417999728422],[-86.73675100015305,30.996555999984633],[-86.737480999899,30.996768999703523],[-86.73973200013461,30.99655700025918],[-86.74113600044834,30.996436000074485],[-86.7449779996971,30.996390999972974],[-86.74523999963792,30.996289999736387],[-86.74536900040766,30.99629299979833],[-86.74995700019423,30.996397000090425],[-86.75119699957813,30.996470000205505],[-86.75526700022915,30.99670900028636],[-86.76416999999081,30.996791000301748],[-86.77243500006801,30.996859000298553],[-86.77592099966462,30.996890000235716],[-86.778109000151,30.996910000264357],[-86.78569200016281,30.99697999994659],[-86.78587299991278,30.99698199971673],[-86.78825899986757,30.996998999686443],[-86.78829099965462,30.996998999686443],[-86.79118600032074,30.99702700030936],[-86.79383300039146,30.997052000116092],[-86.79647999956384,30.99707599964717],[-86.8010670004238,30.997115999622253],[-86.80876800043637,30.997181999621418],[-86.8099590003148,30.997195000024206],[-86.81021600023274,30.99719800005769],[-86.8190269999329,30.997285000217225],[-86.8274679997372,30.99736999976543],[-86.83020400039466,30.99739800027943],[-86.83049700029764,30.997401000306525],[-86.83193300039842,30.997378000353123],[-86.83839300030388,30.997432000067484],[-86.83867299978805,30.99743399982816],[-86.84056099980047,30.99744400017101],[-86.84921599986501,30.99749300006457],[-86.84946600011027,30.997494000329297],[-86.84950799994306,30.997494000329297],[-86.85216500005949,30.997511000207727],[-86.85454400034159,30.99752399979563],[-86.85476799974927,30.997526000324424],[-86.86277199971056,30.997569999626453],[-86.86670500009423,30.997593000303517],[-86.86719999966354,30.997593000303517],[-86.87456500011547,30.99759999983892],[-86.87881899999118,30.997604999616755],[-86.87928000012364,30.997604999616755],[-86.87962300025531,30.997619000225303],[-86.88013700009121,30.997613999678215],[-86.88048900044372,30.99762299973877],[-86.88131700009897,30.997643000383725],[-86.88197900007287,30.997637999837846],[-86.8840160000482,30.997687999894403],[-86.88589700038794,30.99762099998206],[-86.8861269996434,30.997660000235605],[-86.88718799982546,30.997692000175032],[-86.88780200011878,30.99771800006982],[-86.88841700023703,30.99774399995746],[-86.88844599965103,30.997745000219556],[-86.88845999989474,30.997745999711597],[-86.88864700039079,30.997754000267808],[-86.8887109999649,30.997757000283645],[-86.89072200000096,30.997745999711597],[-86.89915000028478,30.997695999685448],[-86.8993219998139,30.997686999631775],[-86.9037780002543,30.99755400002262],[-86.90470800001683,30.997567000374712],[-86.9052269998756,30.997573999912017],[-86.90610399993464,30.99758499973386],[-86.90625799992043,30.997587000261372],[-86.9066930001136,30.997590999776186],[-86.91085099972986,30.997637999837846],[-86.911105999998,30.9976409998574],[-86.91521500010876,30.997681999858248],[-86.91548899974514,30.9976849998764],[-86.91575300023412,30.997686999631775],[-86.91962100032045,30.997683000120993],[-86.92279100044786,30.997678999839994],[-86.92557800026066,30.997675000328854],[-86.925707999957,30.997677000084444],[-86.92781000022967,30.99770400024579],[-86.93073900033266,30.99774299969535],[-86.93077199994462,30.99774299969535],[-86.93215899964163,30.997762000053253],[-86.9377969997396,30.997839999659032],[-86.93781299963312,30.997839999659032],[-86.93782500022702,30.997839999659032],[-86.93784600014342,30.997840999920108],[-86.93791300009057,30.997842000181187],[-86.94415100023816,30.99792399999237],[-86.94446400023261,30.997928000263087],[-86.95306200039575,30.998044999829137],[-86.95319000044225,30.998047000347004],[-86.95321100035865,30.998047000347004],[-86.95324399997062,30.998047000347004],[-86.95330900026796,30.99804799983588],[-86.95337000036733,30.99804900009478],[-86.95369199968428,30.998053000360258],[-86.954587000185,30.99806499961556],[-86.95606599994352,30.998085000167823],[-86.96044899969066,30.998144000001446],[-86.96047700017806,30.998144000001446],[-86.96568699975556,30.998216000062197],[-86.965887999597,30.998220999807685],[-86.96592600013015,30.99822200006478],[-86.97111599961616,30.99829200032398],[-86.97994399993307,30.998409999698612],[-86.98209700025936,30.998437999907253],[-86.98714500035346,30.99850900026199],[-86.98759700026508,30.998515000246137],[-86.9984769997276,30.99866100025802],[-86.99854500039798,30.99867600019382],[-86.99996499970693,30.998996000315845],[-87.00433900013158,30.999317000379698],[-87.00473699961653,30.999317000379698],[-87.00726300021172,30.999320000346415],[-87.00974299987783,30.999323999788547],[-87.0133869996582,30.999338999620065],[-87.01346700002414,30.999338999620065],[-87.01985800033262,30.999360000150283],[-87.02388899972725,30.999374999976133],[-87.0241449998203,30.999372000011135],[-87.0244200001799,30.999361999870477],[-87.02443600007345,30.99936099962539],[-87.02694599987677,30.999163999642043],[-87.02739500031366,30.999154999726915],[-87.02815900039482,30.999151000277696],[-87.02840500044212,30.999155999974214],[-87.02908699960919,30.999170000355043],[-87.02920499960997,30.999170000355043],[-87.02996000036862,30.999170000355043],[-87.03011000015643,30.999170000355043],[-87.03074799984088,30.999172000079273],[-87.03530200019058,30.999189999905532],[-87.03583799976778,30.999222000101568],[-87.03646499958158,30.999258999977993],[-87.036493000069,30.999260999700375],[-87.03713199957836,30.999310000200335],[-87.03715400021798,30.999311999921588],[-87.04011900030599,30.999537999728418],[-87.04022899991085,30.99954700037741],[-87.04076399966316,30.999394000008856],[-87.04077500043212,30.999391000044454],[-87.04097999957321,30.99933800014471],[-87.0413439996213,30.999256000009353],[-87.04165699961574,30.999210000221836],[-87.04189099996746,30.999203000034587],[-87.04215700010624,30.999194000123136],[-87.04221599965747,30.999192999876247],[-87.04279099959274,30.999185000210797],[-87.0437449996447,30.999197000093684],[-87.04440800034182,30.999197000093684],[-87.04584100006959,30.999204999758117],[-87.04702699992511,30.999207000251644],[-87.04796599990847,30.999204999758117],[-87.04832400010874,30.999204000281377],[-87.04883000044704,30.999210999698523],[-87.04981899976079,30.999207000251644],[-87.05066099965973,30.99921300019186],[-87.05166199956734,30.99921300019186],[-87.05254899967214,30.99922900028738],[-87.05258399983225,30.999229999763863],[-87.05317300001121,30.9992149999152],[-87.05335999960896,30.9991809999928],[-87.05352500036372,30.999133999921582],[-87.05367900034952,30.999130999949013],[-87.05502900023657,30.999099999970316],[-87.05504599995503,30.999099999970316],[-87.06020200000415,30.999151999755007],[-87.0640630004178,30.99919100015245],[-87.06688399966747,30.99937399973114],[-87.06704299967612,30.999396999973104],[-87.06760199971787,30.99930499974187],[-87.06850700026432,30.99909899972243],[-87.0686329997627,30.999142999838746],[-87.07099299977823,30.999154999726915],[-87.07597800012316,30.999182999716798],[-87.07610799981948,30.99918399996379],[-87.08097000014074,30.999207000251644],[-87.08558999971436,30.999241999641143],[-87.0896190003575,30.999260000224197],[-87.08988600032119,30.99926199994649],[-87.09689799969739,30.999304000266175],[-87.09691199994109,30.999304000266175],[-87.10539999960103,30.999348999763086],[-87.11507300018995,30.999402999901427],[-87.11515100000776,30.999404000146118],[-87.11646999993269,30.999413000037734],[-87.11887299960593,30.99942700038083],[-87.1249690003616,30.99880299981253],[-87.12699299991816,30.99887200016503],[-87.1339800000783,30.999207000251644],[-87.13559000025637,30.99928399996958],[-87.13579799977053,30.999294000118432],[-87.14075499962802,30.999531999808582],[-87.1493700004079,30.99934800028785],[-87.14959399981558,30.999342999831434],[-87.15059399989829,30.9993220000675],[-87.16078899982071,30.999105999917326],[-87.16279800020693,30.999052999859178],[-87.16308400043721,30.999045000181972],[-87.16331399969265,30.999037999982665],[-87.1635430000215,30.99903200003138],[-87.16365299962636,30.999029000055604],[-87.16381400018318,30.99902400035248],[-87.1640839996216,30.99901700015157],[-87.16421400021625,30.99901299992654],[-87.16434300008768,30.999009999950214],[-87.16439300031641,30.99900899970139],[-87.164661000105,30.999002000269396],[-87.16545799979811,30.99898799986391],[-87.17047300028025,30.998850000046883],[-87.17149000008139,30.998823999690746],[-87.17250699988253,30.9987980000975],[-87.17405599996124,30.998756999806496],[-87.17480199960075,30.998741999883368],[-87.17523799961883,30.998728999691465],[-87.17530899976394,30.99872699995794],[-87.17537999990904,30.998725000224372],[-87.17544400038148,30.99872399997257],[-87.17550899978048,30.99872200023894],[-87.17938500026273,30.998618000172296],[-87.18326000002176,30.99851399999217],[-87.18332600014402,30.998512000254138],[-87.18800299961904,30.998389999984557],[-87.18817900024445,30.998385000247872],[-87.1882389996206,30.99838399999251],[-87.18971300025454,30.998346000290823],[-87.19339800004276,30.99825200007219],[-87.1967000004147,30.998136999735955],[-87.20013199958463,30.99801700027516],[-87.20015300039934,30.998016000015912],[-87.20058500021946,30.998002000235683],[-87.20549699987113,30.997833000141252],[-87.20623500001302,30.997807000277863],[-87.21183799995089,30.997613999678215],[-87.21817900003067,30.997395999747948],[-87.221462000136,30.99728099991959],[-87.22441399980521,30.997178000089455],[-87.22474600006623,30.99716799971875],[-87.22517399968841,30.99713600037349],[-87.225601000384,30.99710299997868],[-87.22638999968119,30.997041999732147],[-87.22717899987668,30.996981000216685],[-87.22953999971713,30.996816000170284],[-87.22973999973368,30.996802000213904],[-87.23716299991192,30.996414999670407],[-87.23768500014373,30.996392999755482],[-87.23790500025174,30.996412000382342],[-87.23807699978089,30.996425999625988],[-87.2381129997659,30.996428000177808],[-87.23831399960736,30.996447000027633],[-87.2388659999764,30.99649999999403],[-87.23941900017037,30.99655299993096],[-87.23967299971525,30.99656999997713],[-87.23991200008987,30.996587000020273],[-87.24007600012138,30.99659699968189],[-87.24022599990923,30.99661099966837],[-87.24041500005511,30.99663600035421],[-87.24052700020809,30.996642999959786],[-87.24155800025295,30.99672500003194],[-87.24923999999896,30.997668000028927],[-87.24992700008721,30.997751999743798],[-87.24997300011796,30.99775799977561],[-87.2517780002897,30.997913000209632],[-87.25240199973048,30.99793600003399],[-87.25478000018765,30.997928000263087],[-87.25520299978696,30.997927000002914],[-87.25554099989574,30.99790599992716],[-87.25583600034686,30.99789699989332],[-87.25703100042323,30.997851000220226],[-87.25713900037826,30.997863000271035],[-87.2571639995943,30.997862000010176],[-87.25723700028756,30.997860999749303],[-87.25729400018896,30.99786000025848],[-87.25743499975596,30.9978559999849],[-87.25748199961161,30.997854999723977],[-87.25801200023936,30.997845999685303],[-87.25807499998855,30.997845000194314],[-87.25941499982989,30.997830999618948],[-87.25967799959561,30.997831999880074],[-87.25980800019026,30.99782800037536],[-87.26000499983377,30.997807999769257],[-87.26044400022491,30.997801000249126],[-87.2608240001665,30.997795000220005],[-87.26115999972716,30.997801999740584],[-87.26121300032892,30.997801999740584],[-87.2616069996159,30.997801999740584],[-87.26296400007398,30.997799999987617],[-87.26384799980575,30.99780300000207],[-87.26402100005811,30.99780300000207],[-87.26465200006987,30.99780499975496],[-87.26482299977408,30.997806000016432],[-87.26500299969916,30.99780300000207],[-87.26569200033553,30.997789999682155],[-87.26571499990176,30.997789999682155],[-87.26648599965563,30.997757000283645],[-87.26665899990796,30.99776699982258],[-87.27627399987226,30.99830199980682],[-87.27796900043913,30.99830900006016],[-87.27807400002112,30.99830900006016],[-87.27817799977818,30.99831000031634],[-87.28473099957007,30.998339000040218],[-87.28487000038555,30.998339000040218],[-87.28863800001447,30.998343000293467],[-87.28872800042615,30.998343000293467],[-87.28874099994661,30.998343000293467],[-87.28878199995451,30.99834399977925],[-87.28882899981019,30.99834399977925],[-87.2889640004277,30.99834399977925],[-87.28908099970525,30.99834399977925],[-87.28914900037563,30.99834399977925],[-87.28918000033777,30.99834399977925],[-87.28920000042926,30.99834399977925],[-87.29099499965693,30.998352000285273],[-87.2954689996407,30.998386999988575],[-87.29571399986307,30.99838899972923],[-87.29772099970117,30.998400000227107],[-87.2993619998414,30.99841599968898],[-87.30152799968815,30.998437999907253],[-87.30154799977963,30.998436999652423],[-87.30366299957277,30.998321000053338],[-87.30398700033619,30.99825099981541],[-87.30402999999389,30.99819099979057],[-87.30905299997363,30.998339000040218],[-87.30919299971573,30.99834500003505],[-87.30922399967787,30.998346000290823],[-87.30923500044685,30.998346000290823],[-87.30927999975437,30.998349000288112],[-87.30948899999171,30.99835500028236],[-87.30961600021335,30.998358000279342],[-87.30982499955239,30.998364999758547],[-87.31194899956637,30.998434999912778],[-87.31199600032035,30.998376000259174],[-87.31213000021465,30.998207000057544],[-87.31226400010897,30.99803800032646],[-87.3123389995537,30.997958999852752],[-87.31235500034556,30.99794300031419],[-87.31236799986603,30.99793600003399],[-87.31244599968383,30.997892000130786],[-87.31252199985181,30.997863000271035],[-87.31255500036208,30.997854999723977],[-87.31262300013415,30.997839999659032],[-87.31266499996696,30.99783499989351],[-87.31411600013637,30.997839999659032],[-87.3146550000866,30.99784800020729],[-87.31467199980504,30.99784800020729],[-87.31469299972144,30.997848999698252],[-87.31492799989809,30.997851999711166],[-87.31517499977029,30.99784999995924],[-87.31518700036418,30.99784999995924],[-87.31520599973244,30.99784999995924],[-87.31523599986966,30.99784999995924],[-87.31583099989642,30.99784699994633],[-87.31674700031353,30.997848999698252],[-87.31696400004851,30.997845000194314],[-87.31709499956976,30.997833000141252],[-87.31724100005796,30.997843999933263],[-87.31725699995147,30.997845000194314],[-87.31814200040644,30.997839000167968],[-87.31846600027154,30.997839999659032],[-87.31878299956564,30.997836999645752],[-87.31960100007348,30.99783600015465],[-87.32106499976335,30.997839000167968],[-87.32267300029162,30.99783600015465],[-87.32268900018514,30.99783600015465],[-87.32270799955339,30.99783600015465],[-87.32383900005566,30.997833999632356],[-87.32567699983937,30.997842999672212],[-87.32601199957512,30.997842999672212],[-87.32620200044424,30.997842999672212],[-87.32669100016578,30.997837999906853],[-87.32688899963418,30.997842000181187],[-87.32701300038104,30.997845000194314],[-87.32711399976509,30.997845000194314],[-87.32905700002908,30.997851999711166],[-87.32909700021206,30.997851999711166],[-87.32948499965126,30.997842000181187],[-87.33157000020547,30.997842999672212],[-87.33210199958474,30.99784800020729],[-87.33262299999163,30.99784800020729],[-87.3330499997889,30.99784999995924],[-87.33398299992444,30.99786000025848],[-87.3340070002139,30.99786000025848],[-87.33404499984871,30.99786000025848],[-87.33407800035901,30.997854999723977],[-87.33411299962079,30.997857999736684],[-87.3341920001618,30.99786600028344],[-87.33423099962157,30.997869999786552],[-87.33425999993388,30.997877000071657],[-87.33427099980454,30.99788199983497],[-87.33429000007112,30.997875000320267],[-87.33499100040308,30.99794399980417],[-87.33502999986283,30.99794800007405],[-87.33506900022087,30.99795200034375],[-87.33527000006234,30.997972000149616],[-87.33693499959367,30.998136000248007],[-87.33725299961098,30.998166999770106],[-87.33743300043436,30.99818400029854],[-87.33779499993429,30.99821799980644],[-87.33808700001235,30.998247999815057],[-87.33831999964085,30.998271999815202],[-87.34396500030982,30.998271000328604],[-87.3444830003437,30.99827000007208],[-87.34732600023297,30.99827000007208],[-87.34789399959725,30.99827000007208],[-87.35078199969234,30.998168000027697],[-87.3507990003091,30.998166999770106],[-87.35545099966978,30.99786500002267],[-87.35557000039378,30.997858999997597],[-87.35720999981075,30.997860999749303],[-87.35831600019867,30.9978559999849],[-87.35935599956603,30.99786000025848],[-87.35955300010785,30.9978559999849],[-87.3595639999785,30.9978559999849],[-87.36020599986094,30.997843999933263],[-87.36060699971891,30.99783600015465],[-87.36117400015657,30.997831999880074],[-87.36237199970768,30.997839999659032],[-87.36288100041904,30.997854000233076],[-87.36341500034641,30.997862000010176],[-87.36372099976984,30.997860999749303],[-87.36376400032587,30.99786600028344],[-87.36386800008293,30.997892000130786],[-87.36388399997648,30.997895999632817],[-87.36390900009083,30.997892999621303],[-87.363979000411,30.997886000107407],[-87.36402600026668,30.997872000308096],[-87.36411699960496,30.997860999749303],[-87.36422799993305,30.997860999749303],[-87.36466700032418,30.997884999846775],[-87.36543800007803,30.997895999632817],[-87.36615299975539,30.997910999688955],[-87.36685900011022,30.99789699989332],[-87.36704900008102,30.997890999870243],[-87.36729000010544,30.997878999823023],[-87.36770699985695,30.99788199983497],[-87.36783200042875,30.99789399988182],[-87.37025500019347,30.99830600006169],[-87.37028000030782,30.99831000031634],[-87.37047199992844,30.998343000293467],[-87.3706309999371,30.9983420000377],[-87.37204500029658,30.99822200006478],[-87.37305200005198,30.998136000248007],[-87.37335400017578,30.9981099996972],[-87.37341600010005,30.99810499994585],[-87.37343899966626,30.998103000199226],[-87.37349999976564,30.998097000189116],[-87.373560999865,30.998091999667114],[-87.37496000015588,30.997972000149616],[-87.38080099974515,30.99798700019386],[-87.38130700008342,30.99798799968337],[-87.3813249996268,30.99798799968337],[-87.38138400007634,30.99798899994291],[-87.38143599995487,30.99798899994291],[-87.38148500035867,30.99798899994291],[-87.38151799997064,30.99798899994291],[-87.38750900024603,30.998005000243776],[-87.39168799977867,30.998014000267435],[-87.39184500013752,30.998014000267435],[-87.39187299972662,30.998014000267435],[-87.39472800020978,30.998020000282764],[-87.39792099990343,30.998026999786767],[-87.3984759997472,30.998028000045895],[-87.39850900025748,30.998029000305014],[-87.3985390003947,30.998029000305014],[-87.39858500042547,30.998029000305014],[-87.39863899995382,30.998029000305014],[-87.39868599980949,30.998029000305014],[-87.40037700017841,30.998032999801293],[-87.40192399970898,30.998035999808405],[-87.40357300024512,30.998038999815424],[-87.40404500024822,30.99804000007443],[-87.40428500044773,30.99804000007443],[-87.40447600024343,30.99804000007443],[-87.40730400006409,30.998046000088078],[-87.407381000057,30.998046000088078],[-87.40780000035666,30.998047000347004],[-87.40784899986214,30.998047000347004],[-87.40789200041816,30.998047000347004],[-87.40791900018233,30.99804799983588],[-87.40794599994652,30.99804799983588],[-87.40805499972647,30.99804799983588],[-87.40810400013027,30.99804799983588],[-87.40811699965074,30.99804799983588],[-87.4087600002564,30.998050000353683],[-87.40975600014113,30.998052000101396],[-87.41507399967365,30.99806599987428],[-87.41528600028408,30.998059000373143],[-87.41529700015474,30.998059000373143],[-87.42561599992571,30.99774099994115],[-87.42563099999431,30.99774099994115],[-87.42596800027822,30.99773999967907],[-87.42642299966457,30.997737999924816],[-87.43011900022177,30.997745000219556],[-87.43134299971214,30.99774299969535],[-87.43201100043215,30.99775499975975],[-87.43202599960244,30.99775499975975],[-87.43374100026082,30.997807000277863],[-87.43431600019609,30.997819999825424],[-87.43533600037028,30.99784800020729],[-87.4356629997101,30.997848999698252],[-87.43568799982447,30.997848999698252],[-87.43720199974305,30.997857000245812],[-87.44144300009832,30.997877000071657],[-87.44145800016693,30.997877000071657],[-87.44355299986857,30.997887999858566],[-87.44459899998205,30.99789399988182],[-87.44653100037539,30.9978729997988],[-87.44690100027125,30.997863999761847],[-87.4472569999234,30.99786000025848],[-87.4473129999999,30.99786000025848],[-87.44961199991604,30.997836999645752],[-87.44976099987895,30.997837999906853],[-87.44978199979535,30.997837999906853],[-87.45079899959651,30.997842000181187],[-87.4516649997849,30.997839999659032],[-87.45332299964355,30.99784999995924],[-87.45348900022321,30.997851000220226],[-87.45372100002682,30.997851999711166],[-87.45380600041564,30.997852999972128],[-87.4541009999684,30.9978559999849],[-87.45480599960001,30.99786500002267],[-87.45568299965907,30.997871000047336],[-87.45810899979685,30.99789399988182],[-87.45824100004131,30.997901000165108],[-87.45838400015646,30.997914999960223],[-87.4584650003473,30.997934999773896],[-87.45850899982992,30.99794600032415],[-87.45868100025736,30.997934000283838],[-87.45892499975652,30.9980629998681],[-87.4591840002226,30.998133000244028],[-87.45975800033297,30.997982999925608],[-87.46158799972075,30.997946999814083],[-87.46172800036115,30.997919999721535],[-87.46184299998887,30.99789699989332],[-87.46206399992182,30.997895999632817],[-87.46222700012844,30.9978980001538],[-87.46260299987208,30.997902999915954],[-87.46468400022835,30.99790599992716],[-87.46525599979056,30.998026999786767],[-87.46527599988204,30.998023000290296],[-87.46533500033158,30.998010000000317],[-87.46543499989069,30.997996000219224],[-87.46550299966276,30.997985999934308],[-87.46563699955706,30.997984000185195],[-87.46609400038986,30.997991999951342],[-87.46615100029128,30.997990999691908],[-87.46633000039141,30.99798899994291],[-87.46642800030071,30.99798799968337],[-87.4666819998456,30.997978999657203],[-87.46682400013583,30.99797699990795],[-87.46687600001437,30.997975999648297],[-87.46702699962711,30.99797399989898],[-87.46709500029749,30.99794000030415],[-87.46711899968861,30.997901999655575],[-87.46712799990944,30.997833000141252],[-87.46729100011605,30.997854999723977],[-87.46747799971381,30.99786500002267],[-87.46981199979007,30.997860999749303],[-87.47167800006116,30.997863000271035],[-87.4724680000816,30.997869000295804],[-87.47269200038758,30.997871000047336],[-87.47354500015719,30.997869999786552],[-87.47608099989982,30.997866999774224],[-87.47719300013551,30.997862000010176],[-87.47723699961814,30.997862000010176],[-87.47739200032714,30.997863999761847],[-87.47745300042651,30.99786500002267],[-87.4776009996662,30.997866999774224],[-87.47765000007,30.997868000035023],[-87.47773700010863,30.997869999786552],[-87.47787000017803,30.9978729997988],[-87.47798800017881,30.9978729997988],[-87.47826799966296,30.997875000320267],[-87.478712000077,30.997877000071657],[-87.4789959997591,30.997878000332367],[-87.47916599963843,30.997878999823023],[-87.47919499995074,30.99788000008368],[-87.47935399995941,30.997887000368],[-87.47945600006665,30.997892000130786],[-87.47952899986159,30.997901999655575],[-87.4795580001739,30.997910000198644],[-87.47958499993808,30.997922999732143],[-87.47960900022753,30.99794000030415],[-87.47962799959578,30.997958000362935],[-87.47970100028903,30.99796199986219],[-87.47986600014549,30.997972000149616],[-87.48002000013126,30.997981000176445],[-87.48029100029291,30.997996999708622],[-87.4816000001721,30.99807399963361],[-87.48271499988255,30.998139000251875],[-87.48377299969157,30.998106999692403],[-87.48517299980735,30.998071999886356],[-87.48599200014009,30.998053999849084],[-87.48606199956197,30.998053000360258],[-87.48610099992003,30.998052000101396],[-87.48762200040964,30.998019000023557],[-87.48834200010987,30.99799900022749],[-87.48837399989692,30.99799799996807],[-87.48842099975258,30.997996999708622],[-87.48843900019426,30.997996999708622],[-87.49000900018935,30.99797999991683],[-87.49651599995047,30.997946999814083],[-87.4983760003738,30.997937999784046],[-87.49842800025233,30.997937000294012],[-87.49844199959772,30.997937000294012],[-87.49851199991792,30.99793600003399],[-87.49897399987528,30.997852999972128],[-87.49998099963068,30.997672000310395],[-87.50519199993141,30.997648000159312],[-87.50773100004709,30.99763700034467],[-87.51322900040297,30.99761300018473],[-87.513337000358,30.997601000102527],[-87.51340900032802,30.997593000303517],[-87.51483299983495,30.997547999977968],[-87.51494499998793,30.997543000197155],[-87.51556500012904,30.99758499973386],[-87.5177519998922,30.997593999797214],[-87.52014299986988,30.997592000039898],[-87.52710200044093,30.997674000066034],[-87.52746399994085,30.99767800034725],[-87.52787700039272,30.997683000120993],[-87.527967999731,30.997684000383657],[-87.52798600017267,30.9976849998764],[-87.52800399971602,30.9976849998764],[-87.52801799995972,30.9976849998764],[-87.5308059995974,30.99771800006982],[-87.53082599968891,30.99771800006982],[-87.53366799975326,30.997748000235735],[-87.54080999972412,30.99783499989351],[-87.54083499983847,30.99783499989351],[-87.54093000027304,30.997836999645752],[-87.54095299983925,30.997836999645752],[-87.54110000015234,30.997839000167968],[-87.5413779999867,30.997842000181187],[-87.54269400043688,30.997857999736684],[-87.54804299993157,30.997916999710775],[-87.54805999965,30.997922000241957],[-87.54814099984084,30.997857999736684],[-87.54817500017604,30.997833000141252],[-87.54819699991734,30.997816999811505],[-87.54822299985662,30.99779699997309],[-87.5483910000861,30.997671000047525],[-87.5485600001405,30.997569999626453],[-87.54861600021701,30.9975449999555],[-87.54862799991257,30.997541999932935],[-87.54866499972249,30.997529999841795],[-87.54871300030139,30.997517999749142],[-87.54879100011918,30.99750800018409],[-87.5488699997619,30.99750999994319],[-87.54901200005212,30.99751599999022],[-87.54973400030049,30.997546000219682],[-87.54992000007331,30.997551000000346],[-87.55012699976257,30.99755800030881],[-87.55039600027438,30.997567000374712],[-87.55095399959289,30.997599000345346],[-87.55125400006686,30.997607000143844],[-87.55243999992241,30.99761300018473],[-87.55486199986221,30.99758199971255],[-87.555500000445,30.997587000261372],[-87.55552499966103,30.997587000261372],[-87.55569799991338,30.99758799975507],[-87.55666399966091,30.997611999921315],[-87.5575149997807,30.99760899990086],[-87.55929400001315,30.99759600032448],[-87.5604780002189,30.997579999954993],[-87.5629429998164,30.997551000000346],[-87.56371600011839,30.997546000219682],[-87.5637939999362,30.99754399969131],[-87.56412199999924,30.997541999932935],[-87.56444800041248,30.99754000017452],[-87.56474700016322,30.997535999887592],[-87.5651670002878,30.997535999887592],[-87.56553200016077,30.997535999887592],[-87.5664279995881,30.997534999623298],[-87.56841199985998,30.99754000017452],[-87.56853599970853,30.997541999932935],[-87.56859199978504,30.997543000197155],[-87.56878699977871,30.997546999713816],[-87.56906299996322,30.99754399969131],[-87.57051999998042,30.997546999713816],[-87.57074900030928,30.997546999713816],[-87.57076000017993,30.997546000219682],[-87.5707719998755,30.997546000219682],[-87.58109400001952,30.997605999880314],[-87.58114900027111,30.997607000143844],[-87.58116000014175,30.997607000143844],[-87.58117600003528,30.997607000143844],[-87.5812129998452,30.997607000143844],[-87.58142700010545,30.997607999637328],[-87.58551600012473,30.99762700002212],[-87.58588900039364,30.997619000225303],[-87.5930820004181,30.997482000232115],[-87.59608400031604,30.99747399965308],[-87.59882900029604,30.997455000007868],[-87.59883900034177,30.99742600001522],[-87.59883900034177,30.99739800027943],[-87.59871100029525,30.99723900024899],[-87.59862099988356,30.997073999879],[-87.59862099988356,30.997041000232713],[-87.59864699982285,30.99682099998923],[-87.59879999998373,30.996765999656542],[-87.59883799961855,30.996765999656542],[-87.59899099977942,30.996551000151808],[-87.59899800035042,30.99629799964463],[-87.59862099988356,30.995633000069123],[-87.59858900009651,30.99541299965781],[-87.59870999957204,30.9950280002195],[-87.59842900026295,30.994587999948504],[-87.59823699974402,30.994291000369923],[-87.59813499963677,30.993675000206554],[-87.59810899969749,30.993349999941028],[-87.59819800028427,30.992993000143006],[-87.5981659995989,30.992993000143006],[-87.59775800006821,30.992431999850872],[-87.5976869999231,30.992134999719426],[-87.59759800023465,30.991611999861192],[-87.59743800040107,30.991277000048832],[-87.59733600029382,30.99100199979484],[-87.59717599956194,30.99078200025291],[-87.59714399977489,30.99078200025291],[-87.59670299973392,30.9906440001133],[-87.5963839998917,30.989923999963764],[-87.59644800036412,30.989813999783273],[-87.59647299958016,30.989731000354173],[-87.59673500041929,30.989434000283943],[-87.59679200032069,30.9891039999771],[-87.59676700020634,30.9888240001517],[-87.59666400027419,30.98871400024298],[-87.59654299990036,30.98847199984331],[-87.5965040004406,30.98722900022778],[-87.596229000081,30.986783000224975],[-87.59591000023876,30.986783000224975],[-87.59564800029794,30.986640000108995],[-87.59552100007635,30.986316000130383],[-87.59513799976169,30.986117999772933],[-87.59511199982242,30.986123999766455],[-87.5947290004061,30.98579400033198],[-87.59469699972072,30.985463999756085],[-87.59504800024831,30.98516100021052],[-87.59510500014973,30.98496800020674],[-87.59481800009456,30.984556000173384],[-87.5944349997799,30.9842259999364],[-87.59376399958518,30.98405000031891],[-87.59360499957651,30.9839510001507],[-87.59328499990937,30.98339599998958],[-87.5931319997485,30.98303800026127],[-87.5930680001744,30.98243299985541],[-87.59297199991494,30.982102999977624],[-87.5928499997162,30.981636000081384],[-87.5928499997162,30.981376999772152],[-87.59310599980924,30.98110799978615],[-87.5932010002438,30.980794000054402],[-87.5931309999236,30.980463999899783],[-87.59293900030296,30.980305000139058],[-87.59249900008692,30.98027699999876],[-87.5923009997202,30.98018400013395],[-87.5922370001461,30.979941999663517],[-87.59233900025335,30.97975500027997],[-87.59249900008692,30.97957900011764],[-87.59253099987397,30.979392000022806],[-87.59245999972886,30.979061999641143],[-87.59277899957108,30.978560999926138],[-87.59284899989127,30.97836900013152],[-87.59284899989127,30.978181999976318],[-87.59320000041888,30.977741000095065],[-87.59325399994724,30.977695999646812],[-87.59348099972796,30.977510000187532],[-87.59349300032184,30.97743799990204],[-87.59355100004817,30.977103000383842],[-87.59355100004817,30.976987999967754],[-87.59351300041332,30.976993000055696],[-87.59326399999298,30.976750999965812],[-87.59326399999298,30.97671800022112],[-87.59319299984787,30.976498000091027],[-87.5933150000466,30.976273000098587],[-87.59334699983366,30.976240000188618],[-87.59348099972796,30.97607499969732],[-87.59353799962936,30.97595899986271],[-87.59351199969011,30.975667999935983],[-87.59323100038101,30.975474999987572],[-87.59307200037236,30.975393000134748],[-87.59300200005215,30.975365000093763],[-87.59294400032584,30.975111999625906],[-87.59294400032584,30.974671999927402],[-87.59282999962471,30.974459000165723],[-87.59264999969966,30.974121999955265],[-87.59248999986607,30.973929999703227],[-87.59245800007903,30.973352000215762],[-87.59268200038503,30.97287400027164],[-87.59264999969966,30.972659000069093],[-87.59233000003253,30.972329000284905],[-87.59208099961216,30.97184000013153],[-87.59195299956565,30.971360999779964],[-87.5919340001974,30.97129000001699],[-87.5919340001974,30.97094900031105],[-87.59188300014377,30.970739999814747],[-87.59177400036383,30.970542000260206],[-87.5917299999829,30.970425999863643],[-87.59166600040878,30.97017899962523],[-87.59153800036228,30.970091000383853],[-87.59118699983468,30.969936999975648],[-87.59090599962728,30.969661999839325],[-87.59074599979371,30.969348000193847],[-87.59061199989941,30.96906800016886],[-87.59045200006585,30.968577999689714],[-87.59045200006585,30.968435000023717],[-87.59036300037738,30.967968000263603],[-87.59004399963683,30.96755600001701],[-87.58997300039005,30.967275000317223],[-87.58969200018265,30.966922999860873],[-87.589308999868,30.96662599967001],[-87.58905399959988,30.966285000251595],[-87.58905399959988,30.966263000321835],[-87.58886199997926,30.965790000220924],[-87.58879800040515,30.965272999777124],[-87.5888300001922,30.964942999882215],[-87.58888700009362,30.96451900005655],[-87.58867000035863,30.964162000234968],[-87.58867700003132,30.963837000358794],[-87.58888700009362,30.963282000323954],[-87.58889999961409,30.9627260002858],[-87.58905899962275,30.96226399965364],[-87.58911600042246,30.962039000007103],[-87.58914800020952,30.96192900003832],[-87.58911600042246,30.961873999621247],[-87.5890269998357,30.961647999955954],[-87.58895700041381,30.961383999969616],[-87.58895700041381,30.961351000305175],[-87.58912200027025,30.9611260000482],[-87.58940299957933,30.96093299997375],[-87.58941000015034,30.960911000351626],[-87.58953099962586,30.960774000034505],[-87.58963299973311,30.960437999931628],[-87.58972899999256,30.960157999969997],[-87.58995199957533,30.95996500025033],[-87.58994499990263,30.959888000385035],[-87.59004100016212,30.959723000134556],[-87.58995199957533,30.959309999854547],[-87.58991999978828,30.959227999983774],[-87.58988100032853,30.958891999834346],[-87.59007299994916,30.958556999946097],[-87.59042399957843,30.958121999751967],[-87.59051300016522,30.95784199993374],[-87.59089599958155,30.957462000243208],[-87.59118900038281,30.957126000044074],[-87.59131700042933,30.95665899967285],[-87.59135500006417,30.95640599970923],[-87.59138699985122,30.95571800025891],[-87.59135500006417,30.95503600011213],[-87.5911950002306,30.954617999876834],[-87.59109300012335,30.954343000305897],[-87.59093300028977,30.953820999763508],[-87.59093300028977,30.95351300014803],[-87.59109200029843,30.953133000184565],[-87.59141799981336,30.952798000128904],[-87.59182600024236,30.952549999781663],[-87.59185800002942,30.952296999720804],[-87.59166600040878,30.951938999695802],[-87.59160899960906,30.951669999964906],[-87.59173599983069,30.951362000348233],[-87.59198500025101,30.951197000007603],[-87.59266200029353,30.951163999905276],[-87.59303800003717,30.950921999833824],[-87.59329300030531,30.950613000131284],[-87.59351699971297,30.95031600006619],[-87.59383599955521,30.950128999665694],[-87.59415500029574,30.949897999979925],[-87.59418600025789,30.949871000160257],[-87.59418600025789,30.94973300019256],[-87.59411599993767,30.949650999804742],[-87.59389300035492,30.949452999667944],[-87.59380299994322,30.94912799981859],[-87.59380299994322,30.948687999801912],[-87.59390500005048,30.948353000339146],[-87.59390500005048,30.948050000107905],[-87.59406400005915,30.94760499966396],[-87.59438299990137,30.94697199979182],[-87.5944470003738,30.946834000259795],[-87.59446599974204,30.946476999825588],[-87.59459999963636,30.946124999761906],[-87.5948490000567,30.945734000057872],[-87.59488699969152,30.945706999832048],[-87.59488699969152,30.94537099989367],[-87.59501399991314,30.944634000291426],[-87.59546699964966,30.943358000294065],[-87.59574100018438,30.942779999911767],[-87.59581800017726,30.94248300015528],[-87.59581099960624,30.94242800009906],[-87.59600899997297,30.941982999671158],[-87.5960600000266,30.9419270000211],[-87.59616799998163,30.94181199961878],[-87.59648099997607,30.94151000030191],[-87.59670399955884,30.941013999695134],[-87.5967360002442,30.940932000300656],[-87.59686299956749,30.940574000071933],[-87.5973349995706,30.939881000160018],[-87.59775600041839,30.939303999657778],[-87.59791600025196,30.93896800032312],[-87.59800499994043,30.938527999756996],[-87.59800499994043,30.93839000035998],[-87.59811000042073,30.93828700016094],[-87.59819599973613,30.938202999736905],[-87.59822800042149,30.938202999736905],[-87.59845799967695,30.93803799978984],[-87.59935099962952,30.937950000215242],[-87.59970200015714,30.937817999931003],[-87.60071599958523,30.93665699966567],[-87.600945999739,30.93637599999069],[-87.60119400033443,30.93596899978937],[-87.60132800022872,30.93585899985406],[-87.60167899985801,30.935748999792125],[-87.60176900026968,30.935579000288],[-87.60176900026968,30.935330999943496],[-87.60171099964505,30.93508399987438],[-87.60180699990454,30.93494600012876],[-87.60199799970025,30.93475300033467],[-87.602087000287,30.93442299980408],[-87.60242799987056,30.93378900030498],[-87.60278900044388,30.933119999948683],[-87.60308200034684,30.932564000062065],[-87.6031140001339,30.932564000062065],[-87.60308200034684,30.93234900004834],[-87.60295400030033,30.932069000219634],[-87.60278799972066,30.931798999855882],[-87.60282000040603,30.93160099972103],[-87.60298600008738,30.93143599993755],[-87.60327300014255,30.931331999764303],[-87.6033049999296,30.93130399990574],[-87.60346399993826,30.931193999996932],[-87.60352099983967,30.93111199988451],[-87.60352099983967,30.930831000093406],[-87.60368099967324,30.930617000230622],[-87.60387200036725,30.930534000198108],[-87.60422299999654,30.929977999914467],[-87.60438799985297,30.92945600036179],[-87.60451599989949,30.92917500032763],[-87.60473900038058,30.92903799997042],[-87.60482899989394,30.92896099984098],[-87.60489900021416,30.92887799991223],[-87.6048670004271,30.928679999893394],[-87.60489800038924,30.928355999748835],[-87.60505800022281,30.92812399961777],[-87.6052490000185,30.92801999969514],[-87.60530699974483,30.927854999897104],[-87.60533799970698,30.92757399978181],[-87.60553000022591,30.927360000335895],[-87.60575899965646,30.9272220002303],[-87.60582300012886,30.92702399986504],[-87.60579100034182,30.926804000091465],[-87.60582300012886,30.926605999631374],[-87.60635200003338,30.925621000123748],[-87.6066130001493,30.925257999871047],[-87.60696399977859,30.925231000026457],[-87.60705300036534,30.9251210000671],[-87.60724499998597,30.924707999735148],[-87.60743599978169,30.92391000037626],[-87.60750600010188,30.92329400002203],[-87.60749900042919,30.92295300007404],[-87.60769699989758,30.92247999979906],[-87.60773500043074,30.92222199964396],[-87.60763900017126,30.92173200010983],[-87.60830199997008,30.920736000299843],[-87.60827600003081,30.92012599982806],[-87.60842900019168,30.919763000298616],[-87.60865900034545,30.919521000103913],[-87.6090919999905,30.919167999884447],[-87.60960199962844,30.918089999862286],[-87.6097680002081,30.91767199988824],[-87.60992700021676,30.917122000060257],[-87.60992499966862,30.91710699964236],[-87.60989500042972,30.916737000148974],[-87.60995200033113,30.91651699983431],[-87.61017499991388,30.91629100002823],[-87.61055800022854,30.91604400010356],[-87.61062799965042,30.91576899975862],[-87.61068499955181,30.915416000337675],[-87.61074900002424,30.91535000007872],[-87.6109080000329,30.91511400011151],[-87.61094700039095,30.91511400011151],[-87.61138699970871,30.91483300032854],[-87.611520999603,30.914553000083252],[-87.61171200029703,30.91400199968227],[-87.61206200010139,30.913699999617187],[-87.61222199993496,30.913369999655576],[-87.61228499968415,30.91292400002423],[-87.61228499968415,30.911796999867782],[-87.61228399985923,30.91094400026647],[-87.61234199958555,30.910609000340447],[-87.61256500006664,30.910223000018295],[-87.61256500006664,30.91019599978378],[-87.61266700017389,30.910080000116736],[-87.61275599986234,30.909969999691278],[-87.61295300040415,30.90944799962017],[-87.6132660003986,30.909068000219726],[-87.61371800031021,30.908705000354878],[-87.61396699983226,30.908485000070304],[-87.61399899961931,30.908485000070304],[-87.61410099972655,30.908258999790856],[-87.61412599984091,30.907989999700394],[-87.61383899978573,30.907660000086825],[-87.61383899978573,30.907466999953623],[-87.61387700031888,30.907439999712263],[-87.61406800011459,30.907186999735373],[-87.61409999990163,30.907186999735373],[-87.61434900032198,30.906917000042935],[-87.61431699963661,30.906558999647256],[-87.61438000028413,30.90616300006536],[-87.61467400001199,30.90583899995954],[-87.61469900012635,30.90583899995954],[-87.61501799996857,30.905641000040077],[-87.61515199986287,30.90547499972186],[-87.61524099955135,30.90520600028505],[-87.61524099955135,30.90516700004034],[-87.61511300040314,30.905007999826918],[-87.61469900012635,30.90485400012943],[-87.61460899971466,30.904568000254134],[-87.61441100024626,30.90445799965947],[-87.61437899956088,30.90431499962243],[-87.61441100024626,30.904133999948343],[-87.61476199987553,30.90385300029567],[-87.61483200019575,30.90382599980559],[-87.61527200041179,30.903681999889358],[-87.61534199983366,30.903545000019548],[-87.61527200041179,30.903104999887876],[-87.61527200041179,30.902779999735746],[-87.6154559996365,30.90208200020437],[-87.61568599979027,30.901640999787244],[-87.61597200002053,30.90128400020059],[-87.61600399980759,30.901256000025548],[-87.61632299964981,30.900947999872148],[-87.61670599996445,30.90065099969421],[-87.61731799970964,30.900094999928342],[-87.61735000039499,30.900094999928342],[-87.61778999971276,30.899907999970424],[-87.61789199982,30.899880000163755],[-87.61824300034759,30.899956999805088],[-87.61845900025766,30.899956999805088],[-87.61859300015196,30.899880000163755],[-87.61875299998553,30.8994839999288],[-87.61884199967399,30.899186999833862],[-87.61897599956829,30.899104000281064],[-87.61922400016371,30.899076999993156],[-87.61976700031192,30.899274999615464],[-87.6199260003206,30.899273999863684],[-87.62015599957604,30.899070999928096],[-87.62034700027007,30.898657999687437],[-87.62037200038444,30.898657999687437],[-87.62062099990645,30.898383000256178],[-87.62088200002238,30.898328000275132],[-87.62104199985593,30.898196000037583],[-87.62107299981808,30.898046999766837],[-87.62142400034567,30.897888000060195],[-87.621806999762,30.897722999940083],[-87.62186399966342,30.89755699976583],[-87.6218059999371,30.897200000366343],[-87.6217430001879,30.897089999784328],[-87.62183199987635,30.896951999954627],[-87.62212499977933,30.89675400015315],[-87.62212499977933,30.896616999618722],[-87.62202299967207,30.896566999836214],[-87.6218629998385,30.896566999836214],[-87.62164699992843,30.896540000374497],[-87.6213270002613,30.89631500019585],[-87.62123199982673,30.896183000266358],[-87.62123199982673,30.896033999946305],[-87.62107199999316,30.895901999629416],[-87.62091899983228,30.89573699994097],[-87.62088100019746,30.895461999828346],[-87.62091899983228,30.895270000332708],[-87.62110999962799,30.895099000012134],[-87.62133300010908,30.895072000136448],[-87.62164600010352,30.895132000192422],[-87.6218629998385,30.895103999759847],[-87.62189399980065,30.895103999759847],[-87.62221299964288,30.89482400037976],[-87.62221299964288,30.894795999857074],[-87.62224500032822,30.89460399979686],[-87.62203400044103,30.894246000374793],[-87.62200199975567,30.893993000215016],[-87.62202699987002,30.893668999774654],[-87.62202799969495,30.893614000169194],[-87.62174599966264,30.892481000343995],[-87.62152300007986,30.892260999774276],[-87.6213630002463,30.892211000029796],[-87.6212929999261,30.892172999713193],[-87.621229000352,30.891985999700356],[-87.62121099991033,30.891594000063208],[-87.62120300041273,30.89140800029548],[-87.62074999977789,30.890659999786994],[-87.62071799999083,30.890659999786994],[-87.62043099993565,30.890006000062808],[-87.62043000011074,30.889472999885477],[-87.6204689995705,30.88930700005614],[-87.62055800015726,30.888971999956176],[-87.620532000218,30.8886469996254],[-87.62033999969906,30.888262000036203],[-87.62033999969906,30.88806399999728],[-87.62037200038444,30.88806399999728],[-87.62065299969352,30.887816999694216],[-87.62065299969352,30.88776699994238],[-87.6205959997921,30.887669000106325],[-87.62058599974637,30.88766399997043],[-87.62053700024086,30.887640999804354],[-87.62039699960047,30.887596999974125],[-87.62039699960047,30.887568999651098],[-87.62027000027719,30.88740400025208],[-87.6203060002622,30.887335000320977],[-87.62033999969906,30.887272000373997],[-87.62053100039309,30.887040999956938],[-87.62091399980943,30.887014000122107],[-87.62104100003103,30.88695899977839],[-87.62107299981808,30.886875999648357],[-87.62093899992378,30.88671699989501],[-87.62091299998451,30.88663400032622],[-87.62100300039619,30.886578999764293],[-87.62110499960514,30.886550999914622],[-87.62110499960514,30.886523999941677],[-87.62104100003103,30.886249000354887],[-87.62112999971949,30.88608400022382],[-87.62116200040485,30.885858000255876],[-87.62129600029915,30.885831000087595],[-87.6214550003078,30.885534000047045],[-87.62154399999626,30.8854789996244],[-87.62161400031647,30.8854789996244],[-87.62196499994576,30.885451000224066],[-87.62215599974147,30.88522000004101],[-87.62215599974147,30.885033000329127],[-87.62227700011528,30.884895000085052],[-87.62243699994886,30.88486799964533],[-87.6228190004386,30.884895000085052],[-87.6229469995868,30.88484000006645],[-87.62317000006786,30.88467499982116],[-87.62343100018377,30.88459200002481],[-87.62364799991876,30.88459200002481],[-87.62432400013635,30.884536999832246],[-87.62448399996993,30.884482000379034],[-87.62467499976563,30.884371999835995],[-87.62469999988,30.884234000181532],[-87.6245729996584,30.884174000236218],[-87.62429200034931,30.884174000236218],[-87.62425399981616,30.88409100000583],[-87.62434900025073,30.883959000187925],[-87.62454000004642,30.883816000372622],[-87.62473199966705,30.883777999808967],[-87.62500000035396,30.883773000240915],[-87.62531300034841,30.88382800010119],[-87.62538299977031,30.88382800010119],[-87.62543999967171,30.88381199994883],[-87.62550400014412,30.883784000061283],[-87.62589300030656,30.883410000062643],[-87.625981999995,30.883310999705227],[-87.62604599956911,30.882980999830735],[-87.62609800034596,30.882832999709393],[-87.62621899982148,30.882574999836688],[-87.62639100024892,30.88232700009893],[-87.62658899971733,30.882090999665316],[-87.62683200028988,30.881881999939274],[-87.62695899961318,30.88178300031568],[-87.62752100002798,30.881618000201698],[-87.62797999961228,30.880997000070884],[-87.62814600019196,30.880798999663337],[-87.62828000008625,30.880682999841866],[-87.62882200040956,30.88051299963713],[-87.6289239996185,30.880463999875857],[-87.62910299971864,30.880425000346897],[-87.62921099967366,30.880194000379916],[-87.62928199981877,30.88001299982639],[-87.6293260001997,30.879941000107422],[-87.62942199956086,30.879853000291813],[-87.62943499997964,30.879771000128084],[-87.62941599971307,30.879561999966807],[-87.6296140000798,30.87934199979149],[-87.62957600044496,30.879215000175236],[-87.62959499981322,30.87890700006061],[-87.62949299970597,30.87880299984839],[-87.62946099991892,30.878741999619493],[-87.62947400033772,30.878670999683344],[-87.62958200029274,30.878627000358897],[-87.62965900028564,30.878477999710466],[-87.62961999992757,30.878381000364236],[-87.62956999969886,30.878258000130078],[-87.62959499981322,30.878191999694845],[-87.62971600018706,30.877996000377355],[-87.62994600034082,30.877626000053638],[-87.63006099996855,30.87733399992306],[-87.63015100038024,30.8764160000006],[-87.63018300016729,30.876212000194176],[-87.63024699974137,30.876151999850986],[-87.63038700038179,30.875987000062757],[-87.63045799962859,30.875876999789085],[-87.63053399979657,30.875540999755316],[-87.63066199984308,30.875431999741398],[-87.63078300021691,30.87518400001878],[-87.63090000039276,30.87500000000878],[-87.63100199960172,30.874823999702166],[-87.63100199960172,30.874553999733767],[-87.63116200033359,30.874312000126473],[-87.6312259999077,30.873812000340354],[-87.63145500023656,30.873311000235795],[-87.63170399975859,30.873002999648694],[-87.63180599986583,30.872920999791162],[-87.63189600027751,30.872832999696747],[-87.63193399991233,30.872733999975836],[-87.63201699975303,30.872591000369802],[-87.63201699975303,30.872393000325737],[-87.63199199963867,30.872348999660726],[-87.63189000042973,30.872343000234373],[-87.63185100007168,30.872348999660726],[-87.63168600021524,30.87232699970617],[-87.63170499958348,30.872294000150365],[-87.63184500022389,30.872150999887758],[-87.63206199995886,30.871875999910028],[-87.63219599985315,30.871793999859275],[-87.6322469999068,30.871805000283857],[-87.63231700022699,30.87177199977727],[-87.63238699964887,30.871677999930913],[-87.63239400021989,30.871391999667324],[-87.63254700038077,30.871292999999948],[-87.63275700044304,30.87126000008812],[-87.63287200007078,30.87120499995281],[-87.63291700027662,30.871090000128618],[-87.63289200016226,30.86989600021719],[-87.63308999963066,30.869483999919005],[-87.6331349998365,30.869357000345893],[-87.63312800016381,30.86925800011869],[-87.63310300004945,30.869158999789317],[-87.63302600005656,30.8689889999586],[-87.6330350002774,30.86894900031754],[-87.63307100026239,30.86880200018218],[-87.63339000010463,30.868443999942933],[-87.63372800021342,30.868273999615223],[-87.63387499962822,30.868131000294483],[-87.6340920002615,30.86781199991401],[-87.63423200000359,30.867657999775812],[-87.63432200041528,30.8674220002255],[-87.63455800041683,30.866970999710553],[-87.63478799967228,30.866706999759824],[-87.63485100031978,30.866536000113488],[-87.6348710004113,30.866343999700643],[-87.63489599962733,30.8662610002184],[-87.6348660003884,30.86618399970543],[-87.63483600025117,30.86610699990171],[-87.6347679995808,30.8660710002226],[-87.6347249999231,30.865809000308776],[-87.63474400018966,30.86561000003118],[-87.63454400017312,30.865420999621335],[-87.63391399998629,30.865261999734606],[-87.63365200004546,30.86514600038316],[-87.63363000030415,30.864974000155808],[-87.6337540001527,30.864793000157167],[-87.63361699988535,30.864649000157005],[-87.63292499977423,30.864607000019806],[-87.63246299981687,30.86439200002083],[-87.63228299989181,30.864184999713213],[-87.63226100015049,30.86391399972639],[-87.63217599976169,30.863769999948154],[-87.63195599965366,30.863725999951328],[-87.63183000015528,30.863680999811038],[-87.63180699969075,30.863437000259],[-87.63194200030827,30.863193000086046],[-87.63187799983585,30.863075999643765],[-87.63170999960636,30.863057999622335],[-87.6315010002673,30.86311399993485],[-87.63144699984062,30.86290599982099],[-87.63154999977279,30.862517000357958],[-87.63155800016872,30.862181999894535],[-87.63136900002283,30.862137999940046],[-87.63104500015773,30.862284000131968],[-87.63071999956941,30.862268000237968],[-87.63042599984153,30.862169999768767],[-87.63026699983287,30.861800000037004],[-87.63006599999143,30.861449000122178],[-87.62961200042997,30.861044000047396],[-87.62899099956563,30.860594999912788],[-87.62880200031807,30.860469999672876],[-87.62868500014221,30.86025300010324],[-87.62862099966978,30.86008199974101],[-87.62836999959961,30.860038000365076],[-87.62811900042777,30.86016600010587],[-87.6278680003576,30.86018500005885],[-87.6277829999688,30.860076999707783],[-87.62779200018963,30.859868999945604],[-87.62763400000588,30.85967099984181],[-87.62720200018575,30.85923000003394],[-87.6271360000635,30.858868999772714],[-87.62693500022205,30.858481000302852],[-87.62681800004619,30.858184000321614],[-87.62681600039637,30.857930999783406],[-87.62672000013688,30.857722999993122],[-87.62623800008804,30.857662000228597],[-87.62600600028446,30.857437999925992],[-87.6260020000865,30.856832000271854],[-87.62601100030732,30.85651599990535],[-87.6259040001772,30.85622700007397],[-87.62576100006208,30.85601299999523],[-87.62572400025215,30.855957000162405],[-87.62571199965826,30.85571300023396],[-87.62581499959043,30.855440999999136],[-87.62595000020795,30.855241999795165],[-87.62594900038305,30.855132999833916],[-87.62566499980261,30.854872999765778],[-87.62547599965671,30.854847000337145],[-87.62522499958655,30.854829999757747],[-87.625072000324,30.854658999750377],[-87.62508999986733,30.854233999723675],[-87.62519199997459,30.853898999627443],[-87.62547300018198,30.853580999935982],[-87.62549200044856,30.85328299997146],[-87.625397000014,30.85309399994109],[-87.62553199973321,30.852930000029183],[-87.62578299980338,30.85283900015462],[-87.62591800042091,30.852693999701454],[-87.62595500023082,30.852016000274197],[-87.62599399969056,30.851481999849405],[-87.62597500032233,30.85102999967953],[-87.62629800036251,30.85076700005414],[-87.62640100029468,30.850521999771995],[-87.62639999957143,30.85025999978825],[-87.62637700000522,30.849935000047388],[-87.62652199977018,30.849708000170864],[-87.62672000013688,30.849599000090244],[-87.62690900028278,30.849625000170242],[-87.6270230000856,30.849560999841987],[-87.62706900011635,30.849240999873736],[-87.62708400018496,30.84913600036254],[-87.62707199959108,30.848928000007227],[-87.62692299962816,30.848639999957232],[-87.62692199980324,30.848458999976035],[-87.6270669995682,30.84825099969527],[-87.62705599969755,30.848088000272433],[-87.62697600022992,30.847825999810674],[-87.626679000129,30.847303999642406],[-87.62659700011325,30.84726499973299],[-87.62658200004464,30.847257999984873],[-87.62641600036328,30.847178000293184],[-87.62619600025525,30.847142999973297],[-87.62615299969924,30.847016999641436],[-87.62622499966925,30.846763000195466],[-87.62622399984434,30.84666399977682],[-87.62604200026948,30.846540999722073],[-87.62599399969056,30.84650900007696],[-87.62591900024582,30.846458000066235],[-87.62560399970323,30.846377999707496],[-87.62546700033421,30.846207000056935],[-87.62545599956523,30.846052999925924],[-87.62534000011259,30.84594499985681],[-87.62500600020174,30.84609600001245],[-87.62483600032243,30.846160999873415],[-87.62461399966627,30.846051999618794],[-87.6244250004187,30.845781000062196],[-87.62430499986978,30.845692999736976],[-87.62412699959455,30.845722999804355],[-87.62389800016402,30.845804999786296],[-87.6237700001175,30.845762000340624],[-87.62349899995584,30.845507999885715],[-87.62342000031312,30.845433999845284],[-87.6233409997721,30.845359999747846],[-87.62321100007576,30.845001000361712],[-87.62297099987623,30.844692999837076],[-87.62290999977687,30.84449500002439],[-87.62283699998194,30.84443300000682],[-87.62281600006554,30.84441500034256],[-87.62264600018622,30.84441599989548],[-87.62258199971382,30.844398999781145],[-87.62253499985813,30.844386999744],[-87.6224400003219,30.84430599964672],[-87.6223969997659,30.844138000369647],[-87.62245500039052,30.843844000155617],[-87.62214599969573,30.843595000143374],[-87.62168399973837,30.84320800015187],[-87.62134399997974,30.843217000097667],[-87.62113899994031,30.84318899992077],[-87.62101900028972,30.84311599997207],[-87.62101000006888,30.843050000023524],[-87.62116300022976,30.842880000180607],[-87.62119599984173,30.842792000279722],[-87.62099099980232,30.842609000148496],[-87.62064900039387,30.842398000031864],[-87.62040099979843,30.842258999759974],[-87.62038900010286,30.84223400034451],[-87.62029700004136,30.842047000067318],[-87.62023699976689,30.841900000340175],[-87.62009200000196,30.84186400005788],[-87.61984500012973,30.841858000266576],[-87.6195549997015,30.841777999928624],[-87.61929899960847,30.8416329997246],[-87.61923199966132,30.841831000044316],[-87.61916399988927,30.841948999760085],[-87.61900300023079,30.84195700024538],[-87.61890000029862,30.841898999989752],[-87.61892399968974,30.841663999871738],[-87.61890199994845,30.841501999639057],[-87.61895200017716,30.84128200004684],[-87.61882300030572,30.841106000318447],[-87.61860099964956,30.84101899992154],[-87.6183710003941,30.841005000284653],[-87.61819200029397,30.840947000224908],[-87.61808799963858,30.84077899969429],[-87.61792500033026,30.840596000351724],[-87.6174139999691,30.840473999824848],[-87.61707199966234,30.840328000368654],[-87.61698600034693,30.840197000044178],[-87.61717100029486,30.839835999878975],[-87.61713600013476,30.839673999645406],[-87.61688000004172,30.83950599997128],[-87.61634000026656,30.839039000149416],[-87.61617799988484,30.83887100013496],[-87.61615500031863,30.83870899981498],[-87.6162380001593,30.838340999823995],[-87.61627099977127,30.838143000016235],[-87.6162099996719,30.83803300028934],[-87.6160819996254,30.837901000296362],[-87.61585999986755,30.837873000110925],[-87.61561299999532,30.837808000034567],[-87.61549300034473,30.837720999732934],[-87.61537299979581,30.8375589997856],[-87.61547400007817,30.837389999868122],[-87.61550699969011,30.83723600024096],[-87.61513799961918,30.836737999985463],[-87.61494000015077,30.836429999934296],[-87.61494799964838,30.83623200004061],[-87.61505300012867,30.836150000362338],[-87.61524099955135,30.83613500037603],[-87.61523999972643,30.835988000077226],[-87.61511000003009,30.835701999810965],[-87.6150489999307,30.835488999870744],[-87.61515900043389,30.8352830000801],[-87.61542300002453,30.835311000249824],[-87.61566900007183,30.835259000038263],[-87.6157100000797,30.83503099972741],[-87.61559000042911,30.83481099995595],[-87.61538299984156,30.83448900007555],[-87.61524499974931,30.834209999899794],[-87.61505800015155,30.8341379997228],[-87.61486200033296,30.83421199998965],[-87.61476100005062,30.83428600019945],[-87.61465800011847,30.83418400027067],[-87.61446200029988,30.83410399970615],[-87.61420600020685,30.834105000137846],[-87.61396000015955,30.834157000203252],[-87.61372099978495,30.834078000048265],[-87.61282399963441,30.83362700008574],[-87.61231200034666,30.833393999873515],[-87.61204299983483,30.833307000198822],[-87.6119070002907,30.833286000212354],[-87.61175400012982,30.833403999636044],[-87.61158400025052,30.83347099971491],[-87.61140500015036,30.833412999729944],[-87.61122500022532,30.833267000330785],[-87.61075400004711,30.832710999899007],[-87.61058199961967,30.83255699970651],[-87.6103950000219,30.832506999671008],[-87.61010499959369,30.8325010000661],[-87.60990200010241,30.83264899998146],[-87.60972399982718,30.83279599999457],[-87.60936700035012,30.832812999850404],[-87.60902599986827,30.832734000131914],[-87.60866699984307,30.83263999981593],[-87.60852999957571,30.832419999963758],[-87.60832399971137,30.832170999620953],[-87.60745699969807,30.831771000084775],[-87.60704699961924,30.83156700017323],[-87.60681700036379,30.831414000147905],[-87.60664499993635,30.831245999899753],[-87.60637299994977,30.83120300010118],[-87.60616000041276,30.831203999791718],[-87.6058959999238,30.83117599996668],[-87.60570799960281,30.83105199965139],[-87.60556200001297,30.830897999882833],[-87.60548599984497,30.830950000142863],[-87.60539399978347,30.831185999960216],[-87.6052840001786,30.831384999924044],[-87.6050370003064,30.831327000221414],[-87.60486599970388,30.83115199966934],[-87.60472099993892,30.83113000029138],[-87.6045519998845,30.831402999718282],[-87.60431400023315,30.831419000132467],[-87.60410800036883,30.83117000027859],[-87.60384100040511,30.830715999908026],[-87.60348999987752,30.830219999937377],[-87.60348099965671,30.83020600026802],[-87.6031149999588,30.82966799996784],[-87.60293500003375,30.829374999873924],[-87.6028479999951,30.829163000262014],[-87.60290700044466,30.828986000194675],[-87.6030940000424,30.828948999982476],[-87.60309200039258,30.828713000065484],[-87.60304700018675,30.828354000115464],[-87.603037000141,30.82809699992837],[-87.60288300015522,30.8279060002051],[-87.60278100004795,30.82725300019546],[-87.60300100015598,30.82702399964821],[-87.60315299959363,30.82679599983398],[-87.60315199976874,30.82676000005743],[-87.60304600036184,30.82656500026178],[-87.6026930001844,30.826423000208855],[-87.60226700021205,30.82632899988446],[-87.60211800024913,30.826233999725705],[-87.60208899993683,30.82616600025271],[-87.60208100043923,30.82614699973338],[-87.60204299990608,30.8260580001739],[-87.60204200008117,30.825850999683304],[-87.6021700001277,30.82562600018667],[-87.60218699984611,30.825466999905593],[-87.601650000444,30.825389000064426],[-87.601502000306,30.82534200017902],[-87.60140699987144,30.82507099999694],[-87.60134699959698,30.82430400014371],[-87.60123500034231,30.823538999875947],[-87.60123100014435,30.823505999733378],[-87.60104100017355,30.822723999954633],[-87.60085000037785,30.821751000355288],[-87.6007919997532,30.821287999730753],[-87.60052999981238,30.820921999665046],[-87.60010200019022,30.820508000008818],[-87.59965699995129,30.82046299965354],[-87.59923000015404,30.820225000098244],[-87.59865299967062,30.819748000179814],[-87.59828100012494,30.819351000016532],[-87.59788899958947,30.818905000168773],[-87.5975170000438,30.818618999927168],[-87.59692299984194,30.81830300023442],[-87.59653399967954,30.818193000146223],[-87.59627500011175,30.81816200013371],[-87.5960530003539,30.818274999732974],[-87.59586800040597,30.818195999624322],[-87.59566099981843,30.817670000212768],[-87.5951240004163,30.81763999986327],[-87.59501999976091,30.817624000238705],[-87.5946239999258,30.817561999836386],[-87.59414199987695,30.81750099999867],[-87.59406700043219,30.817356999987886],[-87.59417700003705,30.81724499991597],[-87.59430900028153,30.817156999657627],[-87.5943639996348,30.817075999725574],[-87.59434500026653,30.817012999902584],[-87.59420700017428,30.816927999720818],[-87.59392500014197,30.816908999688085],[-87.59373599999608,30.816959999970514],[-87.59364200028476,30.816940000105014],[-87.59359299988097,30.816685999753524],[-87.59349800034472,30.816433000117676],[-87.59333199976506,30.81638200032687],[-87.59319100019803,30.81647499974353],[-87.59307400002218,30.816506000300528],[-87.59297899958763,30.816403999997895],[-87.59272900024068,30.815999000336816],[-87.59251699963025,30.815969000236844],[-87.59231699961373,30.816092000124303],[-87.59206999974151,30.816092999972227],[-87.59189300018951,30.816012999763064],[-87.59165700018795,30.81595300033399],[-87.59135099986621,30.816015000232],[-87.59102100015332,30.816047000014372],[-87.59084399970301,30.81599699986754],[-87.59054800032531,30.815733999901003],[-87.59039500016443,30.81585700008938],[-87.59019500014789,30.815919000049412],[-87.59006499955323,30.815786999738062],[-87.58965000034986,30.815433000111685],[-87.58928399975363,30.815220999806737],[-87.58880000005497,30.81512200002812],[-87.5885060003271,30.815093000284026],[-87.5882460000361,30.815084000015805],[-87.58808100017967,30.815044000270905],[-87.58793899988943,30.81492199967304],[-87.58779800032245,30.814913000160367],[-87.5876689995527,30.81508599973264],[-87.58752899981063,30.815239000316627],[-87.5872810001135,30.815199999721923],[-87.58723300043292,30.815017000221488],[-87.58727699991555,30.814641000002094],[-87.5872879997862,30.81441700033728],[-87.58712299992975,30.814427999626965],[-87.58693499960879,30.814561000126698],[-87.58686400036198,30.814459000073153],[-87.58686199981385,30.814143999677903],[-87.58671899969872,30.813940999990308],[-87.5864710000016,30.81382100004917],[-87.58611799982417,30.813821999920755],[-87.5857749996925,30.813609999917883],[-87.5856209997067,30.813549999759317],[-87.5854089999946,30.813550999633716],[-87.58520999980298,30.81371399984673],[-87.58506900023598,30.813724999988384],[-87.58474899967052,30.813543999741405],[-87.58454799982908,30.81333100001987],[-87.58433500029206,30.81319000033556],[-87.58419399982674,30.81319000033556],[-87.58407699965089,30.81334300008192],[-87.58385400006811,30.813486999938284],[-87.58364099963279,30.81342699970289],[-87.5835569999672,30.813182999645477],[-87.58355600014228,30.812887999636995],[-87.58346699955551,30.81280699996258],[-87.58319499956895,30.812767999923548],[-87.58282999969597,30.812789999650754],[-87.58255900043264,30.8127200001505],[-87.58224100041532,30.812741000005943],[-87.5819099999792,30.812569999837194],[-87.58180299984909,30.812316000274457],[-87.58154199973318,30.81215499978166],[-87.58116400033973,30.811952999639534],[-87.58102200004949,30.8118110003548],[-87.58102100022458,30.81166900008869],[-87.58108999982156,30.811425000195225],[-87.58098299969144,30.81130299963036],[-87.58075900028378,30.8112629998541],[-87.5803819998169,30.811264999650476],[-87.58017000010479,30.811285999823912],[-87.58012300024915,30.81118500004965],[-87.58026299999122,30.810991000162428],[-87.5802970003264,30.810859000023196],[-87.58024999957243,30.810766999701965],[-87.58009700030986,30.81075799979998],[-87.57975599982802,30.810881000187564],[-87.57956699968213,30.810891999882124],[-87.57937699971131,30.810619000006728],[-87.57894999991406,30.81009200008511],[-87.57879500010337,30.809878999653723],[-87.57872300013334,30.80962499992013],[-87.57860400030766,30.80939200010256],[-87.578437999728,30.80915899971997],[-87.57785299974698,30.8088560003144],[-87.57767600019497,30.80883700022817],[-87.577487999874,30.80887800016588],[-87.57721599988743,30.808778000098883],[-87.57694300007594,30.808524999695926],[-87.57659900011937,30.808119000063215],[-87.57650399968482,30.807855000198717],[-87.57660699961697,30.80744800011173],[-87.57667500028735,30.806939000293283],[-87.576389999882,30.806575000227802],[-87.57622400020064,30.80646399987838],[-87.57603500005476,30.806402999937642],[-87.57581199957367,30.80644500009073],[-87.575552000181,30.806313999828056],[-87.57497100039795,30.805655999824232],[-87.57475700013771,30.805331000287143],[-87.57453700002968,30.805058000042536],[-87.57467699977175,30.804720999660198],[-87.57459300010618,30.80448800029605],[-87.57437800002103,30.80406200034898],[-87.57428099993665,30.803604999976116],[-87.57410199983649,30.803269999862227],[-87.57349900031214,30.80287600022843],[-87.57312100002036,30.802715000120823],[-87.5727079995685,30.802614999812704],[-87.57248400016083,30.802534999954254],[-87.57233000017503,30.802392999867944],[-87.5722699999006,30.802118999771253],[-87.57237399965766,30.801905000188764],[-87.57259600031381,30.801548000340286],[-87.57260700018448,30.801395000329975],[-87.57233500019791,30.8011419997786],[-87.57207499990692,30.80108200032169],[-87.57190900022556,30.800930000346888],[-87.57188400011121,30.80060500025922],[-87.57188199956308,30.800371000163768],[-87.57175199986672,30.800199000343657],[-87.5714690000095,30.80013900029805],[-87.57117399955841,30.800130000172242],[-87.57088099965546,30.800294000017644],[-87.57058799975248,30.800569999934947],[-87.5704349995916,30.80058100003823],[-87.57035099992602,30.800439000151265],[-87.57022000040477,30.800145000381505],[-87.57006600041899,30.80003400032112],[-87.56988899996865,30.8000240001704],[-87.56970200037092,30.80022799995358],[-87.56953900016428,30.800492999948254],[-87.56937400030786,30.800473999751684],[-87.56914900017695,30.800331999706632],[-87.56879500017463,30.800181000102434],[-87.56848800002795,30.800161999844136],[-87.56825200002642,30.800112999932338],[-87.56806200005562,30.79981899993695],[-87.5678720000848,30.79959599968717],[-87.5678710002599,30.799340999757025],[-87.56801100000199,30.799168000384565],[-87.5679280001613,30.798975000181965],[-87.56804500033716,30.798821999933875],[-87.56817400020861,30.79875000023209],[-87.56808999964471,30.798588000127292],[-87.567794000267,30.7983450002298],[-87.56762799968735,30.7980510002279],[-87.56736800029465,30.79802199996117],[-87.56705100010225,30.79808399985564],[-87.56683900039015,30.798055000370432],[-87.56666000029001,30.797801000248526],[-87.56630399973953,30.797313999674877],[-87.56580699962207,30.796990999800048],[-87.56563000007006,30.796901000186256],[-87.56552399976486,30.79680899961941],[-87.56541699963473,30.796759000264164],[-87.56519400005197,30.7968210002016],[-87.56499400003544,30.796802000050768],[-87.56460200039827,30.796443999715407],[-87.56387500012704,30.796267000313655],[-87.56369500020199,30.796138000178136],[-87.56367299956236,30.79580300027387],[-87.56347300044415,30.795598000298007],[-87.56301399996151,30.79540199968266],[-87.56296200008296,30.795127999719604],[-87.56272199988345,30.79494800000593],[-87.56255200000413,30.79486300036701],[-87.56263099964686,30.794621999683827],[-87.56261899995131,30.79435599963397],[-87.56223999983462,30.79428799997307],[-87.56198100026684,30.794126000065084],[-87.56177000037964,30.79384399968846],[-87.56135000025508,30.79355300005806],[-87.56116000028427,30.7933479999142],[-87.5610840001163,30.79325100014924],[-87.56095900044284,30.79309100021174],[-87.56093900035133,30.792970999698074],[-87.5609369998032,30.79269599965999],[-87.5611540004365,30.79237700008122],[-87.56087499987893,30.792300999800446],[-87.56045700030249,30.792267999730917],[-87.56018699996577,30.792156999834813],[-87.55999799981987,30.792054999921582],[-87.55987700034434,30.791857999699616],[-87.55971999998552,30.791428999793933],[-87.55927100044694,30.791267999804784],[-87.55893199961493,30.791165999720107],[-87.55890099965279,30.790967999882362],[-87.55920799979944,30.79063200037052],[-87.55905700018671,30.790375000353258],[-87.55864899975771,30.790436999777693],[-87.55829999977824,30.790326000082793],[-87.55795099979879,30.790189999642372],[-87.55753300022238,30.790251999957796],[-87.55716499997634,30.79026299969845],[-87.55704500032573,30.790143000285255],[-87.55727100028155,30.789686000100527],[-87.55731200028943,30.78958100028143],[-87.5574379997878,30.78925599963705],[-87.55729800004572,30.789128000254742],[-87.55692999979968,30.78911199974121],[-87.55672999978314,30.789044000229843],[-87.5565790001704,30.78867499963731],[-87.55635800023747,30.788427000241985],[-87.5560579997635,30.78823900000028],[-87.5557199996547,30.788223000110545],[-87.5553110002991,30.78808799992176],[-87.55485199981646,30.78785800002109],[-87.55461199961697,30.787617999672506],[-87.55458999987565,30.7873429997585],[-87.55447900044588,30.787119999893456],[-87.55416499972821,30.786958000255524],[-87.55386599997746,30.78699400028438],[-87.55354799996014,30.78706400000179],[-87.55332799985213,30.787102999667976],[-87.55325000003432,30.787117000217044],[-87.55297999969758,30.786937000168106],[-87.55258999971025,30.78664699985225],[-87.55225999999736,30.786389999988327],[-87.5520299998436,30.786193999894756],[-87.55147099980185,30.785930000003468],[-87.55131099996828,30.785690000245193],[-87.55139800000693,30.785310999764018],[-87.55160499969615,30.784992000380203],[-87.5514740001749,30.784743999975802],[-87.55105499987525,30.784565000291597],[-87.55073600003301,30.784369000337218],[-87.55084300016314,30.78399000005241],[-87.55114299973879,30.783439000110192],[-87.55122099955659,30.783086000366445],[-87.55118000044703,30.782802999830803],[-87.55116200000536,30.78277999999067],[-87.55085900005666,30.782400000191565],[-87.55056799980352,30.781971999968594],[-87.55041600036589,30.781516999956438],[-87.5502849999463,30.781250999926037],[-87.54976100006466,30.7810129997221],[-87.54951199964432,30.780987999799414],[-87.54896600002138,30.78130000019001],[-87.54871800032426,30.78139500001644],[-87.5484689999039,30.781319000317133],[-87.54807700026674,30.780685000343798],[-87.54789700034168,30.780599000227582],[-87.54775900024943,30.780771999826676],[-87.54754099979122,30.780979000196147],[-87.54721199990325,30.780852000044646],[-87.54711999984175,30.780474000011385],[-87.54700900041199,30.780096000036185],[-87.54664899966355,30.779797000216384],[-87.5462500003537,30.779670000047847],[-87.54578099982533,30.77955099999295],[-87.54543199984587,30.779388999954094],[-87.5450810002166,30.778952999894777],[-87.54478900013855,30.778395000288626],[-87.54477099969688,30.777870999625826],[-87.54485000023791,30.777639000264834],[-87.54519699966923,30.777483000047226],[-87.54564399955798,30.777351999679013],[-87.54595200042787,30.777238999813076],[-87.54597099979613,30.777092999940066],[-87.5450329996377,30.7766750002942],[-87.54497200043666,30.776434999824478],[-87.54496099966768,30.776142999731963],[-87.54517699957775,30.775652000303452],[-87.54525399957063,30.77522200038212],[-87.54522199978358,30.774870000089336],[-87.54548899974728,30.77364799992194],[-87.54595099970464,30.772589000157975],[-87.54606799988049,30.772211000073977],[-87.5460469999641,30.77205599985116],[-87.54584699994756,30.771756000204512],[-87.54564699993104,30.771688000000218],[-87.54520400024023,30.77168199968475],[-87.54471700016852,30.771744000353518],[-87.54436800018905,30.77161600004928],[-87.54429600021905,30.771307000066383],[-87.54419900013467,30.77064100026617],[-87.54418300024115,30.770526000364757],[-87.54388100011735,30.77000299962302],[-87.54351000039658,30.769565999919756],[-87.54312000040925,30.769181000274813],[-87.54283900020184,30.768838000234055],[-87.54216200015934,30.767870000222505],[-87.54196299996771,30.767615000295947],[-87.54180099958599,30.767407000149202],[-87.54122099962785,30.76682499980639],[-87.54059999966184,30.76608000014525],[-87.54034799976675,30.765659999768083],[-87.54033799972102,30.765488000385844],[-87.5402809998196,30.765092999940872],[-87.53990900027392,30.76456199979389],[-87.5394990001951,30.764117000064527],[-87.53905899997905,30.763801000277304],[-87.53875000018257,30.76364700002449],[-87.53837100006588,30.763546000376547],[-87.537893000215,30.76338399963466],[-87.53709399997373,30.76296700027308],[-87.53688399991145,30.76271799980954],[-87.53685499959914,30.76208199995202],[-87.53683399968273,30.761807000371427],[-87.53663399966621,30.761661999883277],[-87.53628499968674,30.76157799980404],[-87.53606899977667,30.76129999984604],[-87.5359850001111,30.761192000206776],[-87.53598199973804,30.760668000036528],[-87.53593999990524,30.76024700031708],[-87.53564899965211,30.759861000014354],[-87.5357049997286,30.759233999901525],[-87.53558900027598,30.7588559998549],[-87.5354779999479,30.75862499986773],[-87.53530800006858,30.758436000378314],[-87.53528100030441,30.75834199994676],[-87.5352469999692,30.758222000083688],[-87.53528499960406,30.75804100032897],[-87.53545299983354,30.757773999788032],[-87.5354019997799,30.757448000075154],[-87.5351900000678,30.757019000331404],[-87.53520599996132,30.7563050003255],[-87.53522400040299,30.755927000358508],[-87.53523600009855,30.755445999841573],[-87.53517499999919,30.755136999667062],[-87.53498500002839,30.754983000221664],[-87.53470600036913,30.754881000262873],[-87.53452499972086,30.75448600029621],[-87.53430200013808,30.753867999741786],[-87.53429999958995,30.75353300007321],[-87.5344379996822,30.753215000051625],[-87.53442599998665,30.7528879998373],[-87.5344650003447,30.75267299982791],[-87.53478699966168,30.752431000241305],[-87.5350849995875,30.752378000218766],[-87.53529399982487,30.752360000291848],[-87.53530200022081,30.752093999950567],[-87.53522000020503,30.751629999906747],[-87.53516800032648,30.75113199990796],[-87.53522400040299,30.750539000335905],[-87.53533999985562,30.749999000017457],[-87.53524899961904,30.749778000369307],[-87.53511399989982,30.7494479999856],[-87.53447299984232,30.74896499998206],[-87.53392499967123,30.748665999942432],[-87.53385500024933,30.74862600035993],[-87.53355899997332,30.748456999991006],[-87.53348000033061,30.747997999872542],[-87.53333999969023,30.747433999618043],[-87.53300300030463,30.746923999681837],[-87.53252999957832,30.746467000349906],[-87.53198200030553,30.74623299980031],[-87.53166199974008,30.746063000060673],[-87.53162900012812,30.745657000004424],[-87.53238599963827,30.745207000300564],[-87.5326419997313,30.7448129998459],[-87.53251700005784,30.744157000279234],[-87.53251399968477,30.74365799964156],[-87.53258800020294,30.743277999778652],[-87.5325570002408,30.743198999816062],[-87.53216200023058,30.743095999894532],[-87.5316009996407,30.7433210003077],[-87.53106900026147,30.74327100017552],[-87.5310369995761,30.743252000257453],[-87.53068799959665,30.743048999923747],[-87.53030699983013,30.742932999651234],[-87.52986599978915,30.742789999755413],[-87.5297489996133,30.742701000231406],[-87.52959100032788,30.74258100017915],[-87.52958200010704,30.742417999836533],[-87.52957500043435,30.7422930002159],[-87.52998200014012,30.741766000340668],[-87.53016299989008,30.74147599978177],[-87.53023700040826,30.74126599981716],[-87.52997700011726,30.740951999641126],[-87.5292480001962,30.740916000145713],[-87.52862600040527,30.74106299993097],[-87.52807700040927,30.740632000051374],[-87.52742200010806,30.740476999940356],[-87.5265109997138,30.740532999919562],[-87.52614599984082,30.740455999746757],[-87.52587100037954,30.740221000172365],[-87.52553400009565,30.739670999667027],[-87.52544100020923,30.739212000147802],[-87.52522699994898,30.739056000191752],[-87.52463399957205,30.7388870000187],[-87.52413099960681,30.738719000201655],[-87.52359699967943,30.73828799987346],[-87.52318499995077,30.73784399982849],[-87.52290999959116,30.737687000082946],[-87.5223630001433,30.737623999980297],[-87.52159300021437,30.73758000010479],[-87.52085900027043,30.73753799999432],[-87.52029600003075,30.73739599970579],[-87.51991400043933,30.737109000354238],[-87.51977700017197,30.73692100023224],[-87.51937899978873,30.73637599971532],[-87.51907400019019,30.736272000314838],[-87.518603000012,30.73623499993679],[-87.51831400030699,30.73610600038587],[-87.51825300020761,30.736078999793595],[-87.51816000032122,30.735763999788738],[-87.51788199958855,30.734964999675633],[-87.517392999867,30.734323999890304],[-87.51678399959656,30.734168999669418],[-87.51625300004221,30.734209999777008],[-87.51587399992552,30.73438200020771],[-87.51540299974734,30.734409999656187],[-87.51513699960857,30.734305999678153],[-87.51504200007231,30.733690000001584],[-87.5149349999422,30.73327600004211],[-87.51490300015514,30.733152000081212],[-87.51463399964331,30.733041999882612],[-87.51455300035077,30.733009000339084],[-87.51409800006611,30.733220999643265],[-87.51361199981929,30.733262000154173],[-87.51312499974757,30.733145999680488],[-87.5125489999874,30.733266999838634],[-87.51214099955841,30.73370100003033],[-87.51192800002137,30.733768000108174],[-87.51174399989837,30.73344000034327],[-87.51162199969963,30.733178000011467],[-87.51128600013897,30.73299600035201],[-87.5106330003859,30.732907000274626],[-87.51051000036225,30.732789000262134],[-87.51049199992059,30.73260799981175],[-87.51049000027078,30.732590000051253],[-87.51047799967688,30.732461000253764],[-87.51061300029441,30.7320670001803],[-87.51059599967766,30.73171299971262],[-87.51022999997976,30.731504000045383],[-87.50989600006892,30.73140000001987],[-87.50957600040178,30.73120499986264],[-87.50945099983,30.73069399976094],[-87.50929699984421,30.730156000103346],[-87.50895899973541,30.72959299961555],[-87.50887400024492,30.72927900000937],[-87.50902200038291,30.72846399962485],[-87.50879200022915,30.72808500006041],[-87.50821399992083,30.72798200019832],[-87.50768199964327,30.727799999993042],[-87.50736100015122,30.72756499966941],[-87.50711599992884,30.727093999619104],[-87.50667400006296,30.726793999651328],[-87.50603499965527,30.72666499981829],[-87.50544200017667,30.7265099996349],[-87.50513699967982,30.726288000148774],[-87.5050439997934,30.726000000137063],[-87.50516400034232,30.725710000006607],[-87.50567900000313,30.725471999940073],[-87.50602799998258,30.725299999824674],[-87.5059509999897,30.725064000334335],[-87.5057069995922,30.724921000175506],[-87.50508300015147,30.724634999993707],[-87.50431400004743,30.72442799970815],[-87.50373599973912,30.724207000091514],[-87.50327799997972,30.72385400013522],[-87.50309300003178,30.723303999657563],[-87.50305899969659,30.722530000165758],[-87.5029659998102,30.72212299974503],[-87.5024310000579,30.721522000311932],[-87.50233899999637,30.72147499985782],[-87.50194399998617,30.72127400010539],[-87.50150200012028,30.721092000363846],[-87.50118300027805,30.72109299965476],[-87.50088000032936,30.721133999918848],[-87.50057599965744,30.72114800002386],[-87.49999800024743,30.720889999747683],[-87.49942099976403,30.720725999716123],[-87.4990390001726,30.720712000322088],[-87.49870400043686,30.720817999655164],[-87.49850000022235,30.72098699985169],[-87.4982859999621,30.721060999945035],[-87.49818300002994,30.720996999721518],[-87.49813299980124,30.72087799973602],[-87.49805099978546,30.720682999915983],[-87.49810500021216,30.72034499970543],[-87.49802900004417,30.720031000093297],[-87.49785999998976,30.719879000282678],[-87.49759899987386,30.719855000006152],[-87.49734000030608,30.720114000036084],[-87.49706999996934,30.72025999981794],[-87.49682800012,30.720268999691466],[-87.49648199961527,30.72017399978278],[-87.49625800020762,30.720118000329258],[-87.49575400041745,30.719974999784473],[-87.49530699963039,30.719891999722023],[-87.49520399969822,30.71987299982795],[-87.4948210002819,30.719665000051634],[-87.49467099959575,30.719657000199753],[-87.49447599960209,30.71974700023235],[-87.49401100016999,30.72003000001911],[-87.49356400028125,30.719951000304118],[-87.49325499958645,30.71971900038569],[-87.49296599988143,30.71971199984352],[-87.49278099993352,30.719913999838607],[-87.49267999965117,30.720341000193947],[-87.49241000021276,30.72045499972122],[-87.49209300002035,30.720391999938176],[-87.49184699997305,30.719724000000355],[-87.4916119997964,30.719178000234766],[-87.49143400041949,30.71902499976713],[-87.49119099984694,30.718953999911818],[-87.49110200015846,30.718922000264467],[-87.49089799994397,30.718962999907223],[-87.49071100034622,30.719012000210828],[-87.4905339998959,30.71902900010547],[-87.49025400041174,30.718972999986967],[-87.48978800025642,30.718814000217986],[-87.48942300038343,30.718662000033383],[-87.4890559999623,30.718011999863705],[-87.48877499975491,30.71764200025771],[-87.48861200044661,30.71760300025205],[-87.48857899993634,30.717595000229093],[-87.48840200038431,30.717563000130827],[-87.48829000023133,30.717580000280876],[-87.48810399956018,30.717740999963713],[-87.48782700044906,30.718137000088085],[-87.48762300023456,30.718339000293597],[-87.48731500026298,30.718380000184233],[-87.48705400014707,30.71832499978071],[-87.48657799994601,30.718181999665873],[-87.48629199971575,30.71793300003989],[-87.48598399974418,30.7176769998534],[-87.48575899961327,30.717500000002758],[-87.48546900008336,30.717373000293723],[-87.48515199989095,30.717284999795197],[-87.4849090002167,30.71723000031164],[-87.48460100024514,30.717077999947044],[-87.48445999977982,30.716861000129093],[-87.48457799978061,30.71625699999353],[-87.48462299998644,30.71591800036976],[-87.48445399993204,30.71565299993645],[-87.48422999962605,30.71557300037655],[-87.48395900036272,30.71539699987549],[-87.48362299990373,30.715310000013794],[-87.48337199983358,30.715390999914167],[-87.4832050003273,30.71556099970314],[-87.48302100020429,30.716117000245514],[-87.48257799961519,30.716907999743174],[-87.4822339996586,30.717191000139344],[-87.48189899992286,30.717313999678726],[-87.48169999973122,30.71721400020325],[-87.48161900043868,30.717172999816828],[-87.48127799995684,30.71700199967483],[-87.48126600026126,30.716527000092114],[-87.48097500000812,30.716124999618785],[-87.48053499979207,30.71575599984162],[-87.4799249996967,30.714929000227723],[-87.47951299996807,30.714511999618285],[-87.47906400042949,30.714208000121275],[-87.47829299977732,30.71371099992372],[-87.47799200037677,30.713277000093054],[-87.47811100020245,30.712785999855523],[-87.47833399978522,30.71262400024487],[-87.47886600006277,30.712670000228727],[-87.47937800024884,30.71269199967597],[-87.47973200025119,30.71264300002256],[-87.48003400037497,30.712284000053227],[-87.48006600016201,30.71224699973514],[-87.4802689996533,30.711786999981236],[-87.48018199961466,30.71128000033347],[-87.47983000016048,30.710733999871223],[-87.47949100022674,30.710001999655667],[-87.47931200012661,30.70959999978883],[-87.47906899955403,30.709528999945668],[-87.47874300003913,30.70949799967141],[-87.4783890000368,30.709547000150184],[-87.47803599985937,30.709742000090742],[-87.47780300023088,30.709880000238194],[-87.47744900022855,30.709912999975543],[-87.47715100030273,30.709914000154665],[-87.47650699987216,30.709683000213687],[-87.47546999997954,30.709259999750376],[-87.47517100022878,30.709060000212826],[-87.47509000003794,30.708601000127363],[-87.47548000002527,30.708326000032702],[-87.47561800011754,30.708100000367967],[-87.47527099978791,30.70768200015318],[-87.47465300019492,30.70704800038008],[-87.47449300036136,30.70665399994706],[-87.47463999977613,30.706299999624463],[-87.4753750004433,30.70604700011216],[-87.47586800036278,30.70582000029337],[-87.47597899979256,30.705706999908852],[-87.47601999980044,30.705464999774758],[-87.47580499971528,30.705248000089423],[-87.4752640001152,30.705218000211996],[-87.47466700043864,30.705107999809172],[-87.47434000020048,30.70495599965004],[-87.47420899978091,30.704842999798316],[-87.473947999665,30.704804000023827],[-87.47363100037091,30.704812999794964],[-87.47314500012412,30.704436999888323],[-87.47277100003029,30.704357000294316],[-87.47256699981581,30.70453499978333],[-87.4727939995965,30.70516300002629],[-87.47280399964227,30.705412000181443],[-87.47262799991516,30.705637999964406],[-87.47222799988208,30.705664000363452],[-87.47176099990186,30.70544000031997],[-87.47120000021029,30.70511199995244],[-87.47094400011724,30.705113000181328],[-87.47047799996191,30.705178999816706],[-87.47010499969302,30.705124000381137],[-87.46980599994227,30.705020999935414],[-87.46963699988788,30.704804000023827],[-87.46952399990998,30.704384999966678],[-87.46952100043524,30.7038699996452],[-87.46961199977353,30.703354000189616],[-87.4696109999486,30.70320899978005],[-87.46946100016078,30.702967999810507],[-87.46907600019631,30.70274099969886],[-87.46876400002678,30.702624000096236],[-87.4685260003754,30.702568999976545],[-87.46827000028237,30.702498999849134],[-87.4681039997027,30.70218399980583],[-87.46780800032501,30.7015210002166],[-87.46773200015703,30.70108600011163],[-87.46784099993697,30.700896000258368],[-87.4681599997792,30.700696999876804],[-87.46821400020588,30.70038899975797],[-87.46808500033444,30.700208000277758],[-87.46791999957968,30.700153000325795],[-87.46766299966174,30.700043000327828],[-87.46751700007188,30.70007500005926],[-87.4671250004347,30.700360999698407],[-87.46674200012006,30.700654999918495],[-87.46636800002625,30.700704000254287],[-87.46590100004602,30.700665999854138],[-87.46552600012728,30.70057299972651],[-87.46534500037733,30.700516000201944],[-87.46517700014783,30.700463000207254],[-87.46491199983396,30.700401000001673],[-87.4641899995856,30.70058499994734],[-87.46377899968186,30.700594999615316],[-87.46349499999972,30.70055599966853],[-87.46324800012752,30.700494000295134],[-87.46293699978291,30.700402000279404],[-87.46266999981921,30.700313999745728],[-87.46219000031851,30.700189000368137],[-87.46215900035637,30.70015099976522],[-87.46190699956297,30.69984199993734],[-87.461661000414,30.699767000272388],[-87.46130999988641,30.699767999784253],[-87.46104700012067,30.69966300000191],[-87.4608169999669,30.69933000017938],[-87.46044600024614,30.69876999979565],[-87.4599869997635,30.698270999793053],[-87.45967100029434,30.69816599992682],[-87.45921400035984,30.698167999756095],[-87.45891600043402,30.698077999671327],[-87.45866899966349,30.697866000341396],[-87.45865299976995,30.697723000020243],[-87.4586140003102,30.697365999989888],[-87.45847100019509,30.696820999884835],[-87.45829399974475,30.696563999738355],[-87.45801300043567,30.69639800019061],[-87.45750500044758,30.696748000048103],[-87.4572610000501,30.697021999615693],[-87.45692899978907,30.697220999851382],[-87.4566140001448,30.69758599978396],[-87.45626400034044,30.697754000215895],[-87.45577300007075,30.69777099999504],[-87.4551770002191,30.69784800027479],[-87.45473899965286,30.69804700035221],[-87.45414399962611,30.698427999615436],[-87.45400800008198,30.698560999786643],[-87.4538819996853,30.698687000023636],[-87.45361899991957,30.698717999909615],[-87.45324999984861,30.698688999842172],[-87.45293299965621,30.69837199989509],[-87.45261600036213,30.69819099972139],[-87.45216000025255,30.69819300032265],[-87.45187999987004,30.698451000291218],[-87.45160399968553,30.699392999816396],[-87.45130599975971,30.699591000283778],[-87.45113000003262,30.6994999996942],[-87.45090099970375,30.69912200012932],[-87.45063600028818,30.698895000238917],[-87.4502499996005,30.698850999681152],[-87.44984700009267,30.698974000206903],[-87.4495659998853,30.698959999972846],[-87.4492140004311,30.69867299974794],[-87.44912400001941,30.69832400021923],[-87.44891300013222,30.698172999715457],[-87.44871899996346,30.697916000079555],[-87.44869999969688,30.697552999692306],[-87.44880299962905,30.697158000341283],[-87.44866100023714,30.69668799963301],[-87.44848499961174,30.696592000127154],[-87.44844100012911,30.69656800023577],[-87.44787799988941,30.696417999620795],[-87.4474899995519,30.695934000042776],[-87.44715499981615,30.69563199981688],[-87.44645299965927,30.695633999698725],[-87.44624299959698,30.695619999752598],[-87.44603099988487,30.69542299996414],[-87.44573200013414,30.695181999860342],[-87.4453630000632,30.695137999927113],[-87.44501200043392,30.695123999909054],[-87.44436200015558,30.69491400016655],[-87.44367599989222,30.69453699997163],[-87.44334000033156,30.6939160001917],[-87.44310900035289,30.693447000267156],[-87.44284499986394,30.69320500028442],[-87.44277000041917,30.692986000128176],[-87.44268500003035,30.69273599999504],[-87.4422799999744,30.692373000209464],[-87.44180299994842,30.691844000175962],[-87.4413100000289,30.691375000226127],[-87.44070999997929,30.690695000287292],[-87.44061399971983,30.690599999834973],[-87.44037500024353,30.690361999649177],[-87.44034299955818,30.690353000075312],[-87.44002399971595,30.69025800005893],[-87.43904000042508,30.690079000115524],[-87.43869999976815,30.689973000221247],[-87.43864899971453,30.68995700022711],[-87.43831999982655,30.68985399981509],[-87.43772200032507,30.689628000145827],[-87.43736999997256,30.689387000250658],[-87.4369649999166,30.688932999720954],[-87.43655599966269,30.688903999803447],[-87.4364209999435,30.688790000069933],[-87.43640099985198,30.688419999627847],[-87.43630899979048,30.68840400014885],[-87.4362109998812,30.688385999862692],[-87.43573399985522,30.688300999624857],[-87.43468000024416,30.688197999763506],[-87.43410100011093,30.688199999799377],[-87.43361099966617,30.688352999715658],[-87.43296100028614,30.688370000378058],[-87.43250400035166,30.68811399976522],[-87.4320640001356,30.687720999685222],[-87.43169500006465,30.68764700028136],[-87.4311340003731,30.687769999635073],[-87.43046900002614,30.688256999645052],[-87.4301359999402,30.688258999679626],[-87.4298189997478,30.687986999996873],[-87.43011300037399,30.687091000211492],[-87.42993500009875,30.6865300002401],[-87.42944300000416,30.68638000024901],[-87.42868899996876,30.686382999973013],[-87.42830200035446,30.686323000067645],[-87.4277919998182,30.6858849997065],[-87.42773599974171,30.685158000116356],[-87.42778599997042,30.684505000011157],[-87.42748600039477,30.68424899996572],[-87.42712499982143,30.68399200033889],[-87.42661199981046,30.68305300021261],[-87.42629600034127,30.682856999959135],[-87.42608499955575,30.682842999705056],[-87.42542000010712,30.68327000036035],[-87.4249820004392,30.683361999709714],[-87.42461300036827,30.683271999725733],[-87.42433100033597,30.683061000009584],[-87.42345199972877,30.682668999909716],[-87.42269699986845,30.682384000073775],[-87.4223980001177,30.682203000050286],[-87.42216799996393,30.68193100030321],[-87.42209699981882,30.681702999686298],[-87.42212799978095,30.681334000373276],[-87.42199600043479,30.681016999829154],[-87.4217160000523,30.680913000216044],[-87.42152299970846,30.680853000001985],[-87.42131299964618,30.680815999993037],[-87.42096399966672,30.680869999667216],[-87.42049300038684,30.680976999991177],[-87.4202299997228,30.68093200005712],[-87.4199050000328,30.68038999978763],[-87.41949199958091,30.679893000005695],[-87.41924700025685,30.67969700029159],[-87.4191669998909,30.679426000161797],[-87.41907700037753,30.678889999852167],[-87.41908499987514,30.67864799969189],[-87.41905800011097,30.67854999978009],[-87.41904100039251,30.678528000275023],[-87.41862899976556,30.678363000350487],[-87.41830599972538,30.678251000002344],[-87.41792099976091,30.678145999992566],[-87.41768499975936,30.678199999614524],[-87.41745100030593,30.678471999826534],[-87.4172599996119,30.678789999955242],[-87.41716500007567,30.679031999759705],[-87.41705200009775,30.6792440002778],[-87.41690399995976,30.67931200005387],[-87.41671999983674,30.67929800005843],[-87.41612399998509,30.67872600027591],[-87.41517900015396,30.6783739997362],[-87.41455300016507,30.67821699974675],[-87.4139849999025,30.678060000274748],[-87.4137310003576,30.67800800004889],[-87.41343400025669,30.67796400001419],[-87.4129360003143,30.677919999959435],[-87.41253399973309,30.67786099994242],[-87.41220099964714,30.67773399982266],[-87.41172000032154,30.677569000086873],[-87.41092799975297,30.67715699977346],[-87.41030599996205,30.67694200006531],[-87.40968900019399,30.676645000220326],[-87.40917399963486,30.676324999700796],[-87.40880100026426,30.676003999908414],[-87.40831199964441,30.675684000355734],[-87.40777199986924,30.67547499981237],[-87.40723299991899,30.67538800026982],[-87.40675699971791,30.675289000375404],[-87.40647399986071,30.67514599983365],[-87.4063319995705,30.674879999689217],[-87.40635599985993,30.67443700032074],[-87.40669999981652,30.67377000032394],[-87.40708099958303,30.67291499986378],[-87.40738600007985,30.672259000256748],[-87.40738400043004,30.671815999685347],[-87.40715199972814,30.67157199996464],[-87.4064589997921,30.671374999784746],[-87.40613699957682,30.67119799999438],[-87.40587899983396,30.670910999911303],[-87.405838999651,30.67042299991796],[-87.40583700000117,30.670112000336665],[-87.40595099980398,30.669668000141126],[-87.40601699992622,30.6692349998768],[-87.40554499992312,30.66863800028439],[-87.40539400031038,30.667997999995965],[-87.40551399996099,30.667123000136353],[-87.40579900036633,30.66672000031748],[-87.40583299980321,30.666673000213834],[-87.40575800035843,30.666438999982205],[-87.40538699973936,30.666353999744587],[-87.40534999992944,30.66634299976289],[-87.40520299961635,30.666297999965312],[-87.40469499962825,30.666143000158677],[-87.40420099988381,30.666144000018644],[-87.40353300006214,30.665911999776018],[-87.4030869999983,30.665528999961914],[-87.40268899961504,30.66484699986146],[-87.40263699973652,30.66435599974012],[-87.40310399971673,30.663755999711082],[-87.40334700028932,30.662837000104002],[-87.40304799964024,30.66211199992361],[-87.40257700036038,30.661750999970145],[-87.40232799994001,30.661409999940055],[-87.40220200044163,30.6605990000657],[-87.40239700043531,30.660107000075435],[-87.40291399974593,30.659571999915155],[-87.40293499966234,30.6587820002794],[-87.4033270001978,30.658032999621955],[-87.40310299989183,30.657478999759533],[-87.40265600000308,30.657032000384753],[-87.40213700014431,30.656884000089622],[-87.40171700001973,30.65677800008357],[-87.40107199976428,30.656224999945774],[-87.40062800024857,30.656376000360225],[-87.40050799969967,30.657059999872097],[-87.40021200032199,30.6572530000643],[-87.39986499999233,30.657061999779955],[-87.39986300034252,30.656442000083523],[-87.39983599968002,30.65597299977275],[-87.39966300032597,30.655824000207705],[-87.39907099977397,30.656166999780133],[-87.39877600022116,30.656318000285243],[-87.39860399979372,30.65627900022855],[-87.39840499960209,30.65623299964612],[-87.39838899970857,30.656217000244766],[-87.3977850003593,30.65563800003433],[-87.39681799988855,30.654849999883357],[-87.3965950003058,30.654467000279322],[-87.39650499989412,30.65378400018175],[-87.39660000032866,30.652652000370143],[-87.39659799978052,30.652288999854235],[-87.39627399991544,30.65164900026159],[-87.39597500016468,30.650860000035998],[-87.3959199999131,30.650540999925017],[-87.39590800021753,30.650159000277633],[-87.3964260002514,30.649470999723707],[-87.39659799978052,30.64915000036836],[-87.39686700029236,30.64870100026951],[-87.39698899959278,30.64827299980244],[-87.3968639999193,30.647932000141818],[-87.39619500027271,30.64729399964126],[-87.39557900032956,30.6467940002365],[-87.39530300014503,30.64656999964607],[-87.39433599967428,30.645611999995182],[-87.39433400002447,30.64527100022524],[-87.3947790002634,30.645226999967885],[-87.39495199961745,30.645248000022928],[-87.39542000032091,30.644969000023288],[-87.39573900016315,30.64456200024512],[-87.39568700028458,30.643963999643844],[-87.39528999972626,30.643432000085006],[-87.39501600008987,30.64276999991794],[-87.39459400031546,30.642344999797107],[-87.39424799981074,30.642175000153305],[-87.39402400040308,30.641854999876845],[-87.39402199985494,30.641363999676525],[-87.39433900004735,30.640401999735253],[-87.39438599990302,30.639826000283197],[-87.3942369999401,30.639463000311697],[-87.39423500029028,30.639099999750865],[-87.39426899972715,30.638288999770445],[-87.39436499998662,30.637540999735517],[-87.39458500009465,30.63700700008015],[-87.39490499976178,30.63670699990986],[-87.39521199990844,30.636069000334725],[-87.39514900015925,30.635417999652685],[-87.39469100039986,30.634751000139165],[-87.3942930000166,30.63428999971162],[-87.39411300009155,30.633794000332998],[-87.39407200008365,30.633502000282594],[-87.39444799982729,30.633398999975174],[-87.3953979996813,30.633292999731875],[-87.39565499959924,30.632984000132012],[-87.3955540002152,30.63265900011088],[-87.39517699974833,30.632419999983885],[-87.39487899982252,30.63221500025833],[-87.39464000034621,30.631993000341026],[-87.39448100033756,30.631787999710873],[-87.39424299978789,30.63170299992548],[-87.39398500004502,30.631687000330377],[-87.39368799994409,30.63168799977372],[-87.39341000010975,30.631534000348587],[-87.39345600014052,30.631192999645087],[-87.39348700010265,30.630969000027346],[-87.39340000006399,30.63038600000243],[-87.39338599982031,30.630289000081728],[-87.39349999962312,30.629914000159097],[-87.39367899972325,30.629341000049127],[-87.39369799998984,30.629134999741567],[-87.39353800015628,30.628861000101438],[-87.39341699978245,30.628228000293685],[-87.39341500013262,30.627730999730097],[-87.39329399975881,30.627218000145003],[-87.39359099985971,30.626867999616447],[-87.39362199982186,30.62664899983233],[-87.39373399997486,30.626117999632502],[-87.39384600012785,30.625723999911674],[-87.39435400011597,30.62499800023557],[-87.3943929995757,30.624562000018983],[-87.3945750000489,30.62425500018093],[-87.39485500043138,30.624190999951068],[-87.39531900003857,30.62425300036766],[-87.39579600006454,30.62430399984523],[-87.39602700004322,30.624134999715192],[-87.39601399962444,30.623902999938874],[-87.39585399979086,30.623745000072788],[-87.39564700010162,30.623671000379506],[-87.39526799998494,30.623578000339993],[-87.39512099967185,30.623462000240337],[-87.39510800015137,30.623314000364456],[-87.39516800042584,30.62309200012632],[-87.39527700020578,30.62276500027944],[-87.39521500028148,30.622480000050878],[-87.39505500044793,30.62221600017274],[-87.39506600031856,30.62189899976887],[-87.39529499974913,30.621381000125346],[-87.39531800021365,30.6210010003853],[-87.3952799996805,30.620463000114526],[-87.39544999955982,30.620303999710668],[-87.39581500033111,30.620165999906924],[-87.39598600003534,30.62009100023356],[-87.39592400011105,30.619848999747177],[-87.39587499970726,30.61970099975856],[-87.39579900043759,30.619077999942466],[-87.39584499957003,30.618497000114502],[-87.39614800041706,30.617809999697474],[-87.39646300006133,30.617333999683364],[-87.39647499975688,30.61710199984169],[-87.39638699989334,30.61661600035716],[-87.39604399976164,30.616289999883058],[-87.39566499964498,30.61623900004877],[-87.39528700025151,30.61627099970538],[-87.39495699964031,30.616241000027607],[-87.39485399970816,30.616083000024897],[-87.39477599989036,30.615963999857495],[-87.39473599970738,30.615902999922877],[-87.39467200013327,30.61523900003699],[-87.3949130001577,30.61426599962962],[-87.39513499991556,30.613516000188444],[-87.39562000033743,30.612722999638784],[-87.39623799993042,30.611538000145153],[-87.39646800008418,30.61101999995712],[-87.39658600008497,30.610069999743075],[-87.39658400043514,30.60947900016186],[-87.39665499968193,30.60887600005478],[-87.39710599976864,30.60839399976818],[-87.39718899960931,30.60830500002877],[-87.39795299969047,30.607024999950838],[-87.39840899980005,30.60653799966896],[-87.39850500005952,30.606093999838876],[-87.39852799962574,30.605819000217256],[-87.39864899999958,30.605524000134693],[-87.39877000037339,30.605396000382868],[-87.39894100007761,30.605416999804117],[-87.39961499974709,30.605910999823358],[-87.40024999995681,30.606162999742295],[-87.40092100015154,30.6059810003391],[-87.40154200011756,30.60556700017644],[-87.40206699982411,30.605586999847723],[-87.40231700006936,30.60556499997715],[-87.40281099981378,30.605521000221],[-87.40322400026565,30.605381999735304],[-87.40328600018994,30.605361000306537],[-87.4033609996347,30.605263000334734],[-87.40348399965833,30.605102999994088],[-87.40352899986418,30.605044000386552],[-87.40356400002428,30.6045480003643],[-87.40334100044151,30.6038200001592],[-87.40341300041155,30.603534000100414],[-87.40350100027509,30.60341700021959],[-87.40390999963068,30.603102000373376],[-87.4039930003697,30.603038000078133],[-87.40408200005812,30.60303500008745],[-87.40488499959903,30.603005000175163],[-87.40490200021578,30.60300399966248],[-87.40519799959347,30.603071999708714],[-87.40566899977168,30.60339600036482],[-87.40569100041128,30.603411000261538],[-87.40608600042151,30.603257999659412],[-87.40610599961467,30.602511999770872],[-87.40600400040574,30.602328000200334],[-87.4059230002149,30.602181000241863],[-87.40569100041128,30.601764999797563],[-87.40571099960447,30.601475999818327],[-87.40584899969673,30.60137399998362],[-87.40644100024875,30.601748000141022],[-87.40652499991434,30.601742999832158],[-87.4067180002582,30.601730999708323],[-87.40685100032756,30.601667999807013],[-87.40715199972814,30.60152699969539],[-87.40758699992134,30.60086499973421],[-87.40758600009642,30.600844999861227],[-87.40756699982983,30.60027100035459],[-87.40749499985981,30.60017500018331],[-87.40735000009487,30.599981999784596],[-87.40732199960746,30.59997499984304],[-87.40691499990167,30.599863999708013],[-87.4063669997306,30.59998599964052],[-87.40584899969673,30.600101000260192],[-87.40582299975746,30.600047000322395],[-87.4054870001968,30.599357000358125],[-87.40547999962578,30.59934199983363],[-87.40547499960292,30.599331999740475],[-87.40539500013529,30.599167999766024],[-87.40531399994443,30.598777000295936],[-87.4052960004011,30.59869200013503],[-87.40541699987659,30.59862300032264],[-87.40551899998384,30.59856499964662],[-87.40553300022755,30.59855699981731],[-87.40567299996964,30.59855100033149],[-87.40592800023775,30.598540000371088],[-87.40594999997907,30.598526000279104],[-87.4062050002472,30.598370000332174],[-87.40619600002637,30.598136000327546],[-87.40619400037654,30.598083999648395],[-87.40600500023066,30.597989000194183],[-87.40598500013917,30.59797899996139],[-87.40569100041128,30.59783000000403],[-87.40545700005957,30.59754700020666],[-87.40545299986161,30.597521000099142],[-87.40544600018892,30.59741599980202],[-87.40552099963367,30.59736299971194],[-87.40712699961378,30.596238000371276],[-87.407304999889,30.59598399975393],[-87.40731400010985,30.595904999885878],[-87.40734099987402,30.595642999872258],[-87.40729599966818,30.59555200038355],[-87.40700600013828,30.594963999842616],[-87.40700299976523,30.594757999850643],[-87.40699299971949,30.59407200021102],[-87.40684100028183,30.59341899966767],[-87.4068310002361,30.593373999969085],[-87.40708099958303,30.592386000238108],[-87.40714800042849,30.592299000183925],[-87.40769200040162,30.591590000341345],[-87.40771300031803,30.59152399968529],[-87.40776699984637,30.591351000130725],[-87.407853999885,30.591074999781895],[-87.40785200023518,30.591022999953175],[-87.40785200023518,30.591011999911476],[-87.40785200023518,30.59097799991534],[-87.40785200023518,30.590966999868478],[-87.40782000044814,30.590265000204468],[-87.40778199991499,30.59010700035895],[-87.40761399968551,30.58941099993106],[-87.40771699961768,30.589274999948106],[-87.40813900029038,30.58872000012615],[-87.4081760001003,30.58867000035537],[-87.40815299963576,30.588618999897562],[-87.40802299993942,30.5883360002661],[-87.40801700009165,30.588323000137454],[-87.40749999988269,30.588150000282376],[-87.40742899973758,30.58812599975955],[-87.40741799986691,30.588122000187433],[-87.4074029997983,30.58808899984412],[-87.40731499993475,30.587896000118945],[-87.4074739999434,30.587589999939205],[-87.40766399991422,30.587474999937836],[-87.40768099963266,30.58746500016663],[-87.4076909996784,30.58745899999409],[-87.40811099980296,30.587202999761484],[-87.40879299986835,30.58632500015328],[-87.40897699999137,30.5862020001218],[-87.40917199998503,30.58607099984749],[-87.40935500028313,30.585852999742368],[-87.40922800006152,30.58545499969067],[-87.40921600036596,30.585447000325743],[-87.40920700014512,30.585441000028286],[-87.40875000021065,30.585140000224545],[-87.40874500018778,30.58513200006026],[-87.4082899999031,30.584375999732256],[-87.40803399981007,30.58394700024147],[-87.40801799991654,30.583701000174596],[-87.40831699966729,30.5835450003369],[-87.40889999999847,30.583310000166957],[-87.40913799964984,30.583044000350235],[-87.40916799978707,30.58301099982492],[-87.40919499955125,30.582323999836465],[-87.40929900020664,30.581986999666526],[-87.409761000164,30.58157099992038],[-87.410162000022,30.58096100035924],[-87.41050599997857,30.580739999682688],[-87.41080499972934,30.580622000150996],[-87.41098300000455,30.580362999731616],[-87.41099600042335,30.57984499991072],[-87.41075500039894,30.57949599984755],[-87.41042599961263,30.57958699971697],[-87.41026300030433,30.579834000147244],[-87.41003800017343,30.579885999791344],[-87.40979799997393,30.579731999961275],[-87.40981200021763,30.579395000062522],[-87.41004999986902,30.579043999953022],[-87.410274000175,30.57893999973389],[-87.41043800020653,30.57879699983042],[-87.41052199987212,30.578510000172074],[-87.41057100027591,30.578342999783192],[-87.4108239999959,30.57814799999782],[-87.41107900026402,30.578057000324705],[-87.41148299959676,30.578055000330956],[-87.41176700017719,30.578002999704932],[-87.41179599959119,30.577795000015573],[-87.41154000039649,30.577395000132373],[-87.41150900043434,30.57712300029017],[-87.41156700016066,30.57674700020735],[-87.41170000023004,30.576344999839122],[-87.41183499994926,30.57631900023122],[-87.41201499987432,30.576395999793448],[-87.41209000021739,30.576538000131542],[-87.41213700007305,30.576913000242662],[-87.41222699958642,30.57706899992361],[-87.41228699986087,30.577133000354728],[-87.41245199971732,30.57712000027058],[-87.41262999999256,30.57670499976201],[-87.41252399968734,30.576485000225755],[-87.41226799959429,30.57614899988637],[-87.41202200044533,30.575864000163733],[-87.41187699978205,30.57569699985834],[-87.41184599981992,30.575709000112184],[-87.4118309997513,30.575575000287078],[-87.41174899973554,30.575358999832947],[-87.41182200042877,30.574878999937162],[-87.41193299985855,30.574245999985408],[-87.41194700010226,30.57416900026288],[-87.41216499966215,30.57376499995366],[-87.4121909996014,30.573716000245863],[-87.41235700018107,30.573580999944195],[-87.4123730000746,30.573566000070937],[-87.41238800014321,30.573565000027752],[-87.41240400003674,30.573552000238738],[-87.41243499999888,30.573527999969187],[-87.41247600000676,30.573497000160064],[-87.41250899961874,30.573471999832762],[-87.41255200017474,30.573437999872308],[-87.41260800025124,30.573405999989593],[-87.41263599984033,30.573390000044288],[-87.41279700039712,30.573298999773428],[-87.41310500036872,30.573012000085207],[-87.41339200042388,30.57294599992901],[-87.41369100017462,30.573037999806274],[-87.41381000000032,30.573444000139155],[-87.41392800000108,30.57356299994131],[-87.41414200026132,30.573617999982545],[-87.41427899963037,30.5733129996422],[-87.41440500002707,30.572776999910175],[-87.41453200024867,30.572508999706834],[-87.41492700025888,30.57261900018005],[-87.41521599996388,30.572756000376973],[-87.41571599955607,30.572670999825906],[-87.41609899987073,30.57237500010082],[-87.41636400018459,30.571950000345172],[-87.41629800006237,30.57155299974828],[-87.41620099997797,30.57114700000738],[-87.4162880000166,30.57097399966812],[-87.41640199981943,30.570749999990962],[-87.41650800012464,30.570610999907018],[-87.4166460002169,30.570638000345074],[-87.4168710003478,30.57075699972278],[-87.41713699958827,30.570691999651824],[-87.41717900031938,30.570378000254305],[-87.41704899972473,30.57011099968856],[-87.41715500002992,30.56989799968357],[-87.417591000048,30.569839000300302],[-87.4177090000488,30.569822999766565],[-87.4179979997538,30.57003399977708],[-87.41818000022698,30.570180999766034],[-87.41838299971826,30.57027299994568],[-87.41852099981053,30.570133999951633],[-87.41839199993909,30.569755999678225],[-87.41818199987682,30.569415000346943],[-87.4177860000417,30.569065999874002],[-87.41757199978143,30.56892799978822],[-87.41747499969706,30.568707000306844],[-87.41747399987214,30.568476000139306],[-87.4174620001766,30.568152999638873],[-87.41732300025942,30.568005999670454],[-87.41700299969396,30.567988000179906],[-87.41671499981386,30.56804499971534],[-87.4165969998131,30.56790599962249],[-87.41662799977523,30.567564999975556],[-87.41666499958517,30.56744100001766],[-87.41675400017192,30.567149000239347],[-87.41672099966166,30.566808000251843],[-87.41656000000317,30.56655899967393],[-87.41614800027452,30.566293000316787],[-87.41613700040386,30.5661449997306],[-87.41640299964435,30.56603400030299],[-87.41682799979176,30.565837999623866],[-87.4171039999763,30.565533000344722],[-87.41729499977201,30.565246000109298],[-87.41729499977201,30.565116999629858],[-87.4173779996127,30.564673999681617],[-87.417591000048,30.564489000080528],[-87.41774000001092,30.564616999712523],[-87.4178370000953,30.564847999787276],[-87.41796599996675,30.565050000158635],[-87.41830800027351,30.565105000386033],[-87.41846700028216,30.5648090000041],[-87.41822000040996,30.564422000175604],[-87.41798299968518,30.563980000289934],[-87.4180460003327,30.563693000101438],[-87.4182999998776,30.563268000208723],[-87.41832599981686,30.563027999647044],[-87.41818600007478,30.56271500034956],[-87.41792800033191,30.56240200004234],[-87.41791699956295,30.562253999708574],[-87.4180119999975,30.562105999922586],[-87.41826800009053,30.56210499976119],[-87.41854500009997,30.561994000352563],[-87.41898000029315,30.56147499971838],[-87.41921399974657,30.561327000291186],[-87.41959799988614,30.561306999995914],[-87.41993799964474,30.561056999824384],[-87.42050099988445,30.560621000366485],[-87.42071299959656,30.560545000061726],[-87.42092600003188,30.56052699996049],[-87.42107199962174,30.560548999997813],[-87.42116500040649,30.560647000314553],[-87.42125200044514,30.560789999904483],[-87.42135200000425,30.56090499983839],[-87.42143900004287,30.56097900028874],[-87.42153899960199,30.561024000326004],[-87.42159800005155,30.561029999813705],[-87.42169799961066,30.560989999870085],[-87.42176899975576,30.560668000148535],[-87.42178800002233,30.560334000298074],[-87.4219129996958,30.560127000029148],[-87.42208599994817,30.56011500016814],[-87.42220599959877,30.560194999986823],[-87.42218700023051,30.560487999987508],[-87.4221949997281,30.560763999994734],[-87.42235499956169,30.56097000027882],[-87.4225749996697,30.56112999998744],[-87.42275499959476,30.561278999884955],[-87.42289500023514,30.561428000327158],[-87.42300800021307,30.56149100008193],[-87.42312700003876,30.561484999849192],[-87.42323900019174,30.561277999715095],[-87.42324400021462,30.5608750000369],[-87.423369999713,30.560835000029375],[-87.42353600029267,30.56090899975964],[-87.42366299961596,30.56100600031362],[-87.4239749997855,30.56095899992174],[-87.42405299960329,30.560775000373923],[-87.42388600009704,30.560487999987508],[-87.4239179998841,30.560275999919728],[-87.42407600006784,30.55987900028014],[-87.42419499989352,30.559712000301097],[-87.4243410003817,30.559630999897394],[-87.42458599970576,30.55967599978624],[-87.42471899977517,30.559733000337427],[-87.42477300020182,30.559854000310843],[-87.42475999978305,30.559973999950085],[-87.42510700011267,30.560357999964374],[-87.42535900000776,30.560311000032176],[-87.42566199995646,30.559782000146672],[-87.42577300028454,30.55927600021458],[-87.42607100021038,30.55910799977906],[-87.42631600043275,30.558963999837328],[-87.42644799977892,30.558773999973937],[-87.4264050001212,30.558292999804994],[-87.42635700044063,30.557872000286583],[-87.4263959999004,30.55749299998848],[-87.42593700031608,30.557425999894058],[-87.4256579997585,30.557288999707108],[-87.42563600001719,30.55691000022642],[-87.4260529997687,30.556476999812443],[-87.42628999959517,30.55614900002441],[-87.42648899978678,30.556147999801677],[-87.42654900006126,30.556216999675325],[-87.42670999971975,30.556613000154154],[-87.4267909999106,30.556785000358847],[-87.4268899996448,30.556785000358847],[-87.4270100001937,30.556749999748234],[-87.42724399964713,30.555731999848977],[-87.42720299963923,30.555473999722604],[-87.42702400043741,30.555353999933853],[-87.4270019997978,30.555043999792797],[-87.42715999998154,30.554784999921463],[-87.42729800007379,30.55428500014118],[-87.42755400016684,30.553680999880214],[-87.4281290001021,30.553092999929582],[-87.42854500002872,30.552625999987082],[-87.4288830001375,30.552452999886963],[-87.42943700015637,30.551744000356013],[-87.43039000038341,30.551190000308722],[-87.43070800040074,30.550946999991375],[-87.4308249996783,30.550498999706036],[-87.43092400031081,30.55027399966521],[-87.43118200005367,30.550015000217197],[-87.43185800027126,30.549772000052947],[-87.4330509997995,30.54957800037343],[-87.43488299973544,30.549434000217023],[-87.43511999956189,30.549089000230623],[-87.43503900026934,30.548709999675413],[-87.43489699997913,30.54810699984309],[-87.43490600019997,30.5478660001609],[-87.43520300030089,30.54764100020654],[-87.43536099958632,30.54738199992285],[-87.4353799998529,30.54705400034635],[-87.43507899955401,30.546554999747514],[-87.4350779997291,30.54640000006268],[-87.43517800018653,30.54634800026272],[-87.43524099993571,30.546321000028335],[-87.43526600005008,30.546310000331804],[-87.43533700019519,30.546279000336416],[-87.43573499968014,30.54629500011066],[-87.43599199959807,30.545932000086847],[-87.43620900023139,30.54551800034038],[-87.43614800013201,30.54515600006851],[-87.43614700030709,30.544948999922024],[-87.4362460000413,30.54493200036128],[-87.43646500032442,30.54491399968548],[-87.43666299979282,30.544620000294742],[-87.43664199987641,30.544223999629445],[-87.43671999969422,30.54391299995771],[-87.4367389999608,30.543688999703893],[-87.43661900031019,30.543688999703893],[-87.43634200030075,30.54408700015058],[-87.43590399973453,30.54403699980692],[-87.43550600024959,30.54398599986314],[-87.43534600041602,30.543883000319816],[-87.43530500040815,30.543728000237692],[-87.43530500040815,30.54367700013163],[-87.43534499969277,30.54358999970681],[-87.43540300031742,30.543279999907142],[-87.43532100030166,30.542867000043977],[-87.43544000012734,30.542711000299903],[-87.43567899960364,30.542659000071588],[-87.43597800025269,30.542863999738795],[-87.43621799955388,30.542949999681685],[-87.43641699974552,30.543001000169603],[-87.43675499985432,30.542809999645787],[-87.43679300038747,30.54251699966342],[-87.43719000004751,30.542188000306272],[-87.4374279996989,30.54199800009924],[-87.437386999691,30.54175699995328],[-87.43672999973995,30.541689999828975],[-87.43649100026367,30.54163900019984],[-87.43639099980625,30.541535999714284],[-87.43636999988985,30.541329000361117],[-87.43666699999076,30.54108699972428],[-87.43678499999154,30.540724999954186],[-87.43682299962639,30.540242000095986],[-87.43698199963504,30.54015499968838],[-87.43727999956087,30.540136999674377],[-87.43765899967757,30.540136000060315],[-87.43791700031875,30.54006599997335],[-87.43815599979503,30.540100000021905],[-87.43827600034393,30.540288999687906],[-87.43833599972008,30.54034000002597],[-87.43855500000318,30.540252999706233],[-87.43887200019559,30.539872999859092],[-87.43924799993924,30.53938900001011],[-87.43946700022235,30.539370999854118],[-87.4396460003225,30.53942300029568],[-87.4396670002389,30.539560000165146],[-87.43960799978935,30.53985299978522],[-87.43955000006302,30.54007799999183],[-87.43957000015452,30.540232999710607],[-87.43975000007957,30.54030099967884],[-87.440027000089,30.539989999821806],[-87.44040299983264,30.539386000371195],[-87.44060000037445,30.538954000335263],[-87.44053900027508,30.53867800020892],[-87.44023999962602,30.538523999960077],[-87.43992099978378,30.538439000371316],[-87.43985999968442,30.53828400011037],[-87.43985899985951,30.538111999621155],[-87.44017699987681,30.53795599997567],[-87.44061500044307,30.53778199962906],[-87.44101200010309,30.5376600003562],[-87.4413700003034,30.537590000032043],[-87.4415689995967,30.537450999647675],[-87.44156699994687,30.537089000251264],[-87.44114799964723,30.536798000100205],[-87.44084800007157,30.536643999965303],[-87.44079100017017,30.536484000129178],[-87.44076799970563,30.53641999996617],[-87.4407459999643,30.536041000252297],[-87.44070199958338,30.535006999756824],[-87.4403779997183,30.533888000157376],[-87.44037299969541,30.533854999934082],[-87.44025499969463,30.533061000349555],[-87.44023299995334,30.532561999804802],[-87.44033099986261,30.532319999761977],[-87.44059799982631,30.531939999827483],[-87.44057699990991,30.531595000360923],[-87.44027700033426,30.531338000020234],[-87.43985800003459,30.53121900028257],[-87.43945999965135,30.531151000145954],[-87.4391399999842,30.530841999813063],[-87.43891900005126,30.53046300000096],[-87.43889899995979,30.530395000108907],[-87.43895800040931,30.53029100036405],[-87.43949499981143,30.530167999703735],[-87.44046899995487,30.529820999920307],[-87.44118500035546,30.529748999921498],[-87.44170300038931,30.529746999705875],[-87.4419419998656,30.52986700019258],[-87.44204300014793,30.530142999820935],[-87.44198600024653,30.530608000146582],[-87.44196799980487,30.531056000125734],[-87.44254699993809,30.5314509998443],[-87.44316500042937,30.531689999854063],[-87.44390100002312,30.531481000227448],[-87.44419700029914,30.53092800034247],[-87.4441939999261,30.53027300006957],[-87.44381499980939,30.530068000134076],[-87.44331699986704,30.530052000007682],[-87.4428990002906,30.530087999901518],[-87.44263999982451,30.529967999687766],[-87.4426189999081,30.52976200016167],[-87.4430740001928,30.529088000297524],[-87.44336999957046,30.528673000202197],[-87.4436469995799,30.528137999729143],[-87.44414299987245,30.527843000110217],[-87.44440200033856,30.527843000110217],[-87.44444300034642,30.528222000083712],[-87.44454499955536,30.528737999784187],[-87.44472500037874,30.528892999802316],[-87.4451029997722,30.528909000119583],[-87.44567799970746,30.528286000231404],[-87.44591299988409,30.52737199968558],[-87.44625000016799,30.52719900024591],[-87.44664900037617,30.52721400032136],[-87.44682799957799,30.527282999864752],[-87.44718699960319,30.52734999986784],[-87.44746500033585,30.52734999986784],[-87.44772300007872,30.527089999886215],[-87.44797999999666,30.526607000320553],[-87.44820500012756,30.52551399998843],[-87.44818300038627,30.525296000009142],[-87.4481520004241,30.525158000372862],[-87.44813499980735,30.525080999621462],[-87.44797099977585,30.52494499999442],[-87.44765500030665,30.52489700017163],[-87.44723799965682,30.524941999909476],[-87.44703500016556,30.52500599989622],[-87.44692300001255,30.52518699983605],[-87.44711100033354,30.525563000044258],[-87.4472650003193,30.525928999648034],[-87.44726600014423,30.526172999649788],[-87.4471649998619,30.52635399973728],[-87.44697400006618,30.52645700007256],[-87.44599800027291,30.526377000309896],[-87.44566400036207,30.526237000373325],[-87.44535300001745,30.525969000108965],[-87.44520499987945,30.525710999825982],[-87.44511899966572,30.525432999684075],[-87.44504900024383,30.52504699973257],[-87.44494799996149,30.524870999935317],[-87.44485599989999,30.524711000054044],[-87.44464599983769,30.52449200004586],[-87.44407699975024,30.524207000292513],[-87.44380599958858,30.523948000193528],[-87.44378800004522,30.523625999881755],[-87.44392299976442,30.52356700023042],[-87.44426199969814,30.523608999684228],[-87.44466900030224,30.523754999781456],[-87.44507500018311,30.523856000213314],[-87.44629000035097,30.52314799984011],[-87.44706600012769,30.52254099997643],[-87.44709999956456,30.522515999678927],[-87.44720699969469,30.52219800000753],[-87.44728299986265,30.52197300017353],[-87.44714499977039,30.521256000188902],[-87.4464130003746,30.520379000282503],[-87.44602099983913,30.519720999846367],[-87.44588100009706,30.51866699998637],[-87.44572600028637,30.51818400034465],[-87.44545299957657,30.517671999701182],[-87.44556899992752,30.51708599966037],[-87.44572000043857,30.516895000031294],[-87.44612700014436,30.51696700026779],[-87.44649899969002,30.516995000001383],[-87.44690399974597,30.516773999922165],[-87.4471730002578,30.5164070000322],[-87.44727100016709,30.51560100031776],[-87.44726799979405,30.515044000342222],[-87.44696200037062,30.51464899971063],[-87.44675899998101,30.51460600037769],[-87.44640400015376,30.514753999819668],[-87.4458149999748,30.515386000151047],[-87.44498599959633,30.515491000237883],[-87.44456200017211,30.515330999618076],[-87.44442499990477,30.514906999952327],[-87.44452399963896,30.514247999739588],[-87.44495299998438,30.513763000038665],[-87.44562900020198,30.513657999633228],[-87.44667799979017,30.513654000087243],[-87.44732200022072,30.513871999867895],[-87.44801900035473,30.514602000096854],[-87.44852899999267,30.51505399983781],[-87.44912200036958,30.515300999666046],[-87.44978199979535,30.515226000132323],[-87.45002399964469,30.514912000094228],[-87.45037099997434,30.514462000223308],[-87.44989200029852,30.51447000002253],[-87.44984000042,30.51447099990063],[-87.44976599990183,30.514471999778756],[-87.44903199995791,30.514219999988605],[-87.4483549999154,30.513740000350193],[-87.44792700029322,30.51305700022316],[-87.44793499979083,30.512978000158306],[-87.44797800034684,30.51256400004244],[-87.44791399987443,30.511820999671787],[-87.44787799988941,30.511031000021923],[-87.44786600019386,30.510991000378343],[-87.44786000034607,30.510969999862336],[-87.44780099989653,30.51077999974168],[-87.447785000003,30.510728000222333],[-87.44772599955344,30.510533999954426],[-87.44772100042888,30.51051699978884],[-87.44771700023094,30.510504999988854],[-87.44770200016232,30.51045799991947],[-87.44766000032953,30.510416000200543],[-87.44765100010869,30.51040700014786],[-87.44734499978695,30.510097999639225],[-87.44728100021284,30.510032999973298],[-87.44719099980114,30.509942999828226],[-87.4471730002578,30.509924999634485],[-87.44647699994871,30.50945599968816],[-87.44606900041802,30.508866999846514],[-87.44505699974144,30.508195999626654],[-87.44471399960976,30.507494000205337],[-87.44392500031257,30.507202999653938],[-87.44321999978266,30.506782000014486],[-87.4429279997046,30.506778000185648],[-87.44290299959023,30.506778000185648],[-87.44242100043972,30.50677299962542],[-87.44190199968263,30.50672400015845],[-87.4411390003247,30.50665100011698],[-87.4403860001142,30.506626000376464],[-87.43968999980513,30.506649000199882],[-87.43919799971052,30.50623700014944],[-87.43884500043141,30.505841000146436],[-87.43826899977293,30.505357000274696],[-87.4376760002943,30.504630000228172],[-87.43717499997888,30.503726000019793],[-87.43671200019662,30.502983000225896],[-87.43650899980703,30.502452999995104],[-87.4361620003757,30.502206000035628],[-87.4358660000997,30.50200399974349],[-87.43526199985212,30.50146600027534],[-87.43465000010693,30.50053600029086],[-87.43454899982459,30.500313999928686],[-87.43451799986245,30.500244999817486],[-87.43397800008728,30.499595000361147],[-87.43387799962986,30.49949500029747],[-87.43367799961331,30.49939500013092],[-87.43347799959676,30.499294999861565],[-87.4331279997924,30.4992249997667],[-87.43297800000458,30.499195000263434],[-87.43247800041239,30.499094999788525],[-87.43197799992186,30.49899499998479],[-87.43157799988879,30.498795000068906],[-87.43102100039518,30.498331000073687],[-87.43097799983917,30.498295000028243],[-87.43087800028006,30.498095000221223],[-87.43067800026351,30.497594999678654],[-87.43057799980609,30.497194999871162],[-87.43047800024696,30.49659500017219],[-87.43097799983917,30.49609499966027],[-87.43099899975557,30.49606399989847],[-87.4311779998557,30.495794999977353],[-87.43167800034621,30.49489500002223],[-87.43177799990534,30.494594999735135],[-87.43182300011117,30.494196000064058],[-87.43187800036276,30.49369600038175],[-87.43177799990534,30.493396000267783],[-87.43167800034621,30.49289600034449],[-87.43156799984305,30.492730999968508],[-87.43147800032968,30.492596000086063],[-87.43127800031314,30.49209599992203],[-87.43107800029658,30.49179600029326],[-87.43077799982262,30.491495999739474],[-87.43073199979186,30.491404000013947],[-87.43057799980609,30.491095999626598],[-87.43027800023043,30.490796000010985],[-87.42997799975646,30.490696000191562],[-87.42987800019733,30.490696000191562],[-87.4298689999765,30.4906869998622],[-87.42977799973993,30.490596000269434],[-87.42937799970683,30.490295999886378],[-87.42910400007045,30.49020499992796],[-87.42907800013117,30.490196000327227],[-87.4289800002219,30.490094999762494],[-87.42895400028263,30.490069000282272],[-87.42857799964068,30.489696000215954],[-87.428502000371,30.48954500016649],[-87.42847700025665,30.48949599976174],[-87.42843799989858,30.48937800002857],[-87.42837799962413,30.48919599985788],[-87.42837799962413,30.489095999942407],[-87.42837799962413,30.489032999679736],[-87.42837799962413,30.48889200001297],[-87.42837799962413,30.488751000141963],[-87.42837799962413,30.488696000027055],[-87.42837799962413,30.488495999839845],[-87.42845899981498,30.48833300003744],[-87.42857799964068,30.488095999780583],[-87.42877799965721,30.487796000205346],[-87.42897799967375,30.487595999716724],[-87.42909599967453,30.487478000002035],[-87.4291779996903,30.487396000365276],[-87.42925800005624,30.487396999747652],[-87.42957799972338,30.487396000365276],[-87.42977799973993,30.487396000365276],[-87.43003800003092,30.48750699986642],[-87.43047800024696,30.487695999625355],[-87.4304940001405,30.48770000023886],[-87.43087800028006,30.487796000205346],[-87.43147800032968,30.488095999780583],[-87.4320780003793,30.488195999949532],[-87.43287000004955,30.488195999949532],[-87.4331780000211,30.488195999949532],[-87.4335780000542,30.48799600028298],[-87.43366500009283,30.48790900032681],[-87.43387799962986,30.487695999625355],[-87.43404099983647,30.487287999662122],[-87.43407799964639,30.48719599982874],[-87.43397100041459,30.486981999728354],[-87.43377800007073,30.48659599962347],[-87.43367799961331,30.486296000068975],[-87.4331780000211,30.485496000348512],[-87.43297800000458,30.484895999726326],[-87.43287800044546,30.484296000050115],[-87.43297800000458,30.4840960001102],[-87.43312600014258,30.48385000018566],[-87.43327799958023,30.483595999623695],[-87.43337800003766,30.48329600011168],[-87.43407799964639,30.48239599989856],[-87.43407799964639,30.482195999925313],[-87.43427799966294,30.481996000315313],[-87.43437800012035,30.481996000315313],[-87.43446799963372,30.481996000315313],[-87.43457800013691,30.481996000315313],[-87.43479400004698,30.481887999813118],[-87.43497800016998,30.481796000294356],[-87.43517800018653,30.481595999862485],[-87.43522800041524,30.48149599987952],[-87.43527699992073,30.481395000349842],[-87.43547799976218,30.481095999694535],[-87.43547799976218,30.480896000146934],[-87.43557800021959,30.4804959998189],[-87.43527799974562,30.479896000115932],[-87.43477800015344,30.479295999811548],[-87.434677999696,30.479195999788352],[-87.43427799966294,30.478895999876656],[-87.43397800008728,30.47879600021677],[-87.43377800007073,30.478695999680046],[-87.43367799961331,30.478595999814733],[-87.43287800044546,30.478296000376595],[-87.43257799997149,30.478196000100393],[-87.43197799992186,30.4778960002039],[-87.43157799988879,30.477696000275383],[-87.43127800031314,30.47729599996006],[-87.43097799983917,30.477096000347384],[-87.43057799980609,30.476596000292396],[-87.43047800024696,30.47639600001594],[-87.43031699969018,30.47583400022184],[-87.43027800023043,30.47569600007113],[-87.430177999773,30.47519599979428],[-87.430177999773,30.474295999793444],[-87.430177999773,30.474096000212004],[-87.430177999773,30.473096000013705],[-87.430177999773,30.472815000289046],[-87.430177999773,30.472696000155732],[-87.4300780002139,30.471995999934524],[-87.42987800019733,30.47159600020343],[-87.42987800019733,30.47139599972174],[-87.42977799973993,30.471095999777482],[-87.42957799972338,30.47059599988132],[-87.42937799970683,30.470395999668575],[-87.42887800011465,30.469795999662843],[-87.42857799964068,30.46939600018622],[-87.42804000041365,30.46876900011631],[-87.42797799959105,30.468696000245917],[-87.4277779995745,30.46839599972677],[-87.42727799998231,30.46779599978754],[-87.42707799996577,30.46749600036748],[-87.42677800039013,30.467295999982603],[-87.42667799993269,30.46719600002334],[-87.42607799988306,30.46659599966],[-87.4257780003074,30.466295999640824],[-87.42527799981691,30.46579599987833],[-87.42507799980037,30.46559599987408],[-87.42457800020817,30.465196000182182],[-87.4242779997342,30.46489599972241],[-87.4239959997019,30.464662000100606],[-87.42367799968457,30.464395999741946],[-87.42357800012546,30.46429599990246],[-87.42267799960187,30.463595999700058],[-87.42217800000968,30.463196000312475],[-87.42147800040094,30.462796000056702],[-87.42117799992697,30.46269600012333],[-87.4203779998608,30.46239599970709],[-87.4198780002686,30.462195999690667],[-87.41907800020245,30.461896000057624],[-87.41867800016935,30.461596000275055],[-87.41777699982086,30.461095999616816],[-87.41767700026175,30.460896000028747],[-87.41687700019558,30.459895999801414],[-87.41677699973815,30.459895999801414],[-87.41667700017904,30.459696000072842],[-87.41637699970507,30.459395999710217],[-87.415976999672,30.45889600015039],[-87.415976999672,30.458695999917698],[-87.41567700009634,30.45819599986282],[-87.41547700007979,30.458095999853686],[-87.41492999973362,30.457548999745292],[-87.41491999968787,30.457538999760022],[-87.41487700003017,30.45749599996654],[-87.41467700001363,30.45729599995749],[-87.41447699999709,30.45729599995749],[-87.41383799958939,30.457021999743144],[-87.41377700038835,30.456995999948404],[-87.41347699991438,30.456995999948404],[-87.4130769998813,30.456896000256407],[-87.41247699983168,30.456896000256407],[-87.41197700023949,30.456896000256407],[-87.41107699971589,30.456896000256407],[-87.41057700012368,30.456896000256407],[-87.40927699956703,30.456795999687355],[-87.40867700041571,30.456695999790085],[-87.40787700034954,30.45639600025677],[-87.40767700033301,30.456296999650537],[-87.40697699982594,30.455697000300788],[-87.4066770002503,30.455397000014813],[-87.4061769997598,30.454897000066907],[-87.40597699974326,30.454596999641105],[-87.40547700015105,30.453996999890556],[-87.40527700013452,30.45369699979151],[-87.40487700010142,30.453096999920213],[-87.4046770000849,30.452897000174694],[-87.40431300003682,30.452714999956694],[-87.40430299999107,30.452709999716134],[-87.4042770000518,30.45269700001877],[-87.40387700001872,30.452497000226725],[-87.40317700041,30.452297000024235],[-87.4027770003769,30.452097000185702],[-87.40167699983677,30.451697000051723],[-87.40107699978715,30.451496999756273],[-87.40007699970444,30.451097000257256],[-87.3998769996879,30.450996999932393],[-87.3997770001288,30.450996999932393],[-87.39957700011223,30.45089700027929],[-87.39887699960519,30.450796999749215],[-87.39857700002955,30.45069699989094],[-87.39797699997992,30.450596999930024],[-87.39777699996337,30.450596999930024],[-87.3971099999666,30.450596999930024],[-87.39702700012593,30.450596999930024],[-87.3968770003381,30.450596999930024],[-87.39647700030503,30.45069699989094],[-87.39537699976488,30.450996999932393],[-87.39507700018922,30.451097000257256],[-87.39417699966563,30.45139699984184],[-87.39387700008997,30.45139699984184],[-87.3934770000569,30.451496999756273],[-87.39307700002381,30.4515970003425],[-87.39227600013274,30.4515970003425],[-87.39197599965877,30.4515970003425],[-87.39127600005004,30.451496999756273],[-87.39077599955952,30.451296999824805],[-87.38997600039167,30.4511969997051],[-87.38977600037514,30.451097000257256],[-87.38887599985155,30.450796999749215],[-87.38847599981845,30.450596999930024],[-87.38787599976884,30.45039699970041],[-87.38777600020973,30.45039699970041],[-87.38690499999845,30.45039699970041],[-87.38677600012703,30.45039699970041],[-87.38637600009393,30.45039699970041],[-87.38630900014678,30.45039699970041],[-87.3857760000443,30.45039699970041],[-87.3856759995869,30.45039699970041],[-87.38537600001123,30.45039699970041],[-87.38517599999469,30.45039699970041],[-87.38457599994507,30.450297000206156],[-87.38437599992854,30.450297000206156],[-87.38357599986237,30.450196999834805],[-87.38297599981274,30.45009700013533],[-87.38217599974658,30.45009700013533],[-87.38187600017092,30.45009700013533],[-87.38147600013785,30.45009700013533],[-87.38117599966388,30.45009700013533],[-87.3803759995977,30.449896999654108],[-87.37997599956464,30.449896999654108],[-87.37947599997243,30.449697000311275],[-87.37917600039677,30.449697000311275],[-87.37867599990626,30.449597000098723],[-87.37827599987318,30.449397000140348],[-87.37820999975094,30.449383000228533],[-87.37777600028099,30.449296999620007],[-87.37767599982357,30.449296999620007],[-87.37707599977394,30.449096999820394],[-87.37667599974087,30.448996999766678],[-87.37587599967469,30.448797000125914],[-87.37557600009904,30.44869699976446],[-87.37507599960853,30.448597000074745],[-87.37500100016378,30.448558999887005],[-87.37497600004941,30.448547000191436],[-87.37497600004941,30.448465000296302],[-87.37076800020444,30.446864999983916],[-87.3686800001755,30.444630999734926],[-87.36693899957784,30.440479999715954],[-87.3665910003216,30.436648000151155],[-87.36744099971818,30.434494999866672],[-87.36819099955564,30.43340700005968],[-87.36938300015728,30.431947999915444],[-87.37116900006244,30.430490000374473],[-87.37314999996127,30.429397000153745],[-87.37497600004941,30.428302000101464],[-87.37497600004941,30.428347000356442],[-87.37507599960853,30.42819699968408],[-87.37527599962507,30.42809699988228],[-87.3753760000825,30.42799699997792],[-87.37617600014866,30.42729700010118],[-87.37647599972432,30.427097000099028],[-87.37727599979048,30.426396999960936],[-87.37757600026445,30.426097000134614],[-87.3783760003306,30.425396999792557],[-87.37867599990626,30.425196999768232],[-87.38007600002206,30.42429699961991],[-87.38087600008822,30.423796999737114],[-87.38207600018747,30.42289699984275],[-87.38257599977966,30.422597000098754],[-87.38337599984582,30.422097000024973],[-87.38387600033634,30.421897000207572],[-87.38434800033944,30.42161299985546],[-87.38487600041903,30.421296999844984],[-87.38547599957035,30.420996999829395],[-87.38637600009393,30.420497000077702],[-87.38677600012703,30.42039700012975],[-87.3876759997523,30.42009699967111],[-87.38807599978539,30.4199970000879],[-87.38907599986807,30.41969699994877],[-87.38947599990117,30.419596999955637],[-87.39027599996732,30.419297000136098],[-87.39057600044129,30.419196999733057],[-87.3925759997084,30.41869700005406],[-87.39317599975801,30.418497000239814],[-87.39397599982418,30.418297000015674],[-87.39457599987381,30.41809700015625],[-87.39567600041396,30.417597000263903],[-87.39627599956526,30.417197000364748],[-87.39737600010538,30.41629800013172],[-87.39767599968103,30.415998000241334],[-87.3984759997472,30.41549799966584],[-87.39877600022116,30.415097999685223],[-87.40027699972099,30.413497999637958],[-87.40037700017841,30.413398000265175],[-87.40047699973752,30.413197999662675],[-87.40057700019496,30.412898000314758],[-87.40097700022804,30.412297999627423],[-87.40127699980368,30.411997999837478],[-87.4017770002942,30.411397999815676],[-87.4022769998864,30.410998000076415],[-87.4027770003769,30.410598000247475],[-87.40297700039345,30.410398000105733],[-87.40347699998566,30.410198000328958],[-87.40477699964401,30.40959800008954],[-87.40527700013452,30.409497999820214],[-87.40567700016759,30.409398000223188],[-87.40607700020067,30.409197999947153],[-87.40647700023376,30.409197999947153],[-87.40737699985904,30.408998000036064],[-87.40777699989212,30.408897999926857],[-87.40847700039916,30.408897999926857],[-87.40887700043226,30.408797999715222],[-87.40937700002443,30.408797999715222],[-87.409577000041,30.408797999715222],[-87.41037700010716,30.408797999715222],[-87.4106769996828,30.408797999715222],[-87.41107699971589,30.408797999715222],[-87.41147699974896,30.408797999715222],[-87.41217700025602,30.408897999926857],[-87.41247699983168,30.408897999926857],[-87.41317700033873,30.408998000036064],[-87.41357700037182,30.408998000036064],[-87.41417700042143,30.409197999947153],[-87.4145769995562,30.409297999749043],[-87.41527700006326,30.409398000223188],[-87.41567700009634,30.409497999820214],[-87.41667700017904,30.409698000256434],[-87.41717699977124,30.409898000282862],[-87.41767700026175,30.409998000142433],[-87.41797699983739,30.409998000142433],[-87.41837699987049,30.410097999899566],[-87.41857699988702,30.410097999899566],[-87.41917699993665,30.410198000328958],[-87.41947700041062,30.410198000328958],[-87.42017700001935,30.410198000328958],[-87.42057700005243,30.410198000328958],[-87.42117700010205,30.410198000328958],[-87.42157700013514,30.410198000328958],[-87.42227699974387,30.410097999899566],[-87.42267699977695,30.410097999899566],[-87.42327699982657,30.409998000142433],[-87.42367699985967,30.409898000282862],[-87.42437700036672,30.409798000320833],[-87.42447699992582,30.409698000256434],[-87.42477700039979,30.40959800008954],[-87.42497700041633,30.40959800008954],[-87.42507699997543,30.409497999820214],[-87.42557699956764,30.409398000223188],[-87.42587700004161,30.409297999749043],[-87.42617699961727,30.409197999947153],[-87.4263769996338,30.40909800004282],[-87.42677699966688,30.408797999715222],[-87.42687700012434,30.408797999715222],[-87.42747799999886,30.408398000168624],[-87.4277779995745,30.40809800001415],[-87.42837799962413,30.407598000032362],[-87.42947800016427,30.406598000134093],[-87.42957799972338,30.406497999890867],[-87.42977799973993,30.406198000096047],[-87.430177999773,30.405697999680775],[-87.43057799980609,30.405197999804077],[-87.43079399971616,30.404909000077442],[-87.43087800028006,30.4047980002285],[-87.43127800031314,30.404097999739918],[-87.43137799987224,30.40379800031865],[-87.43177799990534,30.40319800026044],[-87.43187800036276,30.402997999680036],[-87.4320780003793,30.40239800012966],[-87.43227800039583,30.402098000134135],[-87.43287800044546,30.400898000233088],[-87.43297800000458,30.40039799979623],[-87.43327799958023,30.39939799976548],[-87.43347799959676,30.398898000171748],[-87.43407799964639,30.39779799964814],[-87.43427799966294,30.397498000243157],[-87.43457800013691,30.39729800038615],[-87.434677999696,30.39719799991669],[-87.43547799976218,30.396898000218368],[-87.43597800025269,30.396598000373423],[-87.43687799987796,30.39619799966334],[-87.43727799991105,30.39589799999292],[-87.43807799997721,30.395097999724598],[-87.43857799956939,30.394597999813268],[-87.43947800009302,30.393497999677727],[-87.43987800012609,30.392798000327126],[-87.44067800019226,30.391497999959086],[-87.44077799975136,30.390998000218],[-87.44107800022533,30.389998000032783],[-87.44107800022533,30.389798000317235],[-87.44107800022533,30.38899799968543],[-87.44117799978444,30.388597999625187],[-87.44107800022533,30.387997999951352],[-87.44107800022533,30.387697999895067],[-87.44087800020878,30.386698000029135],[-87.44067800019226,30.386098000311524],[-87.44027800015917,30.38489799989748],[-87.44017799970173,30.38459799962241],[-87.43987800012609,30.38419800014781],[-87.43977799966866,30.38389800004857],[-87.43937799963557,30.383298000186805],[-87.43907800005992,30.382898000040573],[-87.43867800002684,30.382098000261053],[-87.43847800001029,30.381797999914664],[-87.43847800001029,30.38139799982848],[-87.43847800001029,30.381198000333942],[-87.43857799956939,30.380997999655083],[-87.43867800002684,30.380798000116897],[-87.43907800005992,30.38019799982167],[-87.43937799963557,30.379897999842697],[-87.43987800012609,30.378898999698574],[-87.4399779996852,30.378798999770467],[-87.44057799973481,30.377998999762344],[-87.44087800020878,30.377598999627775],[-87.44137799980098,30.376899000297314],[-87.44153500015982,30.376663000092837],[-87.44157799981754,30.37659900026753],[-87.4416599998333,30.376499000311316],[-87.4418230000399,30.376304000373736],[-87.44288400022198,30.375199000096426],[-87.44347800042382,30.37509900025806],[-87.44367800044037,30.37479900012909],[-87.44407799957513,30.374399000075094],[-87.44427799959168,30.374099000123042],[-87.44497800009871,30.37369900030489],[-87.44547799969092,30.37329899962514],[-87.44597800018144,30.372898999633808],[-87.44617800019796,30.372698999799425],[-87.44657800023106,30.372298999678293],[-87.44697800026414,30.37199900025728],[-87.4473780002972,30.371698999915722],[-87.44767799987287,30.371498999951648],[-87.44797800034684,30.371198999625918],[-87.44847799993904,30.370898999929747],[-87.44877800041301,30.37059900008815],[-87.44907799998866,30.370399000199033],[-87.44937799956432,30.370099000373312],[-87.4497779995974,30.369598999651714],[-87.44997799961394,30.369298999696532],[-87.45017799963048,30.36879900030937],[-87.45137799972973,30.36719899981545],[-87.45137799972973,30.366998999947466],[-87.45147800018715,30.366698999766072],[-87.45177799976281,30.36589899995005],[-87.45187800022022,30.364998999697544],[-87.45177799976281,30.364598999854774],[-87.45177799976281,30.363999000123425],[-87.45187800022022,30.36339899981143],[-87.45197799977934,30.362498999805137],[-87.45207800023678,30.361899000367327],[-87.45197799977934,30.36109900004201],[-87.45197799977934,30.36029900014953],[-87.45197799977934,30.35979899970389],[-87.45197799977934,30.359198999981075],[-87.45187800022022,30.358299000084983],[-87.45177799976281,30.357498999771448],[-87.45177799976281,30.35669899989197],[-87.45157799974626,30.355898999671563],[-87.45137799972973,30.354899000079833],[-87.4512780001706,30.353999000157316],[-87.45117799971318,30.35339899974379],[-87.45117799971318,30.352898999689153],[-87.45117799971318,30.352498999976316],[-87.45107800015407,30.351898999666485],[-87.45107800015407,30.3514989997415],[-87.45107800015407,30.350999000055115],[-87.45107800015407,30.350098999917755],[-87.45107800015407,30.349498999620277],[-87.45097799969665,30.34879899992073],[-87.45097799969665,30.347999000223854],[-87.45087800013754,30.347598999861013],[-87.4507779996801,30.346998999739753],[-87.45087800013754,30.346598999941016],[-87.45096199980311,30.34626200034361],[-87.45097799969665,30.346199000057826],[-87.45107800015407,30.345598999881084],[-87.45137799972973,30.345298999963813],[-87.45157799974626,30.34499899990218],[-87.45197799977934,30.344499000340242],[-87.45227800025332,30.344098999626866],[-87.45297799986206,30.343498999755607],[-87.45337799989514,30.34309900038226],[-87.45367800036911,30.34289900008264],[-87.45367800036911,30.34279999986836],[-87.45377799992822,30.34279999986836],[-87.4541779999613,30.342399999964282],[-87.45447800043526,30.34210000032026],[-87.45497800002747,30.341599999904048],[-87.45537800006055,30.341199999747904],[-87.45577800009363,30.340700000161473],[-87.45627799968582,30.340200000347036],[-87.45687799973544,30.3397000003046],[-87.45727799976854,30.339200000034236],[-87.45767799980162,30.338800000150055],[-87.45807799983469,30.338400000182137],[-87.45847799986778,30.33790000024985],[-87.45887799990086,30.33749999970586],[-87.45927799993393,30.336999999828954],[-87.45967799996703,30.33660000025975],[-87.459978000441,30.336299999898053],[-87.46037799957575,30.336000000167786],[-87.46077799960884,30.33559999961439],[-87.4610780000828,30.33530000006516],[-87.46127800009936,30.335199999752717],[-87.4629779997908,30.33399999966716],[-87.46312900030185,30.333948999843646],[-87.46327800026476,30.333900000353065],[-87.46377799985697,30.333699999867722],[-87.46405700041453,30.333605999793104],[-87.46437799990659,30.333499999749225],[-87.46487800039709,30.333299999997575],[-87.46547800044671,30.333199999968528],[-87.46627900033779,30.333000000379414],[-87.46707900040394,30.332900000044056],[-87.46726099997885,30.33282700010688],[-87.46757899999615,30.33269999984223],[-87.46807899958834,30.332599999975788],[-87.4687790000954,30.332399999936627],[-87.46947899970412,30.33229999976382],[-87.47007899975375,30.332200000264283],[-87.47087899981992,30.33200000018343],[-87.47187899990261,30.331799999694134],[-87.47267899996879,30.331699999683917],[-87.47357899959407,30.33160000034701],[-87.47477899969331,30.33150000013263],[-87.47557899975948,30.331399999816124],[-87.47627900026653,30.331399999816124],[-87.47687900031615,30.331300000172853],[-87.47747900036578,30.331300000172853],[-87.47857900000758,30.331199999652057],[-87.47947899963286,30.331199999652057],[-87.47999800038995,30.33111300018597],[-87.48007899968249,30.331099999804568],[-87.48087899974867,30.331099999804568],[-87.48167899981483,30.331099999804568],[-87.48277900035495,30.331099999804568],[-87.48357900042113,30.331099999804568],[-87.48467900006294,30.331099999804568],[-87.48587900016219,30.331099999804568],[-87.48667900022834,30.331099999804568],[-87.48747900029451,30.33099999985496],[-87.48777899987017,30.33099999985496],[-87.48837899991979,30.331099999804568],[-87.48907900042686,30.331099999804568],[-87.48997900005213,30.331099999804568],[-87.4908789996774,30.33099999985496],[-87.4918789997601,30.33089999980318],[-87.49204500033977,30.33087200011157],[-87.49247999963463,30.33079999964934],[-87.49307999968427,30.330599999810644],[-87.49358000017476,30.330599999810644],[-87.49418000022439,30.330400000338845],[-87.49487999983313,30.33019999968324],[-87.49587999991584,30.330000000169914],[-87.49728000003162,30.3296999997464],[-87.4981799996569,30.329499999987306],[-87.4986800001474,30.329299999819817],[-87.49928000019702,30.329100000019235],[-87.49977999978923,30.32889999981022],[-87.49997999980577,30.328956999767964],[-87.50257199962488,30.32740500002379],[-87.50470099966174,30.324039000182704],[-87.50594299959377,30.319396000080925],[-87.5058100004227,30.31508599971452],[-87.50587999984458,30.313899999745985],[-87.50578000028545,30.312499999695184],[-87.50558000026892,30.3110999998076],[-87.50518000023582,30.30990100036477],[-87.50467999974533,30.308901000119373],[-87.50387999967916,30.308001000016443],[-87.50347999964609,30.307600999903226],[-87.50278000003735,30.307300999910346],[-87.50230700020933,30.3071429998242],[-87.50217999998772,30.30710100018064],[-87.50168000039554,30.306901000042817],[-87.50097999988847,30.306801000208626],[-87.49997999980577,30.306451000373446],[-87.49997999980577,30.306200999836825],[-87.49988000024666,30.306200999836825],[-87.49957999977269,30.306200999836825],[-87.49928000019702,30.306200999836825],[-87.49917999973961,30.306200999836825],[-87.49897999972306,30.306200999836825],[-87.49877999970653,30.30630100028311],[-87.49837999967345,30.30630100028311],[-87.49797999964036,30.306200999836825],[-87.4976800000647,30.306101000064093],[-87.49737999959073,30.305901000212636],[-87.4971799995742,30.305801000133872],[-87.49678000043943,30.30570099995309],[-87.49647999996546,30.305600999670286],[-87.49598000037325,30.30540100034979],[-87.49558000034018,30.305300999760966],[-87.49517899958387,30.305100999828404],[-87.49487900000821,30.30500099970912],[-87.49437900041602,30.30500099970912],[-87.49407899994205,30.30490100026339],[-87.49337900033332,30.30490100026339],[-87.4928789998428,30.30490100026339],[-87.49247899980972,30.30490100026339],[-87.49197900021753,30.304800999940078],[-87.49127899971047,30.30490100026339],[-87.49067899966086,30.30490100026339],[-87.4898789995947,30.30490100026339],[-87.48917899998595,30.30490100026339],[-87.48867900039376,30.304800999940078],[-87.48817899990324,30.304800999940078],[-87.48737899983709,30.30500099970912],[-87.486978999804,30.305100999828404],[-87.48637899975436,30.305100999828404],[-87.48623999983721,30.305100999828404],[-87.48604700039168,30.305100999828404],[-87.48567900014565,30.305100999828404],[-87.48517899965512,30.30500099970912],[-87.48477899962205,30.30490100026339],[-87.48417899957244,30.30490100026339],[-87.48377900043766,30.304800999940078],[-87.48367899998023,30.304800999940078],[-87.48187899983135,30.306001000189354],[-87.4815790002557,30.306200999836825],[-87.48137900023917,30.306400999851814],[-87.48087899974867,30.30660100023426],[-87.48057900017301,30.306701000272426],[-87.48027899969904,30.306801000208626],[-87.4795790000903,30.306801000208626],[-87.47887899958324,30.306801000208626],[-87.47847900044849,30.306901000042817],[-87.47787900039887,30.306901000042817],[-87.4771789998918,30.307200999708723],[-87.47657899984218,30.307501000007584],[-87.47627900026653,30.307700999696756],[-87.47587900023345,30.307900000083688],[-87.47527900018382,30.308000000347803],[-87.47447900011765,30.308000000347803],[-87.47397899962716,30.308000000347803],[-87.47347900003496,30.308000000347803],[-87.47257900040968,30.308000000347803],[-87.47177900034352,30.307900000083688],[-87.47127899985298,30.307900000083688],[-87.47067899980337,30.307900000083688],[-87.4697790001781,30.308000000347803],[-87.46917800030357,30.308199999794297],[-87.46867799981305,30.308199999794297],[-87.46817800022086,30.308099999734274],[-87.46777800018778,30.307900000083688],[-87.46737800015471,30.307799999717606],[-87.46717800013815,30.307799999717606],[-87.46657800008853,30.307799999717606],[-87.46617800005546,30.307799999717606],[-87.4658779995815,30.30770000002506],[-87.46577800002237,30.307600000230448],[-87.46507800041363,30.307600000230448],[-87.46427800034746,30.30770000002506],[-87.46377799985697,30.307799999717606],[-87.4629779997908,30.307799999717606],[-87.4624780001986,30.307900000083688],[-87.46187800014897,30.308000000347803],[-87.46097799962538,30.308099999734274],[-87.46027800001664,30.308199999794297],[-87.4595780004079,30.30829999975228],[-87.45917800037482,30.308500000137737],[-87.45877800034175,30.30859999978966],[-87.45827799985123,30.30880000033851],[-87.45777800025903,30.30909999962107],[-87.45717800020941,30.309299999925223],[-87.45687799973544,30.309499999821256],[-87.45647799970237,30.309800000063376],[-87.45587799965276,30.31010000016269],[-87.45557800007708,30.31019999973328],[-87.45497800002747,30.310299999977353],[-87.45437799997784,30.310299999977353],[-87.45387800038564,30.31019999973328],[-87.45317799987859,30.310400000119337],[-87.4526780002864,30.310400000119337],[-87.45227800025332,30.310600000097278],[-87.4516780002037,30.31079999966709],[-87.45117799971318,30.310900000074458],[-87.4507779996801,30.3110999998076],[-87.4502780000879,30.3110999998076],[-87.45007800007136,30.3110999998076],[-87.45112599983466,30.30613599999617],[-87.45113099985751,30.30610899989459],[-87.45113400023057,30.306096999760843],[-87.45115099994901,30.30601400002374],[-87.45237799981243,30.300200999670523],[-87.49273999992565,30.289771999730046],[-87.49997999980577,30.287900999690155],[-87.50000300027031,30.28790499996005],[-87.50108000034591,30.288100999798807],[-87.50197999997118,30.28800100018331],[-87.50367999966262,30.287500999800912],[-87.50547999981148,30.28710099983214],[-87.5073800004178,30.286500999923632],[-87.50888000009269,30.286100999756012],[-87.51048000022502,30.28580099991743],[-87.51170700008844,30.285635000145177],[-87.51191700015072,30.285606000034658],[-87.51202900030373,30.2855680000641],[-87.51458000011495,30.284700999900867],[-87.51509099957782,30.284592999888776],[-87.51838000042925,30.283901000322754],[-87.51838100025414,30.282934000041255],[-87.51838299990398,30.282374999709386],[-87.51838299990398,30.28235600026386],[-87.51838299990398,30.282319999671195],[-87.51838299990398,30.282257000153688],[-87.51838299990398,30.282158999875794],[-87.51838299990398,30.282141000320667],[-87.51838299990398,30.28213100022165],[-87.51838399972887,30.282084000285636],[-87.51838399972887,30.28202900008428],[-87.51838600027702,30.28158599987728],[-87.51838600027702,30.281561999812443],[-87.51838600027702,30.280649000033545],[-87.51832400035273,30.2804419998259],[-87.51832500017764,30.28020599980227],[-87.51833100002543,30.278649000131498],[-87.51833900042136,30.276997999739205],[-87.51838100025414,30.267658000187488],[-87.51842599956169,30.25779999999938],[-87.51844599965315,30.25330100009931],[-87.51845999989686,30.250202000259492],[-87.51845900007194,30.250001000266177],[-87.51840399982036,30.240119000310422],[-87.51837200003332,30.23423999989074],[-87.51834600009404,30.22950599976317],[-87.51834000024627,30.20133000038581],[-87.518350000292,30.15776000008327],[-87.51837000038348,30.12552999984394],[-87.51557000015193,30.126039999844316],[-87.51438000009841,30.126270000170916],[-87.50923999994279,30.127270000159054],[-87.50620000041002,30.127890000131064],[-87.50358000010351,30.128470000139092],[-87.50056999980966,30.129169999736913],[-87.49325999960932,30.130950000131268],[-87.48357000020029,30.13291000034598],[-87.48225999959789,30.133439999657387],[-87.47925000020233,30.133949999972728],[-87.47473000018783,30.134720000330873],[-87.45860000006651,30.137529999913667],[-87.45375000033913,30.1384499996881],[-87.44852999981757,30.139580000104566],[-87.44200999963766,30.14110000004876],[-87.43943000041241,30.141519999799307],[-87.4380200002509,30.141749999793028],[-87.43477999980328,30.142329999929782],[-87.4291700001927,30.143369999727476],[-87.42256999964684,30.14460000005433],[-87.39587999973013,30.14847000033869],[-87.39259999999784,30.148970000220633],[-87.38771000008748,30.149860000265143],[-87.38331999976933,30.150569999901425],[-87.38012000040298,30.150980000274],[-87.36686999998086,30.153569999842627],[-87.36265000044034,30.154449999667207],[-87.35645999997331,30.155929999953432],[-87.3461799996621,30.15859999963259],[-87.3366400000409,30.161190000252056],[-87.33210999998064,30.16214000038694],[-87.32896999999045,30.162829999766103],[-87.31564000010071,30.165800000249142],[-87.30280999980317,30.168300000209484],[-87.29959000034533,30.16779999969787],[-87.29818000018382,30.167590000078107],[-87.29675999997653,30.16740000025847],[-87.29594999986462,30.167299999756654],[-87.29411999957853,30.167070000314492],[-87.28992000012948,30.16656999977706],[-87.285620000223,30.166110000056122],[-87.28192000036616,30.16578999996351],[-87.27882999970635,30.16556999963712],[-87.27456999998284,30.16535000037303],[-87.27089000021748,30.165250000121574],[-87.26841999969879,30.165230000214482],[-87.26492999990421,30.165250000121574],[-87.26185000018847,30.16532000015292],[-87.2582900000737,30.16542000033336],[-87.25452999994239,30.16556999963712],[-87.25098999991913,30.165779999676943],[-87.24661999969243,30.166120000309284],[-87.2445400000594,30.166300000032194],[-87.24054999977432,30.16649999985667],[-87.23480000042166,30.16680999979235],[-87.23206999961197,30.166979999643765],[-87.22929000037018,30.16719999993007],[-87.22673000033812,30.16743999996482],[-87.2259400003177,30.167520000105373],[-87.20182999962624,30.16999000035896],[-87.20102999956008,30.17007999983459],[-87.19984999955231,30.17021000014012],[-87.18001999957416,30.172440000069994],[-87.17691999976692,30.172809999753962],[-87.17445000014654,30.173139999895337],[-87.1726099998147,30.173410000318633],[-87.15538000005158,30.17601000015838],[-87.13361000018244,30.17853000005409],[-87.12841999979813,30.179339999839666],[-87.12004000009321,30.180590000256107],[-87.10662999983752,30.183090000101735],[-87.07828999955979,30.18834999998227],[-87.05642000013152,30.192399999898672],[-87.04508000036147,30.19458999962477],[-87.03881999957424,30.195800000021947],[-87.03052000023526,30.19756000017091],[-87.02814000012825,30.198009999684626],[-87.01233999971981,30.201059999626217],[-87.00751000008393,30.201809999735122],[-87.00535000008495,30.20215000025187],[-87.00298000002367,30.202569999999568],[-86.97839999987725,30.206949999815468],[-86.97796999970694,30.207009999735824],[-86.97590000011964,30.20734000019636],[-86.96162000037589,30.209690000013854],[-86.95823000014045,30.210230000023902],[-86.94710999958008,30.212009999631526],[-86.92871999990068,30.215500000024804],[-86.92780000018392,30.215659999801957],[-86.92528000033482,30.216089999951365],[-86.91832999998459,30.217637000329287],[-86.90604000036053,30.21938000005259],[-86.9042000000287,30.219699999921822],[-86.9023699997426,30.220029999739747],[-86.88891000015653,30.22259999992951],[-86.8776299997626,30.22441000013672],[-86.85559999960248,30.227920000301665],[-86.83818499989141,30.230242999817637],[-86.83168999982587,30.23110999963103],[-86.82744000014812,30.23164000022592],[-86.8269899998863,30.231699999834987],[-86.81803000022325,30.233010000153488],[-86.80337399983756,30.234949999882758],[-86.79011000007006,30.235940000045677],[-86.7772499996353,30.237409999838682],[-86.75235999986747,30.240250000075324],[-86.74216999996793,30.241300000365932],[-86.72706000002078,30.242530000363836],[-86.7134799998858,30.243630000294306],[-86.70559999977309,30.243860000162627],[-86.70246999982862,30.24397999994771],[-86.7001800001333,30.24410000036231],[-86.68765000030972,30.244819999772567],[-86.6768700004063,30.245149999873348],[-86.666450000353,30.245500000321293],[-86.65027000000296,30.24604999994772],[-86.64057999969563,30.24630999996929],[-86.6384099996509,30.24629000023087],[-86.6318200000491,30.24601000036084],[-86.62668999993923,30.24571999976526],[-86.62483000041424,30.245619999655773],[-86.62253999982059,30.245380000064262],[-86.61494000009036,30.244599999865752],[-86.61371999989962,30.24448000006171],[-86.6122899996466,30.24433999997584],[-86.60343000044095,30.2435499999103],[-86.60179000012566,30.24341000005156],[-86.59952999966926,30.243240000232145],[-86.59788000020653,30.243129999735757],[-86.59561999975013,30.243009999688823],[-86.59417000030393,30.24293999978774],[-86.59129999975217,30.24282000028486],[-86.5885509995742,30.242286999971743],[-86.58507000000046,30.24164999978076],[-86.58242999960248,30.241210000026655],[-86.57918000000741,30.24072000001047],[-86.5767299995802,30.240370000388015],[-86.57326999992286,30.239949999816655],[-86.57000000023632,30.23961000033093],[-86.56734999979258,30.23933000005389],[-86.56199000042726,30.237809999710258],[-86.55938000016647,30.237140000305182],[-86.55717999998453,30.23658999970869],[-86.55314000036904,30.235670000355057],[-86.54947999979684,30.234909999658804],[-86.54662000018912,30.234370000086937],[-86.5406699999216,30.23337999963576],[-86.53654999994019,30.232799999890847],[-86.53136999960161,30.232200000327722],[-86.52804999968635,30.2318899997785],[-86.52389000042028,30.23157999980408],[-86.51951000014786,30.231340000078987],[-86.51532999989197,30.23120999975692],[-86.51073999955727,30.231159999706648],[-86.50635000013743,30.23120999975692],[-86.50175999980273,30.231370000367722],[-86.49800999971717,30.23157999980408],[-86.49404000042188,30.231849999861748],[-86.48820999980497,30.232320000378042],[-86.48448999985662,30.23259999966719],[-86.48040000001245,30.232810000357055],[-86.47814999960177,30.232969999916328],[-86.47620999971083,30.233019999822204],[-86.46513000023175,30.23308000014139],[-86.45924000023868,30.232999999707687],[-86.45552000029035,30.232749999873093],[-86.4532499997882,30.23259999966719],[-86.45098000018436,30.23248999968123],[-86.44869999963645,30.23239999981283],[-86.44767000031484,30.2323699998384],[-86.44559999982923,30.232309999862004],[-86.43229199968081,30.231058000177335],[-86.42605000023354,30.2304700001423],[-86.4192599997169,30.229820000375437],[-86.41085999992048,30.22880999971088],[-86.40261999995765,30.22741000031503],[-86.39963999980102,30.226955999760417],[-86.39285000018268,30.226000000010266],[-86.39057999968053,30.22575000022978],[-86.38852000013897,30.225539999985116],[-86.38769999998134,30.225470000062646],[-86.38501000025292,30.225219999711033],[-86.38264000019164,30.224789999886188],[-86.37964999998927,30.224279999967067],[-86.37593000004094,30.22370000010198],[-86.37391999982978,30.223409999662987],[-86.37261000012569,30.223139999716857],[-86.36892000031459,30.22243999979686],[-86.36604999976281,30.221940000130495],[-86.36254999992249,30.221389999890402],[-86.35861999991187,30.22084999980987],[-86.35562999970949,30.220320000053583],[-86.35259000017672,30.219750000365273],[-86.35054999982833,30.21938000005259],[-86.348300000316,30.219000000359802],[-86.34465999983529,30.21841000003183],[-86.3282300001383,30.214700000341082],[-86.32580999984833,30.21405999963658],[-86.3188799995896,30.212239999721998],[-86.31668000030596,30.21168000008158],[-86.31344999990408,30.210909999932827],[-86.31062000043359,30.21027000019432],[-86.3083900001144,30.209810000358438],[-86.30637999990326,30.20940000019429],[-86.29911300025893,30.207258999868163],[-86.29473999965921,30.20596999982078],[-86.29316999966412,30.20551000007044],[-86.29118999959019,30.204960000365467],[-86.2823200003388,30.202520000142112],[-86.28108000005659,30.202089999697986],[-86.27785999970044,30.201020000370843],[-86.27535999994285,30.20023999999702],[-86.26989000007434,30.198639999896244],[-86.2580099996308,30.195340000108548],[-86.23241000020849,30.18811999997598],[-86.22570000005777,30.185939999815076],[-86.22381000039555,30.185330000373945],[-86.22285999964322,30.185019999681277],[-86.2209499998895,30.184419999927574],[-86.21806000014456,30.18355999980891],[-86.20549000013801,30.179920000215827],[-86.19330000007305,30.176399999614855],[-86.19047999975,30.175560000301218],[-86.18749999959338,30.17445000009915],[-86.18500999988152,30.173559999889047],[-86.18038000026213,30.171990000219445],[-86.17379999980778,30.169969999860285],[-86.1586999999064,30.16564000021785],[-86.14979999961949,30.162909999764448],[-86.1358899997716,30.157769999629917],[-86.13445000037117,30.157239999735477],[-86.13073000042282,30.155909999709227],[-86.12567999978059,30.154090000123084],[-86.10745999998049,30.147540000187423],[-86.08639999976585,30.139799000319165],[-86.08242999957226,30.13834000016652],[-86.07572000031986,30.13580999986015],[-86.07406999995881,30.135189999907734],[-86.06666000019936,30.13212000022416],[-86.06091999999414,30.129689999643745],[-86.05980000026084,30.129220000295184],[-86.05755999989589,30.128310000155725],[-86.05239999964881,30.126270000170916],[-86.04694999987179,30.123960000125816],[-86.0457599998183,30.123460000176063],[-86.03131000019525,30.11751000017508],[-86.02580000014379,30.1151099997696],[-86.0213799996884,30.113170000151356],[-86.01777000024323,30.11154000004765],[-86.00959999970227,30.107850000313306],[-86.00793000014806,30.107110000301002],[-86.00549999981233,30.106059999972523],[-86.0030400002377,30.10478000004635],[-86.00076999973555,30.10359999974367],[-86.00012299983027,30.103270000134525],[-85.97593000019643,30.090919999629996],[-85.9731600001021,30.089500000080946],[-85.97209999974494,30.08893000008747],[-85.96596000040492,30.085819999678378],[-85.95685000005572,30.080839999741396],[-85.95434000025237,30.079440000232445],[-85.95188999982516,30.078129999710704],[-85.94661999997321,30.07517000004473],[-85.94453000029442,30.074060000271107],[-85.94016099989267,30.07177899963375],[-85.93678999992377,30.070020000198966],[-85.93177000031709,30.067299999842813],[-85.93114000013023,30.06696000017842],[-85.92612999967096,30.064079999892726],[-85.91456999979287,30.05744999994086],[-85.90520000005098,30.051879999904983],[-85.89350000043079,30.04528999970004],[-85.8896919997206,30.042844000181763],[-85.88858000038321,30.042130000005905],[-85.88298999996582,30.038240000079437],[-85.87986099984626,30.035981999973504],[-85.87638000027252,30.03346999969951],[-85.87393999989105,30.031700000186056],[-85.87286000034072,30.030789999969933],[-85.87134999972177,30.02905999978311],[-85.86892000028438,30.026370000186468],[-85.86503999960414,30.0223599997212],[-85.86144000020472,30.018860000095504],[-85.85653000020288,30.01442000038758],[-85.85019999999376,30.009199999634014],[-85.84340000032967,30.00413999997108],[-85.83855999974972,30.000700000039817],[-85.83511000013813,29.99835999970723],[-85.83309999992699,29.997059999885902],[-85.8304000001528,29.995370000335857],[-85.82660999988428,29.99311000009418],[-85.8240900000352,29.991539999757258],[-85.82131999994085,29.989640000005018],[-85.81330000008604,29.98425000024501],[-85.8114899998914,29.983050000311863],[-85.80866000042093,29.98122999989528],[-85.80647000028473,29.979889999749513],[-85.80356000044829,29.978159999698324],[-85.80251000013686,29.97755999976773],[-85.7907400001965,29.97083000016618],[-85.78899000027633,29.969849999710604],[-85.78597999998249,29.96821000027502],[-85.78418999987935,29.96727000019167],[-85.78149000010521,29.965900000042037],[-85.77709999978703,29.963720000016547],[-85.77610999975008,29.963229999790304],[-85.77395999979684,29.962180000064844],[-85.77215999964797,29.96133000013049],[-85.77035000035168,29.9605000000014],[-85.76834000014053,29.95959999987755],[-85.75845900003746,29.955256000010408],[-85.74151999962916,29.947810000040977],[-85.7392900002083,29.946850000377257],[-85.73592000006433,29.945459999814833],[-85.73288999967897,29.944280000230663],[-85.73078999995445,29.9434900001924],[-85.72812000031755,29.942530000085924],[-85.72657000041391,29.94199999994153],[-85.72426999977455,29.9412299997525],[-85.72104000027097,29.940169999912182],[-85.71830000031385,29.93905999963466],[-85.7156699999616,29.938019999946405],[-85.71397000027015,29.93736999968033],[-85.71321000038695,29.93708000009585],[-85.7113199998264,29.93638000008574],[-85.70979000001427,29.935839999693314],[-85.70865000018948,29.93460000018473],[-85.70515000034918,29.93078000021198],[-85.70502999980026,29.930639999836234],[-85.70352000007962,29.929019999958832],[-85.70203999959789,29.927519999973548],[-85.70082000030546,29.926289999917465],[-85.686270000225,29.912000000261447],[-85.68544000002161,29.91119000028253],[-85.68419999973939,29.910010000012264],[-85.6827999996236,29.908700000250153],[-85.68138000031465,29.907400000311576],[-85.67950999984558,29.905740000368585],[-85.67782000019987,29.904250000302888],[-85.67571999957704,29.902409999620378],[-85.6745200003761,29.901310000088788],[-85.67255000034793,29.8995399999443],[-85.67065999978736,29.897640000344357],[-85.66873999998789,29.895760000185234],[-85.66733999987211,29.89444999995261],[-85.66535999979817,29.892630000234092],[-85.66377999975735,29.89121000032677],[-85.66217999962501,29.889830000175248],[-85.64882999964378,29.87839999995992],[-85.64725999964868,29.877120000134102],[-85.64586999957865,29.875910000017857],[-85.64456999992028,29.874859999717586],[-85.63203000005096,29.864820000292127],[-85.631729999577,29.86457999986833],[-85.63049000019309,29.86368000034384],[-85.62889000006076,29.86243999997676],[-85.62727999988269,29.86115000036242],[-85.62541000031194,29.859780000275023],[-85.62401000019617,29.858769999774037],[-85.61915999957046,29.855369999871645],[-85.61803999983715,29.854590000239185],[-85.61659000039096,29.85359000006516],[-85.61480000028784,29.852399999707107],[-85.61248999960273,29.850910000315178],[-85.60827000006218,29.848219999902582],[-85.60642999973034,29.847099999940735],[-85.60471999999316,29.8461199999928],[-85.60185899966221,29.844569999688616],[-85.59876999972563,29.842889999858354],[-85.59321000034377,29.839640000266506],[-85.59127999960025,29.838649999778728],[-85.58962000009178,29.83755999976237],[-85.58969000041199,29.835760000213025],[-85.58973999974238,29.833779999795972],[-85.58975999983386,29.830719999753978],[-85.58970999960515,29.82802000018957],[-85.58965000022901,29.826220000215518],[-85.5895799999088,29.82477999964992],[-85.58897999985918,29.81313000024147],[-85.58890000039155,29.811860000002152],[-85.58871999956818,29.809320000240053],[-85.58849000031275,29.806789999754457],[-85.58825000011322,29.804619999944318],[-85.58799999986796,29.80265999980825],[-85.58648000010157,29.79091000012716],[-85.58628000008504,29.7894900002386],[-85.58588000005196,29.78683000030998],[-85.58533000023105,29.783639999990797],[-85.58480999964905,29.781010000097417],[-85.57988999960146,29.75740000032446],[-85.57776999978546,29.748369999761966],[-85.5776400000891,29.74785000028707],[-85.57716999973583,29.745940000292137],[-85.57667000014362,29.744050000371328],[-85.57320999958797,29.731200000002143],[-85.57281999960064,29.72978999984833],[-85.57237000023717,29.728220000039634],[-85.5702400003754,29.721019999682678],[-85.5697199997934,29.719319999727432],[-85.56912999978952,29.717459999731933],[-85.5684300001808,29.715319999840542],[-85.56475000041543,29.704039999772366],[-85.56240000044565,29.697529999878007],[-85.56188999990941,29.69612999963724],[-85.56027999973132,29.691839999855638],[-85.55812999977809,29.68638999990116],[-85.55731999966618,29.684349999761864],[-85.5520399997685,29.67158000007543],[-85.54458999982606,29.653499999727106],[-85.54374000042951,29.651519999905886],[-85.5427400003468,29.649340000322457],[-85.54160999966943,29.64702000009599],[-85.53576999990509,29.635240000251006],[-85.53475999977665,29.633269999687904],[-85.53373999960246,29.631320000019723],[-85.5319899996823,29.628229999741826],[-85.52620000014667,29.618689999954302],[-85.52436700038582,29.615762000286683],[-85.52265000007763,29.613129999927686],[-85.52060999972925,29.610169999652037],[-85.50965999994652,29.59463000037915],[-85.50844999980153,29.592940000292675],[-85.5072299996108,29.59126999975638],[-85.50571999989016,29.589310000250347],[-85.50454999992813,29.587810000003202],[-85.50360000007414,29.58663000018966],[-85.5013799998007,29.58388000015809],[-85.49505999963735,29.576079999630878],[-85.49458000013662,29.575490000067603],[-85.49361000019115,29.574309999972645],[-85.49225000025834,29.57270999962609],[-85.49125000017564,29.57156000024557],[-85.48818999965306,29.568169999769328],[-85.48646999987012,29.566350000185324],[-85.48472999999571,29.56455999996488],[-85.48281000019624,29.562659999687785],[-85.48113999974372,29.561049999819456],[-85.4744499996845,29.55469999987497],[-85.47331999990543,29.553640000142003],[-85.4708800004223,29.551410000023736],[-85.46760999983744,29.54865999964458],[-85.46503999975963,29.546649999838863],[-85.4621299999232,29.544390000369273],[-85.45874999973348,29.54176999965633],[-85.45623999993013,29.539910000194503],[-85.45334000013945,29.53785000031167],[-85.44822000007532,29.534430000026532],[-85.44088999978351,29.530060000175162],[-85.43598999982741,29.52741000001067],[-85.43134000011656,29.525069999864538],[-85.42807000043003,29.523520000375452],[-85.42401999987048,29.52171999971211],[-85.41823000033486,29.51932999991183],[-85.41445000011205,29.51783000018034],[-85.41023999971895,29.516260000270286],[-85.40638000002853,29.51492999972353],[-85.40346000014635,29.513990000115857],[-85.39874000011531,29.51255000005335],[-85.39597000002097,29.511780000180437],[-85.39258999983124,29.51090000030087],[-85.38878000036955,29.509980000206856],[-85.38454999988495,29.509049999771335],[-85.3797300002948,29.508120000173598],[-85.37789400016092,29.507818999979325],[-85.37387000043897,29.507159999899496],[-85.37285000026478,29.507010000011608],[-85.36566999976078,29.506160000357994],[-85.35864999998867,29.50559000022614],[-85.35450999991576,29.505370000030187],[-85.34849000022636,29.505209999658483],[-85.34205999955982,29.505250000361443],[-85.33542999977504,29.505499999706245],[-85.32595000042832,29.506250000291253],[-85.32101000028923,29.506829999852773],[-85.31365999990592,29.507929999734365],[-85.30839000005398,29.50888999974292],[-85.30295000032271,29.510039999991985],[-85.29775999993839,29.511299999773147],[-85.29301999981587,29.512590000201428],[-85.28830999983056,29.513990000115857],[-85.28501000000679,29.51505999963073],[-85.2819200002453,29.5161199996781],[-85.27923999966433,29.51708000018475],[-85.27733999995634,29.517800000255956],[-85.27582000018997,29.518389999741817],[-85.27336999976274,29.51936000016429],[-85.26926999987282,29.521100000372208],[-85.26631999985342,29.522420000301146],[-85.2639399997464,29.5235400002377],[-85.2623200004209,29.524309999743892],[-85.26176999970168,29.524589999958934],[-85.26111000027592,29.52410000024654],[-85.26038999967739,29.52446999962664],[-85.25966999997716,29.524809999807545],[-85.25825999981562,29.5237799998394],[-85.25586999966286,29.52207999990522],[-85.2537799999841,29.52065000026229],[-85.25231000044643,29.519670000168063],[-85.24623999962998,29.515660000165628],[-85.243430000251,29.513830000078293],[-85.24073999962428,29.51216999981254],[-85.23886000000778,29.51104999989733],[-85.23646999985502,29.509649999971067],[-85.2333499999563,29.507909999914254],[-85.23036999979966,29.506330000077835],[-85.22363000041005,29.502829999751995],[-85.22185000035266,29.501909999815457],[-85.2187899998301,29.50040999994363],[-85.2157000000686,29.498949999809692],[-85.21368999985745,29.49803999991193],[-85.21145500041372,29.497064999939486],[-85.20798999983519,29.49557999997869],[-85.20405999982457,29.49392999968163],[-85.20047999961832,29.492529999961352],[-85.196070000107,29.49102000033416],[-85.1933400001956,29.490170000176565],[-85.19001000023462,29.489200000004736],[-85.18685000015293,29.4883399999371],[-85.18530000024931,29.487930000153803],[-85.18475000042841,29.48777999993303],[-85.18407000001282,29.4871100003017],[-85.18279000044596,29.48673999964512],[-85.18064999964014,29.486120000334566],[-85.17790999968304,29.485360000242203],[-85.17711999966261,29.485160000299334],[-85.17447000011718,29.48327000031199],[-85.16831999983312,29.47789999986255],[-85.16590999958888,29.475899999678376],[-85.1625300002975,29.473230000024905],[-85.15923999962115,29.470749999803836],[-85.15391000039305,29.46700999984603],[-85.15078000044859,29.464939999807516],[-85.14758000018394,29.462930000065235],[-85.14363000008183,29.46058999989133],[-85.13212000043245,29.454490000078618],[-85.12957000044612,29.453280000046124],[-85.12383000024089,29.450739999637264],[-85.11896000042202,29.4487399996296],[-85.11267000039587,29.44640999964443],[-85.10919999979447,29.445260000076217],[-85.10414000000482,29.443669999741175],[-85.09683999985022,29.441660000249126],[-85.08702999989228,29.439440000315155],[-85.08210999984469,29.43852999973646],[-85.07638999973094,29.437689999785874],[-85.07043000031601,29.436979999865596],[-85.06507000005234,29.43651000026146],[-85.06031999988409,29.43621999996966],[-85.0510000003709,29.435980000261793],[-85.04477999976665,29.436069999925316],[-85.03630999965004,29.43650000034611],[-85.03037000032658,29.437020000114334],[-85.02284000001822,29.437949999693622],[-85.01979999958712,29.438400000217307],[-85.00583000036312,29.440640000007303],[-85.00077999972088,29.441679999844652],[-84.99568999979398,29.443059999968604],[-84.99014999960528,29.444330000188042],[-84.98501000034798,29.445550000359276],[-84.98048000028774,29.44674999978956],[-84.9777300002849,29.44754000026128],[-84.95926000023952,29.452980000094147],[-84.94228999986908,29.457610000206113],[-84.93827000034509,29.45875999982243],[-84.93481999983518,29.459820000055977],[-84.93176000021091,29.460820000201643],[-84.91911999988417,29.465050000063986],[-84.91428000020254,29.466110000260382],[-84.90948999985129,29.467289999739165],[-84.90493999969955,29.46852999969276],[-84.90062999974734,29.4698199997231],[-84.8963599999781,29.47120999996191],[-84.89270000030422,29.472500000306287],[-84.88945999985658,29.47370000004044],[-84.88626999963768,29.47494999984418],[-84.88212000041733,29.476649999679562],[-84.87840999961642,29.478269999950435],[-84.87510999979266,29.479800000240193],[-84.87274999977714,29.480950000020066],[-84.86755000024537,29.48361999963843],[-84.86229000043917,29.486549999755066],[-84.85766999996724,29.489319999924817],[-84.85239000006955,29.492119999932427],[-84.84816999963068,29.49436000035832],[-84.83914999969318,29.499279999737134],[-84.83650000014774,29.500739999804672],[-84.81895999986489,29.51038999985396],[-84.80703000009095,29.51694999974535],[-84.80241999966476,29.519559999796314],[-84.79731999969212,29.522049999677503],[-84.79005999972051,29.52496999968121],[-84.78749999968844,29.52589999999465],[-84.78621000007583,29.526219999949376],[-84.78386000010605,29.52681000036325],[-84.77171000022406,29.529860000195782],[-84.76813000001782,29.530790000104897],[-84.76502000016485,29.53165999984238],[-84.75980999968904,29.53325000023982],[-84.7585400001679,29.533660000176624],[-84.73818999960774,29.54068000012657],[-84.73506999970903,29.54180000028746],[-84.73207000035922,29.54291999976351],[-84.73131999962347,29.543210000368756],[-84.72689000002063,29.544930000279187],[-84.72273999990199,29.546609999872548],[-84.7191999998787,29.548129999968186],[-84.7177200002953,29.548789999966484],[-84.7131099998691,29.550879999920742],[-84.71054999983704,29.55206000024771],[-84.70712000031693,29.553740000105325],[-84.70391000000653,29.555369999853497],[-84.70197000011558,29.55639999999637],[-84.70056999999979,29.55716000038721],[-84.69434000024809,29.560149999971504],[-84.69201000036982,29.561290000247947],[-84.68934999988032,29.562639999749727],[-84.68672999957379,29.564039999912765],[-84.68467000003224,29.565159999823788],[-84.67690999957013,29.56948000000337],[-84.67316000038286,29.571649999799906],[-84.6700999998603,29.573490000100914],[-84.66774999989052,29.57495999973156],[-84.66492999956745,29.57680999999892],[-84.66296999958502,29.578139999856713],[-84.66071000002691,29.57971999962382],[-84.65942999956172,29.58064000034826],[-84.65484000012535,29.583979999867157],[-84.65276999963973,29.585500000119165],[-84.6507400002354,29.587049999824707],[-84.64874000006999,29.588620000203203],[-84.64661000020824,29.59034999985138],[-84.64377999983944,29.59273999978643],[-84.64202999991929,29.59428000001877],[-84.63501000014718,29.600510000293664],[-84.63319900012766,29.60212299968902],[-84.6276899999011,29.607030000133854],[-84.62012500033096,29.613273000183383],[-84.61858999959765,29.614539999797174],[-84.61557000015635,29.617030000247905],[-84.61445600027083,29.618563000189493],[-84.61282000015349,29.619339999620955],[-84.60073999969339,29.629749999932184],[-84.59330999984246,29.636530000023367],[-84.59247999963905,29.637280000102944],[-84.59085000026782,29.638809999810416],[-84.58940999996908,29.640019999865846],[-84.58868000022309,29.640739999612876],[-84.58719999974137,29.641180000263756],[-84.58419000034584,29.6419799996441],[-84.57438000038789,29.64457000013953],[-84.57181000031008,29.6452599998205],[-84.56906000030722,29.646039999773407],[-84.56573000034622,29.647060000081808],[-84.56127999975361,29.64853000004949],[-84.55706000021307,29.650039999992003],[-84.5516699998122,29.652029999740133],[-84.54847000044587,29.65324000016652],[-84.54529000027269,29.654520000164176],[-84.54214000023676,29.655849999991695],[-84.538539999939,29.65746000038204],[-84.5339000002739,29.659579999815023],[-84.53053000012994,29.66115000001541],[-84.52664000030228,29.66258999964029],[-84.52569999959572,29.66292999988309],[-84.52270000024592,29.66411000021417],[-84.51928999991897,29.66549000012229],[-84.51576999998717,29.667020000356562],[-84.51136999962327,29.66897000008833],[-84.5083300000905,29.670140000357247],[-84.5041900000176,29.671809999643923],[-84.49825999984157,29.674450000286033],[-84.49103000000717,29.678000000184717],[-84.48590300027035,29.68131599988261],[-84.48055999972516,29.683889999717515],[-84.47784999990526,29.685570000338195],[-84.47451999994428,29.687729999786754],[-84.47156999992487,29.689739999671996],[-84.46835999961446,29.692040000259823],[-84.46488999991139,29.69463999972179],[-84.46015999983459,29.69843999963837],[-84.45747000010618,29.700720000197368],[-84.45484999979966,29.70305000015961],[-84.45158000011314,29.706099999993086],[-84.44773999961589,29.70991999976484],[-84.44560999975413,29.71215999970108],[-84.44280000037512,29.71515000030301],[-84.44007999961119,29.718140000011037],[-84.43672000041126,29.722060000318603],[-84.43221999958992,29.727739999706067],[-84.43008999972818,29.730640000161262],[-84.42803000018662,29.73359000030287],[-84.42503999998425,29.73816000024799],[-84.4227200001517,29.742010000046832],[-84.42108999988216,29.744869999727136],[-84.41995000005734,29.74695999998187],[-84.41914999999119,29.746790000234252],[-84.4177299997839,29.74651000015919],[-84.416919999672,29.746359999769425],[-84.41469000025113,29.745950000003],[-84.41155100008585,29.745639000026465],[-84.40670999968098,29.74470000033564],[-84.40302999991563,29.744239999848777],[-84.3970500004092,29.74363999973861],[-84.391270000021,29.7432299997694],[-84.38587999962013,29.74300999993181],[-84.38008000003875,29.742929999871254],[-84.37430999969627,29.743029999936976],[-84.3710099998725,29.74313999989417],[-84.36598400041802,29.743375999707133],[-84.363420000188,29.743509999644495],[-84.3590900001443,29.743810000147345],[-84.35538000024171,29.744140000209704],[-84.349840000053,29.74476000010791],[-84.34411999993927,29.74557999989697],[-84.34087000034421,29.746119999615047],[-84.338419999917,29.746539999898236],[-84.33437000025577,29.74683999991469],[-84.32883000006709,29.747379999865963],[-84.3232699997869,29.748090000199866],[-84.31895999983469,29.748749999922357],[-84.31488000003624,29.749459999913],[-84.30900000008893,29.75065000017627],[-84.30237000030415,29.75221999983673],[-84.29740000002786,29.753569999801382],[-84.29331000018367,29.754730000006916],[-84.29097000025962,29.755410000339758],[-84.28670999963781,29.75673999984548],[-84.28231000017222,29.758229999707535],[-84.27732999985017,29.76004999996948],[-84.27392999956898,29.761399999741823],[-84.26999999955837,29.76304999989081],[-84.26666999959735,29.764540000284715],[-84.26300999992348,29.766260000378754],[-84.25922999970068,29.768150000250163],[-84.2563800001387,29.769650000116137],[-84.25287000025266,29.771580000283418],[-84.2501000001583,29.773179999861707],[-84.2475300000805,29.774729999834616],[-84.24517000006499,29.77620999978499],[-84.24332999973313,29.777380000333515],[-84.23928000007191,29.780040000303792],[-84.23668999990261,29.78177000012953],[-84.23380000015769,29.783799999761793],[-84.2303100003631,29.786340000368128],[-84.22718999956608,29.78874999980018],[-84.22292999984259,29.7922199996105],[-84.22085000020954,29.794010000108223],[-84.2179400003731,29.796600000218078],[-84.21595000025344,29.798469999750754],[-84.2118000001348,29.802549999724306],[-84.20615000034124,29.80862000024656],[-84.20230999984399,29.813150000275783],[-84.19958999997836,29.816589999660028],[-84.19641999985093,29.820859999941444],[-84.19412000010985,29.824190000126336],[-84.19143000038147,29.828179999899767],[-84.18998000003695,29.830379999938987],[-84.1876800002959,29.83405999973418],[-84.18550000020542,29.837779999915895],[-84.18343999976555,29.841550000177904],[-84.18199000031937,29.844359999696998],[-84.18045999960893,29.84755000028033],[-84.1795499999379,29.84949999961353],[-84.1757399995779,29.857640000289283],[-84.17469000016477,29.85996999976699],[-84.17278000041107,29.86450000037782],[-84.17154000012884,29.867720000096313],[-84.17023999957216,29.87132999966915],[-84.16890999977657,29.8754999998288],[-84.16770999967733,29.87969000007956],[-84.16676999986908,29.883380000264463],[-84.16437999971633,29.893370000098102],[-84.16347000004531,29.89746000032348],[-84.16244999987113,29.903000000184385],[-84.1619200001417,29.90658000029762],[-84.1614899999714,29.910189999940865],[-84.16103999970959,29.915360000137586],[-84.16079700003534,29.92126599992755],[-84.15954000003468,29.921289999663657],[-84.15727000043086,29.921399999742487],[-84.1535499995842,29.92159000015871],[-84.1459399998082,29.922229999958002],[-84.13956000026869,29.922919999925526],[-84.1258100002544,29.92458999976365],[-84.12355999984372,29.92496000002037],[-84.12050000021947,29.92550000028344],[-84.11642999956844,29.92630000027672],[-84.11218999993642,29.927229999709358],[-84.10917999964256,29.927949999856985],[-84.10559000028888,29.92888000022126],[-84.10142000007873,29.930050000314942],[-84.09729000005159,29.931310000183984],[-84.09243000027845,29.93293000015113],[-84.0891599996936,29.934100000116864],[-84.08629000004015,29.935179999731428],[-84.08382000041976,29.936160000222003],[-84.08082000017164,29.93664999996133],[-84.07922000003933,29.936929999952245],[-84.07632799974624,29.93748999990534],[-84.07375000017082,29.938009999986413],[-84.07092999984776,29.938620000374804],[-84.06772000043568,29.939370000103036],[-84.0649200002041,29.94007999984613],[-84.06370000001338,29.938840000247982],[-84.06077000008544,29.936000000086313],[-84.05820000000766,29.933630000300013],[-84.05541999986755,29.931169999775342],[-84.05226999983162,29.92851999988052],[-84.04889999968765,29.925810000177734],[-84.04623000005073,29.923780000208232],[-84.04254000023961,29.921110000334146],[-84.03828999966355,29.918179999872905],[-84.03442999997313,29.915719999796156],[-84.03015000015812,29.913120000358035],[-84.02668999960248,29.911140000231367],[-84.02178999964637,29.908519999964845],[-84.016250000356,29.905769999848363],[-84.01186000003784,29.903779999724712],[-84.00759000026858,29.901950000175145],[-84.00477999999126,29.9008100002515],[-84.00194999962245,29.899730000014312],[-83.99995500037824,29.898948000075364],[-83.99725999972866,29.897609999974097],[-83.99453999986302,29.896299999917925],[-83.99157999979788,29.894940000159067],[-83.98879999965779,29.893720000056348],[-83.98523000039557,29.892240000031425],[-83.98143000008132,29.890749999802996],[-83.97774000027019,29.888899999625114],[-83.97440000026344,29.887259999891484],[-83.97264000029756,29.886419999875578],[-83.9697299995628,29.88291000017594],[-83.96638000040863,29.878960000364792],[-83.9634200003435,29.875679999777326],[-83.9602100000331,29.872329999689427],[-83.95690000016359,29.869069999712693],[-83.95420000038943,29.866540000069254],[-83.94994999981337,29.86280999965737],[-83.94585999996917,29.85945999978007],[-83.94136000004616,29.85599999994972],[-83.93784000011436,29.853460000179364],[-83.93277000027894,29.85003000029001],[-83.9292400003014,29.847800000025526],[-83.92514000041147,29.845339999775447],[-83.92253000015069,29.8438600002772],[-83.91900000017314,29.84193999987546],[-83.91451000029588,29.839659999671465],[-83.90865999958748,29.8369000002909],[-83.90326000003917,29.834570000109977],[-83.89909999987479,29.83291999997754],[-83.89431000042185,29.83116000008928],[-83.88829999987989,29.829149999769484],[-83.8828800002401,29.82736000004101],[-83.87878000035016,29.82623999996909],[-83.87524000032688,29.8253600000136],[-83.86601000032708,29.8233700002616],[-83.8621599997841,29.822680000276556],[-83.85931000022211,29.822220000238072],[-83.85398000009569,29.8214700003458],[-83.84966000009774,29.82098000016176],[-83.84264000032563,29.820379999957538],[-83.83788000011162,29.82010999997657],[-83.83269999977304,29.819959999931868],[-83.83029000042713,29.819720000015636],[-83.82830000030745,29.818469999839238],[-83.82302999955719,29.81534999989363],[-83.81883000010815,29.81303000000983],[-83.81328999991943,29.81019000000593],[-83.80891999969276,29.8081000002198],[-83.80651000034685,29.807030000308377],[-83.80429000007341,29.80608000003785],[-83.80204999970847,29.805130000097815],[-83.80035000001705,29.804439999727798],[-83.79747000031784,29.803020000087475],[-83.79533999955777,29.80192999968193],[-83.79382999983713,29.80070999994579],[-83.79230000002501,29.799509999786533],[-83.7906100003793,29.79821999975694],[-83.78763000022266,29.79603000001788],[-83.7849499996417,29.79381999990193],[-83.78307000002519,29.79216000019336],[-83.78089999998048,29.790040000296525],[-83.77994000008074,29.788459999895547],[-83.77858000014793,29.786239999862534],[-83.77733999986572,29.783820000202493],[-83.7757899999621,29.780739999876943],[-83.77399999985897,29.77733999999399],[-83.77225999998456,29.774239999931098],[-83.77120999967313,29.772460000095606],[-83.769940000152,29.77038000020098],[-83.76831999992818,29.76784000021161],[-83.7669700000411,29.765799999800695],[-83.76535999986305,29.763459999895677],[-83.76335999969763,29.76069000010721],[-83.76188000011423,29.758719999940315],[-83.76024999984465,29.756619999787706],[-83.75881000044421,29.75483000000114],[-83.75746999970457,29.75321000028881],[-83.75679000018734,29.75062000010725],[-83.7562899996968,29.74687999995305],[-83.75584000033332,29.7429399998823],[-83.75550999972214,29.74062000023268],[-83.75482000015913,29.7365099998857],[-83.75430999962289,29.733819999883895],[-83.75328000030126,29.729180000058545],[-83.75233000044727,29.725460000308114],[-83.75137999969496,29.7221099998451],[-83.75038999965801,29.7189599997506],[-83.74890000002885,29.714610000046036],[-83.74785999976316,29.71184999974962],[-83.74655000005906,29.708589999663033],[-83.74514999994327,29.70537000005568],[-83.74343000016034,29.70165999982448],[-83.7416800002402,29.698170000200808],[-83.74036999963778,29.69568999974612],[-83.7386399998091,29.692600000054068],[-83.73661999955222,29.689210000036848],[-83.73422000025204,29.685399999610613],[-83.73222000008661,29.682419999748596],[-83.73101999998737,29.680719999620784],[-83.72934000038742,29.67841999987476],[-83.72784999985994,29.675840000043866],[-83.72661999962348,29.673550000172668],[-83.72562000043908,29.671760000053954],[-83.72364000036517,29.668380000107433],[-83.72147000032044,29.66488000006531],[-83.71940999988057,29.661779999850467],[-83.7174900000811,29.658999999967953],[-83.71460000033615,29.655070000334362],[-83.71248999966757,29.65229999975419],[-83.7100700002759,29.64918999998297],[-83.7082600000813,29.646969999896243],[-83.70578000041517,29.644050000276145],[-83.70322000038311,29.641190000256184],[-83.6996500002226,29.63741000027745],[-83.69732000034429,29.63508999998597],[-83.69249999985584,29.630559999800123],[-83.687329999563,29.626090000075823],[-83.68489000007985,29.624110000047065],[-83.6825700002473,29.622300000027646],[-83.67846000031163,29.619229999996104],[-83.6753899997433,29.61707999969284],[-83.67142000044802,29.614420000094285],[-83.66724000019214,29.611789999952336],[-83.66418999971532,29.60997999969496],[-83.66038000025361,29.60782000028973],[-83.6573800000055,29.606209999802047],[-83.6529100002197,29.603949999956793],[-83.64798000012637,29.601630000169763],[-83.64353999957949,29.599690000057592],[-83.64036000030464,29.59839000011862],[-83.6377099998609,29.597349999820143],[-83.63505000026973,29.596360000081436],[-83.63119999972673,29.595009999975783],[-83.62849999995258,29.5941099997627],[-83.62551999979594,29.593110000176925],[-83.62378999996729,29.592590000318275],[-83.62204000004712,29.59208999969917],[-83.62054000037223,29.59149999998413],[-83.61859999958295,29.590520000193948],[-83.616659999692,29.589569999983787],[-83.61440000013391,29.58841999972645],[-83.6121899999062,29.586250000278348],[-83.61064000000259,29.58479000034261],[-83.60762999970875,29.5820400001708],[-83.6045299999015,29.579350000135637],[-83.60182000008162,29.577110000310704],[-83.59952000034055,29.575290000134977],[-83.59749000003791,29.57372000022248],[-83.59543999964379,29.572190000128852],[-83.59223000023171,29.569899999898404],[-83.58895999964685,29.567659999806345],[-83.58630000005566,29.5659300003718],[-83.58377000016084,29.56434999968008],[-83.58206999957108,29.5633200001093],[-83.581929999829,29.561140000144636],[-83.5817199997667,29.558599999844258],[-83.5814799995672,29.556249999665265],[-83.58112999976282,29.553359999874658],[-83.58046000029132,29.548850000178888],[-83.57995999980082,29.54597999987812],[-83.5792900003293,29.542760000151436],[-83.5779300003965,29.537059999618368],[-83.57711000023883,29.53406000034315],[-83.57582999977365,29.529840000019743],[-83.57540600034945,29.527002999705328],[-83.57516000030213,29.525239999871292],[-83.57478000036055,29.522760000336216],[-83.57440999956637,29.52065000026229],[-83.57376000018635,29.517309999711188],[-83.57337000019902,29.514839999689947],[-83.57309999986228,29.511439999996796],[-83.57243000039077,29.50535999986777],[-83.57209999977957,29.501609999898566],[-83.57204000040342,29.498889999707387],[-83.57190999980877,29.49618000024641],[-83.57166999960926,29.492749999902987],[-83.5713700000336,29.489510000093997],[-83.57098000004626,29.486269999885074],[-83.57030999967643,29.481789999962917],[-83.56967000034217,29.478230000323077],[-83.56908000033829,29.47539999972295],[-83.56826000018064,29.47184999966837],[-83.56738999979427,29.468509999914744],[-83.56633000033541,29.464839999684123],[-83.56544999990331,29.46204999974202],[-83.56450000004934,29.45927999974202],[-83.56337000027027,29.456179999999524],[-83.56216000012529,29.45309999986852],[-83.56086999961435,29.45003999962049],[-83.55920000006014,29.446340000002294],[-83.55791000044752,29.443679999732513],[-83.55639999982856,29.44070000016719],[-83.55425999992106,29.43678999983818],[-83.55276000024617,29.434199999913087],[-83.55089999982285,29.431149999880645],[-83.54916999999416,29.428470000002868],[-83.54706000022391,29.425339999754318],[-83.54418999967213,29.421350000035275],[-83.54128999988144,29.41758000035233],[-83.53875999998662,29.414490000003635],[-83.53588000028742,29.41115999993795],[-83.5334299998602,29.408460000285952],[-83.53022999959553,29.40512999986929],[-83.52691999972603,29.401869999757583],[-83.52421999995188,29.399359999841064],[-83.52101999968721,29.396520000037082],[-83.51730999978462,29.39339999977115],[-83.5152300001516,29.391739999635508],[-83.51181999982465,29.389119999947532],[-83.50864999969723,29.38681000005379],[-83.50492999974888,29.384230000096522],[-83.50095999955528,29.381639999852815],[-83.49657000013545,29.37891999975892],[-83.4921399996343,29.376230000089304],[-83.48918999961491,29.374560000310368],[-83.48673000004028,29.37321000034224],[-83.48066000012216,29.370079999799387],[-83.47351999980114,29.36678000014906],[-83.46886000004454,29.36480000006466],[-83.46444999963491,29.362540000065188],[-83.46127000036006,29.36082999995666],[-83.45574000021709,29.3580999999169],[-83.44883000004985,29.354900000003973],[-83.44446999986891,29.3530100003099],[-83.43941000007925,29.351040000018216],[-83.43565999999367,29.349699999711017],[-83.43070999980885,29.343419999761718],[-83.4264400000396,29.338510000377106],[-83.42261999963385,29.33444000011176],[-83.41921000020521,29.33102999997464],[-83.41724000017703,29.32915999988815],[-83.41479999979558,29.32693000034325],[-83.4103800002385,29.32310000028097],[-83.40688000039819,29.320259999708984],[-83.40251000017152,29.316920000363833],[-83.39734999992442,29.31327000017128],[-83.39338999977657,29.31063999988791],[-83.38865999969978,29.307709999948727],[-83.38487000032957,29.30550999995732],[-83.38023999981188,29.302790000276364],[-83.37849999993749,29.30180999986586],[-83.37657000009226,29.300749999958562],[-83.37428000039694,29.29951999990734],[-83.37213999959113,29.298419999844633],[-83.36924999984619,29.29699999974645],[-83.36743999965157,29.29612999984484],[-83.36414999987355,29.29461999989762],[-83.36124000003711,29.29335000013002],[-83.35979999973836,29.292740000055662],[-83.35722999966055,29.291700000094412],[-83.35644999968586,29.290450000388113],[-83.35574000003139,29.289370000319835],[-83.3550300003769,29.28828000020716],[-83.35493999996523,29.286089999754367],[-83.35487999969078,29.28409999962985],[-83.35472999990294,29.281199999761075],[-83.3545299998864,29.278490000346178],[-83.35430999977837,29.276140000181382],[-83.35403000029422,29.273609999685988],[-83.35372999982025,29.271269999843867],[-83.35344000029033,29.269290000151727],[-83.35287000037795,29.265880000339116],[-83.3523199996587,29.26302000034282],[-83.3517499997463,29.260350000013545],[-83.35115999974244,29.257849999697754],[-83.35033999958478,29.25466999999999],[-83.3496099998388,29.252040000375494],[-83.3484599999683,29.24835999977655],[-83.34746999993132,29.245400000299473],[-83.34679000041407,29.243490000225854],[-83.34617600012075,29.241867999796973],[-83.34505999968708,29.239020000292246],[-83.34377000007447,29.235960000279103],[-83.34217999998789,29.23242000030194],[-83.34106000025459,29.23006999979419],[-83.3393799997563,29.226759999949785],[-83.33724999989454,29.222829999970543],[-83.33508999989559,29.21913000034851],[-83.33310999982166,29.215939999860606],[-83.33042000009326,29.21186000026181],[-83.32834999960762,29.20893999970961],[-83.32633000024904,29.206199999937866],[-83.32388999986759,29.20306000038223],[-83.32086000038056,29.199390000188043],[-83.31745000005363,29.19551999983938],[-83.31522999978019,29.193130000330026],[-83.31227999976079,29.19011000018954],[-83.30939000001582,29.187300000282562],[-83.30656999969277,29.184680000011983],[-83.30338000037217,29.181880000164277],[-83.29872999976301,29.178029999814296],[-83.29562999995579,29.175619999812767],[-83.29198000032765,29.172930000155365],[-83.28842000021288,29.170440000192425],[-83.2861199995735,29.168900000388035],[-83.2817400001994,29.166139999652476],[-83.27798000006808,29.163890000322066],[-83.27360999984141,29.161440000041335],[-83.26935000011791,29.159200000132955],[-83.26555999984937,29.157339999905876],[-83.26208000010054,29.155719999818775],[-83.26287000012097,29.151449999885514],[-83.26353999959247,29.146980000353306],[-83.26386000015793,29.144469999721572],[-83.26431000041974,29.139800000112036],[-83.26452999962943,29.13637000010854],[-83.26468000031558,29.132189999678996],[-83.26471999960025,29.129300000156586],[-83.26470000040706,29.12748999966676],[-83.26451999958368,29.12241000007133],[-83.26431000041974,29.119149999897974],[-83.26386000015793,29.114450000346828],[-83.26336999971315,29.110669999657045],[-83.26274000042463,29.10671999987562],[-83.262140000375,29.103500000022816],[-83.26120999971418,29.099219999707252],[-83.26046999992248,29.09620999987788],[-83.2591200000354,29.09134000032031],[-83.25802000039359,29.087850000341344],[-83.25702000031087,29.084890000082588],[-83.25587999958776,29.08179000036467],[-83.25373999968026,29.07649999990428],[-83.25200999985161,29.072620000342813],[-83.25024999988571,29.068939999939662],[-83.24765999971642,29.063200000303063],[-83.24541000020407,29.05870999966866],[-83.24272999962308,29.053800000299734],[-83.23802999968353,29.046169999898115],[-83.23420000013034,29.04062000011652],[-83.23146000017323,29.036829999932518],[-83.2301200003319,29.03436000002397],[-83.22718799985583,29.030264000200972],[-83.22464999956507,29.02539000029048],[-83.22243000018996,29.02211000016452],[-83.22055999972089,29.01948999962918],[-83.21862999987569,29.016920000027657],[-83.21627999990591,29.013930000146047],[-83.21434000001493,29.011570000004287],[-83.21171999970842,29.00853000009444],[-83.21110700013831,29.007848000067494],[-83.20968000025836,29.006260000168425],[-83.20833500039416,29.004830999690032],[-83.20582999971535,29.002229999900337],[-83.20268999972517,28.999119999885547],[-83.1982700001681,28.995049999842177],[-83.19534899956268,28.992526000160076],[-83.19209800014274,28.98984400014957],[-83.19048999961447,28.988559999846427],[-83.18790600019128,28.986573000359215],[-83.18437000036596,28.983979999611353],[-83.17966000038065,28.980740000049163],[-83.17550000021627,28.9780600000771],[-83.16811999969572,28.973489999778113],[-83.16508000016296,28.971639999724044],[-83.16026999972021,28.968880000195455],[-83.15608000031692,28.966650000114615],[-83.15075000019051,28.963999999902757],[-83.14302999991133,28.960549999797617],[-83.13531999967793,28.957519999992947],[-83.12860000037979,28.955199999878346],[-83.12216999971325,28.953250000048733],[-83.11743999963646,28.951949999938964],[-83.11028000012229,28.950249999723205],[-83.1046500004202,28.94912000019185],[-83.09959999977796,28.94825000022973],[-83.0938999997557,28.947440000229022],[-83.08919999981615,28.946900000378232],[-83.08443999960214,28.946410000202942],[-83.08218000004403,28.94618999975529],[-83.07847000014144,28.94589000032148],[-83.0745600002223,28.94564999967727],[-83.07002000011632,28.945469999811845],[-83.06484999982348,28.945390000120653],[-83.05866000025475,28.94547999976891],[-83.05476000038136,28.945639999736617],[-83.05208999984615,28.94579000031719],[-83.05147999975077,28.94583000001606],[-83.04758999992313,28.94554000027704],[-83.04389000006627,28.9452999996081],[-83.03730999961189,28.945049999957725],[-83.03237000037115,28.94501999995917],[-83.02660000002868,28.945129999911465],[-83.02166999993536,28.945360000220493],[-83.01777000006196,28.945639999736617],[-83.01429000031312,28.945949999806096],[-83.01027999993657,28.94635000019863],[-83.00567999955612,28.946799999776697],[-83.00157999966618,28.947300000246866],[-82.99791999999229,28.94782000012526],[-82.99265000014034,28.94868999976856],[-82.98481000021059,28.950270000285606],[-82.97844999986425,28.951809999764052],[-82.97254999982543,28.953449999705605],[-82.9669200001234,28.955209999682094],[-82.96306999958038,28.956520000205373],[-82.95870000025204,28.958130000096464],[-82.95420000032902,28.959920000322807],[-82.94939999993203,28.961969999713503],[-82.94557000037884,28.963749999806378],[-82.9460399998338,28.96051000028177],[-82.94643999986688,28.957080000238655],[-82.94674000034084,28.95381999962469],[-82.94699999973353,28.949830000383887],[-82.94712000028245,28.946559999668512],[-82.94715000041967,28.943110000246723],[-82.94702999987076,28.937670000316242],[-82.94688000008293,28.9347699998033],[-82.94658999965472,28.931139999756024],[-82.946110000154,28.926810000324124],[-82.9456399998007,28.923380000176014],[-82.94507999993407,28.919959999849713],[-82.94426999982215,28.915840000192787],[-82.94286999970637,28.910900000257335],[-82.94177000006457,28.906829999686746],[-82.94026000034391,28.901909999789513],[-82.93882000004514,28.89772999993162],[-82.93690000024567,28.892739999756323],[-82.93484999985155,28.887979999794993],[-82.93170999986137,28.88144999994628],[-82.92931999970861,28.877019999915277],[-82.92887000034511,28.87620999969502],[-82.92716999975538,28.873309999842544],[-82.92429000005616,28.868690000004882],[-82.92132999999102,28.864329999735855],[-82.92001000024116,28.862480000222124],[-82.91981000022464,28.86171999999825],[-82.9184700003833,28.859899999900204],[-82.91579999984808,28.856499999840796],[-82.91687000025098,28.853660000126602],[-82.9185900000339,28.8494300000087],[-82.91987999964651,28.846000000380418],[-82.92157000019053,28.840969999866],[-82.92312000009414,28.835730000277355],[-82.92426999996468,28.831139999642993],[-82.92535000041332,28.826159999946242],[-82.92625000003859,28.82095999985342],[-82.92717999980111,28.813579999813946],[-82.92743000004637,28.8107000000855],[-82.92762000001716,28.80778999994147],[-82.92777999985074,28.803999999797213],[-82.92779999994221,28.80145999966842],[-82.92777999985074,28.79747000012273],[-82.92753999965122,28.79239999965374],[-82.92716999975538,28.78769999964382],[-82.92694999964733,28.785719999865158],[-82.92654999961425,28.78246999968225],[-82.9260600000678,28.77924999964747],[-82.92538999969798,28.775479999977005],[-82.92440999970677,28.770849999721555],[-82.92350000003576,28.767130000269372],[-82.92247999986155,28.763430000032358],[-82.92123999957934,28.759409999907266],[-82.92049999978764,28.757149999972388],[-82.91944000032879,28.754210000110973],[-82.91798999998427,28.750439999988004],[-82.91698999990157,28.748059999887708],[-82.91535999963203,28.744340000338976],[-82.91140000038247,28.73638000035526],[-82.90870999975577,28.73130000031511],[-82.90723000017236,28.727930000059693],[-82.90474999960793,28.722779999806704],[-82.90196000032039,28.717539999622126],[-82.89990999992625,28.713999999955277],[-82.8962300001609,28.708149999964068],[-82.89041999963547,28.699999999764888],[-82.89014000015129,28.697480000178093],[-82.88993000008901,28.695859999922444],[-82.88954400029964,28.69321299963644],[-82.88886999973185,28.689220000215695],[-82.88826999968222,28.686189999792926],[-82.8873800001027,28.682290000320823],[-82.88564000022828,28.675770000014822],[-82.88427000024973,28.671399999621283],[-82.88255999961423,28.66656000027165],[-82.88117000044248,28.66299000014188],[-82.88066999995199,28.659400000091107],[-82.87997000034323,28.653989999925766],[-82.87880000038123,28.647349999753764],[-82.87756000009901,28.641819999722866],[-82.87648999969612,28.637749999718146],[-82.87567000043678,28.634930000121397],[-82.87340999998037,28.62813000026135],[-82.87085999999404,28.621599999812833],[-82.86790999997463,28.615030000344753],[-82.86495999995523,28.609240000281034],[-82.86351999965649,28.606640000275167],[-82.86221999999812,28.604360000338517],[-82.86017999964974,28.60101000006309],[-82.85762999966342,28.59708000008956],[-82.85517000008879,28.593530000183254],[-82.85248000036039,28.589890000358142],[-82.84896000042858,28.585430000105543],[-82.84524999962768,28.5810999997517],[-82.84282000019026,28.57840999989577],[-82.84072999961316,28.576199999856698],[-82.8391400004249,28.574579999720974],[-82.84044000008325,28.57231999995857],[-82.8424000000657,28.5687300003411],[-82.84522000038875,28.563110000388217],[-82.8475600003128,28.557890000027587],[-82.84955000043246,28.552939999995868],[-82.8515799998368,28.547239999918993],[-82.85319000001485,28.542000000314836],[-82.85422000023478,28.538179999773337],[-82.85509999976858,28.534519999854513],[-82.85548999975593,28.53274999965354],[-82.85644999965565,28.5277400002382],[-82.85692000000896,28.52487000017568],[-82.8570799998425,28.521869999991498],[-82.85746999982985,28.51862000008284],[-82.85784999977145,28.51463999966769],[-82.85813000015393,28.510099999859836],[-82.85822999971305,28.507560000172084],[-82.85826999989601,28.50357000031793],[-82.85818000038265,28.499030000123778],[-82.85795000022888,28.494849999727847],[-82.85757000028728,28.49037999968442],[-82.85701999956805,28.48611000001114],[-82.85662999958072,28.483610000069906],[-82.85579000022989,28.478990000154344],[-82.85543000037978,28.477210000002387],[-82.85654000006734,28.47547999976306],[-82.85752000005857,28.473889999934606],[-82.85886999994564,28.471650000240533],[-82.86043999994075,28.468900000225425],[-82.86109000021906,28.46724000032336],[-82.86239999992318,28.464790000161578],[-82.86405000028422,28.461479999668292],[-82.86584000038735,28.457649999720523],[-82.86799000034057,28.452580000313407],[-82.86956000033568,28.448469999893266],[-82.87094000035998,28.445260000227595],[-82.87178999975654,28.442649999864962],[-82.87343000007183,28.437030000143352],[-82.87407000030444,28.43456000000989],[-82.8749399997925,28.43078600023455],[-82.87572999981292,28.426900000197328],[-82.87662000029077,28.42151999961554],[-82.87725999962504,28.416469999667413],[-82.87750999987031,28.413940000103082],[-82.87761000032772,28.412679999971516],[-82.8783900003024,28.410459999913847],[-82.88005999985661,28.406030000292244],[-82.88175000040063,28.401010000284444],[-82.88319999984682,28.396090000117972],[-82.88390000035386,28.393429999700828],[-82.88475999979617,28.3906400001116],[-82.88674999991585,28.38666000014917],[-82.8876899997241,28.384650000116757],[-82.88962999961505,28.38024000015671],[-82.89164999987194,28.375100000129237],[-82.89228000005879,28.373370000385123],[-82.89330000023298,28.370419999874695],[-82.89392000037408,28.368500000262614],[-82.89492999960422,28.36517000013043],[-82.89664000023973,28.35863999966193],[-82.89735999993995,28.357009999842294],[-82.9003900003253,28.356229999872173],[-82.90489000024832,28.354989999777708],[-82.91048999981315,28.353260000253904],[-82.9127899995542,28.352499999881587],[-82.9128099996457,28.351910000200185],[-82.91680999997652,28.35035000022918],[-82.92096000009516,28.348780000177644],[-82.92709000028773,28.346229999745145],[-82.93091999984092,28.344499999809496],[-82.93380999958589,28.343120000377343],[-82.93773000044908,28.34115000024648],[-82.94071999975313,28.339559999853755],[-82.94676000043235,28.33611999984014],[-82.95378000020445,28.331700000213413],[-82.95926000011869,28.327899999725794],[-82.96348999970496,28.32474000003244],[-82.96895000042602,28.320340000010102],[-82.97418000009502,28.31574000004222],[-82.9786299997893,28.31147999993889],[-82.9838100001279,28.306089999916637],[-82.98820999959347,28.301069999667863],[-82.99257999982017,28.295589999879812],[-82.99646999964781,28.29025999969905],[-82.99971000009543,28.285409999632506],[-83.0009899996623,28.28333999981858],[-83.0028199999484,28.28028999974554],[-83.00519000000968,28.276050000109972],[-83.00740000023735,28.27174999973176],[-83.00916000020327,28.268069999927913],[-83.00992000008647,28.266379999629613],[-83.01094000026066,28.264000000022392],[-83.01239999975257,28.26040999967522],[-83.01398999983917,28.25609000015139],[-83.01529000039584,28.252260000367116],[-83.01698000004154,28.246449999731986],[-83.01856000008239,28.240189999655776],[-83.019420000423,28.23636999979797],[-83.02024999972807,28.23134999970419],[-83.02162999975238,28.22109999993659],[-83.02223999984774,28.214819999997076],[-83.02236000039666,28.21137999996398],[-83.02236000039666,28.205589999695817],[-83.02204999987696,28.198909999855086],[-83.02140999964436,28.192240000206624],[-83.02020000039768,28.18233000000055],[-83.0192730001099,28.17508900026737],[-83.01875000005317,28.17098000003884],[-83.01785999957534,28.16399000032091],[-83.01750999977095,28.16148000018866],[-83.01717000001233,28.15933000001533],[-83.01463000007175,28.143759999643077],[-83.01427000022164,28.141610000079332],[-83.01381999995985,28.139460000136797],[-83.01277999969417,28.134899999693957],[-83.01251000025576,28.133739999622644],[-83.01258999972337,28.131789999832648],[-83.01279999978566,28.12924000031484],[-83.01302999993943,28.125440000101374],[-83.01311000030537,28.123260000166287],[-83.01314000044259,28.12162999984629],[-83.01315999963577,28.11816999999767],[-83.01312000035112,28.116180000108447],[-83.01293000038031,28.111460000239372],[-83.01260999981487,28.107289999686387],[-83.01230000019346,28.10422000015708],[-83.01173000028106,28.099890000287527],[-83.01119999965333,28.096649999802036],[-83.01072000015263,28.09396000017248],[-83.01020999961638,28.09146000039587],[-83.00960999956675,28.08877999977742],[-83.00949999996189,28.08706999968039],[-83.00949999996189,28.086570000187955],[-83.00953000009912,28.081319999676],[-83.00952000005339,28.079509999973443],[-83.00941000044851,28.07515000006471],[-83.00916000020327,28.070979999625308],[-83.00875000012444,28.066449999637967],[-83.0081900002578,28.06193999976508],[-83.00752999993371,28.057799999992316],[-83.00682000027923,28.05404000026599],[-83.0060799995892,28.050660000053306],[-83.00562000017997,28.048730000088142],[-83.00466000028025,28.045039999607944],[-83.00348000027248,28.04103000030868],[-83.00241999991532,28.037740000215024],[-83.00138999969539,28.03442999980579],[-83.00052000020735,28.031259999781756],[-82.9998900000205,28.029150000189127],[-82.99923999974214,28.02687000027082],[-82.9993700003368,28.022349999629547],[-82.9993700003368,28.02089999989379],[-82.99936000029106,28.018719999718407],[-82.99928999997086,28.016200000100735],[-82.99838000029985,28.01438000035704],[-82.99745999968478,28.012750000251845],[-82.99750999991348,28.008990000325106],[-82.99757000018793,28.005689999894475],[-82.99833000007114,27.992060000132597],[-82.99844999972173,27.990260000176253],[-82.99938000038256,27.988069999706717],[-83.00034000028229,27.985689999920748],[-83.00150000019856,27.982599999979964],[-83.00241999991532,27.980019999839108],[-83.00321999998148,27.977600000383706],[-83.00418999992696,27.974470000234565],[-83.00508000040482,27.97130999977187],[-83.00669999973032,27.965299999853727],[-83.0090000003697,27.95674999978081],[-83.00948999991614,27.954840000006826],[-83.01017000033171,27.95205999976116],[-83.01078000042708,27.949280000150168],[-83.01327799963654,27.937345000261494],[-83.01360999989755,27.9357600000088],[-83.01408000025084,27.933439999984245],[-83.014399999918,27.931650000143854],[-83.01473999967662,27.929680000163135],[-83.01605000027902,27.92158000033386],[-83.01738099989953,27.913364999635753],[-83.01852999994514,27.90627000032684],[-83.0188000002819,27.904490000309735],[-83.01904999962882,27.902710000380836],[-83.01935000010279,27.900390000083785],[-83.01951999998211,27.898780000084034],[-83.01979000031885,27.89591999994586],[-83.01998000028965,27.89340999972163],[-83.02003999966581,27.892329999665808],[-83.02034000013977,27.88701000036639],[-83.02042999965313,27.88520000034833],[-83.02046999983611,27.884110000326974],[-83.0205400001563,27.881029999816313],[-83.0205400001563,27.878309999911522],[-83.02045999979036,27.87578999976444],[-83.020330000094,27.874050000312042],[-83.0201590003898,27.871866000005085],[-83.01907999976606,27.85806000025723],[-83.01900000029843,27.857159999616123],[-83.01874000000744,27.854459999722554],[-83.01838000015734,27.851399999996143],[-83.01794999998702,27.848359999637086],[-83.01729999970867,27.844419999893674],[-83.01681000016222,27.841929999803742],[-83.01596999991308,27.838019999629484],[-83.0151199996182,27.83445999978174],[-83.01251000025576,27.823379999864564],[-83.01180999974869,27.820550000253274],[-83.01110000009422,27.817920000027385],[-83.01043999977013,27.815639999803224],[-83.00928999989961,27.811980000296813],[-83.0079800001955,27.808169999664837],[-83.00694999997557,27.80543999973858],[-83.00329000030169,27.796809999909335],[-83.00054000029883,27.791099999900652],[-82.99667999971008,27.783110000218958],[-82.99535999996026,27.780460000019733],[-82.99389000042257,27.77766999961248],[-82.99227000019876,27.774740000155866],[-82.9899000001375,27.770730000151815],[-82.98780999956038,27.76740000004094],[-82.98702999958572,27.766219999900873],[-82.9821499997211,27.75872999981795],[-82.97949000012994,27.754110000297707],[-82.97758000037621,27.75089999973576],[-82.97528999978256,27.747260000250613],[-82.97267000037435,27.74338999970253],[-82.96980999986833,27.73942000026859],[-82.96549999991612,27.73390999975022],[-82.96219000004659,27.730020000224542],[-82.95847000009825,27.72594000003994],[-82.95688000001168,27.72429000016998],[-82.94968000031452,27.71688999983288],[-82.94820999987851,27.71540000030463],[-82.94633000026204,27.713740000357404],[-82.93697999971332,27.705610000391413],[-82.93613000031674,27.704870000315946],[-82.93173999999858,27.701170000216507],[-82.9290300001787,27.698999999736518],[-82.92579999977681,27.696549999858075],[-82.92423999982745,27.69539999989289],[-82.92308999995691,27.693930000077707],[-82.92162999956668,27.691989999824028],[-82.92049999978764,27.690499999887624],[-82.91921000017501,27.688889999744646],[-82.9178999995726,27.68727999972431],[-82.91682000002227,27.685989999840253],[-82.9163299995775,27.68541000032168],[-82.91521999988993,27.68412999978197],[-82.9152099998442,27.683270000078814],[-82.91521999988993,27.68163000017015],[-82.9155200003639,27.679309999975068],[-82.91580999989381,27.676630000309803],[-82.91593000044273,27.67538000018425],[-82.91603000000184,27.67411999999836],[-82.91619999988116,27.671800000210897],[-82.91640999994344,27.6689300000929],[-82.91691000043394,27.66606000017903],[-82.9172100000096,27.664079999741038],[-82.91738999993466,27.662819999736996],[-82.91834999983438,27.66089000036876],[-82.91985999955504,27.657710000189585],[-82.92221999957056,27.652299999945924],[-82.92363999977783,27.64869999989533],[-82.92400600037404,27.647717000288225],[-82.92409000003963,27.64748999994253],[-82.92503400004584,27.644812999877963],[-82.92558999971453,27.643139000233457],[-82.92676899989738,27.6393990001589],[-82.92949600033401,27.63026000031407],[-82.9309600000239,27.62501000030714],[-82.93192999996938,27.620960000038004],[-82.9328399996404,27.616530000155446],[-82.9336489999274,27.611720999736075],[-82.93417500035717,27.6078379999078],[-82.93459899978139,27.603936999629283],[-82.93491000012602,27.59945300006388],[-82.93510199974664,27.59527399986624],[-82.93514899960232,27.591083999900754],[-82.93509000005108,27.58762199988812],[-82.93492500019462,27.583698999823476],[-82.93473000020096,27.5806500000399],[-82.93418200002988,27.574037000200004],[-82.93390699967026,27.570717000383816],[-82.933479999873,27.5663499999651],[-82.93292000000635,27.562030000114564],[-82.93240000032266,27.558789999949138],[-82.93131999987402,27.553249999825265],[-82.93014999991199,27.548279999799266],[-82.92877999993344,27.54334999979579],[-82.92732999958892,27.538989999636186],[-82.92594999956462,27.53520000031063],[-82.92474000031797,27.532099999983384],[-82.92417000040558,27.530750000392256],[-82.92261999960364,27.52721000033139],[-82.92081000030734,27.52337999990424],[-82.91800000003002,27.517950000371822],[-82.91599999986461,27.51439000025752],[-82.91297000037758,27.50912999999859],[-82.91146999980438,27.506609999764827],[-82.9113099999708,27.505959999674715],[-82.9106200004078,27.504699999952347],[-82.90986999967204,27.503449999864962],[-82.90958000014211,27.502040000082992],[-82.90912999988034,27.50009999976784],[-82.90865000037964,27.497989999968752],[-82.90788999959811,27.495020000211834],[-82.90701000006432,27.491879999791788],[-82.90558999985704,27.487949999677955],[-82.90427000010719,27.48472999988032],[-82.90264999988338,27.481039999774712],[-82.90092000005471,27.477389999970043],[-82.89924999960219,27.474109999958678],[-82.89528000030691,27.466540000014597],[-82.89440999992055,27.46490999981962],[-82.89306000003347,27.462470000291624],[-82.89175000032937,27.46020999977628],[-82.88981999958585,27.457019999795435],[-82.88821000030609,27.45449000024016],[-82.88589999962097,27.451079999634864],[-82.88415999974656,27.448630000260117],[-82.88207000006777,27.445809999830825],[-82.87953000012719,27.442570000365453],[-82.87612999984601,27.438490000076605],[-82.87271000037163,27.434650000307904],[-82.86927999995319,27.431059999739503],[-82.86627999970509,27.4280800003872],[-82.86375999985599,27.425709999836986],[-82.86161999994849,27.423730000231163],[-82.86133000041859,27.422860000207088],[-82.86095999962441,27.42181999988192],[-82.86062999991154,27.420899999802433],[-82.86014000036508,27.419590000356788],[-82.85970000014903,27.418450000216357],[-82.85676000017537,27.410830000266706],[-82.8562899998221,27.409640000160707],[-82.85595000006347,27.408789999870944],[-82.85532999992235,27.40727000024884],[-82.85483000033017,27.40552999962128],[-82.85437000002263,27.40360000037707],[-82.85387999957784,27.40168000030588],[-82.85310999964891,27.39886999973217],[-82.85232999967424,27.39623999976243],[-82.85149000032342,27.393620000344352],[-82.85073999958766,27.39138900015363],[-82.84986000005385,27.388929999950758],[-82.84934000037018,27.387559999618063],[-82.84825999992152,27.384809999777424],[-82.84660999956047,27.380910000092566],[-82.8452300004345,27.37787999974001],[-82.84377000004426,27.37487999999907],[-82.84233999979125,27.372069999679546],[-82.84055999973387,27.36880000017164],[-82.83897999969301,27.366049999922325],[-82.83754000029258,27.36365000027145],[-82.83624999978163,27.36159000024208],[-82.83449999986148,27.35892000007157],[-82.83229999967953,27.355719999911553],[-82.83019999995501,27.352820000082005],[-82.82837999971464,27.3504200001097],[-82.82626999994439,27.347759999792896],[-82.8249400001488,27.346149999649157],[-82.82247999967585,27.34325999969704],[-82.8210899996058,27.341699999676432],[-82.8191399996691,27.339599999924914],[-82.81704999999033,27.337389999887588],[-82.81435000021618,27.33468000033486],[-82.81226999968483,27.332680000384265],[-82.81015999991456,27.33072000029788],[-82.80902000008977,27.329689999737795],[-82.80756999974527,27.32841000025778],[-82.79889999961212,27.320850000003887],[-82.79743000007444,27.319580000255677],[-82.7969899998584,27.319199999854874],[-82.7955200003207,27.31794999989535],[-82.7935899995772,27.316340000141153],[-82.79117000018553,27.314409999618487],[-82.78810999966296,27.312060000291982],[-82.78629000032092,27.310659999892085],[-82.78474000041729,27.30817000001553],[-82.78395000039689,27.306930000255875],[-82.782839999811,27.30520999984644],[-82.78169999998622,27.303489999920387],[-82.78063999962905,27.301949999953035],[-82.77308000008179,27.291080000259345],[-82.77198999958738,27.289619999974587],[-82.77156000031539,27.289039999904038],[-82.77089999999131,27.28815999965623],[-82.7684699996556,27.284990000363493],[-82.76790999978894,27.28423999970776],[-82.76662000017633,27.28260000031407],[-82.7650700002727,27.280650000094713],[-82.76368000020267,27.278730000290764],[-82.76322999994086,27.278129999735498],[-82.76277999967907,27.27752999993233],[-82.76094000024554,27.275200000024984],[-82.76014000017936,27.27419000015288],[-82.75885999971418,27.272639999627508],[-82.75720000020573,27.27064000013078],[-82.75473999973276,27.26782000017202],[-82.75309000027003,27.266019999727117],[-82.75168000010851,27.26451999998349],[-82.73734000009033,27.249490000246457],[-82.73626999968742,27.248359999607597],[-82.73465000036191,27.246819999750038],[-82.73394999985487,27.244260000011995],[-82.73347000035416,27.242330000111536],[-82.732670000288,27.239349999606663],[-82.73186000017608,27.236559999861004],[-82.73087000013913,27.23343999976624],[-82.72974000036008,27.230170000254784],[-82.72879999965352,27.227600000253222],[-82.72786999989101,27.225209999987815],[-82.72711000000781,27.223339999855856],[-82.72602000041175,27.22081000007404],[-82.72511999988815,27.218800000270537],[-82.72409999971396,27.216630000367157],[-82.7232999996478,27.21497999992052],[-82.72246000029696,27.21332000021186],[-82.72170000041379,27.211850000237344],[-82.72099999990672,27.210540000010607],[-82.71994000044788,27.208600000395556],[-82.71901999983281,27.206989999924893],[-82.71778999959632,27.204910000066906],[-82.71687999992531,27.203490000193245],[-82.715760000192,27.20175999992247],[-82.71397000008888,27.19913000008695],[-82.71189999960328,27.196219999725837],[-82.71090000041887,27.194850000087484],[-82.70894999958387,27.192309999998244],[-82.70671000011725,27.189500000394204],[-82.70440000033045,27.186739999814904],[-82.7023199997991,27.18437000019085],[-82.70060000001615,27.18237000007685],[-82.69920999994612,27.18080000008054],[-82.69727000005518,27.17868999985068],[-82.6951800003764,27.176469999837586],[-82.69357000019832,27.174830000234373],[-82.69193999992876,27.17320999969357],[-82.68986000029571,27.171210000148076],[-82.68773999958141,27.169260000074274],[-82.68587000001064,27.16757999964739],[-82.68397000030266,27.165929999852324],[-82.68161000028714,27.163950000199392],[-82.67934999983073,27.162129999685636],[-82.67658999978212,27.159990000264788],[-82.67457000042354,27.15846999976125],[-82.67374000022016,27.15725999986313],[-82.67297000029122,27.156229999846843],[-82.6716100003584,27.155219999935163],[-82.6705399999555,27.154440000037177],[-82.66992999986012,27.153260000189146],[-82.66908999961099,27.151480000287066],[-82.66846000032245,27.150190000191497],[-82.6673299996451,27.148519999645384],[-82.66639999988259,27.147350000327428],[-82.66473000032838,27.145330000272573],[-82.6628799999508,27.14193000006347],[-82.66251000005494,27.141249999919808],[-82.66158000029243,27.139410000043014],[-82.65937000006474,27.134669999600785],[-82.65829999966184,27.131500000116045],[-82.6575099996414,27.12925000006757],[-82.65666000024484,27.12708999986592],[-82.65587000022443,27.125300000226503],[-82.6533699995685,27.119710000302195],[-82.65292000020503,27.118699999788905],[-82.65199999958995,27.116710000152487],[-82.65045999973206,27.113570000149306],[-82.64858000011557,27.10997000002537],[-82.64641000007086,27.106099999959],[-82.64518999988012,27.10403000030452],[-82.64143399994677,27.098499000255945],[-82.63754900014199,27.09166800035669],[-82.63652099957189,27.089860000065887],[-82.63530999960197,27.08772999986848],[-82.63489000037572,27.085609999792158],[-82.63398999985213,27.08154999968888],[-82.63298999976942,27.077669999907197],[-82.63194000035632,27.07398000004394],[-82.63074000025708,27.070139999817183],[-82.62945999979188,27.06649999974806],[-82.62842999957195,27.063750000381045],[-82.62721000027955,27.06070000037176],[-82.62638000007615,27.058690000028935],[-82.625800000118,27.05736000000742],[-82.6246100000645,27.05471000004429],[-82.62293999961199,27.05122000035743],[-82.62117999964607,27.04777000015087],[-82.61967999997118,27.045000000331104],[-82.61801999956438,27.042109999693732],[-82.61628999973573,27.03923999979019],[-82.61469999964913,27.036730000317846],[-82.61397999994892,27.03479999998847],[-82.6135699998701,27.033820000313845],[-82.61258999987886,27.03145000021977],[-82.61173999958397,27.028860000352843],[-82.61075999959276,27.026110000328536],[-82.6096699999967,27.023229999784366],[-82.60871000009696,27.02086000028919],[-82.6076499997398,27.018340000320496],[-82.6052200003024,27.012760000368303],[-82.60485000040653,27.011859999728177],[-82.60334999983331,27.008219999833184],[-82.60228000032872,27.005710000298574],[-82.60109000027522,27.003050000258387],[-82.60032000034629,27.001400000057455],[-82.59652000003202,26.99414999983807],[-82.59556000013228,26.992349999971175],[-82.59439000017026,26.990229999760665],[-82.59299000005447,26.987809999812402],[-82.5916400001674,26.985579999632968],[-82.59014999963993,26.983200000339437],[-82.5886199998278,26.980849999821025],[-82.58681999967892,26.97821999963828],[-82.58595000019088,26.976990000109875],[-82.58383000037486,26.97403000007254],[-82.57992999960317,26.968560000017373],[-82.57240000019313,26.958020000328535],[-82.56842999999952,26.95174000002052],[-82.5658580002719,26.94731400031095],[-82.56362999960254,26.943609999744453],[-82.55989999960845,26.936429999621105],[-82.55825000014572,26.933270000363418],[-82.55748000021678,26.93182999993078],[-82.55702999995499,26.930950000003328],[-82.55404999979837,26.92527000006649],[-82.54882000012938,26.915290000015567],[-82.54795999978874,26.91367000006992],[-82.54689000028417,26.91173000023633],[-82.54578999974404,26.909800000159617],[-82.54475000037668,26.90803999985124],[-82.54330000003216,26.905669999903637],[-82.54139000027845,26.90269999964353],[-82.53993999993395,26.900540000130928],[-82.5391900000965,26.899470000072906],[-82.53408000007812,26.89213999983963],[-82.5269899999858,26.881979999720656],[-82.52243999983408,26.87450000012632],[-82.51751999978649,26.866949999786822],[-82.50389000032109,26.843979999644436],[-82.50062999978198,26.83868000023323],[-82.49995000026473,26.83759000018634],[-82.49878000030272,26.8357300001985],[-82.4971600000789,26.833270000149334],[-82.49578000005461,26.83127999998483],[-82.49435999984732,26.829319999815368],[-82.48582000030883,26.817709999657072],[-82.48458000002661,26.815760000201763],[-82.48270999955754,26.8129799999377],[-82.48110000027779,26.81067999995728],[-82.479439999871,26.80839999982551],[-82.47785999983016,26.806309999650825],[-82.47636000015527,26.804379999655804],[-82.47469999974848,26.802329999710736],[-82.47263000016119,26.79987999980846],[-82.47032000037437,26.797189999627133],[-82.46817000042113,26.79490000011973],[-82.46623999967761,26.79290999984735],[-82.46533000000659,26.791990000124734],[-82.46380900041528,26.789898999916485],[-82.46201199974115,26.7874289996945],[-82.45650000003985,26.779849999931713],[-82.45583999971578,26.77894999978344],[-82.45495000013625,26.77775999987938],[-82.45404999961265,26.776570000334303],[-82.4472800000858,26.767769999776498],[-82.44504999976662,26.76462999974258],[-82.44359000027471,26.761370000370917],[-82.44216000002169,26.7575899997487],[-82.44188999968493,26.75690000016415],[-82.44112999980173,26.75502999996661],[-82.44033999978133,26.753160000282985],[-82.43913999968208,26.75048999983239],[-82.43836999975315,26.748830000223066],[-82.4371699996539,26.746360000390407],[-82.43617999961693,26.744400000274172],[-82.43523999980867,26.74260999968892],[-82.43418000034984,26.740659999865237],[-82.43299000029634,26.73854999979551],[-82.43157000008907,26.736149999744306],[-82.43113999991876,26.732619999614904],[-82.43137000007252,26.72913999988947],[-82.43150999981461,26.7282400000521],[-82.43165999960243,26.72592999995166],[-82.43176000005985,26.722290000109616],[-82.4317700001056,26.719010000186834],[-82.43167999969391,26.715189999698527],[-82.43151999986036,26.71210000023489],[-82.43133999993529,26.709560000195893],[-82.43119000014747,26.70734999971722],[-82.43154999999757,26.705030000317453],[-82.43197000012213,26.70181000005169],[-82.43227999974354,26.699130000248708],[-82.43248999980582,26.69679999975867],[-82.43281000037129,26.693360000112474],[-82.433029999581,26.690090000372678],[-82.4331700002214,26.68682999977856],[-82.43323999964328,26.68264999976104],[-82.43318000026713,26.67846999979128],[-82.43303999962673,26.675210000023636],[-82.43282999956445,26.67193000024315],[-82.43257000017175,26.66904000018015],[-82.43223000041314,26.66595999997869],[-82.43167999969391,26.66200000025194],[-82.43113999991876,26.6587600000649],[-82.43034999989833,26.65465000007982],[-82.4296300001981,26.651440000062227],[-82.42911999966185,26.649309999628425],[-82.42797999983706,26.64508000013139],[-82.4268700001495,26.64139999995071],[-82.4257799996551,26.638089999602407],[-82.42439999963081,26.63428000039079],[-82.42264999971066,26.629840000004695],[-82.42081000027713,26.625609999788956],[-82.41980000014868,26.623429999699447],[-82.41894999985381,26.621440000280415],[-82.41784000016625,26.61891999964275],[-82.41659999988403,26.616249999760065],[-82.4151400003921,26.613270000088676],[-82.41307999995222,26.60934999982625],[-82.41066999970799,26.604760000002713],[-82.40872999981704,26.60118000010947],[-82.40669000036696,26.597640000043707],[-82.40483999998939,26.59463000015932],[-82.40229000000306,26.590720000033546],[-82.39995000007903,26.587340000162225],[-82.39806000041678,26.58477000035727],[-82.39633999973555,26.582530000143066],[-82.39447000016479,26.580169999939734],[-82.3922099997084,26.577449999709902],[-82.39029999995466,26.57525000010661],[-82.38998000028752,26.57308999996507],[-82.38962999958483,26.57093000006869],[-82.38907999976392,26.567880000036528],[-82.3887199999138,26.566110000209918],[-82.38822000032161,26.563789999932727],[-82.38771999983112,26.56166000020783],[-82.38711999978149,26.559220000036916],[-82.38653999982334,26.55693000006347],[-82.38550999960341,26.55323999993397],[-82.38450000037328,26.549920000226916],[-82.38357999975821,26.547140000117963],[-82.3823400003743,26.54369000028695],[-82.38101999972615,26.540260000021487],[-82.37959000037145,26.536859999657523],[-82.37745999961137,26.532189999667324],[-82.37626000041044,26.52973000024852],[-82.37509999959586,26.52746000005497],[-82.37357999982946,26.52457999990588],[-82.37280999990053,26.52310999969843],[-82.37100999975166,26.51986000017746],[-82.36959999959012,26.51744999963464],[-82.36805999973225,26.51490000036784],[-82.3669500000447,26.51317000033324],[-82.36561000020336,26.511130000000886],[-82.36424000022481,26.509120000020673],[-82.36284000010902,26.50713000005532],[-82.36083999994361,26.50440999967174],[-82.35963999984436,26.502730000273107],[-82.35921999971978,26.501570000210723],[-82.3589600003271,26.500189999923442],[-82.35854000020254,26.498089999707194],[-82.35813000012371,26.49619000017446],[-82.35705999972082,26.49145000027372],[-82.35039999979881,26.461750000187724],[-82.35011000026891,26.460529999663986],[-82.34969000014435,26.458779999917045],[-82.34919999969956,26.456849999620605],[-82.34843999981638,26.454069999611306],[-82.34777000034487,26.451819999901698],[-82.34705999979208,26.449470000364887],[-82.3463500001376,26.447449999669935],[-82.34562000039163,26.445390000366107],[-82.34464000040042,26.442819999836445],[-82.34388999966464,26.44095000010842],[-82.3432600003761,26.43942999996454],[-82.33907000007449,26.42951000013219],[-82.33804999990029,26.427160000035432],[-82.3369100000755,26.42464999982447],[-82.33596000022152,26.422670000077268],[-82.33457000015147,26.419870000215685],[-82.33292999983618,26.41678000016937],[-82.33194999984495,26.415009999865767],[-82.33067000027808,26.412769999844123],[-82.32933999958418,26.410539999624234],[-82.32570000000177,26.40457000012945],[-82.32470999996481,26.402960000179853],[-82.32332999994053,26.400769999836406],[-82.32210999974978,26.398899999613143],[-82.32065000025786,26.396749999653686],[-82.31948000029584,26.395069999772726],[-82.31838999980144,26.39355999968028],[-82.31694000035526,26.39162000018407],[-82.31292999997869,26.386299999790758],[-82.31144000034955,26.38435000013217],[-82.30968000038362,26.382140000260055],[-82.30774999964011,26.37980999961833],[-82.30590000016083,26.37764999964175],[-82.3037500002076,26.375240000276435],[-82.30141000028357,26.372739999802967],[-82.29914999982716,26.370419999642436],[-82.29725000011918,26.368540000264726],[-82.29516999958781,26.366559999734818],[-82.29291000002972,26.36448000016098],[-82.2911900002468,26.362950000321018],[-82.28944000032664,26.361439999711774],[-82.28745900042782,26.35976200002921],[-82.28650000035299,26.358949999664155],[-82.28534000043672,26.35797999994751],[-82.28434600020178,26.35731099968607],[-82.28326999995109,26.356280000252216],[-82.2822199996397,26.35543999968161],[-82.28148499987084,26.354940999790525],[-82.28055000008547,26.354129999934617],[-82.2790100002276,26.35298000005579],[-82.27635999978385,26.351019999852003],[-82.27431000028804,26.349560000343224],[-82.27222999975669,26.34812999978876],[-82.27011999998642,26.34673000010741],[-82.26831999983756,26.34557000007228],[-82.26667000037482,26.344519999797196],[-82.26451000037585,26.34321000035431],[-82.26232000023963,26.341920000082848],[-82.2514900001075,26.335650000240822],[-82.24550999970275,26.330330000184926],[-82.24495300020915,26.329830999883143],[-82.2431899998702,26.328309999622327],[-82.242169999696,26.327440000296257],[-82.23994000027514,26.325590000258586],[-82.23645999962801,26.322850000223696],[-82.23310000042808,26.320359999825083],[-82.23061999986365,26.31858000015895],[-82.22791000004376,26.316720000388216],[-82.22432999983751,26.314389999885663],[-82.22168000029208,26.312739999740938],[-82.21850000011891,26.31084999995487],[-82.21440000022896,26.308550000044484],[-82.21075999974826,26.306629999611946],[-82.20813000029433,26.305299999688593],[-82.20150999965698,26.302050000002982],[-82.20009000034801,26.301359999944353],[-82.18766000008355,26.29591999985842],[-82.18456000027633,26.29455999961857],[-82.1818400004107,26.293399999671426],[-82.17929000042437,26.29234999994075],[-82.17484999987751,26.29057999988341],[-82.17376000028142,26.2901499998225],[-82.17175000007026,26.289370000288304],[-82.16931999973454,26.28846000037669],[-82.15760000002288,26.284559999743923],[-82.15470000023221,26.283610000134555],[-82.15419999974168,26.28344999991817],[-82.14663000014868,26.28108000011927],[-82.14532000044456,26.280679999704613],[-82.14327000005045,26.28007000026339],[-82.14082999966897,26.279369999990035],[-82.13875000003594,26.278829999885588],[-82.13624000023259,26.278210000365856],[-82.1347000003747,26.277849999930044],[-82.1299400001607,26.27675999983295],[-82.12751999987071,26.27622999985518],[-82.12478999995935,26.27571000010819],[-82.12203999995648,26.275229999946692],[-82.11848999988746,26.27468000039196],[-82.11570999974737,26.274290000021715],[-82.11232999955766,26.273879999974994],[-82.11034000033631,26.273669999606263],[-82.10218999988683,26.272850000128194],[-82.10057999970877,26.27270000006838],[-82.09817000036283,26.2724899999812],[-82.09454999997362,26.272239999803972],[-82.09072000042042,26.272059999729585],[-82.08687999992317,26.271950000083706],[-82.07976999973937,26.271820000001707],[-82.07617000033996,26.27178999990013],[-82.07336000006264,26.271820000001707],[-82.06954999970262,26.271920000015765],[-82.06656000039854,26.272059999729585],[-82.06357000019618,26.27225000033692],[-82.06039000002302,26.272499999687128],[-82.0534899999015,26.273099999797054],[-82.05215000006018,26.273219999607967],[-82.04907000034444,26.273550000260613],[-82.04611000027927,26.27395000028194],[-82.04298000033482,26.274430000098857],[-82.03787000031645,26.27533000024475],[-82.03337000039342,26.27625000023264],[-82.02968999972974,26.277100000200786],[-82.0260400001016,26.278009999814117],[-82.0222099996501,26.279059999670487],[-82.01936000008811,26.279900000124975],[-82.01747000042589,26.280480000188334],[-82.0126499999374,26.28199999962528],[-82.01023999969317,26.282780000390858],[-82.00728999967377,26.28377999966961],[-82.00546000028598,26.28443000009575],[-82.00213000032498,26.27690000015245],[-82.00195000039993,26.27643999961916],[-81.99762000035622,26.265570000162025],[-81.99725999960779,26.264339999947655],[-81.99682000029006,26.261839999832567],[-81.99644000034847,26.25986999962391],[-81.99599000008668,26.25774999979286],[-81.99534999985408,26.254900000083975],[-81.99458999997088,26.251890000327712],[-81.99407000028721,26.24995999989031],[-81.99325000012955,26.247150000322826],[-81.99260999989697,26.24504999970192],[-81.99203999998456,26.243309999674967],[-81.99138999970621,26.241400000079956],[-81.99057999959432,26.239159999775868],[-81.9900499998649,26.237170000279],[-81.98916000028535,26.232929999767034],[-81.98795000014037,26.22724999984638],[-81.98704999961679,26.222410000116216],[-81.98692999996618,26.221749999860574],[-81.98657000011607,26.219868000286375],[-81.98528999965089,26.2131799999119],[-81.9848400002874,26.20803999993987],[-81.98474999987572,26.206980000100724],[-81.98461000013363,26.20555999992537],[-81.98443000020858,26.203970000151415],[-81.98428000042075,26.20274000013485],[-81.9832700002923,26.194660000102825],[-81.98291000044219,26.188860000114875],[-81.98284000012198,26.187990000278518],[-81.98273999966456,26.18676999978483],[-81.98265000015118,26.185719999709562],[-81.98187000017651,26.17738000006979],[-81.981890000268,26.176120000021335],[-81.98191000035949,26.17359000003105],[-81.98184000003928,26.170329999908255],[-81.98166000011423,26.166170000166733],[-81.98141999991472,26.162920000058516],[-81.98129000021838,26.161479999866913],[-81.9811300003848,26.159860000070132],[-81.98086000004805,26.1575199997944],[-81.98059999975706,26.15554999982713],[-81.98024999995269,26.153240000229957],[-81.98011000021062,26.152349999937172],[-81.97974000031476,26.150229999820002],[-81.97948000002377,26.14881999979977],[-81.97898000043156,26.146359999947975],[-81.97851000007827,26.144229999634348],[-81.97792000007439,26.141749999699908],[-81.97734000011627,26.13946999988067],[-81.9768000003411,26.137540000118147],[-81.97587999972603,26.13438999981687],[-81.97488999968905,26.131270000078164],[-81.97400000010953,26.128680000307966],[-81.97343000019713,26.126749999654212],[-81.97321199973892,26.124955999788664],[-81.9722309999228,26.116878999966975],[-81.97053000040644,26.102869999842223],[-81.97041999990327,26.101950000184768],[-81.97022999993249,26.10054999972649],[-81.97010000023614,26.099689999744257],[-81.96963999992859,26.096469999912397],[-81.96966000002007,26.095930000080283],[-81.96970000020305,26.094670000189826],[-81.96975000043176,26.09214000016813],[-81.96973000034028,26.087989999985176],[-81.96958999969989,26.084369999698517],[-81.96941999982057,26.081649999849105],[-81.96916999957531,26.078579999890525],[-81.96881999977096,26.075339999894673],[-81.96859999966291,26.07354000033276],[-81.96826999995004,26.071200000364115],[-81.96801999970478,26.069589999615346],[-81.96761999967171,26.067260000175565],[-81.96697000029167,26.063869999835582],[-81.96622999960165,26.060489999989922],[-81.96554000003866,26.057659999622103],[-81.96444000039683,26.053610000020043],[-81.96327999958224,26.049729999772612],[-81.9617499997701,26.045210000212677],[-81.96033999960859,26.04142000025531],[-81.9589599995843,26.038000000073495],[-81.95756000036681,26.03477999963204],[-81.95582999963983,26.031089999964664],[-81.95426999969045,26.027939999844477],[-81.95288999966616,26.025310000161536],[-81.95126000029492,26.022389999941712],[-81.95005000014994,26.02028999966552],[-81.9489999998385,26.018539999928716],[-81.94779999973926,26.0166299999747],[-81.9472800000556,26.015250000056746],[-81.94659999964001,26.013490000140703],[-81.94521999961572,26.010120000022443],[-81.94421000038558,26.007780000057924],[-81.94327999972478,26.00573999986601],[-81.94115999990876,26.001159999624534],[-81.94045000025429,25.99966999987758],[-81.9398100000217,25.99834999966603],[-81.93883000003048,25.99637000020378],[-81.93446999984954,25.98783999967932],[-81.93438000033616,25.987669999952633],[-81.93344999967535,25.985900000161134],[-81.9325800001873,25.984269999813797],[-81.93186999963451,25.982989999798853],[-81.92731000033534,25.97483999995853],[-81.92577999962491,25.972100000317962],[-81.92568000006578,25.971799999663425],[-81.9253000001242,25.970699999600658],[-81.92328999991302,25.96487999994408],[-81.92266999977193,25.963150000218263],[-81.921639999552,25.960390000083944],[-81.92033999989363,25.957129999820413],[-81.91919000002311,25.95441999974754],[-81.9184300001399,25.952729999887836],[-81.9182600002606,25.95040000024972],[-81.91815999980315,25.94732999989862],[-81.91798999992385,25.944260000280998],[-81.91772999963285,25.94082999968393],[-81.91747000024017,25.938309999607455],[-81.91714999967472,25.93560999965375],[-81.91692999956669,25.93399000019212],[-81.91664000003678,25.932009999862537],[-81.9163100003239,25.930050000085018],[-81.91582999992488,25.92737000023738],[-81.91513000031614,25.923980000142173],[-81.91469000010008,25.922020000124082],[-81.91398999959304,25.919180000234654],[-81.91333000016728,25.916709999860498],[-81.91267999988892,25.914419999864],[-81.91209999993079,25.912490000358158],[-81.91137000018483,25.910220000046813],[-81.91037000010212,25.907269999963496],[-81.90915999995713,25.903990000042675],[-81.90772999970413,25.90040000032234],[-81.90590000031634,25.896170000355472],[-81.90497999970124,25.894150000246736],[-81.90336000037576,25.89082999993638],[-81.90156000022688,25.88737999979801],[-81.89985999963713,25.884289999952035],[-81.89827000044886,25.88156999959774],[-81.89710999963427,25.879669999967952],[-81.89583000006738,25.87762000018022],[-81.89439999981438,25.87543999996428],[-81.89337499961732,25.874390999617],[-81.89038000029039,25.871479999980096],[-81.88961000036146,25.868879999857988],[-81.8887900002038,25.86628999960704],[-81.88791999981746,25.86370999989262],[-81.88700000010067,25.861149999888287],[-81.88603000015519,25.858610000092828],[-81.88502000002676,25.856069999882205],[-81.88394999962385,25.85355999995868],[-81.88282999989055,25.851050000107424],[-81.88166999997426,25.848589999826803],[-81.88045999982927,25.84612000033566],[-81.87920000035389,25.84368000016398],[-81.87792999993445,25.84131999969683],[-81.87654999991015,25.838859999983555],[-81.87514999979435,25.836480000006382],[-81.87372000043965,25.834119999838723],[-81.87221999986645,25.831790000059236],[-81.87070000010004,25.829479999640775],[-81.86912000005921,25.827200000332347],[-81.86749999983539,25.824939999875948],[-81.86584000032691,25.82270000023073],[-81.86412999969141,25.820499999962852],[-81.86237999977128,25.818309999767596],[-81.86058999966814,25.816169999756617],[-81.85876000028037,25.814039999960833],[-81.85688999981127,25.811950000038394],[-81.8549700000118,25.80987999966027],[-81.85302000007513,25.807850000249235],[-81.85063999996811,25.805459999611077],[-81.84998999968978,25.803919999699783],[-81.84922999980658,25.802420000144778],[-81.84820600033274,25.800784999651512],[-81.84737000028157,25.799619999836377],[-81.84628999983292,25.79830999999085],[-81.84556000008695,25.797519999667124],[-81.84479000015801,25.796770000180043],[-81.8434999996471,25.795629999733084],[-81.84202000006368,25.79450999984173],[-81.82910000025277,25.772090000258395],[-81.82797999962115,25.769560000387447],[-81.82681999970487,25.767049999947954],[-81.82560999955987,25.764550000020623],[-81.82436000013024,25.762070000031187],[-81.82305000042612,25.75960999962183],[-81.82168999959501,25.757170000042397],[-81.82029000037753,25.754760000316622],[-81.81885000007877,25.752359999834454],[-81.81736999959703,25.749989999626234],[-81.81581999969343,25.747649999875485],[-81.81423999965257,25.74532999973797],[-81.81261000028134,25.743030000390913],[-81.81092999978307,25.740760000345553],[-81.80922000004588,25.73851999970795],[-81.80747000012573,25.7363000000334],[-81.80566999997686,25.73411000035114],[-81.80382999964502,25.73195999959928],[-81.80195000002853,25.729820000308976],[-81.80002000018332,25.72771999996871],[-81.79805000015513,25.725659999892795],[-81.79691000033034,25.72449000013331],[-81.79606000003545,25.723619999739363],[-81.79400999964133,25.721620000068697],[-81.79194000005404,25.719639999808383],[-81.78981000019229,25.717700000146998],[-81.78767000028479,25.715780000111163],[-81.78547000010285,25.713919999891296],[-81.78324999982941,25.712089999807194],[-81.781990000354,25.71108000008221],[-81.78099000027132,25.71028999962718],[-81.77868999963194,25.708519999905835],[-81.77635999975364,25.706789999756428],[-81.77399999973812,25.7051000001163],[-81.77160000043794,25.703439999782265],[-81.76918000014797,25.701829999627545],[-81.766719999675,25.70025000018591],[-81.76422999996313,25.698710000294867],[-81.7617200001598,25.69720999988938],[-81.75917000017348,25.69574999967326],[-81.75660000009567,25.694330000309865],[-81.75400999992637,25.69295999973654],[-81.75137999957413,25.691610000115933],[-81.74873000002869,25.690320000374157],[-81.74606000039178,25.689069999896482],[-81.74335999971929,25.687859999943097],[-81.74063999985367,25.686690000114787],[-81.73789999989656,25.685570000335325],[-81.7351299998022,25.68448999994323],[-81.73234999966212,25.6834500000269],[-81.72954000028311,25.682459999830208],[-81.72671999996005,25.68150999989663],[-81.72388999959124,25.68060000037375],[-81.72102999998353,25.67973999979284],[-81.71815000028434,25.678930000046435],[-81.71525999964106,25.678160000360148],[-81.71235999985039,25.677440000126722],[-81.7094399999682,25.676759999960034],[-81.70651000004028,25.676130000081557],[-81.70357000006662,25.67554999966508],[-81.70062000004722,25.675009999811017],[-81.69765999998208,25.674519999925145],[-81.6946899998712,25.67407999981459],[-81.69170999971456,25.67368000029184],[-81.6887200004105,25.673329999911903],[-81.68574000025387,25.673029999924825],[-81.68272999996002,25.672770000080956],[-81.67973999975764,25.672559999668447],[-81.6767300003621,25.672389999911722],[-81.67372000006823,25.67228999975108],[-81.67070999977437,25.672219999912592],[-81.66770000037884,25.672200000182478],[-81.66469000008497,25.672229999776377],[-81.66167999979112,25.672310000275708],[-81.65868000044131,25.672430000114446],[-81.6567420002002,25.67254600022153],[-81.65250000002003,25.67283999959645],[-81.65001000030817,25.67267000023908],[-81.64751999969799,25.67253000015764],[-81.64502999998614,25.672430000114446],[-81.64253000022852,25.672380000061388],[-81.64004999966407,25.67236000035813],[-81.63754999990648,25.672380000061388],[-81.63507000024036,25.67244999980592],[-81.63256999958445,25.672549999832334],[-81.63006999982683,25.672680000065117],[-81.62759000016071,25.672869999838905],[-81.62510999959628,25.673079999705223],[-81.62262999993014,25.673339999682536],[-81.62016000030978,25.673639999699013],[-81.61769999983683,25.673969999735572],[-81.61523000021644,25.674349999725372],[-81.61278999983497,25.67475999988962],[-81.6103400003061,25.675219999955026],[-81.60790999997037,25.67571000020151],[-81.60547999963464,25.676239999786276],[-81.6041599998848,25.676550000100697],[-81.60307000028874,25.676800000315357],[-81.60067000009025,25.677410000225],[-81.59827999993749,25.678049999998834],[-81.59589999983048,25.67873000009106],[-81.59353999981495,25.679449999816743],[-81.59118999984517,25.680210000069867],[-81.58884999992115,25.681000000148217],[-81.58653000008859,25.681830000132262],[-81.58423000034753,25.682699999995464],[-81.58194999979962,25.68359999995236],[-81.5796800001958,25.68453999977275],[-81.57622999968589,25.68604000028183],[-81.57291999981636,25.68379999982907],[-81.5695699997639,25.681620000302267],[-81.56618000042675,25.679480000014514],[-81.56273999996257,25.677399999986214],[-81.55927000025949,25.675380000124836],[-81.55602999981186,25.673550000340086],[-81.55222000035016,25.671490000303635],[-81.54863000009816,25.6696399997413],[-81.54648000014492,25.668559999905003],[-81.54499999966319,25.66782999974445],[-81.54136000008081,25.666079999659186],[-81.53766000022395,25.664400000221367],[-81.53395000032135,25.662769999841206],[-81.53020000023578,25.66119999974051],[-81.52642000001299,25.659689999861673],[-81.51902000029928,25.65693999990272],[-81.51864000035768,25.654649999773273],[-81.51821000018737,25.65237000013061],[-81.51773999983409,25.65009999993384],[-81.5172200001504,25.64783000027937],[-81.51666000028376,25.64557000003235],[-81.5160500001884,25.64331999976612],[-81.51539999991006,25.64108000005125],[-81.51471000034707,25.638849999836154],[-81.51396999965704,25.63664000010402],[-81.5131999997281,25.63443999974933],[-81.51237999957046,25.632240000163772],[-81.51152000012814,25.630060000051287],[-81.51061999960456,25.627899999701853],[-81.50966999975057,25.62574999968601],[-81.50868999975935,25.623609999738196],[-81.50769999972238,25.62157000015967],[-81.50660000008057,25.61938999970121],[-81.505490000393,25.617310000119737],[-81.50433999962415,25.615239999752177],[-81.5031599996164,25.61318999988329],[-81.50193000027824,25.6111599999261],[-81.5006599998588,25.60915000009335],[-81.49935000015469,25.607159999777465],[-81.49802000035909,25.605189999980713],[-81.49664000033479,25.603240000075083],[-81.49522000012753,25.60132000036635],[-81.49376999978303,25.599420000390477],[-81.49228000015387,25.59754000029367],[-81.49076000038748,25.595680000211953],[-81.48919000039237,25.59385000021963],[-81.4876000003058,25.592050000075965],[-81.48597000003625,25.59025999983303],[-81.48429999958371,25.588510000319097],[-81.48261999998374,25.5867900003234],[-81.48088000010935,25.585079999781442],[-81.47911000009769,25.5834099999694],[-81.47731999999458,25.581759999838376],[-81.47548999970849,25.58013999969134],[-81.47364000022921,25.578560000354205],[-81.47174999966865,25.57699999989164],[-81.46982999986918,25.57546999976142],[-81.46787999993248,25.57396000031594],[-81.46591999995005,25.572519999632178],[-81.46390999973889,25.571080000267138],[-81.46188000033457,25.569670000028363],[-81.45982999994044,25.568299999629268],[-81.45774000026167,25.566959999870033],[-81.45563999963882,25.56566000001084],[-81.45349999973132,25.56437999977767],[-81.45134999977807,25.563150000062276],[-81.44916999968761,25.561949999612086],[-81.44696000035825,25.560780000139847],[-81.4447400000848,25.55964000009412],[-81.44248999967412,25.55853999998882],[-81.44023000011606,25.557480000115884],[-81.43794000042072,25.556459999916754],[-81.4356299997356,25.555479999602966],[-81.43330999990305,25.554520000174342],[-81.43096999997901,25.55359999981965],[-81.4286099999635,25.552720000270963],[-81.42540999969883,25.551600000193456],[-81.4236199995957,25.54822000015516],[-81.42176000007069,25.544870000405098],[-81.41983000022549,25.541550000233222],[-81.41785000015156,25.538259999716477],[-81.41578999971169,25.534999999718995],[-81.41367999994142,25.531779999728435],[-81.41149999985096,25.528580000293005],[-81.4092700004301,25.525429999747985],[-81.4069699997907,25.52230999993326],[-81.40461999982094,25.51922999965258],[-81.40220000042927,25.516179999620597],[-81.39972999991058,25.513169999902427],[-81.39720000001574,25.510209999909602],[-81.39461999989219,25.50726999966847],[-81.39197000034676,25.50439000032575],[-81.3892699996743,25.501549999826914],[-81.38476999975128,25.4970099997611],[-81.38418999979315,25.494680000390087],[-81.3835100002759,25.492140000244806],[-81.38281999981459,25.48973000036246],[-81.38206999997713,25.487319999992806],[-81.38127999995672,25.48493000018579],[-81.38043999970758,25.48255000020554],[-81.37957000021954,25.48017999984104],[-81.37856000009108,25.47763999980419],[-81.37462000003472,25.46592000016322],[-81.3705200001448,25.454259999706135],[-81.36972000007862,25.45193999969723],[-81.36886999978373,25.449649999817115],[-81.36798000020421,25.447370000175404],[-81.36704000039596,25.44510999990471],[-81.366050000359,25.44283999984221],[-81.3650300001848,25.44060999977851],[-81.3639599997819,25.43838999972674],[-81.36288000023156,25.436229999980075],[-81.3617000002238,25.433989999747332],[-81.3605100001703,25.431820000141336],[-81.35926999988808,25.42966000023718],[-81.35800000036694,25.42754999983796],[-81.35667999971878,25.425439999816003],[-81.35532999983172,25.423350000095517],[-81.35392999971593,25.42128000009835],[-81.3524900003155,25.41923999994226],[-81.3510199998795,25.41722000028104],[-81.34950000011312,25.415219999689526],[-81.3479500002095,25.413250000369516],[-81.34635000007717,25.41129999999664],[-81.34472999985336,25.409380000256863],[-81.3431499998125,25.407579999823742],[-81.34135999970938,25.405620000071327],[-81.33962999988071,25.403770000136873],[-81.33785999986908,25.40195999987037],[-81.33605999972019,25.400179999600315],[-81.33422000028669,25.39841999984808],[-81.33234999981761,25.39669000000977],[-81.33046000015538,25.394989999754877],[-81.32851000021867,25.39332999996173],[-81.32520000034917,25.390620000305326],[-81.32445999965913,25.386409999856735],[-81.32363000035407,25.382219999751634],[-81.32270999973898,25.378039999607466],[-81.32171999970201,25.373880000090693],[-81.32064000015168,25.3697400000529],[-81.3194800002354,25.36560999967857],[-81.31900999988213,25.364030000324803],[-81.31824999999894,25.361499999832755],[-81.31693000024909,25.35741000015132],[-81.3149099999922,25.351550000371052],[-81.3181629999603,25.33949400025888],[-81.32330999978859,25.320419999984107],[-81.33090000037143,25.292279999788338],[-81.3319199996473,25.2900099997859],[-81.33289999963853,25.287709999685234],[-81.33384000034509,25.285400000229505],[-81.33473999997037,25.283080000040542],[-81.3355800002195,25.280740000193713],[-81.33638000028566,25.27838999971263],[-81.3368899999236,25.2767900001628],[-81.33785999986908,25.273649999664716],[-81.33852000019316,25.271260000171726],[-81.33914000033427,25.268869999917932],[-81.33971000024665,25.266459999844333],[-81.34023999997608,25.264049999855924],[-81.3407200003751,25.261620000096638],[-81.34114999964709,25.25919999976928],[-81.34153999963445,25.256760000110106],[-81.34188000029138,25.2543200001753],[-81.34217999986704,25.251870000049372],[-81.34243000011227,25.249420000070497],[-81.3426200000831,25.24695999991912],[-81.34277999991666,25.244510000052216],[-81.3428800003741,25.24204999962169],[-81.34293999975023,25.239589999772743],[-81.34294999979598,25.237129999699317],[-81.34290999961301,25.234670000220554],[-81.34287000032835,25.233179999785477],[-81.34270000044903,25.229739999705327],[-81.3425299996714,25.227289999729848],[-81.34230000041595,25.224830000257597],[-81.3420300000792,25.222389999608748],[-81.34154999968018,25.218810000354566],[-81.34104000004224,25.21614999988391],[-81.3404800001756,25.21349999960306],[-81.33986000003448,25.21086000017352],[-81.33919999971042,25.208229999816044],[-81.33849000005593,25.20560999999965],[-81.33774000021847,25.20299999975244],[-81.33691000001508,25.200409999816205],[-81.33605999972019,25.197830000360337],[-81.33514000000345,25.195260000402385],[-81.33418000010371,25.192709999680293],[-81.33291999973001,25.189600000198702],[-81.33173999972223,25.18580999975578],[-81.3307299995938,25.1826600000376],[-81.3296600000892,25.179529999730743],[-81.32854000035591,25.17640999995542],[-81.32737000039388,25.173319999619093],[-81.32612000006591,25.170239999949118],[-81.32482000040756,25.167190000034804],[-81.32346999962218,25.1641500000739],[-81.32205000031321,25.16113000007584],[-81.32057999987724,25.158149999713075],[-81.31904000001936,25.155180000283668],[-81.31744999993276,25.152240000046742],[-81.31580999961747,25.149320000152535],[-81.31410999992602,25.146430000062153],[-81.31236000000587,25.14357000029099],[-81.31054999981126,25.140739999705314],[-81.30869000028625,25.13793000006516],[-81.30479999956029,25.1324200001116],[-81.30441999961869,25.12988999985484],[-81.3039900003467,25.127369999633824],[-81.30351999999341,25.124860000074534],[-81.30297000017251,25.122360000173604],[-81.30239000021436,25.11986000036278],[-81.30176000002751,25.11737999980844],[-81.30108999965769,25.114909999954214],[-81.30036999995747,25.112439999803577],[-81.29960000002852,25.109989999731727],[-81.29877999987089,25.10754999975152],[-81.29792000042858,25.10511999965456],[-81.29700999985924,25.102719999974195],[-81.29606000000524,25.100320000377046],[-81.29505999992253,25.09792999959879],[-81.29401999965687,25.095570000145052],[-81.29293000006079,25.09321999983647],[-81.291790000236,25.09089000018709],[-81.29061000022824,25.08857999990434],[-81.28937999999177,25.08627999963186],[-81.28811999961806,25.08400999967385],[-81.28680999991396,25.08176000002736],[-81.28544999998114,25.079530000173037],[-81.28405999991111,25.07732000039507],[-81.28261999961234,25.075130000153923],[-81.28114000002893,25.07296999966896],[-81.27962000026254,25.070830000402918],[-81.27806000031319,25.068699999850747],[-81.27645000013511,25.066619999624336],[-81.27480999981981,25.06456000035408],[-81.27313000021985,25.06251999979789],[-81.27141000043692,25.060509999930943],[-81.27001000032114,25.0589200002535],[-81.26785000032216,25.056570000359216],[-81.26602000003605,25.05463999997824],[-81.26414999956701,25.052740000069374],[-81.26224999985901,25.05087999972006],[-81.26030999996806,25.049040000194843],[-81.25832999989412,25.047239999997743],[-81.25631999968296,25.04545999975],[-81.25427000018716,25.04372000012759],[-81.25219999970156,25.042010000354647],[-81.25008999993129,25.040330000060532],[-81.24795000002379,25.038689999977322],[-81.24576999993332,25.037090000083687],[-81.24357999979712,25.035500000238617],[-81.24133000028476,25.033970000250022],[-81.23907999987411,25.032469999915183],[-81.23679000017877,25.03100999964517],[-81.23447000034623,25.02957999981652],[-81.23212000037644,25.02817999985153],[-81.22976000036093,25.02683000007855],[-81.22735000011669,25.02551000019465],[-81.2249499999182,25.024230000216562],[-81.2225000003893,25.02297999980606],[-81.22001999982487,25.021790000064232],[-81.21808999997965,25.02089000032026],[-81.2142699995739,25.019179999803644],[-81.21346000036031,25.018000000224433],[-81.21262000011117,25.016840000000172],[-81.21176999981628,25.01568999995597],[-81.2108900002825,25.014550000373497],[-81.20999999980465,25.01341999990384],[-81.20908000008788,25.012319999673913],[-81.2081300002339,25.01122000017367],[-81.20717000033416,25.010140000166675],[-81.20619000034294,25.0090800001812],[-81.2051800002145,25.00803000036937],[-81.20416000004029,25.006999999810862],[-81.20311999977461,25.005980000104366],[-81.20206000031577,25.00497999967247],[-81.20096999982138,25.003999999818173],[-81.19987000017957,25.00303000024729],[-81.19875999959369,25.002089999642536],[-81.19761999976889,25.001160000099286],[-81.19646999989835,25.000250000402982],[-81.19529999993635,24.999360000184087],[-81.19410999988284,24.998480000362296],[-81.1929099997836,24.997630000324037],[-81.19168000044544,24.996789999759095],[-81.19044000016324,24.995979999940896],[-81.18857999973989,24.994799999738657],[-81.18809000019344,24.993810000212765],[-81.18756999961144,24.992820000040204],[-81.18701999979055,24.991840000091926],[-81.18648000001537,24.990879999927856],[-81.18590000005722,24.989910000195856],[-81.18531000005336,24.98895999990567],[-81.18468999991224,24.98801999996918],[-81.18343000043686,24.986159999927896],[-81.18206999960573,24.9843500003258],[-81.18067000038825,24.982590000116634],[-81.17918999990653,24.980860000367585],[-81.17764000000291,24.979189999905298],[-81.1768499999825,24.978370000227272],[-81.17479000044094,24.976380000073593],[-81.17380000040399,24.974879999943788],[-81.1729300000176,24.973319999851718],[-81.1722399995563,24.971860000083787],[-81.17184000042154,24.97088000002574],[-81.17128999970231,24.969210000065537],[-81.17085000038458,24.967500000250435],[-81.1705499999106,24.965770000010803],[-81.1703800000313,24.964020000134237],[-81.17034999989406,24.962140000328755],[-81.17262000039621,24.963519999670876],[-81.17491000009154,24.964859999792772],[-81.1772299999241,24.96616000037115],[-81.17956999984811,24.967420000229623],[-81.18193999990939,24.968650000095078],[-81.18433000006215,24.96982999961926],[-81.1867500003521,24.97098999979793],[-81.18860999987713,24.97183999997781],[-81.19164000026248,24.9731699999435],[-81.19410999988284,24.97419999980937],[-81.19661999968619,24.97519999985601],[-81.19913000038787,24.976160000298023],[-81.2016600002827,24.977070000000474],[-81.20422000031476,24.977939999631],[-81.20678000034682,24.978780000342518],[-81.2093699996178,24.97956999982876],[-81.2119599997871,24.980330000224704],[-81.21457000004787,24.981030000098585],[-81.21719000035438,24.981699999863583],[-81.21982999985407,24.982319999979463],[-81.22247000025207,24.98291000032582],[-81.225139999889,24.983449999859253],[-81.22781000042423,24.983940000052584],[-81.23048000006114,24.984389999723167],[-81.2331599997438,24.98480999993837],[-81.23586000041627,24.98518999959476],[-81.23856000019042,24.98552000012206],[-81.2412700000103,24.985800000294372],[-81.2439799998302,24.986040000167158],[-81.24668999965009,24.986239999974735],[-81.24941000041403,24.986390000227573],[-81.25214000032541,24.986509999646668],[-81.25486000019104,24.98659000027998],[-81.25758000005668,24.986599999948385],[-81.26030999996806,24.98659000027998],[-81.26303999987944,24.9865200001358],[-81.26574999969932,24.986420000093318],[-81.26846999956494,24.986269999877084],[-81.27118000028317,24.986079999829006],[-81.27390000014879,24.985840000034273],[-81.27660999996867,24.985569999705262],[-81.27930999974284,24.98524000012639],[-81.28200000036955,24.984880000241855],[-81.28469000009795,24.984470000107414],[-81.28736999978061,24.98401999991536],[-81.29004000031586,24.98352000012274],[-81.29269999990701,24.982990000044467],[-81.29535000035077,24.9824200000994],[-81.29796999975898,24.98179999967345],[-81.30062000020271,24.98113999975141],[-81.30322999956519,24.98043999968937],[-81.30582999978022,24.97969000020351],[-81.30840999990376,24.978899999859497],[-81.31097999998157,24.978079999876556],[-81.3135299999679,24.97720999960768],[-81.31606999990846,24.976300000126713],[-81.31857999971182,24.975360000314247],[-81.32346999962218,24.973380000252376],[-81.32584999972919,24.973319999851718],[-81.32821999979043,24.973229999603],[-81.33058999985171,24.973090000352002],[-81.3329699999587,24.972920000232975],[-81.33534000001998,24.97270999995321],[-81.33770000003551,24.97245000011842],[-81.34007000009676,24.972179999708388],[-81.34242000006654,24.971860000083787],[-81.34477000003633,24.971500000121942],[-81.34709999991463,24.971100000286146],[-81.3503799996469,24.970479999802908],[-81.35291000044005,24.971269999662717],[-81.35545000038064,24.972030000038878],[-81.3580100004127,24.9727399998988],[-81.36057000044475,24.973419999960342],[-81.36314999967,24.97405000015985],[-81.36573999983928,24.974650000103445],[-81.36834000005432,24.97519000007493],[-81.37095000031509,24.975709999827686],[-81.37357999976905,24.97617000000025],[-81.3762100001213,24.97660000026997],[-81.378849999621,24.976980000052496],[-81.381490000019,24.977329999842144],[-81.38413999956443,24.97762999991615],[-81.38681000009967,24.977890000202652],[-81.3894599996451,24.978099999782316],[-81.39213000018033,24.97827000007126],[-81.39479999981725,24.97839999960675],[-81.39747000035248,24.978490000144262],[-81.40013999998939,24.97854000014301],[-81.40280999962633,24.97854000014301],[-81.40548000016155,24.978499999657068],[-81.40814999979848,24.97842000027476],[-81.40935999994346,24.978359999889584],[-81.41081000028797,24.97828999994609],[-81.41347999992487,24.97813000004198],[-81.41614000041436,24.977919999699264],[-81.41880000000556,24.977660000290456],[-81.42144999955097,24.977369999894282],[-81.42409999999472,24.977029999850764],[-81.42673000034699,24.97665999988509],[-81.42936999984668,24.976229999825122],[-81.4319900001532,24.975769999876942],[-81.4346099995614,24.975269999929388],[-81.43720999977644,24.974719999675543],[-81.43980999999148,24.97413999980864],[-81.44304000039335,24.97333999971706],[-81.45717000034928,24.971789999698675],[-81.45874000034436,24.971620000226295],[-81.46210999959001,24.97102000016293],[-81.47426000037031,24.96887000027108],[-81.48201999993411,24.967369999783028],[-81.48848999988533,24.96635000024514],[-81.49788999976442,24.963220000209493],[-81.50495999976528,24.960719999607743],[-81.5076300003005,24.959770000268776],[-81.51558999988086,24.956289999860715],[-81.51850499974016,24.954832000322735],[-81.52572999955167,24.951219999662776],[-81.53551000027072,24.9459500002352],[-81.5489000004349,24.939620000132464],[-81.55268999980512,24.938200000376167],[-81.55559999964154,24.93710999974082],[-81.56649000004815,24.93106000009653],[-81.57422000037305,24.92724999963251],[-81.58130999956703,24.923760000350583],[-81.59943999985376,24.912729999669217],[-81.60037999966201,24.91212000031489],[-81.60829999995771,24.90696999960946],[-81.62158999966448,24.89722000032418],[-81.63382999995815,24.894260000067252],[-81.6384520000799,24.89273800033148],[-81.6480700004172,24.889569999710336],[-81.66012999988752,24.883289999757384],[-81.6651000001638,24.880670000102178],[-81.67688000014992,24.87233999984499],[-81.68050499966373,24.87001999985991],[-81.69158000001822,24.862929999713444],[-81.6957100000454,24.860640000321737],[-81.70078999992654,24.85783000006604],[-81.7147199998659,24.851619999680825],[-81.7275400001177,24.84704000022725],[-81.74291000035582,24.839300000003167],[-81.74648999966377,24.837500000210902],[-81.75388500025291,24.833296000105136],[-81.76187999999337,24.82874999970926],[-81.77824000026845,24.815380000103275],[-81.79099000020005,24.81371000018896],[-81.80357000025234,24.809510000206053],[-81.81421000041368,24.80639000020383],[-81.82993999960358,24.798609999605684],[-81.83120699964998,24.79793000035404],[-81.83238300035809,24.79729800027756],[-81.8362699998127,24.795210000312192],[-81.84799000042268,24.78983999990022],[-81.85645999964098,24.785229999778778],[-81.86642000028505,24.780129999769652],[-81.87435999977393,24.776129999606756],[-81.88014000016214,24.772929999654572],[-81.886220000126,24.76914000010073],[-81.8862000000345,24.767720000351545],[-81.89429000020952,24.76364999997872],[-81.8971399997715,24.76364000019838],[-81.90000000027753,24.76358999965305],[-81.90282999974802,24.763480000340184],[-81.90570000029979,24.76333999988737],[-81.90852999977028,24.763140000365127],[-81.91137000018483,24.762900000350182],[-81.91420999970106,24.76261999961069],[-81.91703000002413,24.76228999961856],[-81.91986000039293,24.761900000054787],[-81.92266999977193,24.76150000012964],[-81.92548000004925,24.76102999981568],[-81.92827000023507,24.76052000004932],[-81.93269999983788,24.7596199996245],[-81.93388999989139,24.759479999715623],[-81.93623999986117,24.75919000010169],[-81.93976999983873,24.758699999665797],[-81.94328999977051,24.758150000054197],[-81.94679999965658,24.757549999925722],[-81.95029000034945,24.75688999986385],[-81.95377000009827,24.756180000109904],[-81.95722999975563,24.755410000179822],[-81.96069000031129,24.75459000028375],[-81.96754000020407,24.75278000016101],[-81.97768999992064,24.749649999673462],[-81.98763999962067,24.746029999677404],[-81.99414999975484,24.74337999985458],[-82.00055000028414,24.74049999979322],[-82.00371000036583,24.738990000352917],[-82.00684000031028,24.737430000060534],[-82.00994000011752,24.735820000299555],[-82.01300999978753,24.73415000024014],[-82.01604000017286,24.732439999603468],[-82.01904999956841,24.73069000000558],[-82.02201999967929,24.728880000318895],[-82.02694999977261,24.72572000000523],[-82.02912999986307,24.726679999674786],[-82.03065999967521,24.727359999888765],[-82.03439999971505,24.72894000026622],[-82.03817999993784,24.73045000015516],[-82.04197000020638,24.731920000130565],[-82.04579999975957,24.733319999846987],[-82.04965000030256,24.734650000035067],[-82.05353000008448,24.735929999618893],[-82.05742999995786,24.73714000039607],[-82.06530000002486,24.739380000019672],[-82.07324999955947,24.74137000017288],[-82.08529999988232,24.743859999769484],[-82.09748999994727,24.745779999659902],[-82.10976000037816,24.747110000371347],[-82.12210000023094,24.74784999962931],[-82.1247799999136,24.747940000087485],[-82.12622000021237,24.747969999953767],[-82.13034000019378,24.748020000258702],[-82.13857000011089,24.74791999962871],[-82.14681000007373,24.747570000053365],[-82.15501999989934,24.746940000129],[-82.159129999835,24.746529999835687],[-82.16495999955362,24.74583000002996],[-82.17018000007518,24.745229999972768],[-82.17536999956118,24.744469999604636],[-82.18052999980827,24.743529999721144],[-82.18565999991813,24.742430000032392],[-82.19325999964839,24.74047999976917],[-82.2007299996823,24.738169999825367],[-82.20563999968414,24.736420000077647],[-82.21286000037111,24.733529999791585],[-82.21991000028044,24.73028999999761],[-82.22676000017324,24.726720000078238],[-82.2334100000495,24.722820000202063],[-82.23770999995597,24.720050000096684],[-82.2439499997534,24.71563999982385],[-82.24796000012996,24.712530000215608],[-82.25375999971133,24.707649999883397],[-82.2574599995682,24.704230000082834],[-82.26276999960311,24.69890000016847],[-82.2661199996556,24.69520000015818],[-82.26935000005749,24.691400000107862],[-82.27196000031827,24.688110000079423],[-82.27731999968358,24.682269999722767],[-82.28242999970196,24.676239999870077],[-82.2873399997038,24.670059999812665],[-82.29198000026723,24.66373000021196],[-82.29638999977857,24.657259999735466],[-82.30054999994294,24.65063999970709],[-82.30444999981634,24.643899999689065],[-82.30809000029704,24.637039999978278],[-82.31146000044102,24.630069999615692],[-82.31442999965358,24.62331000030348],[-82.31680999976061,24.61735999991139],[-82.3187100003669,24.612199999654393],[-82.32112999975857,24.604899999963433],[-82.32327999971179,24.59753000040841],[-82.3251300000894,24.590100000049652],[-82.32650000006794,24.583729999990293],[-82.21544999964209,24.58376000015626],[-82.21662999964984,24.581709999785225],[-82.21832000019386,24.578259999665086],[-82.21927000004784,24.575960000170365],[-82.2202099998561,24.573259999916097],[-82.22089000027167,24.570879999942473],[-82.2215899998804,24.567730000133206],[-82.221969999822,24.565299999709985],[-82.2222100000215,24.563039999845945],[-82.22234999976358,24.560200000074833],[-82.22229000038745,24.556999999824047],[-82.2220200000507,24.553809999882066],[-82.2216600002006,24.55138999975445],[-82.22116999975582,24.548980000160096],[-82.22103000001374,24.547859999938144],[-82.22088000022593,24.546730000326995],[-82.22065000007214,24.5452500003445],[-82.220330000405,24.543569999834553],[-82.22008000015975,24.542459999880595],[-82.21975000044687,24.541160000370134],[-82.21955000043033,24.540430000051877],[-82.2194499999729,24.54008000034094],[-82.21934000036805,24.53971999990004],[-82.21911000021427,24.53899000019399],[-82.21879999969457,24.538089999961773],[-82.21842999979872,24.537009999662516],[-82.21809000004008,24.53611999998261],[-82.21765999986977,24.535060000145613],[-82.2172799999282,24.534169999714145],[-82.2154999998708,24.530180000137616],[-82.21509999983772,24.529309999783997],[-82.21468999975889,24.528449999775024],[-82.21417000007521,24.527420000308172],[-82.2136200002543,24.526409999743688],[-82.21305000034191,24.525410000122623],[-82.21253999980564,24.524579999987704],[-82.21193999975603,24.523600000131356],[-82.21130000042176,24.522630000281904],[-82.2102900002933,24.521209999756028],[-82.20948000018139,24.52012000004709],[-82.20862999988651,24.519050000220485],[-82.20788000004907,24.518169999750217],[-82.20711000012014,24.51726999984],[-82.20617000031189,24.51626000019977],[-82.20521000041214,24.51526999993092],[-82.20422000037517,24.51430000032404],[-82.20320000020098,24.513350000208074],[-82.20215999993532,24.512439999805522],[-82.20124000021856,24.51167999982595],[-82.20045000019812,24.511049999735345],[-82.1991599996872,24.51003000028721],[-82.19789000016607,24.50904999971816],[-82.19607999997145,24.50778000040625],[-82.19491000000944,24.50700000022121],[-82.1937099999102,24.506250000005288],[-82.19229999974866,24.50543000000991],[-82.19034999981196,24.50437000026259],[-82.18871000039498,24.503550000263676],[-82.18703999994246,24.502789999655118],[-82.18535000029675,24.50208000004418],[-82.18362999961552,24.501430000177038],[-82.18151999984524,24.50070000024326],[-82.18015999991243,24.50028999997802],[-82.17857999987157,24.49985000021963],[-82.1767999998142,24.49940999973881],[-82.17539999969841,24.499099999850216],[-82.17438999956995,24.498910000147188],[-82.17286999980357,24.49862000017594],[-82.17108999974619,24.49811000009801],[-82.16948999961384,24.497700000378618],[-82.16768000031756,24.49730000000201],[-82.166050000048,24.496989999815842],[-82.16400999969962,24.49666999977131],[-82.16237000028264,24.496459999810426],[-82.16051999990506,24.496280000148737],[-82.15886000039659,24.496179999862015],[-82.1572200000813,24.496100000229344],[-82.1557499996453,24.496080000313246],[-82.15410000018258,24.496100000229344],[-82.15244999982153,24.49615999995861],[-82.15079000031305,24.4962700002054],[-82.14936000006004,24.49641000015734],[-82.14729999962017,24.496659999858988],[-82.14566000020318,24.496919999773493],[-82.14423999999592,24.497170000096073],[-82.14282999983438,24.49746999999057],[-82.14141999967286,24.497789999634023],[-82.14041999959015,24.498049999664325],[-82.1396200004223,24.49790999990347],[-82.13780000018194,24.497639999749293],[-82.13636999992892,24.49746999999057],[-82.13472999961363,24.49731999972406],[-82.13329000021318,24.497220000264434],[-82.13184999991444,24.497160000223523],[-82.13061999967795,24.497139999658554],[-82.13000000043516,24.49712999978357],[-82.1287700001987,24.49715000035016],[-82.12732999989993,24.497199999709004],[-82.12628999963425,24.49723000013225],[-82.12546000032917,24.497199999709004],[-82.12337999979783,24.497199999709004],[-82.12172000028936,24.49723999999924],[-82.12026999994485,24.497309999863443],[-82.11881999960033,24.497429999773512],[-82.11758000021645,24.497550000386486],[-82.11612999987193,24.4977299998651],[-82.11489999963545,24.49790999990347],[-82.11347000028077,24.49815000009874],[-82.11184000001121,24.49846999964651],[-82.11042999984967,24.498780000270983],[-82.10993500028034,24.498904000143284],[-82.1088830003191,24.49916700031807],[-82.10842600038463,24.499290999808682],[-82.10703999961423,24.49968999985139],[-82.10585999960647,24.500060000240676],[-82.10491599960025,24.500371999647566],[-82.10033299983655,24.49999799966371],[-82.08758600027801,24.506123999863433],[-82.07931899965267,24.511594999660733],[-82.07233099966761,24.517670999993424],[-82.06889100010176,24.52127600032847],[-82.06717100031882,24.52371500016863],[-82.06278500019863,24.519022999623427],[-82.0602269998164,24.516843000195514],[-82.05817999979531,24.514363999595247],[-82.0565379998302,24.50957700002652],[-82.05522399992812,24.50622900039911],[-82.05412799958596,24.50358400038785],[-82.05180299973053,24.49999799966371],[-82.05209399998367,24.49999799966371],[-82.05296699984477,24.49999799966371],[-82.05325899992282,24.49999799966371],[-82.0516529999427,24.49767999989956],[-82.05107399980947,24.496844000407446],[-82.04606500007344,24.491342000365616],[-82.04464499986616,24.48978199964844],[-82.04406499990802,24.489374999984403],[-82.03427199966853,24.4824959996886],[-82.03162600032105,24.481359999835057],[-82.02347900024463,24.4778640002996],[-82.013803000181,24.476140000360452],[-82.00391600023016,24.4757149998401],[-82.00144300023673,24.475527999712483],[-82.001032000333,24.475533000099894],[-81.99981799999004,24.476244999767758],[-81.99923499965885,24.476576999949245],[-81.9982809996069,24.476213000245785],[-81.99649200022701,24.475429000013378],[-81.99369500036848,24.47460499968652],[-81.98868400008429,24.47371299967018],[-81.9863960000388,24.473306000354604],[-81.98243199969299,24.473201000130825],[-81.98088199978937,24.472574999969094],[-81.97838600022972,24.471962999975453],[-81.97440900036344,24.471209000341236],[-81.97455699960312,24.47098700017829],[-81.97481100004634,24.470609999638143],[-81.97670999992941,24.467989999728072],[-81.97862800007907,24.463372999808946],[-81.9809250003454,24.456967000080326],[-81.98205400029953,24.445448000403776],[-81.97976799990386,24.431655999921112],[-81.97446799991468,24.420821999663474],[-81.9685350002639,24.413467999768244],[-81.96731800044623,24.411958999961485],[-81.95843700042587,24.405227000333326],[-81.94644099963138,24.39934800006196],[-81.93481100033138,24.39691899971973],[-81.9205559998037,24.396308000324215],[-81.91112900016041,24.397788999693464],[-81.90297399968806,24.40087099978309],[-81.89666299974552,24.40457699962977],[-81.89426199972212,24.405744000192932],[-81.89318899984448,24.405272999936688],[-81.88927499972739,24.404570000381742],[-81.88269799964606,24.403688000406436],[-81.87481300040878,24.40314400021994],[-81.86690499980864,24.40358800024116],[-81.86349799985474,24.404606000366773],[-81.86214799996768,24.405109999897316],[-81.85930599990331,24.40471900018487],[-81.84975700006127,24.405875000030097],[-81.84104599992024,24.407612999763135],[-81.83311399992897,24.409985999999112],[-81.82548099968844,24.41251600027207],[-81.81352199960219,24.417638999837955],[-81.80069700022582,24.427140000150132],[-81.79548699975001,24.432629000218945],[-81.78898500001176,24.439482000065958],[-81.78180700005592,24.46092700019715],[-81.78330799955572,24.47869900014185],[-81.78799099977685,24.49046400004391],[-81.78832399986277,24.49130000025704],[-81.78859699967424,24.491585999979353],[-81.79128099955487,24.494396999981383],[-81.79157799965579,24.49470700002024],[-81.79214500009346,24.495362999666145],[-81.79236199982843,24.495612999814444],[-81.79202500044283,24.495585999904105],[-81.79002399955422,24.495428000161244],[-81.78935699955744,24.495375999767834],[-81.78768600017833,24.495243999993193],[-81.78599599963431,24.495148000367305],[-81.78383800018347,24.495026000396365],[-81.77928300000887,24.494817999663773],[-81.77597200031444,24.495515999897655],[-81.77410000019555,24.495910999832365],[-81.77266099972171,24.496124999711306],[-81.77250799956083,24.49614799968809],[-81.77080700004446,24.496871999792017],[-81.77250300043626,24.49253600027151],[-81.77366500000235,24.486805999984956],[-81.77369799961431,24.4866439997199],[-81.77439399992342,24.479303000197316],[-81.77368500009386,24.47273499966923],[-81.77020500034502,24.463237999951435],[-81.76390899957278,24.451569999669303],[-81.76287000003032,24.44964299998236],[-81.75559800036314,24.442784000235868],[-81.7553420002701,24.442593000397572],[-81.74981100030224,24.438454000309505],[-81.74938699997972,24.438199000094766],[-81.74869200039385,24.437783000241105],[-81.74074799980869,24.43403200025089],[-81.73011299967023,24.430698000254335],[-81.72864899998035,24.43061999963158],[-81.72125799958917,24.430231000157175],[-81.71257900013349,24.4297719997306],[-81.71183099994587,24.429733000365758],[-81.70270600042636,24.4316410000763],[-81.69719899984963,24.432313999808617],[-81.68966500024162,24.434465999624525],[-81.68717700017959,24.4352770002228],[-81.68190099958153,24.436998000215137],[-81.67905900041548,24.438333999791606],[-81.67741900010017,24.43910500010631],[-81.67408699959105,24.43934599976146],[-81.67278600010778,24.439441000031714],[-81.66627900034666,24.44007300001602],[-81.66007800000898,24.4413450001414],[-81.65891600044286,24.441890000212613],[-81.65571199998026,24.443395999708088],[-81.65413199993941,24.443715000086996],[-81.6439510002607,24.445768999978963],[-81.64098100014982,24.446809999992887],[-81.63724000028509,24.448122000373854],[-81.6334679995599,24.450540000141196],[-81.63242200034475,24.451145999741428],[-81.62525799973429,24.4512480000434],[-81.62480699964757,24.451328000382826],[-81.62005099963152,24.452108999903704],[-81.61025900011525,24.454308000146575],[-81.60269799984474,24.458112999795553],[-81.596837000164,24.46106300010764],[-81.59130399964799,24.46530299960381],[-81.58934299984065,24.466806999750503],[-81.5858260002819,24.47109399969433],[-81.5831159995637,24.47097899975998],[-81.57864400012808,24.47099099997844],[-81.57534599995414,24.471001000295885],[-81.56495699986297,24.47277800018761],[-81.55144600022325,24.478030999893658],[-81.53992399997999,24.48603399994875],[-81.53777200037695,24.48845500040636],[-81.53056299956063,24.496569000047998],[-81.5287790002036,24.499999999920107],[-81.52866899970043,24.500212999661453],[-81.52855800027065,24.500425999859313],[-81.52797999996235,24.500425999859313],[-81.52624799958554,24.500425999859313],[-81.52567100000044,24.500425999859313],[-81.52389799961574,24.50312400028414],[-81.5226969996916,24.505551999694053],[-81.52179200004345,24.507383000024145],[-81.51988099956651,24.51255500025165],[-81.51908600042152,24.517248000041167],[-81.51908399987339,24.521216999880302],[-81.51901899957606,24.522740999784002],[-81.51885999956741,24.526529000144997],[-81.51912599970618,24.528658999907552],[-81.51937000010363,24.530612000034544],[-81.52047399994342,24.53578500020368],[-81.52200499958047,24.540069000397217],[-81.52391699988233,24.545418999823646],[-81.52785199991582,24.553279000112223],[-81.5216050004457,24.55825300008146],[-81.51641099986342,24.562408000065446],[-81.51461499991251,24.56475700014538],[-81.51138899970857,24.563829000168937],[-81.51118399966916,24.563770000117753],[-81.5091020003863,24.5632519996533],[-81.50438400000509,24.562270000235085],[-81.50189299956999,24.56191099979316],[-81.49980500043937,24.56159500031491],[-81.49929200042835,24.561902000217206],[-81.49721199989702,24.562009999988113],[-81.49682000025985,24.562031000068917],[-81.494647999667,24.56252599978806],[-81.49206800044176,24.560164999699364],[-81.4905090003173,24.559036999967883],[-81.4888609996061,24.55784399986761],[-81.48826599957934,24.557595000288696],[-81.48336499979833,24.555548000287832],[-81.47979200016309,24.55468099962155],[-81.47473300019833,24.553455000174228],[-81.46508800009683,24.552853999798376],[-81.45322500027002,24.555205000129227],[-81.45160800041927,24.555525999843663],[-81.44473500006193,24.558099000213467],[-81.4410920001065,24.559462999816102],[-81.43716600029383,24.560933999932168],[-81.43068499957366,24.564662999777298],[-81.4277449996,24.566354999702668],[-81.42731699997782,24.566608999887777],[-81.42431500007989,24.568388999826357],[-81.42063600013944,24.570571999996815],[-81.41448099983249,24.569907999628985],[-81.41153800038411,24.569590999904428],[-81.41100899958128,24.569597999780694],[-81.408574000121,24.569630000027185],[-81.40126899994353,24.569726999881887],[-81.39924200001394,24.569755000171313],[-81.39883500030817,24.569759000095427],[-81.39330900036317,24.569686999807722],[-81.39166999987279,24.56966600019259],[-81.38543199972518,24.569932999939123],[-81.37827899988368,24.570848999987504],[-81.3748009997847,24.57148800027618],[-81.37006599968501,24.57284499991196],[-81.36445699989936,24.574478999692605],[-81.3576449996414,24.578445999715147],[-81.3558429998427,24.579653000040125],[-81.35193200009867,24.579807000382708],[-81.34930299957132,24.58025699987444],[-81.34615900028146,24.580662000077027],[-81.34292600040484,24.581637999830132],[-81.33990699989015,24.582854000144394],[-81.33822300009224,24.583796000345938],[-81.33760799997401,24.584760000214803],[-81.33634900032352,24.584968999638892],[-81.32752299965644,24.5869380001781],[-81.31847199975678,24.589035999802526],[-81.3178380002703,24.589215999598423],[-81.31018800031134,24.591386000370896],[-81.30436799974017,24.59260999998477],[-81.29800800029211,24.594629999970113],[-81.29370300036278,24.596608000036237],[-81.29345499976733,24.596722000338577],[-81.29147499969342,24.59627499969763],[-81.28743000005507,24.59588500002169],[-81.28307300024717,24.59609500024951],[-81.27793999976427,24.596389000303265],[-81.27592399970534,24.5966170003863],[-81.2716899999211,24.597096000386504],[-81.26462599976807,24.599234000122802],[-81.2594460003278,24.601278000245294],[-81.25447900042454,24.60362999991252],[-81.24979799985323,24.60655600010197],[-81.24825399979741,24.60802999995905],[-81.24529000043262,24.6105200000114],[-81.24196700014433,24.614214999704256],[-81.23991400027545,24.617062999692436],[-81.23664000039096,24.617158999947616],[-81.23413200023742,24.617474000088542],[-81.23083999991125,24.618276000059385],[-81.2291179995802,24.618773000398463],[-81.22532400001201,24.619870000194716],[-81.22065000001173,24.621548999610432],[-81.21645399986232,24.623239000152594],[-81.21331399987211,24.62500199980063],[-81.2129399997783,24.625212000147393],[-81.2125659996845,24.62542200014134],[-81.21123400023909,24.626412000260416],[-81.20924300029452,24.62747800017341],[-81.20606599959608,24.62959699960027],[-81.20559000029331,24.629915000382713],[-81.20425899977451,24.631186000013347],[-81.20161400025195,24.63093500031331],[-81.19996200024107,24.63065699987822],[-81.19790299962611,24.630745999770536],[-81.19378699984264,24.630655000072593],[-81.18992700015224,24.63083499959943],[-81.18404399983186,24.63120500012627],[-81.18351900012532,24.631277000141186],[-81.17870899968258,24.631947999612265],[-81.1759219998698,24.632671999692963],[-81.17263499956651,24.63352800020076],[-81.16957499994224,24.634557000105733],[-81.16939300036738,24.634619000295107],[-81.16596600032199,24.635978000235024],[-81.1619810000598,24.638343999880053],[-81.1582929998985,24.640207000190298],[-81.1548220003705,24.6427110000515],[-81.15246599965464,24.644484999891727],[-81.15194000012318,24.64488199961295],[-81.14927700015895,24.64749100023486],[-81.14768600024745,24.64906399985505],[-81.14731299997854,24.648697999819888],[-81.14640699960717,24.64781099990647],[-81.14622199965925,24.647576999854653],[-81.14589899961905,24.64716800002298],[-81.14560499989118,24.646795999871184],[-81.14381399996316,24.645404999593975],[-81.14085100042327,24.643064000184534],[-81.13696599972018,24.641390999676624],[-81.13617700042298,24.640990999604853],[-81.13407199977726,24.639926000078095],[-81.13022200013258,24.638522000081945],[-81.1247949999218,24.63660499962035],[-81.12061800003896,24.635678999616736],[-81.11085800030973,24.634391000079326],[-81.10234100033747,24.633523000393225],[-81.09722399974808,24.63300299971755],[-81.09073600025353,24.63295100002091],[-81.08722600036747,24.632922999986846],[-81.07652099990881,24.63337500011971],[-81.07624600044751,24.633415000255066],[-81.0597360003846,24.635863999786014],[-81.04764800042692,24.640239999763914],[-81.04097099988815,24.644895999923556],[-81.03863400033717,24.646526999646042],[-81.03647299961497,24.648564999630604],[-81.0301109996188,24.65456799985736],[-81.02641599978482,24.65897999977257],[-81.0257039995822,24.659829999924806],[-81.02527099993715,24.660348999856645],[-81.02399999969279,24.66267700018655],[-81.02346900013846,24.663650999802808],[-81.02342099955958,24.663736999718786],[-81.02327999999257,24.66399700001559],[-81.0232330001369,24.66408399973648],[-81.02258299985856,24.665274999978216],[-81.02207999989332,24.66534900000949],[-81.0165449997275,24.66616700001262],[-81.01470000027112,24.66643999964636],[-81.01182100039682,24.66686600036643],[-81.01164200029667,24.666908999632007],[-81.00322999990637,24.668946999901504],[-81.00265199959807,24.669184999900867],[-80.99979199999035,24.67036399969439],[-80.99979199999035,24.67007299975292],[-80.99979199999035,24.66920199994175],[-80.99979199999035,24.66891199974323],[-80.9952410000137,24.67102599984889],[-80.98921999960108,24.67382400021381],[-80.9821029997446,24.678307999839298],[-80.98139499973992,24.6787550000986],[-80.97802999961883,24.681235000243657],[-80.9779769999154,24.68127299992537],[-80.97781899973164,24.681389000342776],[-80.9777669998531,24.681427999881837],[-80.9764920003091,24.68236800025573],[-80.97409299993552,24.683299000252468],[-80.96735799967045,24.685915999784484],[-80.9628829998618,24.688653000269298],[-80.95933799981563,24.69082299975077],[-80.95908799957037,24.69097599960357],[-80.95711300041764,24.692835999915456],[-80.94525999973827,24.69622999982468],[-80.9419880004019,24.697953000392708],[-80.93392199961802,24.702202999980877],[-80.92378699997008,24.708988000151503],[-80.91891100030342,24.71306600005102],[-80.91298799980008,24.71302199992007],[-80.90558700026145,24.713468000045253],[-80.90078699986447,24.71470299967632],[-80.89329500008927,24.71645299971591],[-80.89022799989401,24.71801599995367],[-80.88695800020744,24.71968400033785],[-80.87856599990864,24.7251740003821],[-80.8749930002734,24.729135000099134],[-80.86928499985522,24.73505900005176],[-80.86846899989554,24.73590699964318],[-80.86135399968887,24.73966199978236],[-80.85420400022042,24.746669999650152],[-80.85222800034445,24.748931000188247],[-80.849787999963,24.748763999711457],[-80.8453390000936,24.748460999646177],[-80.84163800041183,24.749162999672222],[-80.84071899962167,24.74933700002075],[-80.8382840001614,24.749800000132065],[-80.8379610001212,24.74985200004212],[-80.83703899985629,24.75000200025692],[-80.82948000013394,24.752870000312214],[-80.8241140000225,24.7551769999937],[-80.82023800043856,24.756844000322115],[-80.81246600028088,24.761210999600436],[-80.80819999981125,24.760160000009257],[-80.80136900018505,24.759323999771137],[-80.79297100003846,24.759701999800836],[-80.78412799965295,24.761137000243114],[-80.78337500034077,24.76126000020888],[-80.77109200038939,24.765950999897363],[-80.77108099962042,24.76595800018444],[-80.75647500036177,24.776153000294254],[-80.74978699995236,24.78332700035758],[-80.74786999962764,24.784875999758064],[-80.74615800024063,24.78727700020351],[-80.74610899983684,24.78735200016102],[-80.74511499960191,24.788877999922114],[-80.73965499977916,24.790675000334183],[-80.7356529997985,24.79266099984788],[-80.73115600024855,24.79489299964666],[-80.7281190001905,24.797248000242387],[-80.71945099970716,24.799685000013774],[-80.70881100044417,24.804688000363267],[-80.69637899963156,24.812624999994547],[-80.68895499962841,24.815676999612496],[-80.68088799991793,24.820768999649168],[-80.67481100032713,24.825611000088273],[-80.6695439999499,24.82599700008242],[-80.65777099963647,24.82969600030952],[-80.65234199977586,24.831402999885356],[-80.64042799989545,24.838433999989007],[-80.63230199973542,24.84573799987106],[-80.62997400040526,24.847049999803833],[-80.62884399972789,24.847686000396376],[-80.62838000012071,24.8479480003844],[-80.62578400010362,24.85007700004111],[-80.62478200037111,24.850900000081616],[-80.61989599976039,24.854586000137143],[-80.61911199958774,24.855396000217976],[-80.61458200042584,24.860078000162254],[-80.61129500012252,24.865152000190232],[-80.60615199959386,24.86826000002282],[-80.60371999960833,24.870299000046924],[-80.60029199973803,24.87317399994757],[-80.59820299988417,24.874998999992826],[-80.59791400017917,24.874998999992826],[-80.59704700016584,24.874998999992826],[-80.59675900028576,24.874998999992826],[-80.59543199996492,24.8768699998234],[-80.59332200019466,24.879848000123534],[-80.59118099956392,24.882270000338433],[-80.58966199962245,24.883990000093817],[-80.58746200033882,24.886480999882657],[-80.5872499997284,24.88678100032926],[-80.58545100030274,24.889329000244746],[-80.58151600026926,24.890288000097883],[-80.57807099978221,24.892122999940003],[-80.57481500033937,24.893859999632735],[-80.57475599988985,24.89389199968259],[-80.56994899982014,24.897468999853345],[-80.56686999992932,24.90058300013192],[-80.55914499962728,24.90226599993829],[-80.55881900011238,24.902404000321926],[-80.5498460000305,24.90622699969074],[-80.53816399995367,24.91273300031038],[-80.52528400032573,24.92353400029753],[-80.51825399960957,24.9333849999075],[-80.5163260003125,24.936953000120823],[-80.51434299986553,24.940627999715026],[-80.50823000028969,24.941442000085495],[-80.49999899964938,24.94287700029793],[-80.4963880003793,24.943789999980993],[-80.48555599969902,24.94653100039118],[-80.48194600025386,24.94744600027694],[-80.47815799963514,24.948408000131245],[-80.47808099964224,24.948427999972285],[-80.46949800044605,24.951754999790992],[-80.46743700018126,24.953057999971406],[-80.46413499980935,24.955147000352795],[-80.46288600020463,24.955937000089197],[-80.45507499968886,24.962303000102054],[-80.45336499995169,24.963698000319496],[-80.44552199964889,24.973421999945415],[-80.44017900000199,24.985674000010754],[-80.43938599960852,24.992220999842015],[-80.43897600042801,24.995609000194534],[-80.43910100010149,24.99798899971357],[-80.43370599967774,25.000001999941546],[-80.43398699988512,25.000001999941546],[-80.43483299998206,25.000001999941546],[-80.43511500001436,25.000001999941546],[-80.43042000009768,25.00127199999691],[-80.42794799992916,25.002037999932664],[-80.42640600042147,25.002687000261503],[-80.42414599996505,25.00364100008079],[-80.42008200006013,25.0058489998843],[-80.41502100044555,25.00862500038793],[-80.41254500007908,25.010231999644855],[-80.40932700027108,25.012676999934566],[-80.4060330002951,25.015692999715977],[-80.40401800006106,25.018000999854284],[-80.40255099999813,25.019684999914148],[-80.39965799988013,25.02357800020892],[-80.3985089998345,25.025264999801063],[-80.39842400034402,25.02538799984385],[-80.39650399964624,25.02821000009383],[-80.39634999966043,25.02849300009224],[-80.39490500023712,25.031164999820778],[-80.39282100040613,25.035430000293935],[-80.39170199959942,25.039134000102113],[-80.39162399978161,25.039396000173273],[-80.39096400035585,25.042946999775154],[-80.3909049999063,25.043262000253293],[-80.39085999970047,25.043898000178682],[-80.39066100040715,25.046767000365733],[-80.3905950002849,25.047724000022356],[-80.39055000007906,25.048375000094087],[-80.39028300011537,25.052959000054212],[-80.39026899987168,25.05321800022617],[-80.39043499955302,25.05718899993262],[-80.38733399992087,25.057849999753497],[-80.38408500015073,25.058813999921195],[-80.38131500005638,25.059982000363853],[-80.3795419996717,25.060762999849658],[-80.37821100005121,25.061350999858902],[-80.37629000042682,25.06221900033406],[-80.37500300028894,25.06284400032194],[-80.37489000031104,25.062897999647877],[-80.37477700033313,25.062952999841002],[-80.37075100006302,25.06529299961109],[-80.36638099983635,25.067834999839135],[-80.36167400022411,25.070943000187505],[-80.35874799959583,25.072414000104764],[-80.3577800001985,25.072901999957246],[-80.35604000032409,25.07455700011746],[-80.35507399967825,25.07521999975414],[-80.35274200015014,25.076818999903182],[-80.34936399961025,25.080414000142184],[-80.34186400033744,25.088399999942293],[-80.33421799967812,25.098067000253636],[-80.33332100042588,25.099202000388985],[-80.32986699971802,25.104487000396244],[-80.32706800020968,25.108768000321774],[-80.32028000024115,25.119152999975622],[-80.31833100012936,25.121351999989304],[-80.31779999967671,25.12195299970823],[-80.31694899955694,25.122999999963966],[-80.3155030003087,25.124998000216323],[-80.31535699982051,25.125200000260683],[-80.31521100023065,25.125401000404157],[-80.31544100038442,25.125401000404157],[-80.31613199977232,25.125401000404157],[-80.31636299975101,25.125401000404157],[-80.31278500009289,25.130153999975523],[-80.31264799982554,25.130370999841563],[-80.30786000002243,25.138012000033044],[-80.30528599974666,25.141888999783482],[-80.30289899996697,25.144923000149603],[-80.30238599995597,25.14588100011216],[-80.3013309996217,25.14785699984386],[-80.30006000027564,25.150757999754507],[-80.29987199995466,25.15153400024621],[-80.29949700003596,25.153085000095146],[-80.29724599980038,25.162159999660627],[-80.29531400030532,25.16213199988323],[-80.29500999963341,25.164339999649183],[-80.29479000042369,25.167359999838485],[-80.2947700003322,25.170190000112452],[-80.29482999970836,25.171670000094018],[-80.29421999961299,25.17266000037507],[-80.29316000015413,25.174500000325427],[-80.29201000028361,25.176720000030603],[-80.29080000013862,25.178889999617695],[-80.28969999959847,25.180490000102274],[-80.28856999981943,25.182289999926624],[-80.28789000030218,25.183440000391972],[-80.28681999989928,25.185470000158276],[-80.285920000274,25.187369999851434],[-80.2851600003908,25.18833999969301],[-80.28379999955968,25.19000999977872],[-80.28228999983902,25.19202999984611],[-80.28131999989355,25.193499999753044],[-80.2800000001437,25.195639999808833],[-80.27836999987414,25.198689999750336],[-80.27726000018659,25.20114000016483],[-80.27670000031993,25.20256000027469],[-80.27608000017884,25.203280000069924],[-80.2749999997302,25.204380000249714],[-80.27370000007183,25.20579999995638],[-80.27221000044266,25.207560000002626],[-80.27118000022273,25.208840000381187],[-80.27010999981982,25.210229999788268],[-80.26919000010307,25.211489999735733],[-80.2683199997167,25.21278000011881],[-80.26729000039508,25.21441000003541],[-80.26633999964277,25.216069999726667],[-80.26546000010899,25.217760000400794],[-80.26426000000974,25.22034000001555],[-80.26367000000586,25.22174999963534],[-80.26253000018106,25.224160000018593],[-80.26153000009838,25.22662999960233],[-80.26074000007793,25.228769999823356],[-80.25965999962929,25.230550000070195],[-80.2587800000955,25.231780000177803],[-80.25765000031646,25.2333400002929],[-80.25617999988047,25.2355599998236],[-80.25539999990578,25.236869999966704],[-80.25476999971895,25.237369999896483],[-80.25310000016472,25.238789999695562],[-80.25222999977835,25.239589999772743],[-80.25037000025334,25.24138999999156],[-80.24901000032054,25.242829999660266],[-80.24747999961008,25.244620000123767],[-80.24637999996828,25.245999999725345],[-80.24545000020576,25.2472500001025],[-80.24428000024375,25.248539999786747],[-80.24323999997806,25.249689999867563],[-80.24211000019903,25.251050000404273],[-80.24102800010054,25.25245700008164],[-80.24001999962194,25.25385999997023],[-80.23894000007161,25.25546999997198],[-80.23812999995968,25.256790000290383],[-80.23733999993927,25.258190000189867],[-80.23644000031399,25.25988000028848],[-80.23554999983614,25.26178999963263],[-80.23479999999869,25.26355000005155],[-80.2341399996746,25.26533999983381],[-80.2335899998537,25.266870000325415],[-80.23313000044448,25.267520000172116],[-80.23235999961723,25.268659999896542],[-80.23162999987127,25.26981000035741],[-80.23074000029173,25.27131999985803],[-80.22963999975158,25.273369999751786],[-80.22873000008057,25.275079999821052],[-80.22760000030152,25.277319999832493],[-80.22687999970299,25.278900000252047],[-80.2260999997283,25.280869999880192],[-80.22533999984512,25.283049999859525],[-80.22494999985778,25.284319999948117],[-80.22389000039892,25.285340000195415],[-80.22303000005832,25.286150000182026],[-80.22191000032501,25.287269999815997],[-80.22070000018,25.288540000390682],[-80.21978999961068,25.289560000073326],[-80.21866999987738,25.29090999988684],[-80.21782999962824,25.291970000228904],[-80.2166999998492,25.29324000031321],[-80.21560199985718,25.29446999982677],[-80.2150600004322,25.295170000092913],[-80.21445000033683,25.295930000075472],[-80.2138700003787,25.296699999644574],[-80.21307000031253,25.297799999710907],[-80.21251999959331,25.298589999853732],[-80.2119899998639,25.299399999856387],[-80.21108000019287,25.30012000009736],[-80.21000999978996,25.30100999993256],[-80.20925999995252,25.301670000280605],[-80.2080899999905,25.302739999730044],[-80.20681000042363,25.303989999684124],[-80.20584999962557,25.304979999691664],[-80.20479000016672,25.30613999965605],[-80.20365000034194,25.30748999999182],[-80.20267000035072,25.308710000158282],[-80.20231999964804,25.3091800003927],[-80.20140999997702,25.31043999966254],[-80.20052000039749,25.311720000172077],[-80.19969000019408,25.313030000228974],[-80.19879999971623,25.314519999916264],[-80.19815000033621,25.315709999718646],[-80.19754000024085,25.316900000010417],[-80.19719000043648,25.317359999930964],[-80.196910000054,25.317649999953904],[-80.19637000027885,25.318239999677214],[-80.19584999969683,25.318829999774366],[-80.19533000001314,25.319430000283592],[-80.1946999998263,25.32018999996339],[-80.19407999968519,25.32095999965759],[-80.19335999998496,25.321899999871057],[-80.19266000037624,25.32284999985138],[-80.19222000016018,25.32349000037136],[-80.1918900004473,25.323980000233888],[-80.19146000027699,25.324630000073764],[-80.19104000015243,25.325290000038322],[-80.1908690004482,25.325656999756323],[-80.18938999979137,25.32815000026021],[-80.18826000001233,25.33040000040139],[-80.18697000039973,25.333429999840174],[-80.18532000003867,25.338509999737223],[-80.18458000024697,25.341880000314827],[-80.18409999984794,25.345240000043518],[-80.18388999978565,25.348049999940052],[-80.1838710004174,25.34818300017768]]],[[[-83.10873799971625,24.62948900015195],[-83.10891400034167,24.611085999761194],[-83.10753199976924,24.597996000092667],[-83.10611300028519,24.59020999965623],[-83.10352700031386,24.57996300033512],[-83.10107000021397,24.572394999938936],[-83.0981929999895,24.564951999988867],[-83.09369899991425,24.555266999598473],[-83.08985400029245,24.54820600021469],[-83.08255999998563,24.536872999915232],[-83.07421299989267,24.526165999900467],[-83.06488300033375,24.51616099987008],[-83.05248499985635,24.505194000164213],[-83.04355100013255,24.49857200002601],[-83.02925999961985,24.489739000035396],[-83.01404699974057,24.48231999992208],[-82.99987599977678,24.476980999609417],[-82.99974199988249,24.583916999954585],[-82.98200499995615,24.583765000319378],[-82.97720200008443,24.579829999733317],[-82.97085900035482,24.57584799961975],[-82.96685599965096,24.57419000020961],[-82.96515099993665,24.5734839998255],[-82.96026400039935,24.57146000037399],[-82.94328700035621,24.5689280000453],[-82.93262799992829,24.569842000126112],[-82.92309800035282,24.57231799972897],[-82.91412199989794,24.57597300009649],[-82.90480400003459,24.570883999830674],[-82.89851200035862,24.567914000300735],[-82.89586699993774,24.56666600022527],[-82.88505100004932,24.56337799965413],[-82.87206500011617,24.562215999656242],[-82.86360400022039,24.562985000380746],[-82.84849500009817,24.567601999608673],[-82.83731599998657,24.57446299978105],[-82.82818100042132,24.583765000319378],[-82.81627199966546,24.58376100002553],[-82.79377500042344,24.583754000123655],[-82.65668199998615,24.58370900027827],[-82.65198299987149,24.59329700023033],[-82.6471459996646,24.605663999892258],[-82.6441470001397,24.61580700011289],[-82.6414919996731,24.628712000258304],[-82.64007400001397,24.641781999735546],[-82.63991400018038,24.654913999943318],[-82.64137100019758,24.670615000139353],[-82.64533100034544,24.688634999768826],[-82.65508199985382,24.713315000072573],[-82.66618300014761,24.73171100023209],[-82.67997800036774,24.748513000116443],[-82.69620600039836,24.763397000149038],[-82.70977899996234,24.773121999857054],[-82.72189500040744,24.78020200019014],[-82.73989299955137,24.788434000113853],[-82.75609899984066,24.793849000123622],[-82.77566900042616,24.7981729996681],[-82.7899280002535,24.79990699995888],[-82.8014260002073,24.800469000092903],[-82.81005500033258,24.800410000204295],[-82.82439799982549,24.799397000087826],[-82.83783400002044,24.798204000227596],[-82.85025500006407,24.798754999935166],[-82.8688859997679,24.79808900005974],[-82.893408000188,24.794445999914284],[-82.91129900010014,24.789683999771313],[-82.92015699965596,24.787666000110676],[-82.93285999973189,24.78671800026645],[-82.94545599967769,24.78496299982221],[-82.96096700038113,24.781649000045892],[-82.97906400015758,24.776053000288428],[-82.9907379998385,24.771377999624136],[-83.00476800023529,24.764505999891625],[-83.01285500003725,24.759853999725905],[-83.02065999980691,24.754824000069696],[-83.03155500023635,24.746793000067928],[-83.04110699955312,24.740910000392986],[-83.0523829997491,24.732729999620517],[-83.06675600027756,24.719834000222047],[-83.07879499983144,24.70608100020628],[-83.08845300035175,24.692050999935724],[-83.0936870002187,24.682677999701976],[-83.09919499972202,24.67052900006656],[-83.10352099956775,24.65798600022706],[-83.10710599979689,24.642553999738865],[-83.10873799971625,24.62948900015195]]]]},"properties":{"label":"Florida U.S. Senators","state_name":"Florida","state_abbr":"FL","state_geoid":"12","boundary_type":"State boundary","source":"U.S. Census Bureau TIGERweb State boundary","source_url":"https://tigerweb.geo.census.gov/arcgis/rest/services/TIGERweb/State_County/MapServer/0","senator_source_url":"https://www.senate.gov/general/contact_information/senators_cfm.xml","senators":[{"name":"Rick Scott","party":"R","class":"Class I","phone":"(202) 224-5274","contact_url":"https://www.rickscott.senate.gov/contact/contact","website_url":"https://www.rickscott.senate.gov/","bioguide_id":"S001217"},{"name":"Ashley Moody","party":"R","class":"Class III","phone":"(202) 224-3041","contact_url":"https://www.moody.senate.gov","website_url":"https://www.moody.senate.gov","bioguide_id":"M001244"}]}}]}
