{"type":"FeatureCollection","crs":{"type":"name","properties":{"name":"EPSG:4326"}},"features":[{"type":"Feature","id":1,"geometry":{"type":"Polygon","coordinates":[[[-81.655769853466,30.3932011961273],[-81.6530116138007,30.3918554931168],[-81.6478840088354,30.3941955651286],[-81.6441587426741,30.395400336333],[-81.6389860607639,30.3915787343563],[-81.6330950427098,30.3903324078208],[-81.6297331699067,30.3880404477942],[-81.6281645640096,30.3806617263388],[-81.6241231076509,30.3718866436904],[-81.6201271980445,30.3678212625498],[-81.6179968363123,30.3643304335236],[-81.6168815485628,30.3614280991787],[-81.6163779523176,30.3601175211069],[-81.6156592319114,30.354763324992],[-81.6161932083372,30.3465343285629],[-81.6162367033169,30.3458639764583],[-81.616266019018,30.3454121550672],[-81.6184888818913,30.3391694459682],[-81.6183041760133,30.3336442568126],[-81.6180939218688,30.3273538764883],[-81.6270544197814,30.3273026285146],[-81.6281216880745,30.3272875170593],[-81.6298751766624,30.3272852810681],[-81.6305143174354,30.3272667111027],[-81.6320213697374,30.3272590524709],[-81.6335283900411,30.3272521470068],[-81.6348616996431,30.3271842757949],[-81.634877003921,30.3271480695579],[-81.6340401689607,30.32715416295],[-81.6338564647512,30.327150288527],[-81.633764019543,30.3271634738741],[-81.6335516276032,30.3271615908965],[-81.6320339274229,30.3271735674025],[-81.6305357252425,30.3271811438122],[-81.6261231525955,30.3271977799926],[-81.6211053059784,30.3272269016133],[-81.6131096560262,30.3272672239915],[-81.6109708306221,30.3273006222197],[-81.6080222837407,30.3272967694696],[-81.604447861787,30.3273293926571],[-81.599324691433,30.3273869914857],[-81.5969587488955,30.3274055905212],[-81.5969579811896,30.3273637084534],[-81.5969545390625,30.3271757631985],[-81.5969321159612,30.3253946098567],[-81.5969338121216,30.3248467517853],[-81.5969571549428,30.3241663589419],[-81.5969801167505,30.3239458306778],[-81.597017320881,30.3238090997],[-81.5970924682231,30.323613996624],[-81.5983042704779,30.3209843464685],[-81.5984726205785,30.3205497204352],[-81.5985076161437,30.3203543410206],[-81.5985526990277,30.320167394135],[-81.5985915109838,30.3199481686511],[-81.5986469009182,30.3195886390644],[-81.5986835123224,30.3193114529121],[-81.5987019251046,30.319168850021],[-81.5987512065268,30.3188038491995],[-81.5987908016043,30.3184964042203],[-81.5988115449998,30.3183462293529],[-81.598858396496,30.3180160672839],[-81.5988983233513,30.3177198489785],[-81.5989380813474,30.3173959058294],[-81.5989779896207,30.3170967079732],[-81.5990209845654,30.3167839782102],[-81.5990576563508,30.3164737968994],[-81.5991006006182,30.3161528177453],[-81.5991341697698,30.3158536488227],[-81.599149698964,30.3157316960226],[-81.5993090975419,30.3146105043115],[-81.5994045219428,30.3139737719564],[-81.5994230150982,30.3138446871564],[-81.5994998949781,30.3133287919456],[-81.5995183223493,30.3131889383218],[-81.5995366013491,30.3130681022458],[-81.5998254623563,30.3110208742273],[-81.6000572797395,30.3093710691357],[-81.6001043905035,30.3090357839136],[-81.6008863450347,30.3036179195137],[-81.6010235879059,30.3026184316079],[-81.6010989231351,30.3020684014331],[-81.6013299670326,30.3003791050987],[-81.6014426840747,30.2989889094868],[-81.6015233390453,30.2982729640351],[-81.6016057471526,30.2971090588248],[-81.6016115561304,30.2970124897711],[-81.601622480375,30.2968308826299],[-81.6016582464975,30.2962362873348],[-81.6017386696181,30.2954396877552],[-81.6017591423168,30.2952033601974],[-81.6017659827286,30.2951128222411],[-81.6017899457618,30.2947994899022],[-81.6018004734479,30.2946209480055],[-81.6018075704483,30.2944859575593],[-81.6018247383258,30.2941841129524],[-81.6019809411221,30.2925666474421],[-81.6020968060732,30.2910460600385],[-81.6021868057339,30.2900892524143],[-81.6022046227841,30.2898939512042],[-81.6022135685548,30.2897591812724],[-81.6022285988481,30.2895831389378],[-81.6022554636053,30.2892697938285],[-81.6022796168596,30.2890744625314],[-81.6024084385946,30.2876447793762],[-81.602420535319,30.2875072453203],[-81.6024475032256,30.2872541600691],[-81.6024713666327,30.2869683234076],[-81.602498279061,30.286662997492],[-81.6025283776821,30.2863606346895],[-81.6025434070091,30.2861845931445],[-81.6025521384643,30.2860580719105],[-81.6027380300193,30.2840316969109],[-81.602747041902,30.2839079248067],[-81.6027494872446,30.2837896811707],[-81.6027486587768,30.2836109629844],[-81.6027534282986,30.2833114661944],[-81.6027518771449,30.283014519834],[-81.6027300153893,30.2824181912001],[-81.6027252795544,30.2821185098908],[-81.6027208245644,30.2818215759425],[-81.6027202867985,30.2817335921767],[-81.6027113545132,30.2812224414755],[-81.6027104421924,30.2810299748509],[-81.6027100508202,30.2809227434076],[-81.6027242907489,30.2806177037566],[-81.6027353780657,30.280315199947],[-81.602744125695,30.280191428091],[-81.6028214789347,30.2779455843209],[-81.6028493630682,30.2777997286333],[-81.6029085777468,30.2776399808062],[-81.6030181431729,30.2774252378485],[-81.6033917242614,30.2769980195468],[-81.6055395958276,30.2751504692127],[-81.6059897012407,30.2747641331766],[-81.6067819615365,30.2740822353249],[-81.6082451134113,30.2727771875532],[-81.6109555262525,30.2700216359519],[-81.6113143348253,30.2698192425391],[-81.611701617271,30.2696112150928],[-81.6120369657234,30.2694391791153],[-81.6121374745153,30.2693876175868],[-81.6122309396504,30.2693396693124],[-81.6125418136341,30.2691801863096],[-81.6129645021191,30.2689784061005],[-81.6137138797232,30.2685897259249],[-81.6146930425126,30.2680957084244],[-81.618389756677,30.2662111112523],[-81.620236292185,30.2650454211709],[-81.622217857608,30.2637944296135],[-81.6237400197163,30.2627778647167],[-81.6261781376299,30.2611895767154],[-81.6266866779538,30.2609667193446],[-81.6309951068074,30.2609176202788],[-81.6317887504186,30.2609085241477],[-81.6330854504392,30.2608942428866],[-81.6332498699567,30.2608906984277],[-81.6340247896035,30.2608844288509],[-81.6349869513178,30.2608937444209],[-81.6360360191226,30.2608723856246],[-81.6367951026454,30.2608661765628],[-81.6394640216793,30.2608426325119],[-81.6404068116028,30.2608767489623],[-81.6412292255768,30.2609086984744],[-81.6420390032216,30.2609049603721],[-81.6437869134503,30.260919405835],[-81.6454481246059,30.2608946192767],[-81.6455696525748,30.2610729722216],[-81.6457359440639,30.2613555870044],[-81.6458034984962,30.2615176479735],[-81.645864689458,30.2616686328619],[-81.6459783642341,30.2619546676858],[-81.6466346258266,30.2619853403969],[-81.6470114482329,30.2619392399732],[-81.6646741640105,30.2585184780867],[-81.6724328778766,30.2691020921341],[-81.6760929067503,30.2740937477564],[-81.6802466648175,30.2799377752636],[-81.6803650642355,30.2826828035766],[-81.6804554222432,30.284777562109],[-81.6807348280745,30.2951611911876],[-81.6795815721719,30.2974636207624],[-81.6790053037709,30.2986140751864],[-81.6773720704213,30.3018744800069],[-81.6710384486869,30.3145160163213],[-81.6659776450334,30.3134021868503],[-81.6641309630169,30.3133681586336],[-81.6641234132573,30.3136360841359],[-81.664114812267,30.3139413168836],[-81.6642714273519,30.3139453668691],[-81.6662471329254,30.3140346703914],[-81.667238973087,30.3141902509554],[-81.6700422039145,30.314880362921],[-81.6738904518116,30.3158276281782],[-81.6747425636482,30.3160743352651],[-81.6764802896677,30.3168282484271],[-81.6792713396028,30.3180066551431],[-81.6798773069942,30.3182473120172],[-81.6803340630678,30.3184478094125],[-81.680708923575,30.3186700862455],[-81.6810763490403,30.3190204064603],[-81.6814008530541,30.3195168278017],[-81.68152936055,30.3198474554868],[-81.6816192545362,30.3203879785177],[-81.6816250295474,30.3207960474926],[-81.6816219888791,30.3209182623902],[-81.6814737232305,30.3212927629415],[-81.6812126778708,30.3219576575385],[-81.6805737694273,30.3235458089169],[-81.6800053195227,30.3249022701473],[-81.6795210690539,30.3260721892592],[-81.6790461439121,30.3268114010547],[-81.6786392645764,30.3273046757096],[-81.6781785307787,30.3277234867533],[-81.677326484487,30.3284380927159],[-81.6767494750278,30.3288875869299],[-81.6759137699862,30.3295578171527],[-81.675128916252,30.3301463364772],[-81.6745305015691,30.3306288257152],[-81.6741143543769,30.3309726501076],[-81.6727469599698,30.3324950819465],[-81.6720504039772,30.3331080828753],[-81.6705590741475,30.334586631136],[-81.6697054897172,30.3355796325644],[-81.6689131034518,30.3371090339165],[-81.6684559974559,30.338346768782],[-81.6682339212109,30.339263789255],[-81.6681681211041,30.339660184834],[-81.6681152491723,30.340279296486],[-81.6680919559371,30.3410517298758],[-81.668162258295,30.3429582773575],[-81.6682243980234,30.3444703656925],[-81.6683172612819,30.3473304248376],[-81.66835431968,30.348332625927],[-81.6684459199437,30.3515130065187],[-81.6685022479719,30.3522997010792],[-81.6685838342364,30.3560385597919],[-81.6687175576293,30.3611601364721],[-81.6688354007467,30.3649402491983],[-81.6689543776957,30.3696628307643],[-81.6689942972507,30.3710072262582],[-81.6692931345889,30.3724196595719],[-81.669718221858,30.373393916674],[-81.6706238929524,30.3747223956969],[-81.6729679500657,30.3779712639212],[-81.6732669495824,30.3784979582064],[-81.6735560238194,30.3793715237449],[-81.6736280332981,30.3800007652091],[-81.6735836694342,30.3807106418262],[-81.6734530025289,30.381399621136],[-81.6731866531603,30.3820466134476],[-81.6727793069636,30.3827255194596],[-81.6721874906268,30.3833122427593],[-81.6702089767599,30.3850411074257],[-81.6693590690459,30.3859941877794],[-81.6689268053516,30.3867274996318],[-81.668481076689,30.3874836408623],[-81.6680848531362,30.3886887572244],[-81.6678869110458,30.3898997342727],[-81.6679283115968,30.3913226066251],[-81.6679632878441,30.3924522406883],[-81.6680669086815,30.3965398681526],[-81.6679845869346,30.3972621424898],[-81.6676884703516,30.3980336324011],[-81.6674537351192,30.398502318255],[-81.6668327850983,30.3993235901343],[-81.6660062160363,30.3999520387782],[-81.6645311751087,30.40099792006],[-81.6632326225747,30.4018756939671],[-81.6608478586587,30.403515733314],[-81.6607811031705,30.4034016743772],[-81.6649343653028,30.4005734808633],[-81.655769853466,30.3932011961273]]]},"properties":{"FID":1,"DISTRICT":"1","Shape_Leng":160682.038769,"Shape_Area":929608026.634,"Shape__Area":116290426.94921875,"Shape__Length":56863.5495866851}},{"type":"Feature","id":2,"geometry":{"type":"Polygon","coordinates":[[[-81.3969191976554,30.3813457788266],[-81.3974391795155,30.3697417762478],[-81.3977521793929,30.36139377432],[-81.3977143627428,30.3608185606526],[-81.397699179911,30.3605047740942],[-81.3976753146977,30.3603893463136],[-81.3982502111589,30.3603924069253],[-81.4016744375303,30.3603686057053],[-81.4022387298115,30.3603597683212],[-81.4028093595168,30.3603507691484],[-81.4047391386355,30.360300334144],[-81.4078715503883,30.3602435572136],[-81.4080342753461,30.3602412505958],[-81.4079916935983,30.3599609256417],[-81.4072084576026,30.3572137854472],[-81.4071632742494,30.3570214547208],[-81.407121844151,30.3568263627036],[-81.4070843763133,30.3566312592301],[-81.4070504754336,30.3564361437305],[-81.4070209351644,30.3562410164431],[-81.4069953570705,30.3560458741007],[-81.406973533175,30.355847973186],[-81.4069159003963,30.3550892657493],[-81.4114685987656,30.3554039241118],[-81.4132206746096,30.3555295530309],[-81.4135549510833,30.355557795968],[-81.4136477607491,30.3549244739799],[-81.413680802332,30.3543711825592],[-81.4136907070551,30.3542053212598],[-81.4137104591805,30.353436750315],[-81.4136724097375,30.3525879360617],[-81.4136572621687,30.3517191147646],[-81.4136049181533,30.350251002341],[-81.4135564716093,30.349662055977],[-81.4134910027801,30.3478049168574],[-81.4134149139842,30.3461072865604],[-81.4133491170011,30.3441704112443],[-81.4124207299135,30.3441870897598],[-81.4112832099846,30.3441983368304],[-81.4112553309067,30.3433117277596],[-81.4112379795421,30.3425865099006],[-81.4112087143279,30.3405904679653],[-81.4112092863601,30.3405225420174],[-81.4112050985736,30.3405099547224],[-81.4131676080852,30.3405233731093],[-81.4133099918356,30.340523621383],[-81.4142870763347,30.3405191321653],[-81.4161879756056,30.3404870895773],[-81.4175441475967,30.3404701631492],[-81.418578786567,30.3404441713534],[-81.4190922934788,30.3404354235483],[-81.4191918718339,30.3404323547909],[-81.4201757097659,30.3404137317643],[-81.420722341771,30.3404033808594],[-81.4213491433254,30.3403869274147],[-81.4217601429634,30.3403759789345],[-81.4219249943187,30.3403784258576],[-81.4223347280949,30.3403803110477],[-81.4224263960882,30.3403807023553],[-81.422983524718,30.3403800471033],[-81.4237493816814,30.3403874202799],[-81.4244932873054,30.3403891319307],[-81.4245926230355,30.3403908716204],[-81.4246488949844,30.3403918345572],[-81.4256482633934,30.3403961467881],[-81.4259034481019,30.3403957741771],[-81.4260872498926,30.3403821148945],[-81.4262364114187,30.3403603195185],[-81.4263609457846,30.340344477806],[-81.4299825938432,30.3403160056037],[-81.4320340961549,30.3403036076027],[-81.4320742166683,30.3405187002115],[-81.4347357129563,30.3403923787352],[-81.4350586444824,30.3403770525742],[-81.4360181521555,30.3403700671126],[-81.4359706980764,30.3402666667817],[-81.4369177801285,30.340257755902],[-81.4386887121916,30.3402344841736],[-81.4383520977137,30.3386255553473],[-81.4381981651786,30.3372505305639],[-81.4379858685015,30.3353540864464],[-81.438075457289,30.3339391229746],[-81.4383231868911,30.3321352504567],[-81.4384867278741,30.3316001669678],[-81.4389850204336,30.3299697912562],[-81.4392629842272,30.327777433732],[-81.4391249680237,30.3255039853994],[-81.4387663286524,30.3239516683428],[-81.4385738661335,30.3236240537427],[-81.4390429300133,30.3235313694769],[-81.4394094293251,30.3234589544943],[-81.4409209573903,30.3231603029523],[-81.4408714522943,30.322972684146],[-81.4393601596701,30.3232712901132],[-81.4390460358144,30.3233333571438],[-81.4387092898435,30.32339571309],[-81.4382833764038,30.3234803158527],[-81.4378667587751,30.3235621735142],[-81.436843956572,30.3237684574084],[-81.4363648077823,30.3238545190015],[-81.4356314314701,30.3239985473544],[-81.4354819736472,30.3240239085732],[-81.4349277431521,30.3241120028048],[-81.4346455967558,30.3241474692358],[-81.434425253893,30.3241776789848],[-81.4340536632738,30.3242140248171],[-81.4335104086608,30.3242613731606],[-81.4329189696374,30.3243004856274],[-81.4326659287773,30.3243118358642],[-81.4311918155312,30.3243050176215],[-81.4311927974504,30.324145545435],[-81.432664462511,30.3241523528358],[-81.4328659475877,30.3241440346686],[-81.4329050422929,30.3241414678292],[-81.4334948940153,30.3241024626276],[-81.4340341852904,30.3240554477477],[-81.4343985767085,30.3240198827399],[-81.4346180785007,30.323989790398],[-81.434899681938,30.3239543889803],[-81.4354478417973,30.3238672045461],[-81.4355921072914,30.3238427609493],[-81.4361722205455,30.3237285647737],[-81.4363250752334,30.323698811763],[-81.4378263330835,30.3234066025698],[-81.4382425594462,30.323324821224],[-81.4383860004252,30.3232965334852],[-81.4379180898799,30.3224587320521],[-81.4368532444654,30.3212504092788],[-81.4360307584548,30.3204172771868],[-81.4353044712818,30.319542574906],[-81.4342404252474,30.3185012640051],[-81.4335150881771,30.3178355180342],[-81.4330801222041,30.3175021949927],[-81.4325960267512,30.3169188209771],[-81.4319675264889,30.3163778523325],[-81.4312437821477,30.3160461626891],[-81.4305199428362,30.3157144711106],[-81.4294591703992,30.3154251249032],[-81.4286390794963,30.3150937387315],[-81.4277228135578,30.3148045922215],[-81.4269989930913,30.3144721926034],[-81.42622704987,30.3141406340145],[-81.4255984209307,30.3135577033103],[-81.4252586989935,30.3129318994562],[-81.4250624716246,30.3120973457979],[-81.4249136564176,30.311094913322],[-81.4247641230143,30.3099254430653],[-81.4247118510816,30.3089646269969],[-81.4246605620748,30.308254709196],[-81.4246578595926,30.3076278080358],[-81.4246566180237,30.3073397917545],[-81.4246551571992,30.3070009077175],[-81.424634030058,30.3067404510143],[-81.4246043300112,30.3063748500033],[-81.42464687276,30.3050789630036],[-81.4246183978785,30.3040555146697],[-81.4246394897328,30.3033659843249],[-81.424612277572,30.3026353639511],[-81.4245366687978,30.3018416606093],[-81.4244123862606,30.3009436310835],[-81.4242887445617,30.3001707060426],[-81.4241657280625,30.2995655043964],[-81.4239702576639,30.2988979829835],[-81.4238229108769,30.2982296179607],[-81.4237474925866,30.2974778461814],[-81.4236478235829,30.2967048406445],[-81.4235249154086,30.2960996385764],[-81.4233534251895,30.2954107288002],[-81.4231090308968,30.2945763263584],[-81.4228892467919,30.2938456413399],[-81.4227177672053,30.2931567304077],[-81.4225470050822,30.2926348561835],[-81.4224246441333,30.2921547569495],[-81.4221807106449,30.2914241483403],[-81.4219126450406,30.2906523719865],[-81.4217409094516,30.2899009066714],[-81.4215692636986,30.2891700636824],[-81.4214707934022,30.2886479548172],[-81.4214387061925,30.2884302366712],[-81.4243527315455,30.2884018927333],[-81.4243429796433,30.2881634114205],[-81.4205900464277,30.288202260918],[-81.4205881354323,30.2880776507265],[-81.4205863740374,30.2879627656109],[-81.421328174374,30.2879813729179],[-81.4210514154876,30.2862681409369],[-81.4210233342821,30.2853491742336],[-81.4209706237139,30.2842735571607],[-81.4209912956772,30.2841064520212],[-81.4210869993798,30.2833328161216],[-81.4212688533359,30.2824366192824],[-81.4214399423565,30.2814303226472],[-81.4214843973681,30.2805736745674],[-81.4215758959342,30.2794666613352],[-81.4216914543705,30.2783375707893],[-81.4217596063117,30.2773976711012],[-81.4218037090894,30.2764365392466],[-81.4218474448598,30.2754128529671],[-81.4219154113547,30.2744303344207],[-81.4220556459605,30.2734482683775],[-81.4221715505761,30.2724030412208],[-81.4222391582286,30.2713373456568],[-81.4223065945008,30.2702090967461],[-81.4223264456696,30.2692274198244],[-81.4223953907716,30.2684751762755],[-81.4225850612846,30.2678057198198],[-81.4230626827841,30.2669270489064],[-81.4238043596058,30.2659011058378],[-81.4244742991234,30.2650004976257],[-81.425048193711,30.2641421302306],[-81.4254538863638,30.263326236635],[-81.4258113642704,30.2625098128931],[-81.426264602841,30.2619763284237],[-81.4270565678594,30.2610855791314],[-81.4274383521488,30.260332311826],[-81.427866704412,30.2592028820467],[-81.428199363626,30.2582408019581],[-81.4283600588444,30.2576306318648],[-81.4317793965928,30.2576278518222],[-81.4317831336232,30.2572784514223],[-81.4321291467591,30.2572733951794],[-81.4370552648752,30.257203422911],[-81.4385204124206,30.2571944943112],[-81.4398802529112,30.2570626881325],[-81.4410107644323,30.256864040077],[-81.4422001575452,30.2565180538331],[-81.443082724319,30.2561890019139],[-81.450037022674,30.2534096050325],[-81.4517241751008,30.2527516581018],[-81.4523872045574,30.2525068057461],[-81.453169390982,30.2522774437891],[-81.4543086324396,30.2520030980842],[-81.4555766456164,30.2518436125562],[-81.4604025830098,30.2517218611683],[-81.4664163412223,30.2515678385139],[-81.4664211252666,30.2516760703463],[-81.4664520212519,30.2523749474215],[-81.4665961711998,30.2572424010794],[-81.4665459987063,30.2589686511689],[-81.4665543971983,30.2596844380941],[-81.4665464914934,30.2601897078786],[-81.4665404668325,30.2603111704139],[-81.4665168815686,30.2607381321445],[-81.466489765608,30.2610324377913],[-81.4664381502595,30.2614487299981],[-81.4663863417613,30.2618242369882],[-81.4663067229815,30.262291725709],[-81.4662113774779,30.2627267333072],[-81.4661160786651,30.263115912943],[-81.4658974095367,30.2638753555031],[-81.465773863805,30.2642646362257],[-81.4656103139299,30.2647349433388],[-81.4653696230183,30.2654160984672],[-81.4651567686311,30.2660675968603],[-81.4650826172314,30.2662406271994],[-81.4640394301732,30.2693316840627],[-81.4632522454747,30.2716358956105],[-81.4621841882791,30.2747391680234],[-81.4611045233484,30.2779712446738],[-81.4597679083108,30.2820094106022],[-81.4593003847199,30.2834218091035],[-81.459114315409,30.2840021711045],[-81.4589864452756,30.2846075325335],[-81.4589303565978,30.2850362094789],[-81.4588744434085,30.2855026927628],[-81.4588620339068,30.2859564211753],[-81.4588667846753,30.286977195238],[-81.4589136328956,30.2876827633239],[-81.4592119251737,30.2876702605735],[-81.4617742543072,30.2876601010294],[-81.4642466519522,30.2876153820595],[-81.4689131078977,30.2875714823731],[-81.4738081982025,30.2875261307291],[-81.4761045097977,30.2874946646402],[-81.484070180336,30.2873834117539],[-81.4879363660039,30.2873427074421],[-81.4886579080082,30.2873349749993],[-81.4889990111358,30.2873314098922],[-81.4893152976123,30.2873283949292],[-81.4894832036595,30.2873277545572],[-81.4899732138817,30.2873213513211],[-81.4907459729211,30.2873129573873],[-81.4944437437924,30.2872638822913],[-81.494783174927,30.2872592953741],[-81.49688420587,30.2872297544054],[-81.4970080049546,30.2872288947208],[-81.4974656347188,30.287225401825],[-81.4985932068004,30.2872167538592],[-81.4986668734906,30.2872158950065],[-81.4989376344715,30.2872132512296],[-81.5011182066186,30.2871937538253],[-81.5020952020381,30.2871841022409],[-81.502636207598,30.2871787541179],[-81.5037807671283,30.2871680477132],[-81.5048800102485,30.2871570135462],[-81.5057152289633,30.2871487540168],[-81.5059563806966,30.2871459836833],[-81.5067341565107,30.2871381633851],[-81.5075663974403,30.2871314551786],[-81.5088689673332,30.2871209458047],[-81.5096158949553,30.2871214770688],[-81.5103571091522,30.2871405860725],[-81.5119498385252,30.2871112784818],[-81.5140303903806,30.2870729662129],[-81.5149989277842,30.2870550325483],[-81.5162688305076,30.2870317087647],[-81.5201894166562,30.2870001483728],[-81.5207253260522,30.2869890814919],[-81.521612807171,30.2869737532319],[-81.5217425158229,30.2869715124098],[-81.521858079017,30.2869701640946],[-81.5228764262698,30.2869582810273],[-81.5256973126071,30.2869201744789],[-81.5277386203769,30.2868977546273],[-81.5335096194177,30.2868454908802],[-81.5336965146026,30.2868394589995],[-81.534717413792,30.2868252109718],[-81.5353678803748,30.2868094908847],[-81.5356635809855,30.2868085103268],[-81.5357881668196,30.2868025012876],[-81.5364355096866,30.2867950383357],[-81.5375410004466,30.286791003178],[-81.5378894540243,30.2867897594605],[-81.5384060784504,30.2867773246629],[-81.5390222806249,30.2867724974497],[-81.5403546874904,30.2867514232294],[-81.544202003614,30.2867001990874],[-81.548606434306,30.2866547769948],[-81.5537920929093,30.2866081953604],[-81.5549306549373,30.2865790857276],[-81.5556648994155,30.2865791788776],[-81.5573121324034,30.2865795084798],[-81.557853904719,30.2865794921184],[-81.5588649607826,30.2866001548711],[-81.5590471566965,30.2866037303963],[-81.5590543401431,30.2866038756259],[-81.5591801138737,30.2866064181632],[-81.5592811062741,30.2866084593511],[-81.5593121969017,30.2866091104321],[-81.55948099406,30.2866126460775],[-81.5603371246978,30.2866428956415],[-81.5606091808558,30.2866628109104],[-81.5607985681309,30.286677580642],[-81.5639457151332,30.2869557454423],[-81.5640138678318,30.2869618674937],[-81.564130880453,30.2869707576628],[-81.5644560761166,30.2870028089996],[-81.5646108929147,30.2870202427144],[-81.5650972422068,30.2870696986455],[-81.5669625653593,30.2872536458527],[-81.5685287669321,30.2873937261217],[-81.5701705888144,30.2875631695411],[-81.5704896427877,30.2875960950023],[-81.5730814158646,30.2878635282985],[-81.5736819966401,30.287941322629],[-81.5741266663342,30.2879955102073],[-81.5748376389101,30.2880780859125],[-81.5752445779261,30.288136330598],[-81.5781374330498,30.2884844682126],[-81.5783898289182,30.288527117255],[-81.5788730718957,30.2885847843088],[-81.5793470908907,30.2886452399712],[-81.579811111275,30.2886269658263],[-81.5801823370998,30.2886490297088],[-81.582962833107,30.2889825592711],[-81.5838141187359,30.2891670802049],[-81.5845891638443,30.2892834358551],[-81.5860060842961,30.2894411587846],[-81.5872378955024,30.2895937386157],[-81.5875443584165,30.2896255873447],[-81.5886372000376,30.2897622811568],[-81.590027298818,30.2899361192944],[-81.591084981461,30.2900647014705],[-81.591682607176,30.2901295949568],[-81.5923591654398,30.2901834721368],[-81.5941307512392,30.2904452469713],[-81.5943929121932,30.2904853002733],[-81.5945604454449,30.2905081398499],[-81.5948162843265,30.290550741455],[-81.5949455505878,30.2905762748653],[-81.5953970798625,30.2906695410201],[-81.5957222641166,30.2907400084656],[-81.5958518090652,30.2907680601448],[-81.5962780255491,30.2908667075727],[-81.5972878832524,30.2911608905155],[-81.5975529194926,30.2912391891475],[-81.5977928059784,30.2913066038331],[-81.598297745464,30.2914548355461],[-81.5988026711323,30.2916005458231],[-81.5996673836434,30.2918610036953],[-81.5998091781459,30.2919057218377],[-81.60031729334,30.2920541611707],[-81.6007371186106,30.2921855889456],[-81.6019809411221,30.2925666474421],[-81.6018247383258,30.2941841129524],[-81.6018075704483,30.2944859575593],[-81.6018004734479,30.2946209480055],[-81.6017899457618,30.2947994899022],[-81.6017659827286,30.2951128222411],[-81.6017591423168,30.2952033601974],[-81.6017386696181,30.2954396877552],[-81.6016582464975,30.2962362873348],[-81.601622480375,30.2968308826299],[-81.6016115561304,30.2970124897711],[-81.6016057471526,30.2971090588248],[-81.6015233390453,30.2982729640351],[-81.6014426840747,30.2989889094868],[-81.6013299670326,30.3003791050987],[-81.6010989231351,30.3020684014331],[-81.6010235879059,30.3026184316079],[-81.6008863450347,30.3036179195137],[-81.6001043905035,30.3090357839136],[-81.6000572797395,30.3093710691357],[-81.5998254623563,30.3110208742273],[-81.5995366013491,30.3130681022458],[-81.5995183223493,30.3131889383218],[-81.5994998949781,30.3133287919456],[-81.5994230150982,30.3138446871564],[-81.5994045219428,30.3139737719564],[-81.5993090975419,30.3146105043115],[-81.599149698964,30.3157316960226],[-81.5991341697698,30.3158536488227],[-81.5991006006182,30.3161528177453],[-81.5990576563508,30.3164737968994],[-81.5990209845654,30.3167839782102],[-81.5989779896207,30.3170967079732],[-81.5989380813474,30.3173959058294],[-81.5988983233513,30.3177198489785],[-81.598858396496,30.3180160672839],[-81.5988115449998,30.3183462293529],[-81.5987908016043,30.3184964042203],[-81.5987512065268,30.3188038491995],[-81.5987019251046,30.319168850021],[-81.5986835123224,30.3193114529121],[-81.5986469009182,30.3195886390644],[-81.5985915109838,30.3199481686511],[-81.5985526990277,30.320167394135],[-81.5985076161437,30.3203543410206],[-81.5984726205785,30.3205497204352],[-81.5983042704779,30.3209843464685],[-81.5970924682231,30.323613996624],[-81.597017320881,30.3238090997],[-81.5969801167505,30.3239458306778],[-81.5969571549428,30.3241663589419],[-81.5969338121216,30.3248467517853],[-81.5969321159612,30.3253946098567],[-81.5969545390625,30.3271757631985],[-81.5969579811896,30.3273637084534],[-81.5969587488955,30.3274055905212],[-81.599324691433,30.3273869914857],[-81.604447861787,30.3273293926571],[-81.6080222837407,30.3272967694696],[-81.6109708306221,30.3273006222197],[-81.6131096560262,30.3272672239915],[-81.6211053059784,30.3272269016133],[-81.6305357252425,30.3271811438122],[-81.6320339274229,30.3271735674025],[-81.6335516276032,30.3271615908965],[-81.633764019543,30.3271634738741],[-81.6338564647512,30.327150288527],[-81.6340401689607,30.32715416295],[-81.634877003921,30.3271480695579],[-81.6348616996431,30.3271842757949],[-81.6335283900411,30.3272521470068],[-81.6320213697374,30.3272590524709],[-81.6305143174354,30.3272667111027],[-81.6298751766624,30.3272852810681],[-81.6281216880745,30.3272875170593],[-81.6270544197814,30.3273026285146],[-81.6180939218688,30.3273538764883],[-81.6183041760133,30.3336442568126],[-81.6184888818913,30.3391694459682],[-81.616266019018,30.3454121550672],[-81.6162367033169,30.3458639764583],[-81.6161932083372,30.3465343285629],[-81.6156592319114,30.354763324992],[-81.6163779523176,30.3601175211069],[-81.6168815485628,30.3614280991787],[-81.6179968363123,30.3643304335236],[-81.6201271980445,30.3678212625498],[-81.6241231076509,30.3718866436904],[-81.6281645640096,30.3806617263388],[-81.6297331699067,30.3880404477942],[-81.6178240787909,30.3944543205367],[-81.603625889572,30.3962196882001],[-81.5945005204917,30.3943956308829],[-81.581469034378,30.3917895573949],[-81.568710520537,30.3810875929118],[-81.5657993841716,30.3796532220036],[-81.5616999998799,30.377633197513],[-81.553339526646,30.3755240916678],[-81.5528112738972,30.3743300181671],[-81.5523562650415,30.3729511344547],[-81.5520375550448,30.371706814839],[-81.551857027053,30.3697274384045],[-81.5518745947423,30.3680292625256],[-81.5519830545026,30.3668301438537],[-81.5522162723494,30.3659397876232],[-81.5522271778536,30.365898152843],[-81.5524830591291,30.3651299288568],[-81.5535159885944,30.3621942917269],[-81.5534368297738,30.3621232018031],[-81.5532990656202,30.3619994807261],[-81.5531599290156,30.3624183464723],[-81.5526020104427,30.3640978982376],[-81.5523623512314,30.3648440170194],[-81.5522749559766,30.3651235177151],[-81.5520567773978,30.3658732183728],[-81.5520478114942,30.3659040271752],[-81.5519470988394,30.3663295191443],[-81.55178699882,30.3671317042892],[-81.5516812313124,30.367946207792],[-81.5516280072043,30.36877617386],[-81.551619896695,30.3695871274634],[-81.5516661764314,30.3704198116664],[-81.5517522074916,30.3712444843203],[-81.5518942995319,30.3720657835272],[-81.552088718972,30.3728633333165],[-81.5523193561246,30.373667003602],[-81.5526096212619,30.3744578732644],[-81.5529268494396,30.3752172581964],[-81.5532677130039,30.3759969327998],[-81.5536928479932,30.3769629015645],[-81.554123701298,30.3779790362507],[-81.554477398551,30.3787853173874],[-81.5547780553101,30.3794883007937],[-81.5551354353123,30.3803039756423],[-81.5558044786711,30.3818461103937],[-81.5565962927749,30.3836590701094],[-81.5569667548061,30.3845166418757],[-81.5572929207717,30.385271660857],[-81.5580188046726,30.386934314935],[-81.5584421544773,30.3878877255793],[-81.5583692966212,30.3879094379097],[-81.5583193341356,30.3879243264565],[-81.5578812715513,30.3869286283313],[-81.5571791768373,30.3853129271838],[-81.5568502198114,30.3845564124379],[-81.5567162088659,30.3842482188537],[-81.5560816697041,30.3828474321479],[-81.5546149543114,30.3795186598952],[-81.5531782081228,30.3762950660782],[-81.5470035699679,30.3750938295317],[-81.5437701435845,30.3744646587044],[-81.5406567252145,30.3740798380511],[-81.5396646011637,30.3739571945929],[-81.5382099032687,30.3771196233091],[-81.5389707953902,30.3831662690286],[-81.5345421802135,30.3878978932078],[-81.5298398931301,30.3889210336316],[-81.5197892673339,30.3911072466096],[-81.5121861467748,30.3922328689627],[-81.5062879785276,30.3921417368566],[-81.5017761265201,30.3902646833799],[-81.4980880077186,30.3898451243111],[-81.4915391031919,30.3912165957468],[-81.4864401223512,30.3929931964121],[-81.4820194636611,30.3935345548996],[-81.4762770958285,30.3930078198377],[-81.4710553350865,30.3912235878772],[-81.4653246024685,30.387195053748],[-81.4588507151117,30.3829937470417],[-81.4551056006043,30.3819854939473],[-81.452125045748,30.3815655613331],[-81.4489989742882,30.3811381818168],[-81.4467027802145,30.3813452158029],[-81.4443644172367,30.3823888378464],[-81.4409745007112,30.3845911195858],[-81.4377284800274,30.3881869737899],[-81.4352627916955,30.3916606516626],[-81.4333018383348,30.3950131114442],[-81.4313846014274,30.3978874046449],[-81.4282709544854,30.4004071041281],[-81.4242372398768,30.4027305586918],[-81.4197846410867,30.4038602583791],[-81.4145591883793,30.4038021679486],[-81.4090044464417,30.4031966100147],[-81.403831013864,30.4020773670164],[-81.4002608896077,30.4012585400179],[-81.3970075355536,30.4004186857251],[-81.3924457849783,30.3969185209723],[-81.3936349324869,30.3946352662352],[-81.3963561803864,30.3836177798642],[-81.3967948006556,30.38184778285],[-81.3969191976554,30.3813457788266]]]},"properties":{"FID":2,"DISTRICT":"2","Shape_Leng":309086.094819,"Shape_Area":2456523993.8,"Shape__Area":307418037.25,"Shape__Length":109307.68378186053}},{"type":"Feature","id":3,"geometry":{"type":"Polygon","coordinates":[[[-81.5801823370998,30.2886490297088],[-81.579811111275,30.2886269658263],[-81.5793470908907,30.2886452399712],[-81.5788730718957,30.2885847843088],[-81.5783898289182,30.288527117255],[-81.5781374330498,30.2884844682126],[-81.5752445779261,30.288136330598],[-81.5748376389101,30.2880780859125],[-81.5741266663342,30.2879955102073],[-81.5736819966401,30.287941322629],[-81.5730814158646,30.2878635282985],[-81.5704896427877,30.2875960950023],[-81.5701705888144,30.2875631695411],[-81.5685287669321,30.2873937261217],[-81.5669625653593,30.2872536458527],[-81.5650972422068,30.2870696986455],[-81.5646108929147,30.2870202427144],[-81.5644560761166,30.2870028089996],[-81.564130880453,30.2869707576628],[-81.5640138678318,30.2869618674937],[-81.5639457151332,30.2869557454423],[-81.5607985681309,30.286677580642],[-81.5606091808558,30.2866628109104],[-81.5603371246978,30.2866428956415],[-81.55948099406,30.2866126460775],[-81.5593121969017,30.2866091104321],[-81.5592811062741,30.2866084593511],[-81.5591801138737,30.2866064181632],[-81.5590543401431,30.2866038756259],[-81.5590471566965,30.2866037303963],[-81.5588649607826,30.2866001548711],[-81.557853904719,30.2865794921184],[-81.5573121324034,30.2865795084798],[-81.5556648994155,30.2865791788776],[-81.5549306549373,30.2865790857276],[-81.5537920929093,30.2866081953604],[-81.548606434306,30.2866547769948],[-81.544202003614,30.2867001990874],[-81.5403546874904,30.2867514232294],[-81.5390222806249,30.2867724974497],[-81.5384060784504,30.2867773246629],[-81.5378894540243,30.2867897594605],[-81.5375410004466,30.286791003178],[-81.5364355096866,30.2867950383357],[-81.5357881668196,30.2868025012876],[-81.5356635809855,30.2868085103268],[-81.5353678803748,30.2868094908847],[-81.534717413792,30.2868252109718],[-81.5336965146026,30.2868394589995],[-81.5335096194177,30.2868454908802],[-81.5277386203769,30.2868977546273],[-81.5256973126071,30.2869201744789],[-81.5228764262698,30.2869582810273],[-81.521858079017,30.2869701640946],[-81.5217425158229,30.2869715124098],[-81.521612807171,30.2869737532319],[-81.5207253260522,30.2869890814919],[-81.5201894166562,30.2870001483728],[-81.5162688305076,30.2870317087647],[-81.5149989277842,30.2870550325483],[-81.5140303903806,30.2870729662129],[-81.5119498385252,30.2871112784818],[-81.5103571091522,30.2871405860725],[-81.5096158949553,30.2871214770688],[-81.5088689673332,30.2871209458047],[-81.5075663974403,30.2871314551786],[-81.5067341565107,30.2871381633851],[-81.5059563806966,30.2871459836833],[-81.5057152289633,30.2871487540168],[-81.5048800102485,30.2871570135462],[-81.5037807671283,30.2871680477132],[-81.502636207598,30.2871787541179],[-81.5020952020381,30.2871841022409],[-81.5011182066186,30.2871937538253],[-81.4989376344715,30.2872132512296],[-81.4986668734906,30.2872158950065],[-81.4985932068004,30.2872167538592],[-81.4974656347188,30.287225401825],[-81.4970080049546,30.2872288947208],[-81.49688420587,30.2872297544054],[-81.494783174927,30.2872592953741],[-81.4944437437924,30.2872638822913],[-81.4907459729211,30.2873129573873],[-81.4899732138817,30.2873213513211],[-81.4894832036595,30.2873277545572],[-81.4893152976123,30.2873283949292],[-81.4889990111358,30.2873314098922],[-81.4886579080082,30.2873349749993],[-81.4879363660039,30.2873427074421],[-81.484070180336,30.2873834117539],[-81.4761045097977,30.2874946646402],[-81.4738081982025,30.2875261307291],[-81.4689131078977,30.2875714823731],[-81.4642466519522,30.2876153820595],[-81.4617742543072,30.2876601010294],[-81.4592119251737,30.2876702605735],[-81.4589136328956,30.2876827633239],[-81.4588667846753,30.286977195238],[-81.4588620339068,30.2859564211753],[-81.4588744434085,30.2855026927628],[-81.4589303565978,30.2850362094789],[-81.4589864452756,30.2846075325335],[-81.459114315409,30.2840021711045],[-81.4593003847199,30.2834218091035],[-81.4597679083108,30.2820094106022],[-81.4611045233484,30.2779712446738],[-81.4621841882791,30.2747391680234],[-81.4632522454747,30.2716358956105],[-81.4640394301732,30.2693316840627],[-81.4650826172314,30.2662406271994],[-81.4651567686311,30.2660675968603],[-81.4653696230183,30.2654160984672],[-81.4656103139299,30.2647349433388],[-81.465773863805,30.2642646362257],[-81.4658974095367,30.2638753555031],[-81.4661160786651,30.263115912943],[-81.4662113774779,30.2627267333072],[-81.4663067229815,30.262291725709],[-81.4663863417613,30.2618242369882],[-81.4664381502595,30.2614487299981],[-81.466489765608,30.2610324377913],[-81.4665168815686,30.2607381321445],[-81.4665404668325,30.2603111704139],[-81.4665464914934,30.2601897078786],[-81.4665543971983,30.2596844380941],[-81.4665459987063,30.2589686511689],[-81.4665961711998,30.2572424010794],[-81.4664520212519,30.2523749474215],[-81.4664211252666,30.2516760703463],[-81.4664163412223,30.2515678385139],[-81.4555766456164,30.2518436125562],[-81.4543086324396,30.2520030980842],[-81.453169390982,30.2522774437891],[-81.4523872045574,30.2525068057461],[-81.4517241751008,30.2527516581018],[-81.450037022674,30.2534096050325],[-81.443082724319,30.2561890019139],[-81.4422001575452,30.2565180538331],[-81.4410107644323,30.256864040077],[-81.4398802529112,30.2570626881325],[-81.4385204124206,30.2571944943112],[-81.4321291467591,30.2572733951794],[-81.4284382055821,30.2573272841652],[-81.4260875704759,30.2573615497116],[-81.4260185584129,30.2573616280532],[-81.425700002658,30.2573619881043],[-81.425390762206,30.2573723088494],[-81.4249959396374,30.2573818393931],[-81.4244828936481,30.2573970220424],[-81.4238809160749,30.2574220293818],[-81.4228457823561,30.2574984692401],[-81.4224602547801,30.2575214810944],[-81.4218138955154,30.2575939095675],[-81.4213165710049,30.2576443159649],[-81.4204238584621,30.2577667414719],[-81.4196129453484,30.2578749730639],[-81.4191963956271,30.2579276331077],[-81.418546897718,30.258008303485],[-81.417888138428,30.2580835018598],[-81.4173660672982,30.2581502408126],[-81.4170679594198,30.2581864771821],[-81.416000150613,30.2583284148476],[-81.4154630435314,30.2583979436025],[-81.4133504406678,30.2586608015721],[-81.412810944683,30.2587280356593],[-81.4109975120023,30.2589585209882],[-81.409215938149,30.259171992482],[-81.4086459277657,30.2592019557686],[-81.4082705538167,30.2591935027316],[-81.407852891542,30.2591714322075],[-81.4073761819591,30.259104175282],[-81.406687229053,30.2589660856786],[-81.406071139495,30.2587665865912],[-81.4055329924006,30.2585420939865],[-81.4051310284066,30.2583568210658],[-81.4048579519562,30.2582058535127],[-81.4048924849676,30.2581370666751],[-81.4049442414484,30.2580369694837],[-81.4060544239945,30.2585500020285],[-81.4067710201118,30.2587891686649],[-81.4078718397877,30.2589880859253],[-81.4088819661588,30.2590097858278],[-81.4161790207904,30.258063842564],[-81.4226161798966,30.2572944349555],[-81.4244303549428,30.2572053694404],[-81.4260976239714,30.257168165097],[-81.4284921402494,30.2571179229986],[-81.4286976726737,30.2566093325615],[-81.4289832211794,30.2558563762674],[-81.429293079771,30.2551865146725],[-81.4296510486739,30.2544965606738],[-81.4299124401176,30.2537223718864],[-81.4300058229494,30.2530745292141],[-81.4300275085146,30.2525314073416],[-81.4299937892176,30.2521977838876],[-81.4369208257691,30.252092671477],[-81.4372290590459,30.252087985886],[-81.4371909517418,30.2520116280428],[-81.4371784569768,30.2519821492363],[-81.4371699425034,30.2519516188212],[-81.4371683208709,30.251943260811],[-81.4371655046265,30.2519211361438],[-81.4371649930382,30.2519128429891],[-81.4371658423968,30.251878909252],[-81.4371715115973,30.2518453256844],[-81.4371819156326,30.2518126076717],[-81.4372102632509,30.2517448001024],[-81.4372421313465,30.2516781796744],[-81.4373241652321,30.2515182908476],[-81.4373548032165,30.251450101225],[-81.4373780311214,30.2513797388067],[-81.4373936500783,30.2513078131819],[-81.4374015267096,30.2512349400347],[-81.4374015921058,30.2511617447557],[-81.4373938449332,30.2510888606276],[-81.4373783544792,30.2510169125768],[-81.437355251319,30.2509465217156],[-81.4373247345254,30.2508782908841],[-81.4372555005305,30.2507401696311],[-81.4369077886566,30.2508743209535],[-81.4368983892835,30.250388511437],[-81.4368873659292,30.2496913411513],[-81.4368792195905,30.2492193034283],[-81.4366895308305,30.237632571993],[-81.4365510600872,30.2376368375925],[-81.436542486936,30.2370975464499],[-81.4364457446402,30.2324710004305],[-81.4363866583714,30.2293210581738],[-81.436350500894,30.2272715499264],[-81.4362712415948,30.2228416318563],[-81.4359630219092,30.2093769340631],[-81.4358099957752,30.193976685203],[-81.4344755224992,30.1445171592214],[-81.434053455733,30.1281537804824],[-81.4339702114793,30.1253671485571],[-81.4337427222932,30.1150818305538],[-81.4337410049418,30.11469587842],[-81.4336375163985,30.1110246509151],[-81.4335200363903,30.1066059596803],[-81.4334822842248,30.1052849840024],[-81.4375832734556,30.1052303903744],[-81.4378985951251,30.1052261876918],[-81.438006480038,30.1051397345758],[-81.4381501744606,30.1050406900587],[-81.4383656905429,30.1049205413892],[-81.4385291758644,30.1048483336147],[-81.4387318535746,30.1047782500739],[-81.4388923966457,30.1047365011255],[-81.4390436858778,30.1047074803272],[-81.439181245672,30.1046893875954],[-81.4394442384997,30.1046689843582],[-81.4395920184904,30.104655207963],[-81.4397734240517,30.1046317247394],[-81.4398733602615,30.1046856413043],[-81.439888250189,30.104740926035],[-81.4400341835726,30.1047108015908],[-81.4400472393737,30.1047579300127],[-81.4400645970269,30.1048069628445],[-81.4400888216297,30.1048537426158],[-81.4401195385406,30.1048975461709],[-81.4401562726698,30.1049376948943],[-81.4401984547642,30.1049735682216],[-81.4402454318143,30.1050046108224],[-81.4402964785116,30.1050303424852],[-81.4403508045393,30.1050503644085],[-81.4407226512133,30.1050287781784],[-81.4407423698644,30.1050306218268],[-81.4426845822637,30.1050053157114],[-81.4427309677365,30.1050126362174],[-81.4427643041558,30.1050284003765],[-81.4427874465379,30.1050471786059],[-81.4428197700439,30.1050928994366],[-81.4428250054465,30.1051277796112],[-81.4428759385241,30.1051306616157],[-81.4428796672754,30.1051596938769],[-81.4432515878915,30.1051547209994],[-81.4463991271753,30.1051157720931],[-81.4552590597191,30.1049712862881],[-81.4606914300245,30.104920374048],[-81.4622254021609,30.1048942740537],[-81.4740895053018,30.1047622699689],[-81.4789186334352,30.1046729716438],[-81.4794809227469,30.1046472372184],[-81.4828124837822,30.1046197826814],[-81.483739130853,30.104607029742],[-81.4865292173991,30.1045685416849],[-81.4879459992853,30.1045488523461],[-81.4889747115949,30.1045340279665],[-81.4900634102917,30.1045189726852],[-81.4945862175422,30.104446338351],[-81.4950453079908,30.1044494256558],[-81.495412325486,30.1044446050758],[-81.4998064097113,30.104397716249],[-81.5006385826466,30.1043890483587],[-81.5038510579215,30.1043547689523],[-81.5040438922709,30.1043519760263],[-81.5045611721254,30.1043444820297],[-81.5389263353838,30.103926534627],[-81.5390215068324,30.1185460763626],[-81.5390503775453,30.1196012309595],[-81.5390181262525,30.1197048875661],[-81.5390557322293,30.119795770355],[-81.5390781160577,30.1198260617795],[-81.5391403519946,30.1198609563959],[-81.5391924021246,30.1198985729897],[-81.5394347847585,30.1200774291095],[-81.5397574829673,30.1202422046475],[-81.5397575780445,30.1202596881835],[-81.5401501065574,30.1203193217955],[-81.5404664658157,30.120239312404],[-81.5410644675133,30.1201756469313],[-81.541485960035,30.1200121837309],[-81.5419883953271,30.1199401557092],[-81.5422853311554,30.1199913790519],[-81.5425075050395,30.1201609408018],[-81.5427240951852,30.1202300023838],[-81.5428849339866,30.1202162082299],[-81.543180975164,30.1201035312751],[-81.5436222626917,30.1198831297919],[-81.5441336610952,30.1196100107734],[-81.5443874170813,30.1195783458699],[-81.5445521654091,30.1195951459024],[-81.5447613379475,30.1197004620806],[-81.5451624033339,30.1197593587881],[-81.5451798249334,30.1197592873733],[-81.5454583551062,30.1197127147297],[-81.5454582708389,30.1196975694458],[-81.5457885665214,30.1195598603901],[-81.5460488399047,30.1193618789661],[-81.5464487371515,30.119208709774],[-81.5464660503648,30.1191934930065],[-81.5470311025751,30.1190836048274],[-81.547321917966,30.1195686024027],[-81.5473220025123,30.1195837467801],[-81.5476704680224,30.1195823175928],[-81.5479839229142,30.1195506962937],[-81.5480185998068,30.1195202594391],[-81.5483931695956,30.1195111569682],[-81.5487853458757,30.1195397650023],[-81.549203610303,30.1195532082577],[-81.5494910009069,30.119536813628],[-81.549752358287,30.119535719883],[-81.5498737239511,30.119429213154],[-81.5499860567998,30.1192621372657],[-81.5501241995796,30.1190343453968],[-81.5502714603202,30.1188822451316],[-81.5504363080358,30.1187603857104],[-81.5505839030226,30.1186688905719],[-81.5508275565299,30.1186224320328],[-81.5511758510365,30.1185906552188],[-81.5514808584745,30.1186045213955],[-81.5516728123864,30.1186605188012],[-81.5519479347799,30.1187843339382],[-81.5521443714606,30.1188592391072],[-81.552345010034,30.118907660026],[-81.5525236042727,30.1189069088179],[-81.5527064629113,30.1188909703395],[-81.5528499752984,30.1188524900733],[-81.5529891225124,30.1188064646893],[-81.5530975819888,30.1187302789478],[-81.553164357837,30.1185955400275],[-81.5532873265979,30.1183848786257],[-81.5533937619616,30.1182389053471],[-81.5534382576258,30.118178546714],[-81.5536009495684,30.1180394611138],[-81.553696834028,30.1180056714091],[-81.5537919695207,30.1179890484539],[-81.5539024126287,30.1179902317936],[-81.5540127227244,30.1180053253293],[-81.5541348040881,30.118018329424],[-81.55421883422,30.1180000326789],[-81.5542838505637,30.1179660751009],[-81.5544935712364,30.1178943178216],[-81.554715553771,30.1178290388398],[-81.5548112281966,30.1178236848124],[-81.5549000524545,30.1178284651609],[-81.5549960226507,30.1178671050463],[-81.5551097476517,30.1179224419619],[-81.5552117106742,30.1179814956009],[-81.5553483783356,30.1180246370417],[-81.5554038150586,30.1180356763679],[-81.5555538635733,30.1180209272557],[-81.5559285289838,30.1179216833597],[-81.5560751821654,30.1178890058413],[-81.5561745593798,30.1178533438947],[-81.5562318353936,30.1178724399994],[-81.5562878796856,30.1179587480301],[-81.5563780323891,30.1181205269041],[-81.5563855088147,30.1181282859052],[-81.5563915360094,30.1181455602487],[-81.5564091134777,30.118154468152],[-81.5564472615382,30.1181560710735],[-81.5564998580594,30.1181585518675],[-81.5565318283761,30.1181584164015],[-81.5566204931864,30.1181535715843],[-81.55666272419,30.1181453051321],[-81.5567054058517,30.118123402177],[-81.5567522114851,30.1180850749452],[-81.5568855437734,30.1179941149613],[-81.5569804991623,30.1179173860926],[-81.5570575104932,30.1178507702049],[-81.5571232463721,30.1178039539286],[-81.5571954460087,30.1178005994],[-81.5572817099439,30.1178187944404],[-81.5573850821568,30.1178563916972],[-81.5574935883249,30.1178693131563],[-81.5575788884541,30.1178472515639],[-81.5576476642698,30.1178068614245],[-81.5577615945542,30.1177533314311],[-81.55785701728,30.1176986205964],[-81.5579227199462,30.1175756393256],[-81.5580149566866,30.1174516963999],[-81.5580622747936,30.1173918952675],[-81.5581351565258,30.117298968047],[-81.5582077412561,30.1172468059581],[-81.5582733152799,30.1172230406623],[-81.5583183828164,30.1172179226382],[-81.5583552934081,30.1172336907814],[-81.5583748848076,30.1172541838541],[-81.5584029336948,30.1172972570111],[-81.5585084275232,30.1173836749953],[-81.5585587127917,30.1174252552789],[-81.5586236814337,30.1174856778305],[-81.5587153425037,30.1175216062221],[-81.5588245040381,30.1175249000247],[-81.5589627159661,30.1175240592997],[-81.5591249904352,30.1175228191998],[-81.5592503968949,30.1175042059757],[-81.5595378114924,30.1174323389678],[-81.5596864020758,30.1173650503318],[-81.5598084270234,30.1172981481016],[-81.5601200855082,30.1172070886236],[-81.5602527725689,30.1172035222614],[-81.5603211497443,30.1172141136968],[-81.5604140452588,30.1172537712959],[-81.5605203665194,30.1173090890942],[-81.5606462222208,30.1173934473232],[-81.560864575836,30.1174842620358],[-81.5610552732361,30.1175641733779],[-81.5614479574805,30.1176929214033],[-81.5617882846873,30.1178101583873],[-81.5619268244513,30.1178484730693],[-81.5620329135165,30.1178533578525],[-81.562118098207,30.1178484791143],[-81.5621873570316,30.1178284768664],[-81.5622499214765,30.1177945033099],[-81.5623185007263,30.1177803929122],[-81.5624209522057,30.1177804350645],[-81.5624844884837,30.1177786275751],[-81.5625751352397,30.1177839677679],[-81.5626688424854,30.1177946804159],[-81.5627760806971,30.1178119096364],[-81.5628710918139,30.1178108150786],[-81.5630739244892,30.1177481245935],[-81.5634201764133,30.117650288367],[-81.5637547865194,30.1176188797557],[-81.5641260879452,30.1176391924566],[-81.564357010991,30.1177010751379],[-81.5645671330986,30.1177387122645],[-81.5647979330922,30.117820461979],[-81.5649868509906,30.1179713843279],[-81.5653472216294,30.1178936166077],[-81.5656409317094,30.117903549068],[-81.5658520918422,30.1179106899701],[-81.5661888226615,30.117909238797],[-81.566524776252,30.117907790113],[-81.5670530560045,30.1178010237711],[-81.5674125093527,30.1176757363505],[-81.5678697064463,30.1177562506869],[-81.5682556009012,30.1179855519522],[-81.5687862144912,30.118337960391],[-81.5697154452762,30.118840351271],[-81.5703531675035,30.1191890563084],[-81.5707387616461,30.1194156008868],[-81.5709320670251,30.1195824908698],[-81.5710052940908,30.1197691483903],[-81.571101967334,30.1198732136573],[-81.5712462706716,30.1198725869834],[-81.5713903656528,30.1198527117385],[-81.5715582263211,30.1197887403966],[-81.571749904497,30.1197246642549],[-81.5718704574521,30.1197873812196],[-81.5720171815732,30.1202239357728],[-81.5722345077868,30.1203907182597],[-81.572667255273,30.1204108300696],[-81.5731234556211,30.1203675935822],[-81.5735564245483,30.1204261974161],[-81.5737975335122,30.120551626953],[-81.5740154094151,30.1208641351799],[-81.5744021743865,30.121239146262],[-81.5747878435413,30.1214244346534],[-81.5752203966685,30.1214445379514],[-81.5757257814781,30.1215468098605],[-81.5761367561072,30.1220041988708],[-81.5765006009596,30.1225662798487],[-81.5769834276773,30.1229188642236],[-81.5775130226869,30.1231035129471],[-81.5779469691527,30.123310575816],[-81.5782849441977,30.1236033005701],[-81.5786240813354,30.1240609977945],[-81.578891760028,30.1246042479825],[-81.5792786153553,30.1250397359044],[-81.5798818992192,30.1254330233938],[-81.5804599366595,30.1256834356401],[-81.5810617639244,30.1258265058819],[-81.5817832502225,30.1259277977718],[-81.5825039944356,30.1259026064482],[-81.5831047271298,30.1258586948416],[-81.5835848384148,30.1257933203777],[-81.5840406423517,30.1256455621855],[-81.584472637513,30.1255171567674],[-81.5848330553263,30.1255375492517],[-81.5857724197069,30.1259100638708],[-81.5862299112438,30.1260317560883],[-81.5866868034292,30.1260517127467],[-81.5872387262971,30.1259447586055],[-81.5881276868106,30.125899536606],[-81.5895223257408,30.1260170168299],[-81.5910616571309,30.1262630648944],[-81.5926029820764,30.1267756481689],[-81.5942880629064,30.1272081281143],[-81.5956856989418,30.1278699569476],[-81.5972777765603,30.1288250991308],[-81.5990132947838,30.1296943286554],[-81.6004586675919,30.1302294067134],[-81.6019022865208,30.1304730138115],[-81.6034896038912,30.1306937950762],[-81.6045552871391,30.1308087543974],[-81.6051999425072,30.1308748042518],[-81.6071450701925,30.1310536438601],[-81.6086835894699,30.1311317593905],[-81.609548896685,30.1311086512078],[-81.6111852781433,30.1314749942448],[-81.612823274921,30.1320530316022],[-81.6145083517161,30.1325043450283],[-81.6163851945336,30.1328722476976],[-81.617829676675,30.1332421576777],[-81.6195610163942,30.1334017275765],[-81.6215789665601,30.1332657070828],[-81.623250301206,30.1330210592303],[-81.6247969062714,30.1328324895836],[-81.6259972157934,30.132617799888],[-81.6293447643048,30.1314040764429],[-81.6318014987442,30.1307092516504],[-81.6343424387992,30.1296521433961],[-81.6369671641029,30.1282334309454],[-81.6396116642146,30.1268465543587],[-81.6422820037531,30.1252388871816],[-81.6469178567943,30.1231642480357],[-81.6495550133344,30.1220031057413],[-81.6498195240897,30.12187947861],[-81.6504380431407,30.1216412417392],[-81.6505411132338,30.121605513839],[-81.6506526005935,30.1215809366055],[-81.6517193896435,30.1215159157463],[-81.6802313324142,30.1212397103091],[-81.6918093100261,30.1422656566884],[-81.6921191834922,30.1447416368447],[-81.6902203300189,30.1613586533621],[-81.6905201763007,30.1719456691139],[-81.6817191960322,30.1814457868563],[-81.6796551081623,30.1903071841265],[-81.6672404754255,30.1896110289433],[-81.6643695876901,30.1894598213088],[-81.6502242511846,30.1887138689606],[-81.6487422464364,30.1885463424212],[-81.6473743948673,30.1883032270609],[-81.645876174972,30.1879607182917],[-81.6442757562102,30.187468570611],[-81.6428748898807,30.1869497686449],[-81.6414929000342,30.1863685647219],[-81.6412576449619,30.1862696271654],[-81.6353967134615,30.1838581174636],[-81.6352675537728,30.1839858760944],[-81.6351613146086,30.1840909629795],[-81.6410605219316,30.1865854740637],[-81.6411499451175,30.1866232841854],[-81.6413112782836,30.1866883505136],[-81.6439235081579,30.1877418386434],[-81.6445691806538,30.1879298850362],[-81.6461984512833,30.1884043780279],[-81.6483361451002,30.1888591866738],[-81.6498564641186,30.1890461413426],[-81.6512642657151,30.189143342465],[-81.6576870406434,30.1894722535486],[-81.6615436969312,30.189669600247],[-81.6616456385666,30.1896748152223],[-81.6635498638411,30.1897748537174],[-81.6648845797761,30.1898449554064],[-81.6653887897602,30.1898714340856],[-81.6701753426609,30.1901227042819],[-81.6706915116256,30.190149789731],[-81.6740535503205,30.1903459839748],[-81.6773192226996,30.1905364706812],[-81.6787716084011,30.190621162285],[-81.6836838674571,30.190907485448],[-81.6919523216081,30.1913890124608],[-81.6998961431556,30.1917318642758],[-81.6998888675345,30.1918516433889],[-81.6998796159849,30.1920460524137],[-81.6919386801914,30.1916335700347],[-81.6794871532561,30.1909585699792],[-81.6745949698511,30.1953755413256],[-81.6726032293556,30.1971941316628],[-81.658957780292,30.2096507318203],[-81.6525124590028,30.2155329356483],[-81.6438699756737,30.2296395576946],[-81.6446710500624,30.2317761090898],[-81.6483152763751,30.2415025599598],[-81.6537089991459,30.2457476658637],[-81.6540597698975,30.2461562660879],[-81.6610266889804,30.2542708464514],[-81.6646741640105,30.2585184780867],[-81.6470114482329,30.2619392399732],[-81.6466346258266,30.2619853403969],[-81.6459783642341,30.2619546676858],[-81.645864689458,30.2616686328619],[-81.6458034984962,30.2615176479735],[-81.6457359440639,30.2613555870044],[-81.6455696525748,30.2610729722216],[-81.6454481246059,30.2608946192767],[-81.6437869134503,30.260919405835],[-81.6420390032216,30.2609049603721],[-81.6412292255768,30.2609086984744],[-81.6404068116028,30.2608767489623],[-81.6394640216793,30.2608426325119],[-81.6367951026454,30.2608661765628],[-81.6360360191226,30.2608723856246],[-81.6349869513178,30.2608937444209],[-81.6340247896035,30.2608844288509],[-81.6332498699567,30.2608906984277],[-81.6330854504392,30.2608942428866],[-81.6317887504186,30.2609085241477],[-81.6309951068074,30.2609176202788],[-81.6266866779538,30.2609667193446],[-81.6261781376299,30.2611895767154],[-81.6237400197163,30.2627778647167],[-81.622217857608,30.2637944296135],[-81.620236292185,30.2650454211709],[-81.618389756677,30.2662111112523],[-81.6146930425126,30.2680957084244],[-81.6137138797232,30.2685897259249],[-81.6129645021191,30.2689784061005],[-81.6125418136341,30.2691801863096],[-81.6122309396504,30.2693396693124],[-81.6121374745153,30.2693876175868],[-81.6120369657234,30.2694391791153],[-81.611701617271,30.2696112150928],[-81.6113143348253,30.2698192425391],[-81.6109555262525,30.2700216359519],[-81.6082451134113,30.2727771875532],[-81.6067819615365,30.2740822353249],[-81.6059897012407,30.2747641331766],[-81.6055395958276,30.2751504692127],[-81.6033917242614,30.2769980195468],[-81.6030181431729,30.2774252378485],[-81.6029085777468,30.2776399808062],[-81.6028493630682,30.2777997286333],[-81.6028214789347,30.2779455843209],[-81.602744125695,30.280191428091],[-81.6027353780657,30.280315199947],[-81.6027242907489,30.2806177037566],[-81.6027100508202,30.2809227434076],[-81.6027104421924,30.2810299748509],[-81.6027113545132,30.2812224414755],[-81.6027202867985,30.2817335921767],[-81.6027208245644,30.2818215759425],[-81.6027252795544,30.2821185098908],[-81.6027300153893,30.2824181912001],[-81.6027518771449,30.283014519834],[-81.6027534282986,30.2833114661944],[-81.6027486587768,30.2836109629844],[-81.6027494872446,30.2837896811707],[-81.602747041902,30.2839079248067],[-81.6027380300193,30.2840316969109],[-81.6025521384643,30.2860580719105],[-81.6025434070091,30.2861845931445],[-81.6025283776821,30.2863606346895],[-81.602498279061,30.286662997492],[-81.6024713666327,30.2869683234076],[-81.6024475032256,30.2872541600691],[-81.602420535319,30.2875072453203],[-81.6024084385946,30.2876447793762],[-81.6022796168596,30.2890744625314],[-81.6022554636053,30.2892697938285],[-81.6022285988481,30.2895831389378],[-81.6022135685548,30.2897591812724],[-81.6022046227841,30.2898939512042],[-81.6021868057339,30.2900892524143],[-81.6020968060732,30.2910460600385],[-81.6019809411221,30.2925666474421],[-81.6007371186106,30.2921855889456],[-81.60031729334,30.2920541611707],[-81.5998091781459,30.2919057218377],[-81.5996673836434,30.2918610036953],[-81.5988026711323,30.2916005458231],[-81.598297745464,30.2914548355461],[-81.5977928059784,30.2913066038331],[-81.5975529194926,30.2912391891475],[-81.5972878832524,30.2911608905155],[-81.5962780255491,30.2908667075727],[-81.5958518090652,30.2907680601448],[-81.5957222641166,30.2907400084656],[-81.5953970798625,30.2906695410201],[-81.5949455505878,30.2905762748653],[-81.5948162843265,30.290550741455],[-81.5945604454449,30.2905081398499],[-81.5943929121932,30.2904853002733],[-81.5941307512392,30.2904452469713],[-81.5923591654398,30.2901834721368],[-81.591682607176,30.2901295949568],[-81.591084981461,30.2900647014705],[-81.590027298818,30.2899361192944],[-81.5886372000376,30.2897622811568],[-81.5875443584165,30.2896255873447],[-81.5872378955024,30.2895937386157],[-81.5860060842961,30.2894411587846],[-81.5845891638443,30.2892834358551],[-81.5838141187359,30.2891670802049],[-81.582962833107,30.2889825592711],[-81.5801823370998,30.2886490297088]]]},"properties":{"FID":3,"DISTRICT":"3","Shape_Leng":359444.096474,"Shape_Area":4373303320.77,"Shape__Area":545699403.0859375,"Shape__Length":126900.73384826134}},{"type":"Feature","id":4,"geometry":{"type":"Polygon","coordinates":[[[-81.7304062179941,30.2920623757443],[-81.7304051984567,30.291960419677],[-81.7283015180381,30.2920129269363],[-81.7280174506212,30.2920170276871],[-81.7275554018516,30.2920179929845],[-81.7270902236629,30.2920242439703],[-81.7266406023267,30.2920276574059],[-81.7262261159275,30.2920336238868],[-81.7241753116175,30.2920603382863],[-81.723988347839,30.2920563317847],[-81.7236244705647,30.2920507828205],[-81.7231748083861,30.2920486855112],[-81.7227222631623,30.2920493521088],[-81.7220384183834,30.2920492311636],[-81.7218485688735,30.2920477579281],[-81.7213769744306,30.2920432549912],[-81.7208734719966,30.2920441960339],[-81.7207216431752,30.2920427408824],[-81.7206328925559,30.2920379596142],[-81.7204557160522,30.2920364145824],[-81.7200599341421,30.2920367595114],[-81.7200280382013,30.2937787679127],[-81.7200280108495,30.2937801464379],[-81.7200282203965,30.2937813676004],[-81.720027976831,30.2937818930475],[-81.720010489367,30.2946655905626],[-81.7199820380137,30.2961166458412],[-81.7199743242864,30.2965100418266],[-81.719957140211,30.2971938541328],[-81.720033184525,30.2982778994419],[-81.7201411012224,30.2991342445685],[-81.7203981136968,30.3005190542621],[-81.7203850653586,30.3007207582888],[-81.7203440775583,30.3010738411475],[-81.7202882905935,30.3013891994025],[-81.7202034581268,30.3017047165767],[-81.7199224407696,30.3023471341742],[-81.7197287832276,30.3026946410328],[-81.7196787072378,30.3027801518502],[-81.7196319443621,30.3028491472528],[-81.7194626050697,30.3030918087394],[-81.7194032477592,30.3031718714211],[-81.7193655857738,30.303221569991],[-81.7193247551369,30.3032712859683],[-81.7191428222774,30.3034892696033],[-81.7190893771361,30.3035473043209],[-81.7190201891278,30.3036191722637],[-81.7189134020386,30.3037132429737],[-81.7188599566349,30.3037712766977],[-81.7188253223615,30.3038017117764],[-81.7187563378615,30.3038653298756],[-81.7187217035231,30.3038957649275],[-81.7186838804718,30.3039234679542],[-81.7186492233245,30.3039509244559],[-81.718592528791,30.3039979787012],[-81.7184226688008,30.3041336382989],[-81.7183410092312,30.3041973257691],[-81.7183031458651,30.30421952985],[-81.7182684711724,30.3042444659464],[-81.7182306077716,30.3042666700067],[-81.7181927643963,30.3042916234753],[-81.7181551650142,30.3043138260649],[-81.7181204691702,30.3043360127095],[-81.7177520664204,30.3045852633466],[-81.7176290495505,30.3046629248653],[-81.7175094441395,30.3047378180344],[-81.7172731394593,30.304887588118],[-81.7169205548118,30.3051340002006],[-81.7167221124211,30.3052615656202],[-81.7161362055805,30.305632982193],[-81.7159817179315,30.3057410592308],[-81.7158936381266,30.3057937822018],[-81.7156162751097,30.3059630215541],[-81.7155784104425,30.3059852248614],[-81.7153801232647,30.3061347836503],[-81.715247739058,30.3061957678621],[-81.7152161916788,30.306215187005],[-81.7137828653718,30.3071328804895],[-81.7136664636306,30.3072132526646],[-81.7133263971918,30.3074403392746],[-81.7131845000371,30.3075373462866],[-81.7129485047171,30.3076953564404],[-81.7129242012689,30.3077111110223],[-81.7128257244267,30.3076243084899],[-81.712541086386,30.3073733594695],[-81.7123184887747,30.3071931024991],[-81.7121084430308,30.3070320226331],[-81.7118791278952,30.3068355333954],[-81.7117677512582,30.3067344066794],[-81.7114176159802,30.3064450888355],[-81.7111986250633,30.3062517491101],[-81.7110833054333,30.3061529344944],[-81.7108986929472,30.3060027134263],[-81.7108806278179,30.3059876891527],[-81.7108128850722,30.3059316917866],[-81.7106346521254,30.3057871629641],[-81.7106054255597,30.3057623467814],[-81.7104786980713,30.3056560323544],[-81.7102050324568,30.3054238078414],[-81.7101093788794,30.3053420692621],[-81.7097562668771,30.305041536611],[-81.7094664009501,30.3047958789336],[-81.7093933500568,30.3047357852877],[-81.7093699729319,30.3047164361702],[-81.7091704621662,30.3045502544038],[-81.7088681869328,30.3043044334761],[-81.7086994449163,30.3041571018765],[-81.7085849257004,30.3040587388956],[-81.7082889725925,30.3038103619415],[-81.708018466129,30.303575365148],[-81.7079291715328,30.3034961118147],[-81.7075662058015,30.303182107801],[-81.707203526163,30.3028708498259],[-81.7071971494749,30.3028653852215],[-81.7070157373994,30.30271789071],[-81.7068088406386,30.3025515150832],[-81.7064363548254,30.3022345796729],[-81.7062392298635,30.3020681512624],[-81.7060704939659,30.3019205869803],[-81.705739463007,30.3016393988974],[-81.7056820742868,30.3015902167712],[-81.7052711220149,30.3012473647721],[-81.7049547006835,30.3009777823138],[-81.7044562897382,30.3005524544748],[-81.7042518175382,30.3003915606756],[-81.7041784304484,30.3003204676803],[-81.7030703362719,30.2994154110247],[-81.7026995690326,30.2990769173134],[-81.7024535798588,30.2988697314424],[-81.7021568966772,30.2986256974497],[-81.7019567517502,30.2984411774348],[-81.7015743150061,30.2980942652608],[-81.7012930000321,30.2978572507195],[-81.7012193741248,30.2977891359401],[-81.7009826547902,30.2975848752924],[-81.7006567500109,30.2973151037131],[-81.7004873209662,30.297178991167],[-81.6994500384678,30.2963081220316],[-81.6948051953542,30.2934890101361],[-81.6804554222432,30.284777562109],[-81.6802466648175,30.2799377752636],[-81.6724328778766,30.2691020921341],[-81.6646741640105,30.2585184780867],[-81.6610266889804,30.2542708464514],[-81.6540597698975,30.2461562660879],[-81.6483152763751,30.2415025599598],[-81.6446710500624,30.2317761090898],[-81.6438699756737,30.2296395576946],[-81.6525124590028,30.2155329356483],[-81.658957780292,30.2096507318203],[-81.6726032293556,30.1971941316628],[-81.6745949698511,30.1953755413256],[-81.6794871532561,30.1909585699792],[-81.6919386801914,30.1916335700347],[-81.6998796159849,30.1920460524137],[-81.6998888675345,30.1918516433889],[-81.6998961431556,30.1917318642758],[-81.6919523216081,30.1913890124608],[-81.6836838674571,30.190907485448],[-81.6787716084011,30.190621162285],[-81.6773192226996,30.1905364706812],[-81.6740535503205,30.1903459839748],[-81.6701753426609,30.1901227042819],[-81.6653887897602,30.1898714340856],[-81.6648845797761,30.1898449554064],[-81.6635498638411,30.1897748537174],[-81.6615436969312,30.189669600247],[-81.6576870406434,30.1894722535486],[-81.6512642657151,30.189143342465],[-81.6498564641186,30.1890461413426],[-81.6483361451002,30.1888591866738],[-81.6461984512833,30.1884043780279],[-81.6445691806538,30.1879298850362],[-81.6439235081579,30.1877418386434],[-81.6413112782836,30.1866883505136],[-81.6410605219316,30.1865854740637],[-81.6351613146086,30.1840909629795],[-81.6352675537728,30.1839858760944],[-81.6353967134615,30.1838581174636],[-81.6412576449619,30.1862696271654],[-81.6414929000342,30.1863685647219],[-81.6428748898807,30.1869497686449],[-81.6442757562102,30.187468570611],[-81.645876174972,30.1879607182917],[-81.6473743948673,30.1883032270609],[-81.6487422464364,30.1885463424212],[-81.6502242511846,30.1887138689606],[-81.6643695876901,30.1894598213088],[-81.6672404754255,30.1896110289433],[-81.6796551081623,30.1903071841265],[-81.6835004483418,30.1905868454573],[-81.6922150281455,30.1910564699918],[-81.6990553331902,30.1914246817743],[-81.7003853245168,30.1914687118664],[-81.7005282276894,30.1914657033044],[-81.70064321832,30.1914647002198],[-81.701030310211,30.1914496577179],[-81.7016114053665,30.1913959860997],[-81.7018448949187,30.1913744513874],[-81.7021557427219,30.1913445700015],[-81.7023662966735,30.1913223894763],[-81.702542257428,30.1912980629225],[-81.7026469323011,30.1912842323527],[-81.7027300000994,30.1912703596135],[-81.7027679398156,30.1912603316154],[-81.7029029874856,30.1912183795038],[-81.7029969195429,30.1911802722667],[-81.7030990399732,30.1911262866203],[-81.7031819406686,30.1910743073652],[-81.7032110229537,30.1910532472213],[-81.7033079624237,30.1909783696504],[-81.7033820047777,30.1909063337235],[-81.7034739311179,30.1908043795245],[-81.7035499787048,30.1906932324151],[-81.7036009556854,30.1905882701056],[-81.7036120180119,30.190563430253],[-81.7036223791219,30.1905321252503],[-81.7036344130315,30.1904991992311],[-81.703654468887,30.1904281654403],[-81.7036753611422,30.1903461008712],[-81.7036783703896,30.1903181883904],[-81.7036934129474,30.1902301066679],[-81.7036994291081,30.1901161192468],[-81.7036904045173,30.1900111558803],[-81.7036783706516,30.189927085805],[-81.7036604864647,30.1898570548227],[-81.7036404306741,30.1898040724245],[-81.7036054984326,30.189708135466],[-81.7034762843062,30.1895358224274],[-81.7032944548189,30.1893041341614],[-81.7035198134134,30.1891740488063],[-81.7036696746834,30.1890828216944],[-81.7037315556179,30.1891618080468],[-81.7037744513356,30.1892137802178],[-81.7038466118433,30.1893040290157],[-81.7039564824612,30.1894114893793],[-81.7040555413274,30.1894807048006],[-81.7041309948692,30.1895245023014],[-81.7042354718902,30.1895727707521],[-81.704351130947,30.1896127555817],[-81.7044382607958,30.1896343889061],[-81.7045251455057,30.1896444821066],[-81.704665225246,30.1896497501128],[-81.7054392401632,30.1896896960431],[-81.7061233353302,30.1897257978297],[-81.7065032399824,30.1898277514615],[-81.7080673172547,30.1907057265429],[-81.7086912422692,30.1910476911438],[-81.7092473101871,30.1910557140775],[-81.7113733045815,30.1910787784158],[-81.7156266705079,30.1910154328049],[-81.7215031981058,30.1909276858635],[-81.7251432943642,30.1912287006685],[-81.7253403504403,30.1912676439438],[-81.7282843168886,30.1920297931195],[-81.7316442904685,30.1934126913271],[-81.731706298491,30.1934467880695],[-81.7335082121537,30.194130715838],[-81.7338071413593,30.1938842956612],[-81.7343113098761,30.1934686826331],[-81.7341222770895,30.1931907326703],[-81.7384573324322,30.1897426778391],[-81.739061202439,30.1893517420377],[-81.739263271335,30.189285722167],[-81.7394862332266,30.189273688835],[-81.7406242758011,30.1892827136102],[-81.7431933523231,30.1892337424237],[-81.747975041017,30.1892249894733],[-81.7501417943676,30.1892209657818],[-81.7614970325688,30.1892007033399],[-81.7636473548344,30.1891968044761],[-81.7691794513971,30.1892086712969],[-81.7734202421443,30.18921769648],[-81.7752753055841,30.1891536820783],[-81.7754482931747,30.1891476654278],[-81.78174421097,30.1889317236122],[-81.7860842808484,30.1887828027606],[-81.7884902306359,30.1889066524371],[-81.7921682674313,30.1887477042509],[-81.7940213256114,30.1888317739317],[-81.7952992614585,30.1887986813008],[-81.7977224555081,30.1888679865949],[-81.7982153168691,30.1888697147716],[-81.7983712167326,30.1890049777847],[-81.7983883048432,30.1890198041496],[-81.7990822609411,30.1891017015435],[-81.8008009645759,30.1891035905161],[-81.8027572893671,30.18910571307],[-81.804477305033,30.189099695894],[-81.8056752507883,30.1890822442906],[-81.8064236912607,30.1890713352076],[-81.813643325513,30.1889658859503],[-81.8154973757784,30.188938741941],[-81.8172848002615,30.1889371631321],[-81.820536698689,30.1889342276608],[-81.8253703790521,30.1889297162123],[-81.8256583576882,30.1889297158346],[-81.8259344975576,30.1889297163124],[-81.8259702360613,30.1889297158581],[-81.8299262238011,30.1889257052412],[-81.8320433142479,30.1888615824463],[-81.8375803035922,30.1886937167835],[-81.8410552676144,30.1885857464363],[-81.8434872916094,30.1885437941026],[-81.8457182484995,30.1885197268335],[-81.8458694010221,30.1885152682212],[-81.8458883406334,30.1885147094611],[-81.8459562529069,30.188512706321],[-81.8514670374356,30.1884137547945],[-81.8531953294327,30.1883826735573],[-81.8666183408759,30.1880876745119],[-81.8680553926434,30.1880567538476],[-81.8686487442456,30.1880434211348],[-81.8998441027507,30.1873548069545],[-81.9011127282045,30.1873284242249],[-81.9011170095185,30.1875038577483],[-81.9012502872766,30.1929646593627],[-81.8990029875697,30.1930064080964],[-81.899051107347,30.2111812973536],[-81.9031861609005,30.2111819241328],[-81.9072673850478,30.2111486307777],[-81.9072659730425,30.2130341520832],[-81.9093550415563,30.213002446282],[-81.9093598796098,30.2148221507522],[-81.9072703024516,30.2148544560301],[-81.9072797390266,30.2166790558584],[-81.9157405456584,30.2165589652442],[-81.9157834743983,30.2200741540043],[-81.9157318522793,30.2237155762673],[-81.9157490600649,30.223896396812],[-81.9157659009354,30.2239778556125],[-81.9158103293423,30.2241304190728],[-81.9158445844587,30.2242166354404],[-81.9158883903672,30.2243572607737],[-81.9159134047815,30.2245008598249],[-81.9159201713883,30.2268252854313],[-81.9159344896625,30.2309320196313],[-81.9183732782559,30.2309222823782],[-81.9174050889443,30.2314821720845],[-81.9028368131049,30.239904260794],[-81.8897729031011,30.247089182294],[-81.8891474883924,30.2474164944966],[-81.8873935911763,30.2483302238251],[-81.88647394228,30.2488091356098],[-81.8856031460362,30.2492627361621],[-81.8738712917345,30.2553839780234],[-81.8731463003197,30.2557485832928],[-81.8731344768782,30.255754619358],[-81.8723937933537,30.2561385761173],[-81.8704075442918,30.2571743752755],[-81.8684342649874,30.2581930312786],[-81.8675692220019,30.2586335134934],[-81.8668564690371,30.2589685733783],[-81.8652296250212,30.2596905655563],[-81.8622129355639,30.2610675516644],[-81.8559641330194,30.2640250154608],[-81.8540928841767,30.2648902983325],[-81.8539400752919,30.2650216805857],[-81.848710089704,30.2673884088064],[-81.8445769280845,30.2692828652822],[-81.8404228823406,30.271186690235],[-81.8398066319211,30.271480488571],[-81.8387174434471,30.2719732164464],[-81.8371910778723,30.2726811314571],[-81.8358321865949,30.2733114311061],[-81.831775769993,30.2751436915869],[-81.8298439385866,30.2759281046333],[-81.8283207042266,30.2764894854357],[-81.8278263990763,30.2766637685395],[-81.8277161173659,30.276702958875],[-81.8275650590042,30.2767591339329],[-81.826586693465,30.2771182507171],[-81.8234504810154,30.2782693553775],[-81.8218621226584,30.2788597778575],[-81.8182192338729,30.2802138086534],[-81.8146329907225,30.2815596909646],[-81.8082418185719,30.2839628311801],[-81.8080088786154,30.2840490457277],[-81.8066336247617,30.2845980358304],[-81.8034079252661,30.2858856289003],[-81.8031310721687,30.2859947887161],[-81.8026433382307,30.2861769566663],[-81.8020421331267,30.2863985412888],[-81.7981433168966,30.2878198956821],[-81.7981422670403,30.287820278247],[-81.7979186394742,30.2878851095071],[-81.7974746192624,30.2880229997139],[-81.7970242626745,30.2881609270085],[-81.7965801510499,30.2882878176185],[-81.7961326283597,30.2884174760885],[-81.7956695058538,30.2885444783561],[-81.7954362819322,30.2885983656939],[-81.7883261628869,30.2902771153147],[-81.7879000233339,30.2903759141414],[-81.7874044251176,30.2905053741022],[-81.7869406632456,30.2906211232554],[-81.7864450624585,30.2907505796226],[-81.7859720111231,30.290893646288],[-81.7855239320261,30.2910230438479],[-81.7850253999254,30.2911827571192],[-81.7845650637087,30.2913314706288],[-81.7841013128828,30.2914827242776],[-81.784057089472,30.2914994862817],[-81.784010496793,30.2915162137511],[-81.7836345472266,30.2916534691682],[-81.7831677580763,30.2918214630348],[-81.7827358594112,30.2919945174036],[-81.78229788861,30.2921678348774],[-81.7817933813587,30.2923745434207],[-81.781361523173,30.2925533203063],[-81.7780055568724,30.2941432877745],[-81.7775749496317,30.2943486243943],[-81.7771486028945,30.2945587450621],[-81.7762476034825,30.2949813318264],[-81.7738357205772,30.2961719517454],[-81.7732147078538,30.2965101474582],[-81.7730773770328,30.2965757617926],[-81.7725471151444,30.2968320080807],[-81.7709164326195,30.2976331641573],[-81.7707469110827,30.2977164478467],[-81.7705877232247,30.2977946549523],[-81.7701805782958,30.2979946785027],[-81.7695772962603,30.2982734081696],[-81.7686177230764,30.2987441756571],[-81.7673039584084,30.2994067290641],[-81.7629068185175,30.3015333012574],[-81.7592829551764,30.3030812790895],[-81.756503371157,30.30420950618],[-81.754869965727,30.3048724628517],[-81.7519102212539,30.3061052517057],[-81.751427545525,30.306283764476],[-81.7511911128566,30.3063758561204],[-81.750721066301,30.3065487956682],[-81.7503834216921,30.3066659830481],[-81.7499919927129,30.3067947050537],[-81.7495566304285,30.3069454445955],[-81.7491053395822,30.30708527672],[-81.7486287603396,30.30723349964],[-81.7483576169438,30.3073106624414],[-81.7481693305628,30.3075885249615],[-81.7476925378208,30.3078135031204],[-81.7460938739694,30.3084460838505],[-81.7455923876523,30.3086544689888],[-81.7450905779305,30.308855293788],[-81.7445258831435,30.3090867183333],[-81.7441151397633,30.3092478396524],[-81.743862425683,30.3093537592569],[-81.7437331637048,30.3094067349389],[-81.7435533226133,30.3094762659266],[-81.7433482373885,30.3095599168139],[-81.7429633323285,30.3097160769932],[-81.7425563669897,30.3098886283376],[-81.7420232654653,30.3101088647918],[-81.7417865929138,30.3102064408867],[-81.7414806740237,30.3103316741682],[-81.7412850709935,30.3104125185926],[-81.7406225772508,30.3107047416967],[-81.7403009574533,30.3108495368835],[-81.7399856743928,30.3109942954478],[-81.7392853322173,30.3113114715747],[-81.7388941979721,30.311483922174],[-81.7386105180214,30.3116175017961],[-81.7384528941987,30.3116926285739],[-81.7382194036715,30.3117929289303],[-81.7380617390951,30.3118625564312],[-81.7378567237264,30.3119569673441],[-81.737654859013,30.3120488406839],[-81.7374403595386,30.3121462830684],[-81.7372163930851,30.3122492774887],[-81.7367621202932,30.3124550726665],[-81.7364847106967,30.3125803629482],[-81.7359326270818,30.3128087010868],[-81.7355737757141,30.3129559863463],[-81.7353555607704,30.3130868987292],[-81.7353240142438,30.3131063226775],[-81.7352545853919,30.3131452061575],[-81.7351883031716,30.3131810932722],[-81.7351506633304,30.3131978018988],[-81.7351159283221,30.3132144941932],[-81.7350432688256,30.3132451471534],[-81.7350085337818,30.3132618394197],[-81.7345387752462,30.3134816906724],[-81.7337091844154,30.3138600522543],[-81.7335641685606,30.3139268539272],[-81.7334568134302,30.3139796967112],[-81.7315582136193,30.3148614684779],[-81.7310220932491,30.3151089434575],[-81.7308171077539,30.3152090723415],[-81.7306942096431,30.315267498745],[-81.7307019673689,30.3146045899379],[-81.7307040755285,30.3144616030657],[-81.7307117860731,30.314183857458],[-81.7307098072745,30.3139171649431],[-81.7307152067662,30.3137906559],[-81.7307177637121,30.313708155976],[-81.7307111676352,30.3132462722946],[-81.7307101374721,30.3131074272039],[-81.7307055089047,30.3128751175649],[-81.7306995232839,30.3124954878488],[-81.7306984217676,30.3123470189114],[-81.7306871670186,30.3116487022357],[-81.7306862695305,30.3115277273632],[-81.7306815708805,30.3113215394235],[-81.7306756076664,30.3109448872378],[-81.7306680859019,30.3107497131355],[-81.7306631630023,30.3105132807699],[-81.7306570555083,30.3101171535544],[-81.7306529281116,30.3099879490231],[-81.7306481663809,30.3097377681134],[-81.7306398097074,30.3094656119849],[-81.7306379538344,30.3092154148279],[-81.7306369137438,30.3090751949445],[-81.7306272118845,30.3085860621631],[-81.7306259899907,30.3084213257933],[-81.730614065571,30.3076325072635],[-81.7306053333097,30.3068823923786],[-81.730573663688,30.3051045396349],[-81.7305729704684,30.3050110596529],[-81.7305408134954,30.3031672204882],[-81.730537295657,30.3030845252236],[-81.7305382057563,30.3028155239517],[-81.7305359836921,30.3025158371127],[-81.7305320217727,30.3024088568375],[-81.7305274864184,30.3021889200582],[-81.7305223014279,30.3019169741217],[-81.7305210171895,30.3017437611263],[-81.7305157820068,30.3011088770317],[-81.7305181319813,30.3010696831576],[-81.7305139359396,30.3006817932702],[-81.7305147614837,30.300472595487],[-81.7305139267058,30.3003956133909],[-81.7304999463301,30.2994358754999],[-81.7304983727346,30.2992592262426],[-81.7304920063192,30.2989703322589],[-81.7304886453613,30.2986594243622],[-81.730488818836,30.2983622443615],[-81.7304800821898,30.2975754680513],[-81.7304788309867,30.2971573176089],[-81.7304722814783,30.2968436778943],[-81.7304650719716,30.296191619788],[-81.7304562296498,30.2959604795914],[-81.7304527060925,30.2956275762261],[-81.7304486332715,30.295256182501],[-81.7304331762919,30.2938118465813],[-81.7304176361206,30.2928906098393],[-81.7304124211253,30.2923650195051],[-81.7304062179941,30.2920623757443]]]},"properties":{"FID":4,"DISTRICT":"4","Shape_Leng":278333.506397,"Shape_Area":2627402608.26,"Shape__Area":328111812.16992188,"Shape__Length":98251.096153848324}},{"type":"Feature","id":5,"geometry":{"type":"Polygon","coordinates":[[[-81.7690091100714,30.4382946333483],[-81.7687086492903,30.4382763561379],[-81.7683293043055,30.4383098947324],[-81.7678046628841,30.4382304263046],[-81.7673843507905,30.4380746582927],[-81.7671967426732,30.4380238579866],[-81.7668979661558,30.4380293664698],[-81.7666563962451,30.4381508679566],[-81.7665191113842,30.4383167861719],[-81.7663385784595,30.4384904641783],[-81.7661494718432,30.4386754498944],[-81.7659158858899,30.438710593785],[-81.7657473047695,30.4388177050728],[-81.7656151891344,30.438936161148],[-81.7655606399715,30.4390493577857],[-81.7655506415599,30.4391887115213],[-81.7654401544681,30.439237392106],[-81.765312605881,30.4392309354062],[-81.7652396332149,30.4391710267441],[-81.7652363482326,30.4390488574544],[-81.7652077127196,30.4389313452609],[-81.7651487792439,30.43883802696],[-81.7651170862798,30.438818500186],[-81.7650820929379,30.4388168037976],[-81.7650425555352,30.4388280532467],[-81.7650131042453,30.4388556338755],[-81.7649873925004,30.4389097679767],[-81.7649780310416,30.4389562578554],[-81.7649404606019,30.4389737054812],[-81.7648679910127,30.4389829946899],[-81.764796234831,30.4389685809284],[-81.764657187714,30.4389093549827],[-81.7645654264512,30.4388048213728],[-81.7645296403232,30.4386586809369],[-81.7645695028496,30.438495503168],[-81.7645905535005,30.4383834016205],[-81.764551589391,30.4383250793829],[-81.7644838046725,30.4382977752844],[-81.7642264931417,30.4382379380719],[-81.7641366344114,30.4382158388997],[-81.7640160711434,30.438187033132],[-81.7639326550268,30.4381814343562],[-81.763780564738,30.4382407324688],[-81.7635530121631,30.4382965082849],[-81.762308212426,30.4362466615723],[-81.7613280016223,30.434645548994],[-81.7587198371208,30.4304467157947],[-81.7565070665301,30.4268517938547],[-81.7543112627735,30.4232759789043],[-81.7535631200833,30.4220457858863],[-81.7527306505059,30.4207111353349],[-81.7514959082096,30.4186969242686],[-81.7498586701847,30.4160019966672],[-81.7488096571638,30.4143379378879],[-81.7483568368753,30.4135793858908],[-81.7478080867314,30.41268528255],[-81.7475632802918,30.4122701017849],[-81.7474973166016,30.4121582299028],[-81.7474186477053,30.412024809256],[-81.7471961288595,30.4116474200089],[-81.7471254459811,30.4115300543213],[-81.746942233864,30.4112156000647],[-81.7468327349799,30.410999704207],[-81.7466050197311,30.4106032478715],[-81.7460578928812,30.4096401610858],[-81.7456157887405,30.4088945973693],[-81.74558713245,30.4088457286348],[-81.7452794559571,30.4082570336831],[-81.7450383212646,30.4078322396226],[-81.744906617989,30.4075804971901],[-81.7448744590135,30.4075229406775],[-81.7447009195519,30.4072269867334],[-81.7445464545016,30.4069364218426],[-81.7443856256642,30.4066431435412],[-81.7442055358632,30.4063197314129],[-81.7427458703968,30.4037022824672],[-81.7415045630394,30.401567485533],[-81.7414485938687,30.4014365155207],[-81.7411898496586,30.4009506375409],[-81.7410321919467,30.4006545871501],[-81.7409337908505,30.4004734468371],[-81.7407527174503,30.4001530162905],[-81.7406820462948,30.4000351893254],[-81.7402934950761,30.3993435735124],[-81.7401676251706,30.3991170269245],[-81.7399939897699,30.3988045687743],[-81.7398331882791,30.3985112840578],[-81.7396691746717,30.3982125192446],[-81.739486091426,30.3979085914191],[-81.7393601021184,30.3976988482449],[-81.738973766755,30.3969597210598],[-81.7383901852625,30.395898957181],[-81.7382289717081,30.3956198782602],[-81.7379722170986,30.3951834726343],[-81.7378530188182,30.3949731220831],[-81.7376762691618,30.3946661779614],[-81.7375766704026,30.39449627136],[-81.7373162845519,30.3940330773206],[-81.7372197760144,30.3938521559314],[-81.7371554371902,30.3937315416263],[-81.7369816354305,30.3933943345697],[-81.7368724421564,30.3932134844572],[-81.7367860648261,30.3930792459302],[-81.73662198733,30.392769479259],[-81.7364483129111,30.39244876761],[-81.736374440945,30.3923254571313],[-81.736262037299,30.3921391246747],[-81.7360915789307,30.3918238933448],[-81.7359147777486,30.3915086983998],[-81.7357411295847,30.3911907350402],[-81.7355675031618,30.390875520788],[-81.7354325321138,30.3906398247261],[-81.7352171842147,30.39025885711],[-81.7351010114724,30.3900626933274],[-81.7348990116529,30.3896990634437],[-81.7346925178137,30.3893352293613],[-81.7345513268849,30.3890800908183],[-81.7344097696047,30.3888112076204],[-81.7342525801809,30.388537141353],[-81.7342364972697,30.3885069873611],[-81.7340664583558,30.3882107680228],[-81.7339027837018,30.3879172630784],[-81.7337970369112,30.3877363898551],[-81.7337528616623,30.3876250545077],[-81.7336212923651,30.3873836091532],[-81.7334417451056,30.3870876714276],[-81.7333084642665,30.3868645643648],[-81.7320127349062,30.3844628137667],[-81.7301320263293,30.3811801259427],[-81.7289541234411,30.3790730244455],[-81.7267403865051,30.3751460066689],[-81.7266467206747,30.3749798825808],[-81.7242218742115,30.3706789841669],[-81.7240709024666,30.3704158687282],[-81.7239231850116,30.3701639612927],[-81.723771848353,30.3698870999911],[-81.7233925197125,30.3692215280453],[-81.7231386723607,30.36880248749],[-81.7229398676535,30.3685018296279],[-81.7227347823866,30.3682094537704],[-81.722520247955,30.3679253783084],[-81.7223764599752,30.3677396652893],[-81.7223508519494,30.3677068128099],[-81.722114388178,30.3674228578387],[-81.7219064813878,30.3671772386083],[-81.7216701615219,30.3669125285035],[-81.7212580505702,30.3664570103905],[-81.7211972029651,30.3663748610933],[-81.7209834444823,30.3661595162245],[-81.720696501352,30.3659088319303],[-81.7203839736526,30.36562827169],[-81.7200495378175,30.3653505817748],[-81.719810519283,30.365148892455],[-81.7166415346388,30.3625919438651],[-81.7156833306128,30.361818758212],[-81.7152994432145,30.3614952713279],[-81.7149648126039,30.3612230671028],[-81.7145381223867,30.3608850893498],[-81.7144011615092,30.3607766037202],[-81.7142863459623,30.3606839770843],[-81.7142746354621,30.3606742842966],[-81.7141909185372,30.3606049919464],[-81.7139647468324,30.3604226979249],[-81.7136429822975,30.3601749363576],[-81.7135823462317,30.3601205063726],[-81.7134570702538,30.359881187442],[-81.7130498006427,30.3593429158949],[-81.712813176134,30.3589835067437],[-81.7127952917217,30.3589603813898],[-81.711818339816,30.3576974924194],[-81.711614935624,30.3575201100195],[-81.7114370397758,30.3573989543042],[-81.7112052704325,30.3572812992194],[-81.7109336753105,30.3571730244462],[-81.7105370220007,30.3571032184361],[-81.7095221580984,30.3570561058551],[-81.7085549944867,30.3570244066241],[-81.7051528908529,30.3567662515948],[-81.6971224337755,30.3568161063403],[-81.6881595846777,30.3569261780607],[-81.6864234157131,30.3569474283166],[-81.6851434980998,30.3569277004898],[-81.6848261135125,30.356901642003],[-81.6845381150654,30.3568583688678],[-81.6841440728791,30.3567676454324],[-81.683781779937,30.3566512143483],[-81.6811731354123,30.3557106740712],[-81.6808299000658,30.3556475020473],[-81.6805555423409,30.3556138174498],[-81.6801480465154,30.3555792870096],[-81.6797522609421,30.3555713497643],[-81.6759083352612,30.3556040499561],[-81.6759077644099,30.3556506810865],[-81.6759001310847,30.3560775835204],[-81.675927319636,30.3567657411697],[-81.6759539377325,30.3574477152696],[-81.675974800585,30.3581379667067],[-81.6759783112914,30.3581874398929],[-81.6759771842476,30.3584846237871],[-81.6759855291137,30.3587760296196],[-81.6759859072408,30.3588310189396],[-81.6759939512543,30.3590786631416],[-81.6760023356517,30.3593757978069],[-81.6760064892709,30.3595187512827],[-81.6760107374434,30.3596754518577],[-81.6760155733545,30.3599176144823],[-81.6760330912023,30.360159711509],[-81.6760303556189,30.3602229645729],[-81.6760193565335,30.3604677285616],[-81.6760340822001,30.3607648303646],[-81.6760350843745,30.3609105496253],[-81.6760393720979,30.3610729790248],[-81.6760430232164,30.3616038470663],[-81.6760477538975,30.3622916610898],[-81.6760560632836,30.3625777979229],[-81.6760582002345,30.3628884831948],[-81.6760620153577,30.3629821761637],[-81.6760761727426,30.363196565251],[-81.6760783302982,30.3635102290292],[-81.6760825599734,30.3636641800836],[-81.6760867155984,30.3638073634794],[-81.6760887203544,30.3640988018586],[-81.6760965846478,30.3643585913792],[-81.676096186872,30.3646848702686],[-81.6761046471342,30.3649948344485],[-81.6761046653858,30.3649955217331],[-81.6761140550318,30.3654386043868],[-81.6756697815916,30.3653084668431],[-81.6752508759761,30.3651784258436],[-81.6751717042623,30.3651540892049],[-81.6748195720024,30.3650511961162],[-81.6744326777752,30.364964979451],[-81.6743818706394,30.3649540144185],[-81.67432791228,30.3649460442673],[-81.6742742191884,30.3649380727252],[-81.6741694940815,30.3649248653651],[-81.6741155556523,30.3649196445397],[-81.6740111136585,30.3649091851087],[-81.6739257315969,30.3649038972253],[-81.6737481564463,30.3649020632039],[-81.6736881975477,30.3649051217866],[-81.6736057611719,30.3649055466706],[-81.6726908213647,30.3649180491549],[-81.6721907081184,30.3649286415908],[-81.6720321749714,30.3649292276953],[-81.6717032193162,30.3649306895563],[-81.6712028040503,30.3649357807304],[-81.6707977541744,30.3649376310634],[-81.670702615388,30.3649353697907],[-81.6698161175808,30.3649339586105],[-81.6689506046387,30.3649395107759],[-81.6688354007467,30.3649402491983],[-81.6687175576293,30.3611601364721],[-81.6685838342364,30.3560385597919],[-81.6685022479719,30.3522997010792],[-81.6684459199437,30.3515130065187],[-81.66835431968,30.348332625927],[-81.6683172612819,30.3473304248376],[-81.6682243980234,30.3444703656925],[-81.668162258295,30.3429582773575],[-81.6680919559371,30.3410517298758],[-81.6681152491723,30.340279296486],[-81.6681681211041,30.339660184834],[-81.6682339212109,30.339263789255],[-81.6684559974559,30.338346768782],[-81.6689131034518,30.3371090339165],[-81.6697054897172,30.3355796325644],[-81.6705590741475,30.334586631136],[-81.6720504039772,30.3331080828753],[-81.6727469599698,30.3324950819465],[-81.6741143543769,30.3309726501076],[-81.6745305015691,30.3306288257152],[-81.675128916252,30.3301463364772],[-81.6759137699862,30.3295578171527],[-81.6767494750278,30.3288875869299],[-81.677326484487,30.3284380927159],[-81.6781785307787,30.3277234867533],[-81.6786392645764,30.3273046757096],[-81.6790461439121,30.3268114010547],[-81.6795210690539,30.3260721892592],[-81.6800053195227,30.3249022701473],[-81.6805737694273,30.3235458089169],[-81.6810581607194,30.3223417512669],[-81.6812126778708,30.3219576575385],[-81.6814737232305,30.3212927629415],[-81.6816219888791,30.3209182623902],[-81.6816250295474,30.3207960474926],[-81.6816192545362,30.3203879785177],[-81.68152936055,30.3198474554868],[-81.6814008530541,30.3195168278017],[-81.6810763490403,30.3190204064603],[-81.680708923575,30.3186700862455],[-81.6803340630678,30.3184478094125],[-81.6803415534322,30.3184259609149],[-81.6802893905682,30.3184027339485],[-81.6800849861221,30.318338475446],[-81.6798773069942,30.3182473120172],[-81.6792713396028,30.3180066551431],[-81.6764802896677,30.3168282484271],[-81.6747425636482,30.3160743352651],[-81.6738904518116,30.3158276281782],[-81.6734771745125,30.3157272431472],[-81.6707839856076,30.3150629665865],[-81.6682259465916,30.3144332369007],[-81.667238973087,30.3141902509554],[-81.6662471329254,30.3140346703914],[-81.6660027743777,30.3140239737028],[-81.6657440986844,30.3140126502997],[-81.665295593918,30.3139930157379],[-81.6642714273519,30.3139453668691],[-81.664114812267,30.3139413168836],[-81.6641219543484,30.3136878646349],[-81.6641309630169,30.3133681586336],[-81.6659776450334,30.3134021868503],[-81.6681894180863,30.3138890020447],[-81.6701214548449,30.3143142123742],[-81.6710384486869,30.3145160163213],[-81.6711041226361,30.3143849527972],[-81.6772882332627,30.3020418358491],[-81.6807348280745,30.2951611911876],[-81.6804554222432,30.284777562109],[-81.6948051953542,30.2934890101361],[-81.6994500384678,30.2963081220316],[-81.7004873209662,30.297178991167],[-81.7006567500109,30.2973151037131],[-81.7009826547902,30.2975848752924],[-81.7012193741248,30.2977891359401],[-81.7012930000321,30.2978572507195],[-81.7015743150061,30.2980942652608],[-81.7019567517502,30.2984411774348],[-81.7021568966772,30.2986256974497],[-81.7024535798588,30.2988697314424],[-81.7026995690326,30.2990769173134],[-81.7030703362719,30.2994154110247],[-81.7041784304484,30.3003204676803],[-81.7042518175382,30.3003915606756],[-81.7044562897382,30.3005524544748],[-81.7049547006835,30.3009777823138],[-81.7052711220149,30.3012473647721],[-81.7056820742868,30.3015902167712],[-81.705739463007,30.3016393988974],[-81.7060704939659,30.3019205869803],[-81.7062392298635,30.3020681512624],[-81.7064363548254,30.3022345796729],[-81.7068088406386,30.3025515150832],[-81.7070157373994,30.30271789071],[-81.7071971494749,30.3028653852215],[-81.707203526163,30.3028708498259],[-81.7075662058015,30.303182107801],[-81.7079291715328,30.3034961118147],[-81.708018466129,30.303575365148],[-81.7082889725925,30.3038103619415],[-81.7085849257004,30.3040587388956],[-81.7086994449163,30.3041571018765],[-81.7088681869328,30.3043044334761],[-81.7091704621662,30.3045502544038],[-81.7093699729319,30.3047164361702],[-81.7093933500568,30.3047357852877],[-81.7094664009501,30.3047958789336],[-81.7097562668771,30.305041536611],[-81.7101093788794,30.3053420692621],[-81.7102050324568,30.3054238078414],[-81.7104786980713,30.3056560323544],[-81.7106054255597,30.3057623467814],[-81.7106346521254,30.3057871629641],[-81.7108128850722,30.3059316917866],[-81.7108806278179,30.3059876891527],[-81.7108986929472,30.3060027134263],[-81.7110833054333,30.3061529344944],[-81.7111986250633,30.3062517491101],[-81.7114176159802,30.3064450888355],[-81.7117677512582,30.3067344066794],[-81.7118791278952,30.3068355333954],[-81.7121084430308,30.3070320226331],[-81.7123184887747,30.3071931024991],[-81.712541086386,30.3073733594695],[-81.7128257244267,30.3076243084899],[-81.7129242012689,30.3077111110223],[-81.7129485047171,30.3076953564404],[-81.7131845000371,30.3075373462866],[-81.7133263971918,30.3074403392746],[-81.7136664636306,30.3072132526646],[-81.7137828653718,30.3071328804895],[-81.7152161916788,30.306215187005],[-81.715247739058,30.3061957678621],[-81.7153801232647,30.3061347836503],[-81.7155784104425,30.3059852248614],[-81.7156162751097,30.3059630215541],[-81.7158936381266,30.3057937822018],[-81.7159817179315,30.3057410592308],[-81.7161362055805,30.305632982193],[-81.7167221124211,30.3052615656202],[-81.7169205548118,30.3051340002006],[-81.7172731394593,30.304887588118],[-81.7175094441395,30.3047378180344],[-81.7176290495505,30.3046629248653],[-81.7177520664204,30.3045852633466],[-81.7181204691702,30.3043360127095],[-81.7181551650142,30.3043138260649],[-81.7181927643963,30.3042916234753],[-81.7182306077716,30.3042666700067],[-81.7182684711724,30.3042444659464],[-81.7183031458651,30.30421952985],[-81.7183410092312,30.3041973257691],[-81.7184226688008,30.3041336382989],[-81.718592528791,30.3039979787012],[-81.7186492233245,30.3039509244559],[-81.7186838804718,30.3039234679542],[-81.7187217035231,30.3038957649275],[-81.7187563378615,30.3038653298756],[-81.7188253223615,30.3038017117764],[-81.7188599566349,30.3037712766977],[-81.7189134020386,30.3037132429737],[-81.7190201891278,30.3036191722637],[-81.7190893771361,30.3035473043209],[-81.7191428222774,30.3034892696033],[-81.7193247551369,30.3032712859683],[-81.7193655857738,30.303221569991],[-81.7194032477592,30.3031718714211],[-81.7194626050697,30.3030918087394],[-81.7196319443621,30.3028491472528],[-81.7196787072378,30.3027801518502],[-81.7197287832276,30.3026946410328],[-81.7199224407696,30.3023471341742],[-81.7202034581268,30.3017047165767],[-81.7202882905935,30.3013891994025],[-81.7203440775583,30.3010738411475],[-81.7203850653586,30.3007207582888],[-81.7203981136968,30.3005190542621],[-81.7201411012224,30.2991342445685],[-81.720033184525,30.2982778994419],[-81.719957140211,30.2971938541328],[-81.7199743242864,30.2965100418266],[-81.7199820380137,30.2961166458412],[-81.720010489367,30.2946655905626],[-81.720027976831,30.2937818930475],[-81.7200282203965,30.2937813676004],[-81.7200280108495,30.2937801464379],[-81.7200280382013,30.2937787679127],[-81.7200599341421,30.2920367595114],[-81.7204557160522,30.2920364145824],[-81.7206328925559,30.2920379596142],[-81.7207216431752,30.2920427408824],[-81.7208734719966,30.2920441960339],[-81.7213769744306,30.2920432549912],[-81.7218485688735,30.2920477579281],[-81.7220384183834,30.2920492311636],[-81.7227222631623,30.2920493521088],[-81.7231748083861,30.2920486855112],[-81.7236244705647,30.2920507828205],[-81.723988347839,30.2920563317847],[-81.7241753116175,30.2920603382863],[-81.7262261159275,30.2920336238868],[-81.7266406023267,30.2920276574059],[-81.7270902236629,30.2920242439703],[-81.7275554018516,30.2920179929845],[-81.7280174506212,30.2920170276871],[-81.7283015180381,30.2920129269363],[-81.7304051984567,30.291960419677],[-81.7304062179941,30.2920623757443],[-81.7304124211253,30.2923650195051],[-81.7304176361206,30.2928906098393],[-81.7304331762919,30.2938118465813],[-81.7304486332715,30.295256182501],[-81.7304527060925,30.2956275762261],[-81.7304562296498,30.2959604795914],[-81.7304650719716,30.296191619788],[-81.7304722814783,30.2968436778943],[-81.7304788309867,30.2971573176089],[-81.7304800821898,30.2975754680513],[-81.730488818836,30.2983622443615],[-81.7304886453613,30.2986594243622],[-81.7304920063192,30.2989703322589],[-81.7304983727346,30.2992592262426],[-81.7304999463301,30.2994358754999],[-81.7305139267058,30.3003956133909],[-81.7305147614837,30.300472595487],[-81.7305139359396,30.3006817932702],[-81.7305181319813,30.3010696831576],[-81.7305157820068,30.3011088770317],[-81.7305210171895,30.3017437611263],[-81.7305223014279,30.3019169741217],[-81.7305274864184,30.3021889200582],[-81.7305320217727,30.3024088568375],[-81.7305359836921,30.3025158371127],[-81.7305382057563,30.3028155239517],[-81.730537295657,30.3030845252236],[-81.7305408134954,30.3031672204882],[-81.7305729704684,30.3050110596529],[-81.730573663688,30.3051045396349],[-81.7306053333097,30.3068823923786],[-81.730614065571,30.3076325072635],[-81.7306259899907,30.3084213257933],[-81.7306272118845,30.3085860621631],[-81.7306369137438,30.3090751949445],[-81.7306379538344,30.3092154148279],[-81.7306398097074,30.3094656119849],[-81.7306481663809,30.3097377681134],[-81.7306529281116,30.3099879490231],[-81.7306570555083,30.3101171535544],[-81.7306631630023,30.3105132807699],[-81.7306680859019,30.3107497131355],[-81.7306756076664,30.3109448872378],[-81.7306815708805,30.3113215394235],[-81.7306862695305,30.3115277273632],[-81.7306871670186,30.3116487022357],[-81.7306984217676,30.3123470189114],[-81.7306995232839,30.3124954878488],[-81.7307055089047,30.3128751175649],[-81.7307101374721,30.3131074272039],[-81.7307111676352,30.3132462722946],[-81.7307177637121,30.313708155976],[-81.7307152067662,30.3137906559],[-81.7307098072745,30.3139171649431],[-81.7307117860731,30.314183857458],[-81.7307040755285,30.3144616030657],[-81.7307019673689,30.3146045899379],[-81.7306942096431,30.315267498745],[-81.7308171077539,30.3152090723415],[-81.7310220932491,30.3151089434575],[-81.7315582136193,30.3148614684779],[-81.7334568134302,30.3139796967112],[-81.7335641685606,30.3139268539272],[-81.7337091844154,30.3138600522543],[-81.7345387752462,30.3134816906724],[-81.7350085337818,30.3132618394197],[-81.7350432688256,30.3132451471534],[-81.7351159283221,30.3132144941932],[-81.7351506633304,30.3131978018988],[-81.7351883031716,30.3131810932722],[-81.7352545853919,30.3131452061575],[-81.7353240142438,30.3131063226775],[-81.7353555607704,30.3130868987292],[-81.7355737757141,30.3129559863463],[-81.7359326270818,30.3128087010868],[-81.7364847106967,30.3125803629482],[-81.7367621202932,30.3124550726665],[-81.7372163930851,30.3122492774887],[-81.7374403595386,30.3121462830684],[-81.737654859013,30.3120488406839],[-81.7378567237264,30.3119569673441],[-81.7380617390951,30.3118625564312],[-81.7382194036715,30.3117929289303],[-81.7384528941987,30.3116926285739],[-81.7386105180214,30.3116175017961],[-81.7388941979721,30.311483922174],[-81.7392853322173,30.3113114715747],[-81.7399856743928,30.3109942954478],[-81.7403009574533,30.3108495368835],[-81.7406225772508,30.3107047416967],[-81.7412850709935,30.3104125185926],[-81.7414806740237,30.3103316741682],[-81.7417865929138,30.3102064408867],[-81.7420232654653,30.3101088647918],[-81.7425563669897,30.3098886283376],[-81.7429633323285,30.3097160769932],[-81.7433482373885,30.3095599168139],[-81.7435533226133,30.3094762659266],[-81.7437331637048,30.3094067349389],[-81.743862425683,30.3093537592569],[-81.7441151397633,30.3092478396524],[-81.7445258831435,30.3090867183333],[-81.7450905779305,30.308855293788],[-81.7455923876523,30.3086544689888],[-81.7460938739694,30.3084460838505],[-81.7476925378208,30.3078135031204],[-81.7481693305628,30.3075885249615],[-81.7483576169438,30.3073106624414],[-81.7486287603396,30.30723349964],[-81.7491053395822,30.30708527672],[-81.7495566304285,30.3069454445955],[-81.7499919927129,30.3067947050537],[-81.7503834216921,30.3066659830481],[-81.750721066301,30.3065487956682],[-81.7511911128566,30.3063758561204],[-81.751427545525,30.306283764476],[-81.7519102212539,30.3061052517057],[-81.754869965727,30.3048724628517],[-81.756503371157,30.30420950618],[-81.7592829551764,30.3030812790895],[-81.7629068185175,30.3015333012574],[-81.7673039584084,30.2994067290641],[-81.7686177230764,30.2987441756571],[-81.7695772962603,30.2982734081696],[-81.7701805782958,30.2979946785027],[-81.7705877232247,30.2977946549523],[-81.7707469110827,30.2977164478467],[-81.7709164326195,30.2976331641573],[-81.7725471151444,30.2968320080807],[-81.7730773770328,30.2965757617926],[-81.7732147078538,30.2965101474582],[-81.7738357205772,30.2961719517454],[-81.7762476034825,30.2949813318264],[-81.7771486028945,30.2945587450621],[-81.7775749496317,30.2943486243943],[-81.7780055568724,30.2941432877745],[-81.781361523173,30.2925533203063],[-81.7817933813587,30.2923745434207],[-81.78229788861,30.2921678348774],[-81.7827358594112,30.2919945174036],[-81.7831677580763,30.2918214630348],[-81.7836345472266,30.2916534691682],[-81.784010496793,30.2915162137511],[-81.784057089472,30.2914994862817],[-81.7841013128828,30.2914827242776],[-81.7845650637087,30.2913314706288],[-81.7850253999254,30.2911827571192],[-81.7855239320261,30.2910230438479],[-81.7859720111231,30.290893646288],[-81.7864450624585,30.2907505796226],[-81.7869406632456,30.2906211232554],[-81.7874044251176,30.2905053741022],[-81.7879000233339,30.2903759141414],[-81.7883261628869,30.2902771153147],[-81.7954362819322,30.2885983656939],[-81.7956695058538,30.2885444783561],[-81.7961326283597,30.2884174760885],[-81.7965801510499,30.2882878176185],[-81.7970242626745,30.2881609270085],[-81.7974746192624,30.2880229997139],[-81.7979186394742,30.2878851095071],[-81.7981422670403,30.287820278247],[-81.7981433168966,30.2878198956821],[-81.8020421331267,30.2863985412888],[-81.8026433382307,30.2861769566663],[-81.8031310721687,30.2859947887161],[-81.8034079252661,30.2858856289003],[-81.8066336247617,30.2845980358304],[-81.8080088786154,30.2840490457277],[-81.8082418185719,30.2839628311801],[-81.8146329907225,30.2815596909646],[-81.8182192338729,30.2802138086534],[-81.8218621226584,30.2788597778575],[-81.8234504810154,30.2782693553775],[-81.826586693465,30.2771182507171],[-81.8275650590042,30.2767591339329],[-81.8277161173659,30.276702958875],[-81.8278263990763,30.2766637685395],[-81.8283207042266,30.2764894854357],[-81.8298439385866,30.2759281046333],[-81.831775769993,30.2751436915869],[-81.8358321865949,30.2733114311061],[-81.8371910778723,30.2726811314571],[-81.8387174434471,30.2719732164464],[-81.8398066319211,30.271480488571],[-81.8404228823406,30.271186690235],[-81.8445769280845,30.2692828652822],[-81.848710089704,30.2673884088064],[-81.8539400752919,30.2650216805857],[-81.8540928841767,30.2648902983325],[-81.8559641330194,30.2640250154608],[-81.8622129355639,30.2610675516644],[-81.8652296250212,30.2596905655563],[-81.8668564690371,30.2589685733783],[-81.8675692220019,30.2586335134934],[-81.8684342649874,30.2581930312786],[-81.8704075442918,30.2571743752755],[-81.8723937933537,30.2561385761173],[-81.8731344768782,30.255754619358],[-81.8731463003197,30.2557485832928],[-81.8738712917345,30.2553839780234],[-81.8856031460362,30.2492627361621],[-81.88647394228,30.2488091356098],[-81.8873935911763,30.2483302238251],[-81.8891474883924,30.2474164944966],[-81.8897729031011,30.247089182294],[-81.9028368131049,30.239904260794],[-81.9174050889443,30.2314821720845],[-81.9183732782559,30.2309222823782],[-81.9159344896625,30.2309320196313],[-81.9159201713883,30.2268252854313],[-81.9159134047815,30.2245008598249],[-81.9158883903672,30.2243572607737],[-81.9158445844587,30.2242166354404],[-81.9158103293423,30.2241304190728],[-81.9157659009354,30.2239778556125],[-81.9157490600649,30.223896396812],[-81.9157318522793,30.2237155762673],[-81.9157834743983,30.2200741540043],[-81.9157405456584,30.2165589652442],[-81.9072797390266,30.2166790558584],[-81.9072703024516,30.2148544560301],[-81.9093598796098,30.2148221507522],[-81.9093550415563,30.213002446282],[-81.9072659730425,30.2130341520832],[-81.9072673850478,30.2111486307777],[-81.9031861609005,30.2111819241328],[-81.899051107347,30.2111812973536],[-81.8990029875697,30.1930064080964],[-81.9012502872766,30.1929646593627],[-81.9011170095185,30.1875038577483],[-81.9011127282045,30.1873284242249],[-81.9012922688458,30.187324689083],[-81.9106902661342,30.1871336499621],[-81.9119713783741,30.1870927010415],[-81.9133572858398,30.1871707543171],[-81.9134122740004,30.1871946551036],[-81.9135744677599,30.1872393009752],[-81.9136703345736,30.1872656889582],[-81.9154094041882,30.187220728689],[-81.9164433198598,30.187186799667],[-81.9166603985142,30.1871703055555],[-81.9168392692774,30.1871567149391],[-81.9169883558856,30.1871356557096],[-81.9177463271436,30.1868996567684],[-81.9182423916527,30.1868237763579],[-81.9185783391865,30.1868237764635],[-81.9189253173522,30.1868346396289],[-81.919802114723,30.1868830506088],[-81.9204843794569,30.1869207162902],[-81.9223713664085,30.1869736989673],[-81.9241493794645,30.1870146472679],[-81.9258973082602,30.1870037831547],[-81.9272013181986,30.1869957606063],[-81.9273833314966,30.1869907463659],[-81.9328532530371,30.1868267843412],[-81.9332062481755,30.186802716395],[-81.9346183966374,30.1867866710725],[-81.9354313548662,30.1867647760794],[-81.9359033530773,30.1867166400495],[-81.9360703234622,30.1866847168068],[-81.9365822663287,30.186529779793],[-81.9373143311013,30.1865137351145],[-81.937469267235,30.1865506724456],[-81.937612337406,30.1866096714942],[-81.9379163612203,30.1867497338904],[-81.9380153070087,30.1867766430585],[-81.9381084026531,30.1867866712098],[-81.9386303742147,30.1867866711862],[-81.9396552638836,30.1868017134905],[-81.9408653422475,30.1867156372459],[-81.9410762708951,30.1866676683642],[-81.9412863627491,30.1866377510038],[-81.9414992964585,30.1866267202339],[-81.9417134004123,30.1866267202128],[-81.9469583553268,30.1865466610019],[-81.9482322795193,30.1865277740114],[-81.9493953923907,30.1864306666753],[-81.9528533084661,30.1863176818337],[-81.9555283509349,30.1863477658999],[-81.9596332576065,30.1863547861013],[-81.9601343369382,30.1863756784293],[-81.9637852973421,30.1865147364622],[-81.9700773704767,30.1866977525528],[-81.9700917656013,30.186697267211],[-81.9701207375043,30.1866962906687],[-81.9779622687746,30.1864316686577],[-81.9788153397708,30.1864366834425],[-81.9826839542007,30.1864598050655],[-81.9880473691811,30.1864916712954],[-81.9898843820726,30.1864386886701],[-81.9905363870694,30.1863696601535],[-81.9910035844607,30.1863549984672],[-81.9910103897186,30.1863547846749],[-81.9941983779876,30.1862317713793],[-81.9959864198462,30.1862707148522],[-82.0013644156702,30.1863917220406],[-82.0026293151368,30.1864097731467],[-82.0029833140902,30.1863997444178],[-82.0034344193486,30.1863927252863],[-82.0059754160814,30.1863957336379],[-82.0111123996881,30.1864896651152],[-82.0116524227975,30.1864906676971],[-82.0123453763829,30.186559695357],[-82.0141863999241,30.1867176411568],[-82.0147196038998,30.1867158802232],[-82.0159121683347,30.1867539084861],[-82.0159120686135,30.1868059047312],[-82.0203264772299,30.1868307819168],[-82.0262265280308,30.186839860009],[-82.0320519581397,30.1868561226215],[-82.043566880059,30.1868875069482],[-82.0491982993612,30.1869029139589],[-82.049182851728,30.1887921541425],[-82.0491500748838,30.1928010392032],[-82.0491363948778,30.1944742800553],[-82.0490824313386,30.2012557957533],[-82.0491191269712,30.2139311152346],[-82.0491263080338,30.2158188408355],[-82.0491432958994,30.2202830462045],[-82.0491523460001,30.2253941910162],[-82.0491707884675,30.2357929046539],[-82.049178934301,30.2403788128924],[-82.0491801177176,30.2410446417726],[-82.0492143285947,30.2468667231239],[-82.049303743658,30.2581484320652],[-82.0493581112807,30.2649800773722],[-82.0493861107668,30.2684973412015],[-82.0493876683795,30.2686930166918],[-82.0493889090983,30.2688489336319],[-82.0493908896826,30.2690976565809],[-82.0494242107337,30.2732822748738],[-82.0492375853658,30.2734486772034],[-82.0488057523417,30.2738337112873],[-82.0478551637564,30.2746812788694],[-82.0472594218709,30.2752124441821],[-82.0468666679213,30.2755626211589],[-82.0434448973117,30.2786132962265],[-82.0430886949942,30.2789308515424],[-82.0389907775272,30.2825839503658],[-82.0379950400694,30.2834715438111],[-82.0378445402917,30.283605696184],[-82.0375820772843,30.2838396501313],[-82.0374472742928,30.2839598105574],[-82.0359846308335,30.2852421361221],[-82.0317323418667,30.2889670398262],[-82.0272399961523,30.2929017781992],[-82.025043822196,30.2948251851076],[-82.0246971712448,30.2951265846121],[-82.024587722688,30.2952214613016],[-82.0242929831575,30.2954769552678],[-82.0240367802283,30.2956990367145],[-82.0188181071567,30.3002223538396],[-82.0180067501056,30.3009255477087],[-82.01583990733,30.3028034513358],[-82.0156736927746,30.302967404056],[-82.0127551139287,30.3058461461257],[-82.0119300586909,30.306659897467],[-82.0105826472255,30.3079664154187],[-82.0085497792135,30.3099374941651],[-82.0074670143572,30.3108664555874],[-82.00616666061,30.311987644436],[-82.0012498135324,30.3163339267512],[-81.993592994332,30.3231011082779],[-81.9860604693913,30.3298232325715],[-81.9814246276929,30.3339746481094],[-81.9778699636298,30.3371575220289],[-81.9760698290589,30.3387607042722],[-81.9668440136332,30.3469276402943],[-81.964817838012,30.3487018536423],[-81.9641341135033,30.3492996504393],[-81.9633092624014,30.350020812361],[-81.9621942789543,30.3509940355778],[-81.95849372206,30.3542116840716],[-81.9581727594192,30.3544907475985],[-81.9571213992592,30.3554048445293],[-81.9564457891369,30.3559922365818],[-81.9525958890439,30.3593392338714],[-81.9517668919033,30.3600622018467],[-81.9503996268175,30.3612674815257],[-81.9480559792571,30.3633333692135],[-81.9472038748221,30.3640844532112],[-81.9465969608865,30.3646219619539],[-81.9462483155381,30.3649326712748],[-81.9441441453581,30.3667841643939],[-81.9386608941208,30.3715866171326],[-81.9380733345539,30.3721011858034],[-81.9356370039455,30.374234772585],[-81.9351550804954,30.3746679446627],[-81.9319032709508,30.3775906565157],[-81.927763844595,30.3813107907113],[-81.9234812634746,30.3851591492946],[-81.9196738851909,30.3886037068037],[-81.9173546081872,30.3907033711303],[-81.9168327922166,30.3911729044397],[-81.9045308893637,30.4022477601484],[-81.8994274048765,30.4068346543629],[-81.8942150249533,30.4112479397033],[-81.8909319993945,30.4140273479814],[-81.8878610619426,30.4167362275419],[-81.8853617186824,30.4189407419986],[-81.8823834926774,30.4215674574698],[-81.8812590354155,30.4224796960613],[-81.880332300098,30.4233879192072],[-81.8794044098638,30.4242339216406],[-81.8769769904954,30.4264470168375],[-81.8737362231132,30.4294014232914],[-81.8713804057116,30.4315489156005],[-81.8692969191206,30.4334480459122],[-81.8678307506843,30.4347844187979],[-81.8663853456386,30.4361018128924],[-81.8661963467374,30.4361010052784],[-81.8660619653771,30.4362206221145],[-81.8651163277521,30.4370623512032],[-81.8623713768192,30.4395048477227],[-81.8617020274198,30.4401006084655],[-81.8547032383226,30.4463293183357],[-81.8446479722089,30.455276176739],[-81.8417586457596,30.4578455410849],[-81.8390349071406,30.4603325133066],[-81.8374073269218,30.4618368113645],[-81.8373023638559,30.4619367594],[-81.8365572634119,30.4625947817702],[-81.8362682821929,30.4628478282316],[-81.8352532533529,30.4637338264069],[-81.8346707497638,30.4642428863207],[-81.8344653803566,30.4644224375208],[-81.8341946799737,30.4646591049927],[-81.8328071519821,30.4658721769354],[-81.8324947582998,30.4662562527967],[-81.8321228701958,30.4665906314758],[-81.8316682755346,30.4669993713462],[-81.8313791308238,30.4672593475741],[-81.8312032361585,30.467417497918],[-81.8279928369403,30.4703038879814],[-81.8235964918621,30.4742561212668],[-81.8234278124229,30.4743113521895],[-81.8233337944624,30.4743343515773],[-81.8232391572963,30.474385630229],[-81.8230021842926,30.4743994756829],[-81.8164393758961,30.4790538533563],[-81.811137600579,30.4811218221754],[-81.8054813140194,30.4833277362802],[-81.8049792320506,30.4838378408925],[-81.8047602816678,30.4839727217931],[-81.8039312770188,30.4845787639844],[-81.8034153224814,30.4849698667505],[-81.8029932999213,30.4852257546278],[-81.8020553220002,30.4858458360731],[-81.8010703780483,30.4865997947054],[-81.8009253022686,30.4867627542106],[-81.8006612244969,30.4870748006795],[-81.8004703528407,30.4874348161925],[-81.7997232465582,30.4897097303003],[-81.7996243006353,30.4900797733481],[-81.7995472501864,30.4903458569066],[-81.7915367205948,30.4757003237563],[-81.7892342818574,30.4716990729342],[-81.7701812294178,30.4387417809668],[-81.7697502070241,30.4384885493717],[-81.7694170633915,30.4384048061112],[-81.7690091100714,30.4382946333483]]]},"properties":{"FID":5,"DISTRICT":"5","Shape_Leng":425576.72295,"Shape_Area":6202819811.01,"Shape__Area":775893015.234375,"Shape__Length":150506.65268772547}},{"type":"Feature","id":6,"geometry":{"type":"Polygon","coordinates":[[[-81.616307287034,30.5803188630676],[-81.6158232559818,30.5802428156842],[-81.6148722411425,30.5802508387083],[-81.6143412440364,30.5803018157786],[-81.6138303032965,30.5804707922484],[-81.6132591935028,30.5807248418546],[-81.6124931996064,30.581350772594],[-81.6117262040849,30.5819947553467],[-81.6107623197999,30.5831287860191],[-81.6097222207849,30.5845427726197],[-81.6083252823693,30.5854907787174],[-81.6081013176764,30.585585880093],[-81.6078892196151,30.5856288341963],[-81.60733031056,30.5856567468806],[-81.6063672614719,30.5856027611997],[-81.6056422180524,30.5855758518483],[-81.6048712109917,30.5854008580647],[-81.6043311880491,30.5850157728289],[-81.6040783082693,30.5846728054349],[-81.6040432090225,30.5843858301014],[-81.6040602572917,30.5840677662782],[-81.6042071719158,30.5835927610887],[-81.6044973233491,30.5831588707113],[-81.6048051908218,30.5827007459104],[-81.606000227122,30.5812257537821],[-81.6068472812254,30.5803098378484],[-81.6107822089483,30.5773897721973],[-81.6110641706954,30.5771118220531],[-81.6111271817016,30.5768077982723],[-81.6110862330042,30.5765507397009],[-81.611047289746,30.576338809318],[-81.6109461715772,30.5761598041681],[-81.6107033204822,30.5759338339606],[-81.6086112550038,30.5750468327996],[-81.6071681861567,30.574496782553],[-81.604745188611,30.5735668275318],[-81.6045482994951,30.5735668273608],[-81.604071288463,30.573377794532],[-81.6036781801596,30.5731168924373],[-81.6015732450685,30.5710308436601],[-81.6010432505555,30.5678238024843],[-81.6021222925067,30.5667427545733],[-81.6088352190436,30.5655468828862],[-81.610619249223,30.5653247565721],[-81.6111632826797,30.5651128254175],[-81.6114163297563,30.5648968834857],[-81.6130771793545,30.5642348497492],[-81.6134022620128,30.5638688180839],[-81.6138501919908,30.5633628911096],[-81.6142242463851,30.5628487750138],[-81.6141923231824,30.5622418978855],[-81.6120532919047,30.5583938817261],[-81.6103621911233,30.555491866663],[-81.609568285574,30.5548077716112],[-81.6088221820328,30.5533428075737],[-81.6057762612185,30.5545548923278],[-81.6034832959301,30.5593898571374],[-81.598202240355,30.5612708266448],[-81.588431191924,30.5665787928157],[-81.5840511761276,30.5661487472186],[-81.5832871887521,30.5655667725073],[-81.5829632747129,30.5644527989503],[-81.5848211798998,30.558543805949],[-81.5874402308598,30.5533518341688],[-81.5883543078005,30.5516677529383],[-81.5883482904386,30.5515728181761],[-81.5890211881162,30.550256774382],[-81.5891931723706,30.5499457312482],[-81.5880832094599,30.5482218703156],[-81.5854013149989,30.5443987586338],[-81.5772892761162,30.5380318084208],[-81.5772481603315,30.538070751105],[-81.5772202484909,30.5380438419467],[-81.567820245502,30.5366437279881],[-81.5619202779547,30.5417437737012],[-81.5552202213761,30.5445438349529],[-81.5509202645701,30.5430437727158],[-81.5492203038743,30.53194381089],[-81.5437411888189,30.5250757813232],[-81.5429182017061,30.5240438721912],[-81.5315182274401,30.5266438688314],[-81.5248181707985,30.5338438350495],[-81.5207182778891,30.5439438114719],[-81.5208422950585,30.5466638132105],[-81.5210182915403,30.5505437524034],[-81.5238181851662,30.5563437709492],[-81.5157432518817,30.5654058206756],[-81.5154542714109,30.5657947506073],[-81.5146082190826,30.5672628899862],[-81.5120072192904,30.5667808648165],[-81.5093102815886,30.5662117596836],[-81.5026892805084,30.5646717516727],[-81.4994631850984,30.5641477741607],[-81.4901191728837,30.5558157835103],[-81.4879162948461,30.5429438263148],[-81.4802692340911,30.5345927815264],[-81.4693272172346,30.5304427476956],[-81.4676082039376,30.5297748655386],[-81.4592401043571,30.5265233886441],[-81.4558482137878,30.525204813815],[-81.4535141333332,30.5224717751532],[-81.4508161931848,30.5192408331335],[-81.4499982194124,30.5182558891924],[-81.4476611304225,30.5156147764719],[-81.4473071322103,30.5151987706603],[-81.4445662373713,30.5119888875077],[-81.4421111491696,30.5091388516049],[-81.4423272586206,30.5086028408113],[-81.4429991529577,30.5079618671197],[-81.4433342644114,30.5076518255332],[-81.4440061588629,30.5068667797038],[-81.445348275392,30.5055448852608],[-81.4461401753219,30.5047188900996],[-81.4470372040404,30.5037397964531],[-81.4435331577856,30.5006358786453],[-81.4402052753525,30.4976867302725],[-81.4397232497374,30.497314848734],[-81.4365352612598,30.4947268854186],[-81.4324131384612,30.4865448180436],[-81.4246691382145,30.4839028692795],[-81.4236841947691,30.4836028569282],[-81.4113201679115,30.4821088111147],[-81.4108132386195,30.4820447974577],[-81.4103372300393,30.4745448193478],[-81.40986222309,30.4670458430674],[-81.4093872167659,30.4595458646499],[-81.4087322127118,30.4557237660354],[-81.4081892962192,30.4526254023901],[-81.4078072421267,30.4508460869363],[-81.4068444283502,30.4452993515146],[-81.4052477186208,30.4411570604933],[-81.4030188861347,30.4345698139743],[-81.4021965716947,30.4262778604962],[-81.3995036713317,30.4038606221078],[-81.3953408607292,30.4027763906613],[-81.3866651771704,30.4018222272857],[-81.3866253894522,30.397430701584],[-81.3882694025924,30.3975353685017],[-81.3906313126058,30.3973282739624],[-81.3924457849783,30.3969185209723],[-81.3970075355536,30.4004186857251],[-81.4002608896077,30.4012585400179],[-81.403831013864,30.4020773670164],[-81.4090044464417,30.4031966100147],[-81.4145591883793,30.4038021679486],[-81.4197846410867,30.4038602583791],[-81.4242372398768,30.4027305586918],[-81.4282709544854,30.4004071041281],[-81.4313846014274,30.3978874046449],[-81.4333018383348,30.3950131114442],[-81.4352627916955,30.3916606516626],[-81.4377284800274,30.3881869737899],[-81.4409745007112,30.3845911195858],[-81.4443644172367,30.3823888378464],[-81.4467027802145,30.3813452158029],[-81.4489989742882,30.3811381818168],[-81.452125045748,30.3815655613331],[-81.4551056006043,30.3819854939473],[-81.4588507151117,30.3829937470417],[-81.4653246024685,30.387195053748],[-81.4710553350865,30.3912235878772],[-81.4762770958285,30.3930078198377],[-81.4820194636611,30.3935345548996],[-81.4864401223512,30.3929931964121],[-81.4915391031919,30.3912165957468],[-81.4980880077186,30.3898451243111],[-81.5017761265201,30.3902646833799],[-81.5062879785276,30.3921417368566],[-81.5121861467748,30.3922328689627],[-81.5197892673339,30.3911072466096],[-81.5298398931301,30.3889210336316],[-81.5345421802135,30.3878978932078],[-81.5389707953902,30.3831662690286],[-81.5382099032687,30.3771196233091],[-81.5396646011637,30.3739571945929],[-81.5406567252145,30.3740798380511],[-81.5437701435845,30.3744646587044],[-81.5470035699679,30.3750938295317],[-81.5531782081228,30.3762950660782],[-81.5546149543114,30.3795186598952],[-81.5560816697041,30.3828474321479],[-81.5567162088659,30.3842482188537],[-81.5568502198114,30.3845564124379],[-81.5571791768373,30.3853129271838],[-81.5578812715513,30.3869286283313],[-81.5583193341356,30.3879243264565],[-81.5583692966212,30.3879094379097],[-81.5584421544773,30.3878877255793],[-81.5580188046726,30.386934314935],[-81.5572929207717,30.385271660857],[-81.5569667548061,30.3845166418757],[-81.5565962927749,30.3836590701094],[-81.5558044786711,30.3818461103937],[-81.5551354353123,30.3803039756423],[-81.5547780553101,30.3794883007937],[-81.554477398551,30.3787853173874],[-81.554123701298,30.3779790362507],[-81.5536928479932,30.3769629015645],[-81.5532677130039,30.3759969327998],[-81.5529268494396,30.3752172581964],[-81.5526096212619,30.3744578732644],[-81.5523193561246,30.373667003602],[-81.552088718972,30.3728633333165],[-81.5518942995319,30.3720657835272],[-81.5517522074916,30.3712444843203],[-81.5516661764314,30.3704198116664],[-81.551619896695,30.3695871274634],[-81.5516280072043,30.36877617386],[-81.5516812313124,30.367946207792],[-81.55178699882,30.3671317042892],[-81.5519470988394,30.3663295191443],[-81.5520478114942,30.3659040271752],[-81.5520567773978,30.3658732183728],[-81.5522749559766,30.3651235177151],[-81.5523623512314,30.3648440170194],[-81.5526020104427,30.3640978982376],[-81.5531599290156,30.3624183464723],[-81.5532990656202,30.3619994807261],[-81.5534368297738,30.3621232018031],[-81.5535159885944,30.3621942917269],[-81.5524830591291,30.3651299288568],[-81.5522271778536,30.365898152843],[-81.5522162723494,30.3659397876232],[-81.5519830545026,30.3668301438537],[-81.5518745947423,30.3680292625256],[-81.551857027053,30.3697274384045],[-81.5520375550448,30.371706814839],[-81.5523562650415,30.3729511344547],[-81.5528112738972,30.3743300181671],[-81.553339526646,30.3755240916678],[-81.5616999998799,30.377633197513],[-81.5657993841716,30.3796532220036],[-81.568710520537,30.3810875929118],[-81.581469034378,30.3917895573949],[-81.5945005204917,30.3943956308829],[-81.603625889572,30.3962196882001],[-81.6178240787909,30.3944543205367],[-81.6297331699067,30.3880404477942],[-81.6330950427098,30.3903324078208],[-81.6389860607639,30.3915787343563],[-81.6441587426741,30.395400336333],[-81.6478840088354,30.3941955651286],[-81.6530116138007,30.3918554931168],[-81.655769853466,30.3932011961273],[-81.6649343653028,30.4005734808633],[-81.6607811031705,30.4034016743772],[-81.6608478586587,30.403515733314],[-81.6632326225747,30.4018756939671],[-81.6645311751087,30.40099792006],[-81.6660062160363,30.3999520387782],[-81.6668327850983,30.3993235901343],[-81.6674537351192,30.398502318255],[-81.6675382158223,30.398333639041],[-81.6676884703516,30.3980336324011],[-81.6679845869346,30.3972621424898],[-81.6680669086815,30.3965398681526],[-81.668037835956,30.395393059028],[-81.6679962297337,30.3937517625839],[-81.6679632878441,30.3924522406883],[-81.6679283115968,30.3913226066251],[-81.6678869110458,30.3898997342727],[-81.6680848531362,30.3886887572244],[-81.668481076689,30.3874836408623],[-81.6693590690459,30.3859941877794],[-81.6702089767599,30.3850411074257],[-81.6721874906268,30.3833122427593],[-81.6727793069636,30.3827255194596],[-81.6731866531603,30.3820466134476],[-81.6734530025289,30.381399621136],[-81.6735836694342,30.3807106418262],[-81.6736280332981,30.3800007652091],[-81.6735560238194,30.3793715237449],[-81.6732669495824,30.3784979582064],[-81.6729679500657,30.3779712639212],[-81.6706238929524,30.3747223956969],[-81.669718221858,30.373393916674],[-81.6696680849959,30.3732790079259],[-81.6692931345889,30.3724196595719],[-81.6692092838478,30.3720233505753],[-81.6692022595213,30.3720097688686],[-81.6691942593994,30.3719697686688],[-81.6691792589071,30.3719317690271],[-81.6691792590511,30.3718917693547],[-81.6691562596731,30.3717737689265],[-81.6691554483316,30.3717688991864],[-81.6689942972507,30.3710072262582],[-81.6689543776957,30.3696628307643],[-81.6688354007467,30.3649402491983],[-81.6689506046387,30.3649395107759],[-81.6698161175808,30.3649339586105],[-81.670702615388,30.3649353697907],[-81.6707977541744,30.3649376310634],[-81.6712028040503,30.3649357807304],[-81.6717032193162,30.3649306895563],[-81.6720321749714,30.3649292276953],[-81.6721907081184,30.3649286415908],[-81.6726908213647,30.3649180491549],[-81.6736057611719,30.3649055466706],[-81.6736881975477,30.3649051217866],[-81.6737481564463,30.3649020632039],[-81.6739257315969,30.3649038972253],[-81.6740111136585,30.3649091851087],[-81.6741155556523,30.3649196445397],[-81.6741694940815,30.3649248653651],[-81.6742742191884,30.3649380727252],[-81.67432791228,30.3649460442673],[-81.6743818706394,30.3649540144185],[-81.6744326777752,30.364964979451],[-81.6748195720024,30.3650511961162],[-81.6751717042623,30.3651540892049],[-81.6752508759761,30.3651784258436],[-81.6756697815916,30.3653084668431],[-81.6761140550318,30.3654386043868],[-81.6761046653858,30.3649955217331],[-81.6761046471342,30.3649948344485],[-81.676096186872,30.3646848702686],[-81.6760965846478,30.3643585913792],[-81.6760887203544,30.3640988018586],[-81.6760867155984,30.3638073634794],[-81.6760825599734,30.3636641800836],[-81.6760783302982,30.3635102290292],[-81.6760761727426,30.363196565251],[-81.6760620153577,30.3629821761637],[-81.6760582002345,30.3628884831948],[-81.6760560632836,30.3625777979229],[-81.6760477538975,30.3622916610898],[-81.6760430232164,30.3616038470663],[-81.6760393720979,30.3610729790248],[-81.6760350843745,30.3609105496253],[-81.6760340822001,30.3607648303646],[-81.6760193565335,30.3604677285616],[-81.6760303556189,30.3602229645729],[-81.6760330912023,30.360159711509],[-81.6760155733545,30.3599176144823],[-81.6760107374434,30.3596754518577],[-81.6760064892709,30.3595187512827],[-81.6760023356517,30.3593757978069],[-81.6759939512543,30.3590786631416],[-81.6759859072408,30.3588310189396],[-81.6759855291137,30.3587760296196],[-81.6759771842476,30.3584846237871],[-81.6759783112914,30.3581874398929],[-81.675974800585,30.3581379667067],[-81.6759539377325,30.3574477152696],[-81.675927319636,30.3567657411697],[-81.6759001310847,30.3560775835204],[-81.6759077644099,30.3556506810865],[-81.6759083352612,30.3556040499561],[-81.6797522609421,30.3555713497643],[-81.6801480465154,30.3555792870096],[-81.6805555423409,30.3556138174498],[-81.6808299000658,30.3556475020473],[-81.6811731354123,30.3557106740712],[-81.683781779937,30.3566512143483],[-81.6841440728791,30.3567676454324],[-81.6845381150654,30.3568583688678],[-81.6848261135125,30.356901642003],[-81.6851434980998,30.3569277004898],[-81.6864234157131,30.3569474283166],[-81.6881595846777,30.3569261780607],[-81.6971224337755,30.3568161063403],[-81.7051528908529,30.3567662515948],[-81.7085549944867,30.3570244066241],[-81.7095221580984,30.3570561058551],[-81.7105370220007,30.3571032184361],[-81.7109336753105,30.3571730244462],[-81.7112052704325,30.3572812992194],[-81.7114370397758,30.3573989543042],[-81.711614935624,30.3575201100195],[-81.711818339816,30.3576974924194],[-81.7127952917217,30.3589603813898],[-81.712813176134,30.3589835067437],[-81.7130498006427,30.3593429158949],[-81.7134570702538,30.359881187442],[-81.7135823462317,30.3601205063726],[-81.7136429822975,30.3601749363576],[-81.7139647468324,30.3604226979249],[-81.7141909185372,30.3606049919464],[-81.7142746354621,30.3606742842966],[-81.7142863459623,30.3606839770843],[-81.7144011615092,30.3607766037202],[-81.7145381223867,30.3608850893498],[-81.7149648126039,30.3612230671028],[-81.7152994432145,30.3614952713279],[-81.7156833306128,30.361818758212],[-81.7166415346388,30.3625919438651],[-81.719810519283,30.365148892455],[-81.7200495378175,30.3653505817748],[-81.7203839736526,30.36562827169],[-81.720696501352,30.3659088319303],[-81.7209834444823,30.3661595162245],[-81.7211972029651,30.3663748610933],[-81.7212580505702,30.3664570103905],[-81.7216701615219,30.3669125285035],[-81.7219064813878,30.3671772386083],[-81.722114388178,30.3674228578387],[-81.7223508519494,30.3677068128099],[-81.7223764599752,30.3677396652893],[-81.722520247955,30.3679253783084],[-81.7227347823866,30.3682094537704],[-81.7229398676535,30.3685018296279],[-81.7231386723607,30.36880248749],[-81.7233925197125,30.3692215280453],[-81.723771848353,30.3698870999911],[-81.7239231850116,30.3701639612927],[-81.7240709024666,30.3704158687282],[-81.7242218742115,30.3706789841669],[-81.7266467206747,30.3749798825808],[-81.7267403865051,30.3751460066689],[-81.7289541234411,30.3790730244455],[-81.7301320263293,30.3811801259427],[-81.7320127349062,30.3844628137667],[-81.7333084642665,30.3868645643648],[-81.7334417451056,30.3870876714276],[-81.7336212923651,30.3873836091532],[-81.7337528616623,30.3876250545077],[-81.7337970369112,30.3877363898551],[-81.7339027837018,30.3879172630784],[-81.7340664583558,30.3882107680228],[-81.7342364972697,30.3885069873611],[-81.7342525801809,30.388537141353],[-81.7344097696047,30.3888112076204],[-81.7345513268849,30.3890800908183],[-81.7346925178137,30.3893352293613],[-81.7348990116529,30.3896990634437],[-81.7351010114724,30.3900626933274],[-81.7352171842147,30.39025885711],[-81.7354325321138,30.3906398247261],[-81.7355675031618,30.390875520788],[-81.7357411295847,30.3911907350402],[-81.7359147777486,30.3915086983998],[-81.7360915789307,30.3918238933448],[-81.736262037299,30.3921391246747],[-81.736374440945,30.3923254571313],[-81.7364483129111,30.39244876761],[-81.73662198733,30.392769479259],[-81.7367860648261,30.3930792459302],[-81.7368724421564,30.3932134844572],[-81.7369816354305,30.3933943345697],[-81.7371554371902,30.3937315416263],[-81.7372197760144,30.3938521559314],[-81.7373162845519,30.3940330773206],[-81.7375766704026,30.39449627136],[-81.7376762691618,30.3946661779614],[-81.7378530188182,30.3949731220831],[-81.7379722170986,30.3951834726343],[-81.7382289717081,30.3956198782602],[-81.7383901852625,30.395898957181],[-81.738973766755,30.3969597210598],[-81.7393601021184,30.3976988482449],[-81.739486091426,30.3979085914191],[-81.7396691746717,30.3982125192446],[-81.7398331882791,30.3985112840578],[-81.7399939897699,30.3988045687743],[-81.7401676251706,30.3991170269245],[-81.7402934950761,30.3993435735124],[-81.7406820462948,30.4000351893254],[-81.7407527174503,30.4001530162905],[-81.7409337908505,30.4004734468371],[-81.7410321919467,30.4006545871501],[-81.7411898496586,30.4009506375409],[-81.7414485938687,30.4014365155207],[-81.7415045630394,30.401567485533],[-81.7427458703968,30.4037022824672],[-81.7442055358632,30.4063197314129],[-81.7443856256642,30.4066431435412],[-81.7445464545016,30.4069364218426],[-81.7447009195519,30.4072269867334],[-81.7448744590135,30.4075229406775],[-81.744906617989,30.4075804971901],[-81.7450383212646,30.4078322396226],[-81.7452794559571,30.4082570336831],[-81.74558713245,30.4088457286348],[-81.7456157887405,30.4088945973693],[-81.7460578928812,30.4096401610858],[-81.7466050197311,30.4106032478715],[-81.7468327349799,30.410999704207],[-81.746942233864,30.4112156000647],[-81.7471254459811,30.4115300543213],[-81.7471961288595,30.4116474200089],[-81.7474186477053,30.412024809256],[-81.7474973166016,30.4121582299028],[-81.7475632802918,30.4122701017849],[-81.7478080867314,30.41268528255],[-81.7483568368753,30.4135793858908],[-81.7488096571638,30.4143379378879],[-81.7498586701847,30.4160019966672],[-81.7514959082096,30.4186969242686],[-81.7527306505059,30.4207111353349],[-81.7535631200833,30.4220457858863],[-81.7543112627735,30.4232759789043],[-81.7565070665301,30.4268517938547],[-81.7587198371208,30.4304467157947],[-81.7613280016223,30.434645548994],[-81.762308212426,30.4362466615723],[-81.7635530121631,30.4382965082849],[-81.763780564738,30.4382407324688],[-81.7639326550268,30.4381814343562],[-81.7640160711434,30.438187033132],[-81.7641366344114,30.4382158388997],[-81.7642264931417,30.4382379380719],[-81.7644838046725,30.4382977752844],[-81.764551589391,30.4383250793829],[-81.7645905535005,30.4383834016205],[-81.7645695028496,30.438495503168],[-81.7645296403232,30.4386586809369],[-81.7645654264512,30.4388048213728],[-81.764657187714,30.4389093549827],[-81.764796234831,30.4389685809284],[-81.7648679910127,30.4389829946899],[-81.7649404606019,30.4389737054812],[-81.7649780310416,30.4389562578554],[-81.7649873925004,30.4389097679767],[-81.7650131042453,30.4388556338755],[-81.7650425555352,30.4388280532467],[-81.7650820929379,30.4388168037976],[-81.7651170862798,30.438818500186],[-81.7651487792439,30.43883802696],[-81.7652077127196,30.4389313452609],[-81.7652363482326,30.4390488574544],[-81.7652396332149,30.4391710267441],[-81.765312605881,30.4392309354062],[-81.7654401544681,30.439237392106],[-81.7655506415599,30.4391887115213],[-81.7655606399715,30.4390493577857],[-81.7656151891344,30.438936161148],[-81.7657473047695,30.4388177050728],[-81.7659158858899,30.438710593785],[-81.7661494718432,30.4386754498944],[-81.7663385784595,30.4384904641783],[-81.7665191113842,30.4383167861719],[-81.7666563962451,30.4381508679566],[-81.7668979661558,30.4380293664698],[-81.7671967426732,30.4380238579866],[-81.7673843507905,30.4380746582927],[-81.7678046628841,30.4382304263046],[-81.7683293043055,30.4383098947324],[-81.7687086492903,30.4382763561379],[-81.7690091100714,30.4382946333483],[-81.7694170633915,30.4384048061112],[-81.7697502070241,30.4384885493717],[-81.7701812294178,30.4387417809668],[-81.7892342818574,30.4716990729342],[-81.7915367205948,30.4757003237563],[-81.7995472501864,30.4903458569066],[-81.7994372737247,30.4913328059434],[-81.7994043471074,30.4916358271852],[-81.7993702515216,30.4917688683369],[-81.7993333137873,30.4919268142604],[-81.7993172690062,30.4921477705582],[-81.7993102493987,30.4922447101125],[-81.7992893567779,30.4923197555451],[-81.7992582695323,30.4924128511029],[-81.7992383795789,30.4925467288148],[-81.7992233367345,30.492722724748],[-81.7992032809879,30.4929697547823],[-81.7991902435816,30.4930837428294],[-81.7991432779725,30.4931587874919],[-81.7991242240434,30.4932298210624],[-81.7991113548761,30.4933237529563],[-81.7991073434877,30.4934567945351],[-81.7991043354315,30.4935218105461],[-81.7991013266387,30.4935617569964],[-81.7991043351235,30.4935978590434],[-81.7990912981567,30.493648835795],[-81.7990782612314,30.4936917897793],[-81.7990553637678,30.4937537985054],[-81.7990003748559,30.4938587607179],[-81.7989542447269,30.4939647267143],[-81.7989032684043,30.4940688533588],[-81.7988552998788,30.4941577702562],[-81.7988532937665,30.4941798329757],[-81.7988563021371,30.4942137620065],[-81.7988462738897,30.4942597247845],[-81.7988272203202,30.4942827894915],[-81.7987643764498,30.4943568317138],[-81.7986582435191,30.4945207939988],[-81.7984832504682,30.4948147897269],[-81.7983503756019,30.4949937947344],[-81.7982612920092,30.4951497341622],[-81.7981992831954,30.4952958126128],[-81.7980553781223,30.4956058532804],[-81.7980092479364,30.4956668584415],[-81.7979472391596,30.4957798435429],[-81.7977822748586,30.4961418648965],[-81.7977262826928,30.4962578583671],[-81.7977013792616,30.4963618177735],[-81.7976813234398,30.4964278373837],[-81.7976572548666,30.4965418259896],[-81.797651238333,30.4966797146985],[-81.7976512385224,30.4968928149503],[-81.797665278181,30.497050760521],[-81.7976552491916,30.4971908224351],[-81.7976323519515,30.4973208556986],[-81.7976283402218,30.4973688237831],[-81.79759223821,30.4974428659895],[-81.7975253836407,30.4975247636814],[-81.7974672196695,30.4975558511697],[-81.7973883303367,30.4976527908979],[-81.7973582458295,30.4977398695286],[-81.7971992977556,30.4979337496432],[-81.7971282633618,30.4980178204558],[-81.7971113824206,30.4980667918064],[-81.7970632469055,30.4981508623815],[-81.7970662560836,30.4982277457754],[-81.7970863123446,30.4983128183112],[-81.7971483199258,30.4984428518845],[-81.7971812460801,30.4985018515582],[-81.7972492712985,30.4986658137669],[-81.7972902207991,30.498813730936],[-81.7973263223742,30.4988988045137],[-81.797389333579,30.499009783395],[-81.7975402592479,30.4993097957306],[-81.7975833799532,30.4994488549812],[-81.7975862216762,30.4995018379648],[-81.797566332203,30.4995447922091],[-81.7975043241553,30.4996088061151],[-81.7974722339781,30.4996407290465],[-81.7974503385492,30.4996947148875],[-81.7974383046708,30.4997378366444],[-81.7973652656185,30.4998427984991],[-81.7973233140134,30.5000378492223],[-81.7972273768729,30.5003408698414],[-81.7972043118041,30.5004368068315],[-81.7971782380352,30.5005477866231],[-81.7971752293664,30.5006527494592],[-81.7971322757089,30.5008227285721],[-81.797093332289,30.5009557697966],[-81.7970473697269,30.5011337719935],[-81.7969933834115,30.5012497654692],[-81.7968952735655,30.5013717764792],[-81.7968063568732,30.5015048182157],[-81.7967523705536,30.501617803282],[-81.79666930377,30.5017568618681],[-81.7966062927522,30.5018247196655],[-81.7965302448586,30.5019128014894],[-81.7963692904034,30.5020348127393],[-81.7962432685786,30.5021237300965],[-81.7960632614925,30.502203788837],[-81.7959992476148,30.502225851305],[-81.7959183523758,30.5022728166498],[-81.7958563448775,30.502341845126],[-81.7958003534166,30.502413714358],[-81.7956992350339,30.5025758376922],[-81.7956392328271,30.5026838084923],[-81.7956032973982,30.5028038135438],[-81.795585246832,30.5028608082623],[-81.7955473066293,30.5029707849078],[-81.7954523727373,30.5031507920652],[-81.7953913668114,30.5033047260875],[-81.7953632880569,30.5034118615076],[-81.7953123106536,30.5034728664159],[-81.795249299677,30.5035188301129],[-81.795155368743,30.5035547640748],[-81.7950403770932,30.5035967158569],[-81.7949113470028,30.503628806338],[-81.7947353507168,30.5036418432817],[-81.7945673768729,30.5036368290421],[-81.7943362255314,30.503696831784],[-81.7942673643963,30.5037118743978],[-81.7941893115079,30.5037128767749],[-81.7939693575863,30.5037118741245],[-81.793889298976,30.50372975762],[-81.7936462802519,30.5037807352344],[-81.7934783061904,30.5038138281499],[-81.7932222513387,30.5038208475585],[-81.7931383481147,30.503831879531],[-81.7930542778339,30.5038748339188],[-81.7929312643939,30.5039687650043],[-81.7928903150495,30.5039838075848],[-81.7927673017388,30.503984810177],[-81.7927203357201,30.5040117195747],[-81.792559382453,30.5041248717266],[-81.7924243349955,30.5041748459499],[-81.7921152974529,30.5042258233583],[-81.7920683307929,30.5042358517175],[-81.7918243094587,30.504244877182],[-81.7917452540309,30.5042587491108],[-81.7916822424448,30.5042888342686],[-81.7916053597534,30.5043237655156],[-81.7915552175235,30.5043777514333],[-81.7914833489268,30.5044357480388],[-81.7913962698732,30.5044608186172],[-81.7912923103406,30.5044847197357],[-81.7911373734851,30.5044897338354],[-81.7909702350036,30.5044758617756],[-81.7907583041035,30.5044688416406],[-81.7904962319647,30.5044818781687],[-81.7902923238513,30.5045368663996],[-81.7900912572427,30.5046047245633],[-81.7899082411465,30.5046458411464],[-81.7897093474173,30.5046247812026],[-81.7895112884343,30.504611744974],[-81.7893202499281,30.5046247809497],[-81.7891213561552,30.5046737528466],[-81.7889152744131,30.5047347578899],[-81.7887802275674,30.504796766111],[-81.7886762670687,30.5048377146557],[-81.7885173189336,30.5048377147199],[-81.7883583710261,30.504816822392],[-81.7882153012429,30.504803786257],[-81.7879933415941,30.5048108057333],[-81.7877872605383,30.504803786],[-81.787572321882,30.5048037859316],[-81.7873503629187,30.5048037864208],[-81.7871912472681,30.5047827268012],[-81.7869923527257,30.5047078486759],[-81.7868103396012,30.5046528603056],[-81.7866833147095,30.5045988748408],[-81.7865083218813,30.5045637761029],[-81.786355223225,30.5045728019507],[-81.7862392301419,30.5046007135738],[-81.7861103662443,30.5045728013487],[-81.7859552624086,30.5045007650545],[-81.7858202152456,30.5044228787873],[-81.7856393718838,30.5043227633543],[-81.7854003642362,30.5042288316514],[-81.7851613575129,30.5041507781526],[-81.7848902599942,30.5041118351732],[-81.7845202166493,30.5040578493757],[-81.7842173622508,30.5040107170459],[-81.783940247891,30.5039627481632],[-81.7836552780842,30.5039147799108],[-81.7833602797559,30.503946869864],[-81.7831573741222,30.504041804144],[-81.7829183668931,30.5041268773343],[-81.7826013058074,30.5042757980751],[-81.7823233558402,30.504408839191],[-81.782064292107,30.5045738042602],[-81.7817953674005,30.5047387693324],[-81.7815943004083,30.5048047887239],[-81.7813253754627,30.5049538759825],[-81.7810562831322,30.5050698695479],[-81.7809033524975,30.5051278671202],[-81.7806633421604,30.5052767861097],[-81.7805493542556,30.5053897721897],[-81.7804592669164,30.5055157939105],[-81.7803133558411,30.5056518440279],[-81.7801893387368,30.5056907870178],[-81.7800542919148,30.5057008150667],[-81.7799073777771,30.5056907867017],[-81.7797043046332,30.5056907874731],[-81.7794683063967,30.5057108433018],[-81.7792882986636,30.5057108435027],[-81.7791863450158,30.5056717333571],[-81.7790292348755,30.5056907872813],[-81.7789052182311,30.5057297299545],[-81.7787922333069,30.5058368659931],[-81.7786122259918,30.5060018308787],[-81.7784542810026,30.5061178244443],[-81.7782612363806,30.5062577186578],[-81.7780083569928,30.5063508145557],[-81.7777193756254,30.5064437438194],[-81.7774912318721,30.5064957230412],[-81.7771783495556,30.5065378417803],[-81.7767093605604,30.5065998501507],[-81.7763122414776,30.5067028073247],[-81.7760483301297,30.5068167951324],[-81.7757952842972,30.5069518426869],[-81.7757112132104,30.5070658309046],[-81.7756513777002,30.5072317985042],[-81.7756032419975,30.5075737626327],[-81.7756032423072,30.5078117666879],[-81.7756513786511,30.5080397431202],[-81.7757832497601,30.5082257677692],[-81.7758312184954,30.5084027670579],[-81.7757832501405,30.5085368111125],[-81.7756333274444,30.5086788785154],[-81.775410365855,30.5088277983344],[-81.7753662408645,30.5089287495756],[-81.7752923659533,30.5090937144432],[-81.7752783261637,30.5092078702996],[-81.7751452848216,30.509346761665],[-81.7750423278053,30.5094487157545],[-81.7748803713043,30.50960081151],[-81.7746453754615,30.5097778100141],[-81.7745133365113,30.5098667279234],[-81.774248256065,30.5100318595169],[-81.7740862984963,30.5101587178499],[-81.7739392177272,30.5102857420197],[-81.7738653421496,30.5103868603961],[-81.7736592614252,30.5105257518434],[-81.7735123469717,30.5106148364308],[-81.7734092235741,30.5106407435085],[-81.773291223745,30.5106527769518],[-81.7730853097002,30.5107037543144],[-81.7729093134256,30.5107667648893],[-81.7727323143218,30.5108687196607],[-81.7726002756509,30.5109317298809],[-81.7724672344556,30.5110208149509],[-81.7722763627863,30.5111097320189],[-81.7720853236709,30.5111478395275],[-81.771923367346,30.511235754002],[-81.7717762859846,30.5113888520203],[-81.7716733287595,30.5115028403424],[-81.7714672482407,30.5116288625213],[-81.7712103570342,30.5116948816804],[-81.7709962531218,30.5117308166623],[-81.7708262739119,30.5118458069665],[-81.7706972439543,30.5119858689363],[-81.770581249876,30.5120868205008],[-81.7703592906167,30.5122268822186],[-81.7701032353579,30.5123577511642],[-81.7698002147168,30.5124777558966],[-81.7695672240207,30.512628848477],[-81.7693922308823,30.5127187689955],[-81.7691943399861,30.5128397762291],[-81.7690773431492,30.512959781733],[-81.7690073127186,30.5130707610935],[-81.7689603464608,30.5131907663832],[-81.768925248241,30.5133117741626],[-81.7688552167915,30.5134217503745],[-81.7686852375518,30.5135668264626],[-81.7685082382806,30.5136438764681],[-81.7683892360538,30.513779760121],[-81.7683003193081,30.513940881366],[-81.7682212626039,30.5141028374501],[-81.768093235159,30.5142637912937],[-81.7679553467976,30.514391819019],[-81.7678963473089,30.5145527727096],[-81.767807262242,30.5146888232277],[-81.7677582908752,30.514875849953],[-81.7677382349274,30.5150038777858],[-81.7676493168863,30.5151148576347],[-81.7675503718188,30.5152418824835],[-81.7674123156364,30.5153358134073],[-81.7672842875902,30.5154377683502],[-81.7671652853877,30.5155477442211],[-81.7670073402232,30.5157098680732],[-81.7668692844776,30.5158627992437],[-81.7667113389541,30.5160498272429],[-81.7666132295634,30.5161517814058],[-81.7664653123107,30.5162368544572],[-81.7663073671666,30.5163978084217],[-81.7662212904966,30.5165178126739],[-81.7660782205564,30.516656872016],[-81.7659822838209,30.5167967663873],[-81.7659543718225,30.5169197796554],[-81.7659252895966,30.5170187251744],[-81.7657543072773,30.5171497612741],[-81.7656782597401,30.5172647522167],[-81.765620262911,30.5174208586154],[-81.7656112376242,30.5175517276828],[-81.7655923514771,30.5176667191933],[-81.7655442157496,30.5178637744798],[-81.7654872209996,30.5180447848332],[-81.7654593097879,30.5181597761129],[-81.7653922866974,30.518314880029],[-81.7653543470462,30.5184708188762],[-81.7652642590234,30.5186277621461],[-81.7652142847174,30.5187417499677],[-81.7651763452301,30.518855737462],[-81.7651512741513,30.5189638763124],[-81.7652012485673,30.5190347422995],[-81.7652893298199,30.5190778640608],[-81.7654033180209,30.5191047736294],[-81.7655163032693,30.5191968660719],[-81.7655662777879,30.5192727472679],[-81.7655542436312,30.5193538087554],[-81.7654593094862,30.5194517518567],[-81.7653332878974,30.5195438446156],[-81.7652253166838,30.5196578329749],[-81.7651392402273,30.5197818487837],[-81.7650412975176,30.5198988450511],[-81.7649273091751,30.5200947306497],[-81.764846247346,30.5202628718062],[-81.7647972766363,30.5204097862309],[-81.764748304497,30.5205917991143],[-81.7647083593429,30.5207457334463],[-81.7646832877098,30.5208508629769],[-81.7646513646264,30.5209698655266],[-81.7645943708254,30.5210607884675],[-81.7645133090573,30.521165750361],[-81.7644232212278,30.5212708806165],[-81.7643092334127,30.5214177946857],[-81.7642122939215,30.5215297772088],[-81.7641063284458,30.5216557987555],[-81.7640092208622,30.5217888411944],[-81.7638793546912,30.5219008234891],[-81.7637102116644,30.5220417208098],[-81.7635903736607,30.5221538695544],[-81.763478223937,30.5222608378157],[-81.7634162159803,30.5224217917139],[-81.7634412867912,30.5225927739741],[-81.7634902581515,30.5227318327246],[-81.7635653026528,30.5229028143855],[-81.7635522665037,30.5230958592533],[-81.7634902584233,30.5232668411746],[-81.7633782750926,30.5234488546723],[-81.7632542592478,30.5235987771459],[-81.7632042847035,30.5237057453767],[-81.7631553133941,30.5238337731019],[-81.763180216773,30.5239628032811],[-81.7632042853129,30.524112726029],[-81.7632672963951,30.5242728437497],[-81.7633543745262,30.5244117361074],[-81.7633543745301,30.5245407660025],[-81.7633293044892,30.5247227789756],[-81.763261279535,30.5248817275913],[-81.7632522539092,30.5250528770763],[-81.7632052883107,30.5251917680695],[-81.7632143129604,30.5253137786196],[-81.7632903607504,30.5254448147697],[-81.763394321068,30.5255588029146],[-81.7634422892851,30.5256898393101],[-81.7634603407373,30.5258367537296],[-81.7634703691214,30.5259758123669],[-81.7634703686237,30.5260978225436],[-81.7635083087986,30.526260782286],[-81.7635843562668,30.5263757727166],[-81.7636222974442,30.5264977833239],[-81.7636222968887,30.5266288202206],[-81.7636222965523,30.52676787897],[-81.7636692631342,30.5269388608171],[-81.7637453107913,30.5270528489647],[-81.7637832511486,30.5271838844387],[-81.7638502728552,30.5273558698739],[-81.7639443721448,30.5275607806805],[-81.7640062132452,30.5277207315905],[-81.7639953486023,30.5278997359789],[-81.764069223839,30.5281028087314],[-81.7642452204076,30.5283177486583],[-81.7642923530815,30.5284387561534],[-81.7643112394269,30.5285467270568],[-81.7643032167022,30.5286478451497],[-81.7642632709546,30.5287337544639],[-81.7642333536872,30.5288898613325],[-81.7642233248607,30.529062848697],[-81.7642233249861,30.5292107663308],[-81.7642233246204,30.5293747285722],[-81.7642732993534,30.5294878806401],[-81.7643032170008,30.5295398602568],[-81.764374250147,30.5296087211957],[-81.764394306967,30.5297297287131],[-81.7644143635575,30.5298858355505],[-81.7644143636085,30.530015869295],[-81.7644242250491,30.5301888572042],[-81.7644842270712,30.5303877506815],[-81.7645552613799,30.5305358350598],[-81.7646353198602,30.5306917746242],[-81.7647053510522,30.53077785128],[-81.7647962733343,30.530907884395],[-81.7648462481554,30.5310377501176],[-81.764878338682,30.5311707922667],[-81.7648863616056,30.5312797658327],[-81.764886360993,30.5314278502878],[-81.7648462484593,30.5315388293498],[-81.7647982794036,30.5316168831213],[-81.7647703672845,30.5316877498429],[-81.7647623449155,30.5317517633618],[-81.7647822346278,30.531832824871],[-81.7648133217437,30.5318928274438],[-81.7648602880432,30.5319297654108],[-81.7648763323852,30.5319767306852],[-81.7648642993512,30.5320238635087],[-81.7648133220099,30.5320708298698],[-81.764743291195,30.5320977384249],[-81.7646383282573,30.5321077673199],[-81.7645522520972,30.5321418635958],[-81.7644932529291,30.5321888291019],[-81.7644073440811,30.5323128451459],[-81.7643333022208,30.532369839333],[-81.7642542452676,30.5324067771553],[-81.7641813730279,30.5324438816111],[-81.7641342406817,30.5324878384982],[-81.7641033200096,30.532574750184],[-81.7640802550163,30.5326857300456],[-81.7640802554993,30.5327698002478],[-81.7640993084752,30.5328308053728],[-81.7641193648885,30.5329048472165],[-81.764119365008,30.5329847391647],[-81.7641422627949,30.5330487534883],[-81.7641813734781,30.53310273853],[-81.7642442170763,30.5331627416654],[-81.7642873388902,30.5332508228333],[-81.7642983699344,30.5333278735787],[-81.7642903471899,30.5334147853632],[-81.7642833277893,30.5335558497834],[-81.7642763078635,30.5337697864611],[-81.7642632715788,30.5338958085629],[-81.7642512367854,30.534046733736],[-81.7642393707725,30.5342048462765],[-81.7642233256763,30.5343228452283],[-81.7642233249399,30.5344707627497],[-81.7641992571285,30.5345718810654],[-81.7641372493132,30.5346517732061],[-81.7640473294587,30.5347328348008],[-81.7639423660641,30.5348098856816],[-81.7638253697221,30.5348777430761],[-81.7637212431024,30.5349228701691],[-81.7636162798567,30.5349497799621],[-81.7635223486154,30.5349567999648],[-81.7634133751614,30.5349467710839],[-81.7633293049559,30.5349228707423],[-81.7631982687599,30.5348548452628],[-81.7630583741723,30.5347657610792],[-81.7629532440581,30.5346838635627],[-81.7628593129774,30.5346407422506],[-81.7627383051193,30.5346168413303],[-81.7625902206008,30.5346208527909],[-81.7624692132098,30.5346038044203],[-81.7623433576105,30.5345678694157],[-81.7622032960775,30.5344898163303],[-81.7621003400533,30.5344167769616],[-81.7619492465614,30.534375828636],[-81.7618093519609,30.5343838504868],[-81.7616243311391,30.534364796967],[-81.7614172469676,30.5343678052651],[-81.7611812481213,30.5343577772088],[-81.7610212970952,30.5343338767123],[-81.7609063061482,30.5343248514709],[-81.7607152681968,30.5343348793243],[-81.7606253479206,30.5343577776965],[-81.7605533111656,30.5343958846485],[-81.7604563714462,30.5344227937678],[-81.760352243862,30.5344318194102],[-81.7602653321614,30.5344428507651],[-81.7602023214207,30.5344587290733],[-81.7601403132622,30.5344928245332],[-81.7600502264089,30.5345267536401],[-81.7599643170027,30.5345438018754],[-81.7598822524089,30.5345438016034],[-81.7597853120481,30.5345227423948],[-81.759687369852,30.5344717655485],[-81.7595132120395,30.5343437377509],[-81.7594112580316,30.534306799996],[-81.7593183292,30.534300783843],[-81.7592202189008,30.5342668543914],[-81.7591132510986,30.5342058493958],[-81.7590492369757,30.5341528666631],[-81.7590112969961,30.534088852466],[-81.758972353982,30.5340447277939],[-81.7588983116312,30.5340278471691],[-81.7588192554225,30.5340248384309],[-81.7587142931974,30.5340188215759],[-81.7586103333242,30.5339828871127],[-81.7584923332075,30.5339648360964],[-81.7583952262466,30.5339847258757],[-81.7583093180927,30.5340208277305],[-81.7582232414519,30.5340918611548],[-81.7581222907064,30.5341488551174],[-81.757989248409,30.5341928127075],[-81.757848351841,30.534223732648],[-81.7577472332345,30.5342467979192],[-81.757650292643,30.5342967719618],[-81.7575603731034,30.5343308679658],[-81.757451231431,30.5343477492651],[-81.7572912808388,30.5343577771646],[-81.7571152848366,30.5343878620996],[-81.7569712113938,30.5343878622485],[-81.7568413453488,30.5343637944193],[-81.7567032898067,30.5343397271234],[-81.756565233639,30.5343557716598],[-81.7563802116029,30.5344027374089],[-81.7561883379759,30.5344408449319],[-81.7560392506266,30.5344177799925],[-81.7558793000878,30.5343637945942],[-81.7557783487955,30.5343068002914],[-81.7557043062393,30.5342397778738],[-81.7556693749606,30.5341717527915],[-81.7556613516311,30.5340918613169],[-81.7556762276043,30.5339808816525],[-81.7557233595437,30.5338817688517],[-81.7558602461579,30.5336917326993],[-81.7559792482346,30.5335608640638],[-81.7561002564698,30.533402751945],[-81.7561622642131,30.5333327210621],[-81.7562132414413,30.5332417979502],[-81.7562322952107,30.5331438555272],[-81.7562403172962,30.5330738240645],[-81.7562212642366,30.5330068020237],[-81.7561582529243,30.5329628450581],[-81.756068332895,30.5329457969809],[-81.7559513363697,30.5329598360656],[-81.755850217527,30.5329628447687],[-81.755690266783,30.5329257399079],[-81.7556083689445,30.5329158793515],[-81.7555343272431,30.5329227313124],[-81.7554753268638,30.5329457968023],[-81.7553472996454,30.5329927624947],[-81.7551953718909,30.5330397286008],[-81.7551173175007,30.533053767602],[-81.7550502960141,30.533103742195],[-81.7549963105944,30.5331607357635],[-81.7549413220324,30.5331978405935],[-81.7548753019404,30.5332277587116],[-81.7547972484886,30.5332488181079],[-81.7547033173537,30.5332518257734],[-81.7546072129387,30.5332397926875],[-81.7545393547463,30.5332377863004],[-81.7544733351392,30.5332618544727],[-81.7543643616232,30.5333218570183],[-81.754225302968,30.5333497694254],[-81.7540503095309,30.5333898823302],[-81.7538102993934,30.533437850954],[-81.753635305813,30.5334717798088],[-81.753461315295,30.5335237597009],[-81.7533383022062,30.533533788295],[-81.7532403593166,30.533523759248],[-81.7531452573986,30.5334998592425],[-81.7530332752887,30.5334498848992],[-81.7529423527784,30.5333658142379],[-81.7528932135435,30.5332817437886],[-81.7528683109017,30.5331817953317],[-81.7528833523701,30.533046748503],[-81.7529182849068,30.5329698649365],[-81.7529612393314,30.5329058504328],[-81.7530352811085,30.5328348169429],[-81.7531372353512,30.5327527524454],[-81.7531843682233,30.5327077928017],[-81.753195232617,30.5326437788243],[-81.7531912207882,30.5325797651586],[-81.7531372356556,30.5325297902247],[-81.753039292352,30.5324758054126],[-81.7529383414885,30.5324258303453],[-81.7528432391669,30.5323698399605],[-81.7526652376987,30.5322978030611],[-81.7524942553347,30.5322297782471],[-81.7524113557332,30.532185820657],[-81.7523222711977,30.5321507216033],[-81.7522203169177,30.5321258186122],[-81.7521153540876,30.5321298298289],[-81.7520023688122,30.5321198009792],[-81.7518813609048,30.532092724634],[-81.7517473163923,30.5320487677149],[-81.7516353339715,30.5320218582553],[-81.7515263603495,30.5319937794342],[-81.7513423410655,30.5319177315636],[-81.7512602768666,30.5319008504265],[-81.7511422775449,30.5318657522186],[-81.751060212795,30.5318577290127],[-81.7510112414825,30.5318478678584],[-81.7509482301668,30.5318368364824],[-81.7508862224018,30.5318508760672],[-81.750839256613,30.5318807941782],[-81.7507922899843,30.531900851151],[-81.7507262713395,30.5318948334111],[-81.7506132856366,30.5318878143712],[-81.7504722212341,30.531880794616],[-81.7503403500367,30.5318948340607],[-81.7502213471281,30.5319068679973],[-81.7500893080487,30.5318928284788],[-81.7499452360314,30.5318488705969],[-81.7497662312391,30.5317517641053],[-81.749618314158,30.5316628467375],[-81.7494892830219,30.5315817846825],[-81.7493602527057,30.5315177710946],[-81.7491992986376,30.5314687994079],[-81.7490542232844,30.531427851],[-81.748910317609,30.5313857320702],[-81.7487873044668,30.5313397692698],[-81.7486642904328,30.5313018282215],[-81.7485172089511,30.5312807690504],[-81.7484002129399,30.5312807691682],[-81.7482432697854,30.5312757550427],[-81.7480512292413,30.5312548624443],[-81.7478982980016,30.5312338036867],[-81.7477542249079,30.5311928543804],[-81.7475643558319,30.5311057756462],[-81.7473982207606,30.5310248810886],[-81.7472513064913,30.5309508389406],[-81.7471543663981,30.5309087201791],[-81.7470642796605,30.5308878277049],[-81.7469713507351,30.5308988594238],[-81.7469053316598,30.5309367998934],[-81.7468122354458,30.5310527932577],[-81.746734349506,30.5312247784738],[-81.746694236572,30.531375870529],[-81.7466733442524,30.5315257934139],[-81.7466492756823,30.5316277476269],[-81.7466043161186,30.5317258570801],[-81.7465352882793,30.5318348315294],[-81.7464662603982,30.5319217428795],[-81.7463723283065,30.5320238645943],[-81.7463033003903,30.5320828639511],[-81.7462102053918,30.5321248154079],[-81.7460552678385,30.5321737870584],[-81.7458473485546,30.5322367981657],[-81.7456322416632,30.5322787494971],[-81.7453432602359,30.5323148512417],[-81.7450783466436,30.5323427630681],[-81.744915220011,30.5323568034949],[-81.7447612860307,30.5323497834912],[-81.7446023380095,30.5323287237028],[-81.7444402140497,30.532289780827],[-81.7441223183194,30.5321597471636],[-81.7438742858602,30.5320718334204],[-81.7437033036297,30.5320437538886],[-81.7435853042085,30.5320407453021],[-81.7434512590378,30.5320577930943],[-81.7433452942989,30.5320828638646],[-81.7432393288088,30.5321248153864],[-81.7431412185505,30.5322018665125],[-81.7430362557246,30.53228576978],[-81.7429583699612,30.5323808707607],[-81.7428893422054,30.5324788140358],[-81.7428442144021,30.532566728293],[-81.7428082804161,30.5326507988272],[-81.7427912324135,30.5327348690146],[-81.742787220464,30.5328538713564],[-81.7427633195473,30.5330188361319],[-81.7427432631098,30.5331378388375],[-81.7426983033949,30.533221741599],[-81.7426202500836,30.5332987925501],[-81.7425393549634,30.5333758425138],[-81.7424542821889,30.5334248139919],[-81.7423563389671,30.5334707773775],[-81.7422423511514,30.5334878251111],[-81.7421322070987,30.533484816475],[-81.7420142083358,30.5334667658162],[-81.7418552599662,30.5334288254702],[-81.7416032163158,30.5333798543314],[-81.7414123442112,30.5333758433013],[-81.7412903336549,30.5333937269523],[-81.7411683230614,30.5334737856102],[-81.7410742240358,30.5335548472134],[-81.7410162274764,30.5336317308023],[-81.7409273106006,30.5337268328907],[-81.7408173339031,30.5338737471565],[-81.7407432915031,30.5340208277502],[-81.7406742630174,30.5341338132387],[-81.7405682984861,30.5342907559478],[-81.7404772079622,30.534406749676],[-81.7403343052061,30.5345787344414],[-81.7402243277939,30.5347017476813],[-81.7401272212939,30.5347787980735],[-81.74004231552,30.5348088836757],[-81.7399353464674,30.5348377983072],[-81.7398462622513,30.5348418096083],[-81.7397732235193,30.5348277700564],[-81.7396913250389,30.5347888266522],[-81.739614275284,30.5347117759212],[-81.7395123202912,30.5346417455038],[-81.7393092484035,30.5345747235062],[-81.7391133630539,30.5345468108895],[-81.7389873409456,30.5345438021928],[-81.7388492847251,30.534567870602],[-81.738747330673,30.5346457566029],[-81.7386452089759,30.5346878756618],[-81.7385033093294,30.5346947283568],[-81.7384302694656,30.5347187957691],[-81.7383812980598,30.534778798526],[-81.7383522168082,30.534879749536],[-81.7383482048673,30.5350067745329],[-81.738369265025,30.5351117368734],[-81.7384342815575,30.5352618273275],[-81.7385153436831,30.5353888517445],[-81.7386092743774,30.5356158252807],[-81.7386253199253,30.535689866903],[-81.7386452089244,30.5358227414249],[-81.7386783028861,30.5359248625831],[-81.7386863250033,30.5360117749357],[-81.7386662684573,30.5361598588839],[-81.7386213088604,30.5362678303646],[-81.7385113321012,30.5364217641971],[-81.738401354861,30.536523885498],[-81.7383122705028,30.5365838873736],[-81.7381653562663,30.536639878973],[-81.7379173240395,30.5367338103724],[-81.7377272880283,30.5367837846642],[-81.7376253337123,30.5368118634964],[-81.737511346222,30.5368217250638],[-81.7374072185353,30.5368257359944],[-81.7373082736443,30.5368538155849],[-81.7372223645257,30.5369098063085],[-81.7371573477694,30.5369978879988],[-81.7371242550003,30.5370888108595],[-81.7371372908914,30.53716185038],[-81.7371652033781,30.5372148335812],[-81.7372063189559,30.5372668129525],[-81.7372952365033,30.5373787953665],[-81.737377301141,30.5374668771918],[-81.7374302837802,30.5375507802628],[-81.7374543514985,30.5376418703118],[-81.7374583626744,30.5377398130629],[-81.7374543522021,30.5378238836063],[-81.7374132355474,30.5379158099233],[-81.7373482188233,30.5380137528325],[-81.7372242025345,30.5381427829741],[-81.7371182377982,30.5383117588451],[-81.7370202944428,30.5384448005717],[-81.7369633003233,30.5385357242045],[-81.7369233549437,30.5386408541546],[-81.7368982842669,30.5387568471365],[-81.7368702046889,30.5388718387268],[-81.7368702049886,30.5389988634782],[-81.7368822384618,30.539117865042],[-81.7369153321815,30.5392258363533],[-81.7369432438028,30.5393348102752],[-81.7369922155234,30.539450803801],[-81.7370732779935,30.5395728145612],[-81.7371982971076,30.539720731228],[-81.7374302845103,30.5400068719937],[-81.7375733540688,30.5401758480057],[-81.7376382040618,30.5403117315917],[-81.7376622715885,30.5404208723273],[-81.7376622720006,30.5405298462665],[-81.7376462268191,30.5406837804641],[-81.7376303481475,30.5407997738112],[-81.7375892324841,30.5408908639552],[-81.7375322385603,30.5409707558337],[-81.737475244108,30.5410447979454],[-81.7373943494477,30.5410937695664],[-81.7373082736448,30.5411288681882],[-81.7371982965149,30.5411427407625],[-81.7369763375239,30.541170819907],[-81.7368172220377,30.5412057514245],[-81.7367283051531,30.5412298193253],[-81.7366062946917,30.5412408503748],[-81.7362402623789,30.5412717716279],[-81.736146330584,30.5413038613793],[-81.7360652693338,30.5413528331236],[-81.7359412529094,30.5414128359491],[-81.7357722766566,30.5414898859544],[-81.7356622999465,30.541559749718],[-81.7355643564223,30.5416398088766],[-81.735478280372,30.541706831387],[-81.7354172756705,30.541804774123],[-81.7353893628763,30.5419137478041],[-81.7353773297367,30.5420287386543],[-81.7354132644178,30.542098769698],[-81.7354873063477,30.5421768230116],[-81.7356703223035,30.5423168842316],[-81.735804366744,30.5424007873623],[-81.735971337356,30.5424497594457],[-81.7361212603408,30.5424738266538],[-81.736333357784,30.5424888690875],[-81.7366833444466,30.542488869184],[-81.7370012411679,30.542473827052],[-81.7373303356932,30.5424248553874],[-81.7375252181925,30.5424078075609],[-81.7376803222581,30.5424108161295],[-81.7378352592863,30.5424497592102],[-81.7379203328747,30.5424958893961],[-81.7380102526659,30.5425797921414],[-81.7381043508567,30.5426897690256],[-81.738148308636,30.5427758453475],[-81.7381812343619,30.5428988587523],[-81.738182237558,30.543002818824],[-81.738152319488,30.5430758580384],[-81.7380453521532,30.5431517386989],[-81.7379283552783,30.5432687352434],[-81.7378573211071,30.5433798813629],[-81.7377226486938,30.5435039109482],[-81.7376923565676,30.5435318094832],[-81.7375922408317,30.5436188886095],[-81.7375053289462,30.5436758828613],[-81.7373422026245,30.5438087571253],[-81.7371523339321,30.5439337769169],[-81.7369982325938,30.5440118294901],[-81.7367802854733,30.544104758716],[-81.7365533112647,30.5442068799226],[-81.7364082361785,30.5442927889629],[-81.7362183671644,30.5443937400248],[-81.7360273289962,30.5445038838155],[-81.7359183548802,30.5445817703062],[-81.7358682131683,30.544630741324],[-81.7358312756284,30.5446987664298],[-81.7358052023117,30.544784842252],[-81.7357813017772,30.5448867970681],[-81.7357712733008,30.5449797252587],[-81.7357712736246,30.5450678069514],[-81.7357893243794,30.5451358326027],[-81.735825258697,30.5452028542745],[-81.7358762360902,30.5452588455671],[-81.7359633148048,30.5453268708532],[-81.7360502265464,30.5453858702893],[-81.7361393106863,30.5454308306359],[-81.7363072843764,30.5455078816136],[-81.7367323167224,30.545690730439],[-81.7369643036512,30.5457798143058],[-81.7370833065388,30.5458207629065],[-81.7374973067424,30.5459427738928],[-81.7375972547768,30.5459877339501],[-81.7376652804993,30.5460467337006],[-81.7377232774262,30.5461018888894],[-81.7377572058559,30.5461647331827],[-81.7377742539301,30.5462377723454],[-81.7377802707626,30.5464548840343],[-81.7377742545487,30.5466547816643],[-81.737752359334,30.5467587414997],[-81.7377212715054,30.5468498316547],[-81.7376672855363,30.5469417568915],[-81.7376022688689,30.5470368584242],[-81.7375093406832,30.5471317932456],[-81.7374092245673,30.5471978122634],[-81.7373273274649,30.5472357530495],[-81.7372482713991,30.5472548060913],[-81.7371672089335,30.5472548066956],[-81.737083305738,30.5472447781914],[-81.7369833576229,30.5472108488263],[-81.7368832421825,30.5471408188216],[-81.7367682512331,30.5470388639418],[-81.7365693574829,30.546914847781],[-81.7364933089657,30.5468717263702],[-81.7364042253051,30.5468377973563],[-81.736167223495,30.5467607470484],[-81.7360072722864,30.5467017473526],[-81.7358832560622,30.5466338893356],[-81.7356753364331,30.5464968359552],[-81.7355332693159,30.5463997289194],[-81.7354172757543,30.5463088059346],[-81.7353253493151,30.5462528147473],[-81.7352043416916,30.5462048462445],[-81.7350672883928,30.5461687443441],[-81.7349543031942,30.546150860333],[-81.7348232675766,30.5461428381573],[-81.7346213650734,30.5461428378382],[-81.7345212495728,30.5461568780923],[-81.7344423600863,30.5461747612485],[-81.7343663127523,30.5462048464905],[-81.7343083149757,30.546251811769],[-81.7342643581677,30.546317831077],[-81.7342212364303,30.5463768313842],[-81.7340472456636,30.546581742148],[-81.7339583283067,30.5467077641975],[-81.7339352641371,30.5467828087528],[-81.7339352633875,30.5468688852061],[-81.7339452916972,30.5469387486695],[-81.7339432864592,30.5470318443799],[-81.7339302500101,30.5471528527954],[-81.7339142041077,30.5472118519628],[-81.7339142043886,30.5472558093638],[-81.7339302494295,30.5472957551744],[-81.7339673538965,30.5473208258019],[-81.7340303657019,30.5473258405407],[-81.7341242962103,30.5473128034068],[-81.7342443019271,30.5472838884991],[-81.7343422450335,30.5472798769687],[-81.7344692691229,30.5472987638741],[-81.7345433116961,30.5473328602268],[-81.7345802490427,30.5473687949095],[-81.7345902767074,30.5474047289165],[-81.7345832571983,30.547452864474],[-81.7345613620332,30.547508855923],[-81.73455033148,30.54758874793],[-81.7345603596318,30.5476798381804],[-81.7345862660136,30.5477388380393],[-81.7346282177267,30.547799842831],[-81.7346942372225,30.5478608480496],[-81.7347572480597,30.5478897629347],[-81.7348363039871,30.5479108224852],[-81.7349332437621,30.5479218541021],[-81.7350733054939,30.5479308796829],[-81.7352312507624,30.5479288732164],[-81.7353512560441,30.5479417434659],[-81.7355063597743,30.5480017455195],[-81.7356012938815,30.5480458703396],[-81.7357712733292,30.5481257619594],[-81.7358742307287,30.5481508325283],[-81.7359663232835,30.5481648720069],[-81.7360973600231,30.5481827559158],[-81.7362583134074,30.5481957925849],[-81.7367953275815,30.5481988011353],[-81.7369763376112,30.5482088296991],[-81.7372013053969,30.5482688321596],[-81.7373303364878,30.5483097805502],[-81.7374383072088,30.5483637661965],[-81.7375352475551,30.5484297861097],[-81.7376353626394,30.54850683617],[-81.7376823279591,30.5485728557659],[-81.7377062290823,30.5486467310703],[-81.7377162571433,30.5487267899681],[-81.7377062291953,30.5488598320111],[-81.7377172597845,30.5489437351395],[-81.7377433339237,30.5490237942441],[-81.7377782659009,30.5490928217134],[-81.7378972680754,30.5493488774699],[-81.7379733151719,30.5495678274983],[-81.7379982192189,30.5496878328462],[-81.7380032331149,30.5497887843304],[-81.7379982188507,30.5498867266019],[-81.7379773264823,30.5499958674831],[-81.7379482445979,30.5500637259479],[-81.7379062931541,30.5501158725087],[-81.7378462911362,30.5501538131483],[-81.7377662319276,30.5501788834056],[-81.737664277839,30.5501877425699],[-81.7375222098948,30.5501947622523],[-81.7373883326561,30.5502158216783],[-81.7373042620545,30.5502537612355],[-81.7372462657186,30.550301729964],[-81.7372043143939,30.5503787807546],[-81.7371252575646,30.5505617968561],[-81.7370552267317,30.5507688805994],[-81.7370082614178,30.5509348486333],[-81.7369502648397,30.5511268903275],[-81.7368832421189,30.5512738043407],[-81.7368352738644,30.551451805795],[-81.7367893107544,30.5516717597334],[-81.7367283054701,30.5518258604547],[-81.7367070502555,30.5518878841607],[-81.7366793337044,30.551968763694],[-81.736640223489,30.5520917770554],[-81.7365663487829,30.5522488866352],[-81.7365143685967,30.5524068321191],[-81.7364762614159,30.5525597631571],[-81.7364302990226,30.5526907991647],[-81.7363783182962,30.5527558154388],[-81.7362723537359,30.5528138123434],[-81.7361662204909,30.5528338693744],[-81.7360682778981,30.5528138131717],[-81.7359703346603,30.5527558161554],[-81.7358952901053,30.5527098527885],[-81.7358142282266,30.5526117430138],[-81.7357162858372,30.552519817329],[-81.7356113225772,30.5524387557178],[-81.7354493662496,30.5523588638124],[-81.735283230598,30.552306883702],[-81.7350953685855,30.552280809959],[-81.7349063351548,30.5522747931238],[-81.7347323443601,30.5522677728682],[-81.7346113372106,30.5522547363761],[-81.7344893259565,30.5522188017077],[-81.734396230146,30.5521708330031],[-81.7342702086296,30.5520817490228],[-81.734093208872,30.5519338316051],[-81.7339442890207,30.5518288687503],[-81.7337713012184,30.5517128758647],[-81.7336543053567,30.5516478591954],[-81.7335662233778,30.5516077454784],[-81.7334403682594,30.5515838448492],[-81.7333372447715,30.5515998901843],[-81.7332583549748,30.5516398365905],[-81.7332042029208,30.551692818892],[-81.7331742848008,30.5517837417085],[-81.7331742851688,30.551933831459],[-81.7331933384418,30.5520297690373],[-81.733257353063,30.5521537856765],[-81.7333133437588,30.5522788045289],[-81.7334082784409,30.5523947983109],[-81.7334983650456,30.5524728515098],[-81.7336003195537,30.55252784025],[-81.7336912431185,30.5526048900365],[-81.733804228084,30.5527327510045],[-81.7338572108522,30.5528067932638],[-81.7338923095818,30.5528978829326],[-81.7339483008079,30.5529697523189],[-81.7340283602205,30.5530498118591],[-81.73409722047,30.5531507626067],[-81.7341632402372,30.5532747791829],[-81.7342412937936,30.5534178493379],[-81.7343143332377,30.5536028709704],[-81.7343862023119,30.5537748556421],[-81.734440354511,30.5539077302738],[-81.7344943405692,30.5540417748607],[-81.7345573517747,30.5542747647909],[-81.7345902777632,30.5544617922226],[-81.7345882722153,30.5546957857049],[-81.7345642041781,30.5549028694709],[-81.734537295228,30.5551368626944],[-81.7345413064333,30.5552998216885],[-81.7345682150432,30.5555177698109],[-81.734615348531,30.5557848561463],[-81.734685212029,30.5560048097785],[-81.7347162997481,30.556205876027],[-81.734731342435,30.5564567505612],[-81.7347293362225,30.5566778736617],[-81.7347452142709,30.5568028925783],[-81.7347833213755,30.5569148751532],[-81.7348202591366,30.5569867442597],[-81.7348852761057,30.5570228459418],[-81.7349412667397,30.557026857933],[-81.7350072864076,30.5569947668537],[-81.7350682919448,30.5569397786883],[-81.7351842854397,30.5567928643152],[-81.7353703106214,30.5565857806611],[-81.7355152191545,30.5564567498251],[-81.7356922179188,30.5563327341887],[-81.7359063214572,30.5562297769382],[-81.73614332334,30.5561518910994],[-81.7362392602675,30.5561318339771],[-81.736425284953,30.5561117778977],[-81.7365882440067,30.5561197999448],[-81.7367002267281,30.5561557351783],[-81.7367512036344,30.5562357942132],[-81.7367602293381,30.5563128441451],[-81.7367363278544,30.5564057731679],[-81.7366723142282,30.5565048861899],[-81.7365882440662,30.5566218828283],[-81.7365372664879,30.5567338645178],[-81.7364882953425,30.556865736554],[-81.7364413299721,30.5570328742186],[-81.7363612711947,30.5573158387667],[-81.7362812122307,30.5575648748203],[-81.7362202060613,30.557662816901],[-81.7361963057829,30.5577707882306],[-81.736155356802,30.5578608755716],[-81.7360833209076,30.5579678435158],[-81.7359753495542,30.5581087409148],[-81.7357732801162,30.5583848526788],[-81.73563321819,30.5585658635362],[-81.7355132130612,30.5587587400458],[-81.7354192820272,30.5589138441878],[-81.7353303644323,30.5590418722765],[-81.7352053453949,30.5591978112118],[-81.7351052295119,30.5593298506046],[-81.7350163121749,30.5594578784778],[-81.734948286841,30.5595407783741],[-81.7348912931448,30.5595857384087],[-81.7348232675541,30.5596067979809],[-81.7347383613645,30.5595957670784],[-81.7346842087553,30.5595498042912],[-81.734601308909,30.5593697963292],[-81.7345332833431,30.5592138565257],[-81.7344572362683,30.5590627643883],[-81.7343723297851,30.5589278840213],[-81.7342922709587,30.5588377968332],[-81.7342112086656,30.558764757498],[-81.7341152719792,30.5586888766539],[-81.7340263545365,30.5586437500204],[-81.7339412807758,30.5586168400134],[-81.7338323075386,30.5586028005489],[-81.7336153619061,30.5586258659048],[-81.7334042665799,30.5586618007346],[-81.7332672141671,30.5586648087502],[-81.7331162889185,30.5586397384396],[-81.7329682046801,30.5585947782067],[-81.732853213056,30.5585488152119],[-81.7327402284504,30.558482795677],[-81.7326312546707,30.5583888641879],[-81.7324582663985,30.5581807777596],[-81.7322413218641,30.5579477875812],[-81.7315142715071,30.5573477620321],[-81.7313053489401,30.5572108763885],[-81.7311923638098,30.5571448572765],[-81.7310802143316,30.5571107611069],[-81.7309513509896,30.5571027383394],[-81.7308343542013,30.5571418490325],[-81.7307663299782,30.5572247485911],[-81.7306652114667,30.5573567875718],[-81.7305403593824,30.5575088830028],[-81.7303922747869,30.5576618149288],[-81.7302433549302,30.5577898424174],[-81.7300663561707,30.5579357531726],[-81.7299672430622,30.5580557588736],[-81.7299072404624,30.558184789387],[-81.7298833399403,30.5582957688339],[-81.7298952072535,30.5583888641807],[-81.7299252921076,30.5584817933604],[-81.7299872996828,30.5585967842885],[-81.7300922622897,30.5587248114814],[-81.730307202292,30.5589678300453],[-81.730400297491,30.5590848266298],[-81.7304843683457,30.559220877059],[-81.7305442036456,30.5593697966084],[-81.7306312822305,30.5596188322807],[-81.7306842654054,30.5597368312687],[-81.7307442670108,30.559836779802],[-81.7308412073956,30.5599617988587],[-81.7309563653501,30.5600978494559],[-81.7310772064929,30.5602198602509],[-81.7312862953057,30.5603918444916],[-81.7316063649236,30.5606597664641],[-81.7319352922981,30.5609738186781],[-81.7321223197323,30.5611957776871],[-81.7321662762637,30.5613027461095],[-81.7321753019051,30.5614247567194],[-81.7321393670743,30.5615397478977],[-81.7320683334741,30.5616617585393],[-81.7319652099026,30.5617847722049],[-81.7318602477092,30.5618957511828],[-81.7316392908362,30.5620827789423],[-81.7314642972543,30.5622517553831],[-81.7312812816381,30.562432765661],[-81.7311323614062,30.5625437455838],[-81.7309473402301,30.5626478722537],[-81.7307452706382,30.5627237531496],[-81.7305403595261,30.5627857609663],[-81.7303192359862,30.5628168481647],[-81.7300452972853,30.5628377404084],[-81.7297312443233,30.5628238685741],[-81.7293292781598,30.562775732849],[-81.7290553394511,30.5627488238989],[-81.7287043491838,30.5626858120951],[-81.7283022160784,30.5626197929753],[-81.7280003645479,30.5625437450295],[-81.7277712189675,30.5624748842858],[-81.7276622449842,30.5624188930218],[-81.7275892055883,30.5623637382102],[-81.7275492594424,30.5623087493361],[-81.7275253589884,30.5622388854479],[-81.7275292026315,30.5621728661811],[-81.7275532703602,30.5621078497311],[-81.7276222985936,30.5620448389357],[-81.7277662045558,30.5619477319216],[-81.7278432546518,30.561867839587],[-81.7279112804536,30.5617578631917],[-81.7279662682679,30.5616037614755],[-81.7279863247903,30.5613888220781],[-81.7279662682229,30.5611728801697],[-81.7278663201527,30.5608977717175],[-81.7277112155428,30.5606087895614],[-81.727576335817,30.5603388625526],[-81.7275382282824,30.5602158486032],[-81.7275063047145,30.5600627504048],[-81.7274613450594,30.5599218529636],[-81.7273852971747,30.5597488658797],[-81.7273002242181,30.5596238464658],[-81.7272323659839,30.5595648468337],[-81.7271472928487,30.5595367678413],[-81.727043332783,30.5595267394521],[-81.7269382028667,30.5595437877576],[-81.7268412627218,30.5596098071644],[-81.7267373038244,30.5597207864072],[-81.7265803613494,30.5598658625064],[-81.726487264631,30.5599858671963],[-81.7264232508974,30.5600988522573],[-81.7263903248648,30.5601817530901],[-81.7263702680416,30.5603097806837],[-81.7263462008679,30.5604968078756],[-81.7263102658737,30.5606248356284],[-81.7262572831916,30.5607528628415],[-81.7261272501653,30.5609758247495],[-81.7259773271126,30.5611907637253],[-81.7257772638115,30.5613968452531],[-81.7256273405396,30.5615738439953],[-81.7255123497574,30.561792794874],[-81.7254602022292,30.5619968699589],[-81.7254112314539,30.5622657948679],[-81.7253923452752,30.5624957770271],[-81.7253193053894,30.562722750373],[-81.7252462657545,30.5629597516573],[-81.725215345299,30.5631987589695],[-81.7252252064317,30.5633378176365],[-81.7252793599128,30.5635858504446],[-81.7253522312157,30.5638308743707],[-81.7254433218257,30.564019740331],[-81.7255693436993,30.5641598015048],[-81.7257732523101,30.5642958518145],[-81.7261762220961,30.5645318508714],[-81.7263313252313,30.5645868391249],[-81.7265733416822,30.5646287903073],[-81.726817362351,30.5646737507815],[-81.7270152534042,30.5647307445233],[-81.727256266466,30.5648398857839],[-81.7274673619867,30.5649657407802],[-81.7277322756278,30.5651627957269],[-81.7278972410446,30.5652647503094],[-81.7280622057339,30.565304863527],[-81.7282052753084,30.5652978438307],[-81.7283272860002,30.5652727728955],[-81.7284312463243,30.5651968926041],[-81.7285193281985,30.5649898082601],[-81.7285652907973,30.5648087975881],[-81.7286102510337,30.5646897960307],[-81.7287023434252,30.5645637734902],[-81.72877521569,30.5644778648467],[-81.7288853598409,30.5644377515509],[-81.7290412999362,30.5644537971236],[-81.7291512760999,30.5645328530478],[-81.7292333407865,30.5646667306361],[-81.7292793033946,30.5648398858605],[-81.7292883290075,30.5650608422991],[-81.7292512246463,30.5653448093269],[-81.7291962361742,30.565604875927],[-81.7291143385871,30.565801764589],[-81.7290412993103,30.5659518544796],[-81.7289632457003,30.5660337520365],[-81.7288733262304,30.5660937540141],[-81.7286473560732,30.5661798304683],[-81.7283822748733,30.566279778625],[-81.7282082842814,30.566353820753],[-81.7279602520287,30.5664878654183],[-81.7278213597008,30.5665848057067],[-81.7275723242958,30.5667908867366],[-81.7273062414143,30.5670507853159],[-81.7271723632479,30.5672087307252],[-81.7270632222503,30.5673598239706],[-81.7269542491698,30.5675257917251],[-81.7268623226363,30.5676628449481],[-81.7267302843019,30.5677698125813],[-81.726585208124,30.567828812914],[-81.7264433084641,30.5678358324576],[-81.7263172857421,30.567792877764],[-81.7262422412314,30.567698779774],[-81.7261663604791,30.5674968764023],[-81.7261202308772,30.5670507854059],[-81.7260822897469,30.5667397418085],[-81.7260742674116,30.5664298681557],[-81.7260572199326,30.5662637334849],[-81.7260242935208,30.5661268476061],[-81.7259532599693,30.5660088482371],[-81.7258392714487,30.5659608791515],[-81.7257052266681,30.5659677322976],[-81.7255713495078,30.5660038339249],[-81.7254292820971,30.5661118050944],[-81.7252362381308,30.5663138749613],[-81.7250602422427,30.566465803515],[-81.7248513190858,30.5666028565029],[-81.7244682394484,30.5668218067197],[-81.7238102177307,30.5671607622319],[-81.7233683049237,30.5674178209746],[-81.7230502415177,30.567641785565],[-81.7227732937922,30.5678868092781],[-81.7226222016192,30.5680888796336],[-81.7225393006423,30.5682548469782],[-81.7226562971317,30.5683457700069],[-81.7226392493667,30.568393738609],[-81.7226673281943,30.5684707892606],[-81.722674348204,30.5685578684203],[-81.7226912297323,30.5686317428961],[-81.722638246931,30.5686688474509],[-81.7226522866782,30.5687647853672],[-81.7226292210249,30.5688368213246],[-81.722627215387,30.5689068524119],[-81.7226043173903,30.5690098093647],[-81.7226292214292,30.5690268567981],[-81.7226292210039,30.5690708141116],[-81.7226133427097,30.5690868593341],[-81.7226013096192,30.5691717656914],[-81.7225993037864,30.5692558361263],[-81.7226153492786,30.5693278723763],[-81.722601308768,30.5694458721885],[-81.722596294771,30.5695807522833],[-81.7226412550857,30.5696718423826],[-81.7226332324866,30.5697737966771],[-81.7226133427673,30.5698217648066],[-81.7226332327461,30.5698697331284],[-81.7226643205704,30.5699078413298],[-81.7226382463896,30.5700208258426],[-81.7226402525549,30.5701107462764],[-81.7226512837268,30.5701638963735],[-81.7226153488049,30.5702377708494],[-81.7226183578563,30.5703268558373],[-81.7226312270153,30.5703898667536],[-81.7226542917452,30.5704328210455],[-81.7226312266862,30.5704737699882],[-81.7226372442186,30.5705078661634],[-81.7226573001865,30.5705488147819],[-81.7226372434617,30.5706038035116],[-81.7226593061506,30.5706597942296],[-81.7226683314407,30.5707197965245],[-81.722654291541,30.5707657594206],[-81.7226282187097,30.570803867396],[-81.722636240981,30.5708398016226],[-81.7226613122775,30.570880750361],[-81.7226392491206,30.5709218669333],[-81.7226422582767,30.5710278317798],[-81.7226472727047,30.5711458313314],[-81.7226282184015,30.5712138561816],[-81.7226362412886,30.5713477338718],[-81.7226222012942,30.571384838732],[-81.7225882721273,30.5713988778846],[-81.7225443155537,30.5714297984302],[-81.722524259002,30.5714877954391],[-81.7225192441335,30.5716007802876],[-81.7225072107934,30.5716467437536],[-81.7224682680372,30.5716587775037],[-81.7224213022396,30.5717167740941],[-81.722418293736,30.5717647432173],[-81.7224263160485,30.5718317653456],[-81.7223843644695,30.5719288726936],[-81.7223173423203,30.5720027472907],[-81.7223143333132,30.5720538915922],[-81.7223422456389,30.5721357889436],[-81.7223282059684,30.5721937859074],[-81.7222982880751,30.5722337318567],[-81.7221413454348,30.5722437600658],[-81.7220492527005,30.572325825203],[-81.7219703639175,30.5723358532292],[-81.7219142053744,30.5723567456083],[-81.7218303022584,30.572366773394],[-81.7217133054842,30.5723318420287],[-81.7216402661618,30.5723188047452],[-81.7215963093763,30.5722768537017],[-81.7214873351222,30.5722128401016],[-81.7213952422147,30.5720928343623],[-81.7213312288228,30.5720027469705],[-81.7212543454183,30.5719648074092],[-81.721230276791,30.5719368954408],[-81.721145203926,30.5718397876875],[-81.7211293261268,30.5717428477356],[-81.7209043577987,30.5714657332814],[-81.7208642447484,30.5713828333404],[-81.7207912059889,30.5713587654236],[-81.720747248312,30.5713378731066],[-81.7207392262705,30.5712718530222],[-81.7206952683533,30.5712128540132],[-81.7206142072439,30.5711267772777],[-81.720650308097,30.5710848265209],[-81.7205903061764,30.5710017587562],[-81.7205303039325,30.570997747548],[-81.7204853434075,30.5709567984193],[-81.7204853435007,30.5709288865968],[-81.7204452308426,30.5708837594351],[-81.7204012732114,30.5708698866715],[-81.7203872338397,30.5708187429241],[-81.72033224511,30.5707968470965],[-81.7202483414455,30.5708008590529],[-81.7202122403994,30.5707657601518],[-81.7201632690057,30.570717790871],[-81.7200992545461,30.5707137800081],[-81.7199742352652,30.5707348395502],[-81.7198943433926,30.5707727800734],[-81.7197932259137,30.5708387993452],[-81.7197292117439,30.5709078273827],[-81.71969227421,30.5709258775513],[-81.7196483170735,30.570977857962],[-81.7195682580937,30.5710258262877],[-81.7194073040618,30.5711638827596],[-81.7192943183703,30.5712507944351],[-81.7191412203337,30.5712917431574],[-81.7191012740032,30.5713097935443],[-81.7190252264234,30.5713198221279],[-81.7189642210652,30.5713477344265],[-81.7188843295851,30.5713547542048],[-81.7188522393557,30.5713958695945],[-81.7187792002895,30.5713958696798],[-81.718723208248,30.5714028899994],[-81.7186702254625,30.5714408300479],[-81.7185092717022,30.5714687418184],[-81.7182642481958,30.5715038410743],[-81.718107305244,30.5715277413989],[-81.718027246831,30.5715588289058],[-81.7178512504564,30.5715927582585],[-81.7178032817562,30.5716318682177],[-81.7176822740972,30.5716388884557],[-81.7174212039437,30.5716728171512],[-81.7173082187243,30.5717037374861],[-81.717292341275,30.5717458564344],[-81.7172233127947,30.5717667491559],[-81.7171392429612,30.5717908168957],[-81.716999348597,30.5717968337401],[-81.7168932158777,30.5717938254237],[-81.7167493101963,30.5717878083224],[-81.7166283024563,30.5717837965339],[-81.7165472407203,30.5717318170704],[-81.7164553139926,30.5717177776291],[-81.7163182610532,30.5716728173394],[-81.7161613191533,30.5715997784639],[-81.7160642119924,30.5715447893572],[-81.7159803087959,30.5715377702231],[-81.7158793572864,30.5714687420173],[-81.7158432557375,30.5714197703208],[-81.7157102137638,30.5713577622163],[-81.7156052512421,30.5712887341948],[-81.7155693163014,30.57124979129],[-81.7154972801223,30.5712327435751],[-81.7152753205383,30.5710908428716],[-81.7151553152711,30.5710107839904],[-81.7150742539171,30.5709588044887],[-81.7147373035094,30.5708028645419],[-81.7144033618384,30.5705907668979],[-81.7143273142277,30.5705558350344],[-81.7142223525016,30.570486806768],[-81.7141382812317,30.5704508724446],[-81.7141073614974,30.5704177793072],[-81.7140672484919,30.5703617877722],[-81.7139542623758,30.5702927599996],[-81.7139103058244,30.5703027882],[-81.7138703594355,30.5702618390204],[-81.7136492358107,30.5701127524518],[-81.713636199777,30.5700808285283],[-81.7135822140416,30.5700428887503],[-81.7135133529055,30.5700398799209],[-81.7134332938009,30.5699877333158],[-81.7132322269777,30.5698317933486],[-81.7130592397116,30.5697248253098],[-81.7130022457245,30.5696547945202],[-81.7129382318995,30.569609834683],[-81.7128982858605,30.569620865296],[-81.7127772776045,30.5695478266341],[-81.7127612328453,30.5694988551821],[-81.7127122606271,30.5694538949633],[-81.7126083009978,30.5694228069308],[-81.7125312508685,30.5693818583601],[-81.7124953158301,30.569349768283],[-81.7125113608175,30.5693048075414],[-81.7124433362694,30.5692638591314],[-81.7123602689976,30.5692498196954],[-81.7123442230485,30.5691878109956],[-81.7121632131058,30.5689997813207],[-81.7121072213444,30.5689867446101],[-81.7120102815505,30.5688827841937],[-81.7119183561416,30.5688267929833],[-81.7118942877899,30.5687577651085],[-81.7117712746595,30.5686357547128],[-81.7116542780513,30.5684768070005],[-81.7115661967012,30.5683688360469],[-81.7113733196786,30.5681818082026],[-81.7113602825016,30.5680957327003],[-81.711288245671,30.5680328886931],[-81.7113002800345,30.5679498207174],[-81.7112282437721,30.5678637445987],[-81.7111872951367,30.5678498720962],[-81.7110753119148,30.5676628447585],[-81.7110102956022,30.5675687462018],[-81.7109302363182,30.5674687979319],[-81.7108212631176,30.567336759499],[-81.7107853277548,30.5672398193697],[-81.7106183571939,30.5669068808059],[-81.7105172383562,30.5667547847294],[-81.7104162872513,30.5666608530922],[-81.7103402394596,30.5665747775899],[-81.7102922710851,30.5664567780468],[-81.7102513229226,30.5664148264878],[-81.7101471953005,30.5663598377594],[-81.7100823465189,30.5662657395928],[-81.7100143208524,30.566182839522],[-81.7099623411471,30.5661728108437],[-81.7098973239766,30.5661447321192],[-81.709865233508,30.56611681932],[-81.709783336733,30.566092751941],[-81.7097303533987,30.5661208308793],[-81.7096822182185,30.5661308596754],[-81.7096143595744,30.5661138111275],[-81.7095172530236,30.5661547599477],[-81.7094432107161,30.5662197766772],[-81.7093763557135,30.5663108665058],[-81.7091833111613,30.5664878659219],[-81.7090462584652,30.5665948341143],[-81.7088812928234,30.5666917737067],[-81.7088293129082,30.5666917743804],[-81.7087203395103,30.5667547853093],[-81.7086962718064,30.5667957337069],[-81.7086322571615,30.5667957339632],[-81.7085752638171,30.5668448725791],[-81.7084952044405,30.5668278240059],[-81.7084263434907,30.5668378523722],[-81.7083103495836,30.5670078318856],[-81.7081893417109,30.5670808708971],[-81.7081303429506,30.5670838798963],[-81.708106274725,30.5671398706355],[-81.7080342386991,30.5671848304897],[-81.7079493325461,30.5671948592693],[-81.7078532278261,30.567194859545],[-81.7077362311165,30.567184830766],[-81.7075471986948,30.5672468389541],[-81.7075393431111,30.5672887905029],[-81.7074863596528,30.5673098497504],[-81.7074342131055,30.5672847794291],[-81.7073862449907,30.5672917990679],[-81.707329250847,30.5673267308937],[-81.707281281602,30.5673367597112],[-81.7070962601447,30.5673098501501],[-81.7068833266251,30.5673648385087],[-81.7068462224258,30.5674097983722],[-81.7067822082216,30.5674168183113],[-81.7067013135063,30.5674067901555],[-81.706617243508,30.5673997703537],[-81.7065572402362,30.5674168180599],[-81.7065082691845,30.567423838309],[-81.7064262049202,30.5674128069441],[-81.7063453097238,30.5674477390374],[-81.7059672438813,30.5674617787044],[-81.7059272981301,30.5674958741923],[-81.705838213661,30.5674998859873],[-81.7057982677759,30.56747882609],[-81.7054462750852,30.5675067388203],[-81.7054103404939,30.567537825756],[-81.705120355844,30.5675928146686],[-81.7048263603115,30.5676138735996],[-81.7047543237828,30.5676518146732],[-81.7047063559075,30.5676237348762],[-81.7044162035759,30.5676658537015],[-81.7043473430109,30.5676108652446],[-81.7042032703483,30.5676347666568],[-81.7040902853071,30.5676518138523],[-81.7039062658237,30.5676407829038],[-81.7038203576326,30.5676588344709],[-81.7037523327576,30.5676488061671],[-81.7036792927428,30.5676068546068],[-81.7035753328844,30.5675398318713],[-81.7034982825657,30.5675167671865],[-81.7034742150729,30.5674368752819],[-81.7034822374974,30.5673367593884],[-81.7034982827753,30.567232799838],[-81.7034742145399,30.5671808198213],[-81.7034463023073,30.5671047715353],[-81.7034623476501,30.5670658284738],[-81.7035382286812,30.5670108403894],[-81.7037942835024,30.5666847546791],[-81.703870331708,30.5665988452995],[-81.7039273261342,30.5665707659844],[-81.7039991948701,30.5665428542766],[-81.704023262741,30.5665117669479],[-81.7040272741065,30.5664738261117],[-81.7040152405825,30.5664188377478],[-81.7042652781292,30.5662348192074],[-81.7043612153256,30.5661168200511],[-81.7046192765125,30.5658808214496],[-81.7046512002121,30.5658188127823],[-81.7048462498998,30.5656678871823],[-81.7049833026976,30.5654108289583],[-81.7050553392828,30.5652238018381],[-81.7050782377094,30.5651358874788],[-81.7050453110637,30.5650568313021],[-81.7050112151819,30.5648868519809],[-81.7049502090867,30.5646928048312],[-81.7049012382729,30.5644437698352],[-81.7048632980823,30.5643247676397],[-81.7048113175372,30.5641768506966],[-81.7047033468561,30.564017734843],[-81.7045873528112,30.5639107669882],[-81.704447291467,30.5638238553617],[-81.7043312979347,30.5638098156824],[-81.7041902331242,30.5638138269658],[-81.7040092229855,30.5638208468157],[-81.7039042603289,30.5638378946367],[-81.7036423550188,30.5638407364484],[-81.7035063048469,30.5638477561657],[-81.7034372773624,30.563830874852],[-81.7030953134823,30.5638268640803],[-81.7030032198742,30.5638128240454],[-81.7026162955902,30.5637997871802],[-81.7022502639592,30.5638138267504],[-81.7019642912014,30.5638168355862],[-81.7017292954511,30.5638397333198],[-81.701699210281,30.563864803569],[-81.7016293465378,30.5638658069931],[-81.7015232141024,30.5639288173766],[-81.7014592001437,30.5639428570836],[-81.7014393109409,30.5639978454167],[-81.7013863283438,30.5640367887871],[-81.7013522315367,30.5641148422006],[-81.7013502259889,30.5641987456804],[-81.7013823167442,30.5642998640857],[-81.7015232139787,30.5645007638444],[-81.7016763126239,30.5647327515267],[-81.701753195731,30.5648958774741],[-81.7018013317065,30.5649167700121],[-81.7018332544863,30.5649888064404],[-81.7018732012721,30.5651178366537],[-81.701942228324,30.565214776865],[-81.701986352855,30.5653357842982],[-81.7020752707301,30.5654397442223],[-81.7020993385453,30.5656578590915],[-81.7021192281642,30.5658248299301],[-81.7020993385713,30.5659107385593],[-81.7020632364925,30.5659978179631],[-81.7020473587834,30.566181836333],[-81.7020202826795,30.5662817851998],[-81.7019962145829,30.5663608409735],[-81.7019042881098,30.5664058009751],[-81.7017752578209,30.5664928806276],[-81.7016062821273,30.5665898200604],[-81.7015372539562,30.5666108794711],[-81.7014973074504,30.5666628593157],[-81.7013522325236,30.5667007996498],[-81.7012902242068,30.5667048113018],[-81.7011332813003,30.5668017511593],[-81.7010692672311,30.5668187989999],[-81.7009562818976,30.566901866661],[-81.7009643049707,30.5669408097349],[-81.7008962797356,30.5669678863455],[-81.7006662983668,30.5671168057306],[-81.7005792196203,30.5672207656603],[-81.7004172631284,30.5673528048516],[-81.7002962550808,30.5675117525117],[-81.7001453288819,30.5677057997633],[-81.7000472195185,30.5678278107954],[-81.699930222405,30.5680318855695],[-81.6998553447599,30.5681767943808],[-81.6997233060245,30.5684998723698],[-81.699618343104,30.5687768195073],[-81.6995742187798,30.5689287476473],[-81.6994863046571,30.5690918744779],[-81.6992003320417,30.5694248128594],[-81.6991022216537,30.5695108894306],[-81.6989772023146,30.569586769396],[-81.6988642168308,30.5696638204405],[-81.69870326381,30.5697428769954],[-81.6985672129653,30.5697988680152],[-81.698494341267,30.5698578674071],[-81.6984172908415,30.569874748472],[-81.6983733331235,30.5699098473175],[-81.6982082009439,30.5699098472533],[-81.6980922068724,30.5699517990706],[-81.6979792222031,30.5699507965393],[-81.6978943161288,30.5699477878885],[-81.6977982118417,30.5699128554943],[-81.6976731930744,30.5699128562256],[-81.6975642186034,30.5698538557822],[-81.6974803159137,30.5698127401202],[-81.6973753525199,30.5697918482556],[-81.697355296806,30.5697087801718],[-81.6972942905808,30.5697017607124],[-81.6972342889167,30.5696738490543],[-81.6971662636531,30.569586770277],[-81.6971012466141,30.5695277703651],[-81.6970653118917,30.5695008609156],[-81.6970532778146,30.5694767930106],[-81.6970332216578,30.5694248128607],[-81.6968642456536,30.5692337745723],[-81.69676329369,30.5690748265902],[-81.6966142067564,30.5688348160621],[-81.6965222810522,30.5687378764941],[-81.6964273470007,30.5686558113955],[-81.69636734461,30.5686387635286],[-81.6961522380633,30.5683758563088],[-81.6960912323911,30.5683407565875],[-81.6960153515644,30.5682297771577],[-81.6959591937333,30.5682297769953],[-81.6959342900885,30.5681777973139],[-81.695830330296,30.5680258689964],[-81.6958062624343,30.5679977898539],[-81.695802251337,30.5679528300307],[-81.6957532799054,30.5679247504705],[-81.6957613020536,30.5678838017664],[-81.6957292118217,30.5678488702669],[-81.6956573427524,30.567848870041],[-81.6956003483884,30.5677517629774],[-81.6955482009509,30.5677168312513],[-81.6955243007665,30.5676198910179],[-81.695483351338,30.5675677443907],[-81.695423349275,30.567540834944],[-81.6954073044921,30.5674677956466],[-81.6953673577063,30.5674467361382],[-81.6953232334189,30.5673738639404],[-81.6953192219062,30.5673118563905],[-81.6952862963735,30.5672598761166],[-81.6952582166,30.5672737488507],[-81.6952423385213,30.5672528566368],[-81.6952501946281,30.5672078965585],[-81.6952443449416,30.5671488963088],[-81.6951402175027,30.567023877131],[-81.6951123059457,30.5668607509814],[-81.6950232215023,30.5666357835033],[-81.6949912981845,30.5664938830553],[-81.6949632189111,30.5660638378136],[-81.6950073429666,30.5660497974109],[-81.6950113541165,30.5658697904494],[-81.6949953092979,30.5657387542182],[-81.6950962603677,30.5656727350852],[-81.6951203279531,30.565592842529],[-81.6951243389885,30.5654608035003],[-81.6952742621931,30.5653767335648],[-81.6955471979175,30.5650548258435],[-81.6957322198279,30.5649338177363],[-81.6958373493783,30.5647668470033],[-81.6959092194466,30.5646918025719],[-81.6959493322151,30.5645627718935],[-81.6959292753531,30.5644838826733],[-81.6959652098595,30.5644008153787],[-81.6960382490029,30.5643418155824],[-81.6960952434702,30.5641567940879],[-81.6960962465259,30.5638638014851],[-81.6960802006072,30.5637558306107],[-81.6960522891546,30.5636488621928],[-81.69597924927,30.5635168227686],[-81.6959393034459,30.5634997747894],[-81.6958803041704,30.5634088520624],[-81.6957803561615,30.5633468439397],[-81.6957043074042,30.5633538640943],[-81.6955032415099,30.5633568722738],[-81.6951492427438,30.5633817756954],[-81.6947063278273,30.5634477950782],[-81.694575291353,30.5634748717288],[-81.6944502726668,30.5635198316358],[-81.6941243533759,30.5635998904002],[-81.6939552093817,30.5636757716834],[-81.6938382132034,30.5637347709496],[-81.6937902446501,30.5637867506385],[-81.6936612143802,30.5638557787458],[-81.6935323508908,30.5639428575315],[-81.6934402583551,30.5640608572455],[-81.6934033206814,30.5641338966832],[-81.6933513402443,30.5642617567237],[-81.693325267122,30.5643787534891],[-81.6933032048484,30.5644728521677],[-81.6933072166304,30.5645487323442],[-81.6933092216632,30.5646697407091],[-81.6933322870992,30.5648168214365],[-81.6933682211156,30.5649378295197],[-81.6934402581957,30.5651178373886],[-81.6935333533506,30.5653088759798],[-81.6936541940583,30.5656478316578],[-81.6937543104969,30.5659737503515],[-81.6937703552148,30.566101777532],[-81.6937623324336,30.5661748172209],[-81.6938072930446,30.5665177842839],[-81.6937792135801,30.5666078712196],[-81.6937502989472,30.5666598512798],[-81.6936943075765,30.5666738904465],[-81.6936902963278,30.566749771836],[-81.6936343052007,30.5667748420605],[-81.6935813227779,30.566853731064],[-81.6934542980441,30.5669988067574],[-81.6933322874292,30.5670967500359],[-81.6932923413033,30.5671627695066],[-81.6932432021857,30.5671657778917],[-81.6931592989355,30.5672458362431],[-81.6929622439742,30.5673188754936],[-81.6928912097115,30.5673457853556],[-81.692785244483,30.5673638362757],[-81.6926202790589,30.567405787627],[-81.6925962116473,30.5674298558866],[-81.692358207115,30.5674507475648],[-81.69208627442,30.5674567649753],[-81.6918593011353,30.5674467364019],[-81.6918352331542,30.5674158159766],[-81.6917543379911,30.5673987678394],[-81.6916662566996,30.5674087965728],[-81.6915133254704,30.5673947568182],[-81.6914613449814,30.5673848957416],[-81.6913842945732,30.5673327482982],[-81.6912972162012,30.5673038338593],[-81.6910862875177,30.5672598758806],[-81.6910541977119,30.567204888077],[-81.6909372004319,30.5671727973456],[-81.6908972544967,30.5671208180144],[-81.690615292797,30.5669857699122],[-81.6905733414557,30.5669448213786],[-81.6904503278114,30.5669028694066],[-81.6900162709978,30.5667918902033],[-81.6898633395136,30.5667537828822],[-81.6896903516223,30.5667437548978],[-81.6896173125486,30.5667298822951],[-81.6895412646906,30.5667367346997],[-81.6894523477262,30.5667467627502],[-81.6893162976714,30.5668027540561],[-81.6892073239115,30.5668157909064],[-81.6889813530793,30.5668547338521],[-81.688776275239,30.5668508901982],[-81.6886723146079,30.5668478815916],[-81.6885472959377,30.5668408619338],[-81.6883743085879,30.5667708309681],[-81.6882412660561,30.5666947830626],[-81.6880961907278,30.5666118826461],[-81.688028332722,30.5665458634902],[-81.6879872169818,30.5664698156851],[-81.6879713391443,30.5663937680082],[-81.6879743474595,30.566323737289],[-81.687925208634,30.5661677972571],[-81.6879332313084,30.5660638376317],[-81.6879822022378,30.5656857713942],[-81.6880502273267,30.5654848722613],[-81.6881312891885,30.5653217458245],[-81.6882113488017,30.5650518181397],[-81.6882593171921,30.564978778661],[-81.6882922438756,30.5648577704182],[-81.6883042778618,30.5647508019793],[-81.6883321896234,30.5647198820953],[-81.6883462291349,30.5645597636454],[-81.6883542511897,30.5643797562679],[-81.6883293482522,30.5642097768825],[-81.688279206644,30.5639948377337],[-81.6881983116702,30.5637797309644],[-81.6880652703555,30.5635067954563],[-81.6880012558005,30.5634128638189],[-81.6878242569481,30.5632017681142],[-81.6876892102191,30.5630837688507],[-81.6876251960974,30.563059868111],[-81.6875412926521,30.5629978599742],[-81.6874842992187,30.5629908408306],[-81.6874443529407,30.5630147412286],[-81.6873962166997,30.5630078881642],[-81.6873632909214,30.5629768007477],[-81.6872332572491,30.5629788068453],[-81.6870982107063,30.5630038774749],[-81.6869272278059,30.5630478342343],[-81.6869131885967,30.5630807607512],[-81.6868443274352,30.5631018196262],[-81.6867843254855,30.5631397603983],[-81.686717302437,30.5631588141892],[-81.6866232045276,30.5632087884762],[-81.6865712245702,30.5632778163913],[-81.6865591905382,30.5633648946373],[-81.6865632019605,30.563450804016],[-81.6865382983268,30.5635348741495],[-81.6864343380089,30.5641128369589],[-81.6864002425258,30.5641997491515],[-81.6863633053235,30.5642657678359],[-81.6862712124166,30.5644218748273],[-81.6862312658522,30.5645258348757],[-81.6862023512628,30.5646368142057],[-81.6860213410833,30.5648198303359],[-81.6859533160994,30.5648898608223],[-81.6858722541287,30.5650008405868],[-81.6858202734095,30.5650798971273],[-81.6857402144493,30.565145749481],[-81.6856673432325,30.5652187884031],[-81.6856553088313,30.565256896388],[-81.6855792615091,30.565277788587],[-81.685538312562,30.5653508271201],[-81.6854622643883,30.5653917762042],[-81.685454242376,30.5654407480107],[-81.6853733474599,30.5654928943752],[-81.6852993049141,30.5655617555787],[-81.6851782972578,30.5657208707614],[-81.6851182948456,30.5657558024586],[-81.6850811900867,30.565810790564],[-81.6850113260776,30.5658637734887],[-81.6849422983684,30.5659568694799],[-81.6848423504215,30.5661238404087],[-81.6848012345332,30.5661408879156],[-81.6847773330978,30.5661898593107],[-81.6846043462156,30.5663558277542],[-81.6845963235121,30.5664178358483],[-81.6845363204727,30.5664288667271],[-81.6844873490708,30.5664808464981],[-81.6843751992402,30.5665637475811],[-81.6842541917317,30.5666118825402],[-81.6841532400549,30.5666638629502],[-81.6840573030627,30.5666887664408],[-81.6839762417048,30.5666847551712],[-81.6839162386546,30.5667228624195],[-81.6838512221207,30.5667268734554],[-81.6837831967081,30.5667088227358],[-81.68373121735,30.566733893815],[-81.6836782344648,30.566733893321],[-81.6835863089176,30.5666678737224],[-81.6835052465544,30.5666638630663],[-81.6833972760298,30.5666257556234],[-81.6833081917684,30.5665737756583],[-81.6832393306345,30.5665288156521],[-81.6831992170472,30.5664457476457],[-81.6831592719195,30.5663728754475],[-81.6830912466292,30.5663138760697],[-81.6830382632869,30.5662167693663],[-81.6829403210495,30.5660397698996],[-81.6828803183438,30.5658637737868],[-81.6828273352094,30.5656317861211],[-81.6828273354023,30.5655137870108],[-81.6828112899592,30.5653917767692],[-81.6827402565166,30.5652107662231],[-81.6827153526831,30.5650598404787],[-81.682642314084,30.5648447340843],[-81.6825602492832,30.564691803264],[-81.6824592978162,30.5645117954936],[-81.6822343302193,30.5642177994086],[-81.6820152123507,30.5639767872263],[-81.6819363231789,30.5638607933992],[-81.6817472900655,30.5636667459718],[-81.6816503503214,30.5635698065491],[-81.6814653290221,30.5634098548214],[-81.6813403098932,30.5632958673456],[-81.681252227343,30.5632438869789],[-81.6810102121303,30.5630907888393],[-81.6808813490931,30.5630528489517],[-81.6808292022585,30.5630558575399],[-81.6806122571285,30.5629908403137],[-81.6804752034064,30.5629627615933],[-81.6802253324439,30.5629037619445],[-81.6800812595167,30.562886880478],[-81.6797302705859,30.5628098303839],[-81.6795012916321,30.5627578500295],[-81.6793742666236,30.5627018590496],[-81.6792392192598,30.5626538910883],[-81.6788731871634,30.5625638032114],[-81.6787483352833,30.5625368939399],[-81.6786823157457,30.5625068093968],[-81.6784631971304,30.5624668632082],[-81.678270320171,30.5624498154756],[-81.6781651908938,30.5624528238609],[-81.6779402233969,30.562442795614],[-81.6777953148994,30.5624498156413],[-81.6777423321536,30.5624628517697],[-81.6776982072584,30.5625048037346],[-81.6776341940373,30.5625148320821],[-81.677477250782,30.5626047518984],[-81.6774252710377,30.5626637518002],[-81.6773482210291,30.5626918310067],[-81.6771852614382,30.5628108330368],[-81.6771192422269,30.5628618099811],[-81.6770223013366,30.5629798099697],[-81.6768812379087,30.5631487856233],[-81.6768332692673,30.5632738049618],[-81.6767933226567,30.5632878445706],[-81.6767973338447,30.5633368164941],[-81.676768252087,30.5633747561315],[-81.6767363289399,30.5633847850198],[-81.6766203354782,30.563634823159],[-81.6765513070744,30.5637837432681],[-81.6764302995905,30.5640468174811],[-81.676277201344,30.5643618726317],[-81.6762292326887,30.5644768637042],[-81.676187281168,30.5645448892075],[-81.6761242700079,30.5646187637739],[-81.6760562448635,30.5646717468249],[-81.6760361886478,30.564709854119],[-81.6760522332554,30.564751805201],[-81.6760283332633,30.5647937571228],[-81.6759372429136,30.5648348734984],[-81.6758382972108,30.5649318130458],[-81.6756872042133,30.5651158314517],[-81.6756133294572,30.5652408512681],[-81.6754923215982,30.5653618588387],[-81.6753291953206,30.5655737898972],[-81.6752772147461,30.5657158573584],[-81.6751642303917,30.5660277362937],[-81.6751682410012,30.5660798834548],[-81.6750552558148,30.566221783671],[-81.6749872304806,30.5663118708799],[-81.6748463331727,30.5664128220679],[-81.6746332332572,30.5665298184858],[-81.6744913329709,30.5665657532948],[-81.6743582911606,30.5665727730234],[-81.6742302631986,30.5665657533844],[-81.6740642948607,30.5665408494696],[-81.6739402794112,30.5665017392705],[-81.6738072377975,30.5664688131801],[-81.6737542548763,30.566426861753],[-81.6737102971224,30.5663538224317],[-81.6736462834447,30.566325742857],[-81.6735373091855,30.5662257944978],[-81.6734722934041,30.5662358233015],[-81.6734163019497,30.5661808347044],[-81.6733962449761,30.5661218346534],[-81.6733402535199,30.5660417754848],[-81.6730153375127,30.5657507887583],[-81.6729912700116,30.5657188653094],[-81.6727052974879,30.5655147905756],[-81.6724962075905,30.5652998507703],[-81.6722222680514,30.565094772856],[-81.67215023197,30.5650947722205],[-81.6720653256631,30.5650427926755],[-81.6719642079065,30.5650287528777],[-81.6719282730213,30.5649837927746],[-81.6719722303701,30.5649288045462],[-81.6719202506377,30.5649008929167],[-81.6717992421277,30.5648487459014],[-81.6716302662811,30.5647477948002],[-81.671598342793,30.5647028346558],[-81.6715042443624,30.5646478460209],[-81.6712423390141,30.5645168096555],[-81.6706622031762,30.5642667718966],[-81.67048620707,30.564206768618],[-81.6699373264114,30.563947872708],[-81.6698773232226,30.563894889484],[-81.6697972644922,30.563887870307],[-81.6697452852167,30.5638258622701],[-81.6696882903825,30.5638188416498],[-81.6695351921286,30.5637148825775],[-81.6694222070079,30.5636288067115],[-81.6693561874737,30.5636037355032],[-81.6692752929551,30.5635517560265],[-81.6692353468768,30.5635037867018],[-81.6691592995861,30.5634518074932],[-81.6690982941835,30.5634168753771],[-81.6690543371004,30.5632537488933],[-81.6690742262171,30.5631778685304],[-81.6690842547338,30.5631158599815],[-81.6690982942878,30.5630388099525],[-81.6691482685936,30.5629498919505],[-81.6691753448477,30.5628658219431],[-81.6692273245184,30.5628068216797],[-81.669231336124,30.5627478225985],[-81.6693001959827,30.562733782809],[-81.6693362985436,30.5626888223733],[-81.6693722325787,30.5626328316755],[-81.6694771954829,30.5625848633556],[-81.6695692882008,30.5625668125393],[-81.6696383169279,30.5625778431652],[-81.6697792138705,30.5625537753148],[-81.669851250039,30.5625288717955],[-81.6699481904048,30.562521852148],[-81.6700292523575,30.5625017956878],[-81.6701861942778,30.5624907641841],[-81.6702263076149,30.5625017953928],[-81.6702983444421,30.562497783906],[-81.6703392925386,30.562480736412],[-81.6703912724983,30.5624807357949],[-81.6704673205894,30.5625048040909],[-81.6707013131935,30.562507812424],[-81.6707452706953,30.5624877554114],[-81.6708582561817,30.5625017954794],[-81.6708823235713,30.5625358914793],[-81.6712232854391,30.5625467556327],[-81.6714562755199,30.5625467558454],[-81.6716822461861,30.5625258634915],[-81.6718032535196,30.5625328831301],[-81.6719162387365,30.5625048039654],[-81.6720892266173,30.562407864038],[-81.6721732965041,30.5623627364043],[-81.6722862819057,30.5622308648449],[-81.6723212145056,30.5621828958996],[-81.6723212139154,30.5621028375488],[-81.6722802650809,30.5618708498034],[-81.6723003215205,30.5616828194605],[-81.6723543068884,30.5614807503731],[-81.6724243384179,30.5611937745218],[-81.672580278002,30.560773756876],[-81.6725973257663,30.5606918595764],[-81.6726922599446,30.5603577502151],[-81.6727243507425,30.5601357911917],[-81.6727183333584,30.5600918340132],[-81.6726772174471,30.5600358426555],[-81.6726111978468,30.560009769092],[-81.6725353173731,30.5600147831198],[-81.67248233506,30.5600117751195],[-81.6724341987383,30.5600358431393],[-81.6722292876453,30.5600667634152],[-81.672072345563,30.5601157346925],[-81.6719473269708,30.5601578532761],[-81.6717251998819,30.5602268819387],[-81.6715923258877,30.5602818696053],[-81.6714673065052,30.5603137928116],[-81.671415326129,30.5603547422257],[-81.6712622282822,30.5603858294939],[-81.6712062369287,30.5604317923273],[-81.6711301894606,30.5604548572424],[-81.6708193126329,30.560600769427],[-81.6706042065968,30.5606657856034],[-81.6705442034997,30.560699881654],[-81.6700182212964,30.5608568247178],[-81.6697721933674,30.5609047930144],[-81.6696882910435,30.5609427334477],[-81.6696232735799,30.5609567726162],[-81.6695793163295,30.5609467442094],[-81.6694023172482,30.5609918716822],[-81.6693332893291,30.5610268037679],[-81.6692893329509,30.5610298116285],[-81.66924119644,30.5610057443977],[-81.6691163442769,30.5610227924663],[-81.6690672061638,30.5610538796108],[-81.668730255802,30.5610787832441],[-81.6682183127046,30.5611197322388],[-81.6681613191273,30.5611407916208],[-81.6681093388221,30.5611407913425],[-81.6680612026823,30.5611237433947],[-81.6678763485068,30.561119732253],[-81.6676462001248,30.5610087530327],[-81.6675412373712,30.5609188321924],[-81.6674852455762,30.5608218921813],[-81.6674442966349,30.5607978244182],[-81.6674122065385,30.560644893615],[-81.6674202297182,30.5605337465475],[-81.6674972797074,30.5603888383562],[-81.6674972802805,30.5603298382104],[-81.6675452489345,30.5601907799987],[-81.6676182880225,30.5600398539971],[-81.6676622453524,30.559975840403],[-81.6677443094667,30.5597988413088],[-81.6677322753744,30.5597438529356],[-81.6678093261573,30.5596088057197],[-81.6679022545266,30.5593577649563],[-81.6679422007641,30.5592058358449],[-81.6679632601927,30.5590137948853],[-81.6679602514183,30.5587458727508],[-81.6679223114008,30.5584308174464],[-81.6678733402203,30.5583738238549],[-81.6678743425131,30.5583118156424],[-81.6678412497944,30.5582387761749],[-81.6677932807459,30.5582317562032],[-81.6677493239296,30.5580238370793],[-81.6676642509222,30.5579887380852],[-81.6676923297644,30.557943777729],[-81.6676002362599,30.5575518397746],[-81.6676403502219,30.5574137842372],[-81.6676963413645,30.5573367329764],[-81.6676993498603,30.5572638610415],[-81.6677372896054,30.5572048611695],[-81.667813337641,30.5571428532737],[-81.667860303746,30.5571248023916],[-81.6678982430483,30.5570908730596],[-81.6679182998737,30.5570288654244],[-81.668031285685,30.5569558262346],[-81.6681603154198,30.55694178598],[-81.6682402075888,30.5569518145058],[-81.6683373143758,30.5569377755229],[-81.6685301921603,30.5569038463072],[-81.6685783271481,30.5569138743904],[-81.6686752677454,30.5568857947509],[-81.6687802307136,30.5568757670904],[-81.6688643006694,30.5568928151529],[-81.6690212433158,30.5568687469443],[-81.6691422507622,30.5568757673274],[-81.6693722328069,30.5568857950654],[-81.6696483440926,30.5569447945318],[-81.6705012497043,30.5570407321665],[-81.6710603259697,30.5570407315691],[-81.6712702507846,30.5570547714847],[-81.6714851899881,30.557042737712],[-81.6722772569429,30.5569098630373],[-81.6725832856867,30.5568508629814],[-81.6726671888452,30.5568227836743],[-81.6727683076349,30.5568227844731],[-81.6728283101634,30.5567988832406],[-81.6728692585219,30.5567597727136],[-81.6728893155595,30.556655812871],[-81.6728692588235,30.5566108529815],[-81.6728162759493,30.5565727455752],[-81.6727922078986,30.5565348053762],[-81.6724823345471,30.5563507865081],[-81.672349293231,30.5562678862658],[-81.67220020623,30.5562157391954],[-81.6720872211596,30.5561468783334],[-81.6718903321465,30.5560768473769],[-81.6718712784793,30.5560858732401],[-81.671487196013,30.555931772335],[-81.6713142078933,30.5558828009105],[-81.6710832233866,30.555822798442],[-81.6704992436215,30.5556668587924],[-81.6701482542068,30.5555857963118],[-81.6700152119302,30.555565740149],[-81.6698263464975,30.5555558790836],[-81.6696652257068,30.5555107520744],[-81.6695813222592,30.5554998880919],[-81.669487223342,30.5555027289501],[-81.6692742896713,30.5554517519438],[-81.6691252031191,30.5553857323453],[-81.6689562268349,30.5553367615039],[-81.6685743161623,30.5551818244062],[-81.6684721948426,30.5551557509114],[-81.6685703046744,30.5546598529794],[-81.6686423414869,30.5545488732169],[-81.6687553266532,30.5544348849841],[-81.6693102247306,30.5540028338989],[-81.6695263333295,30.5537868914842],[-81.6696692363642,30.5536267731115],[-81.6697272337117,30.5535338445476],[-81.6697842273077,30.5534658194227],[-81.6698622806362,30.5533327782495],[-81.6698703033716,30.5532177873203],[-81.6698662919496,30.5531208469139],[-81.6698331988385,30.5530168875241],[-81.6697892412427,30.5529378308902],[-81.6697162021711,30.552866797768],[-81.6696242763066,30.552805792356],[-81.6694912343415,30.5527467924297],[-81.6693342925528,30.5527048412187],[-81.6691412474881,30.5526807725923],[-81.668964249013,30.5526847840673],[-81.6687912611008,30.5527088524731],[-81.6685763222721,30.5527808886046],[-81.6682442192977,30.552950867369],[-81.6680712310536,30.55304179096],[-81.6678522804135,30.5531037985811],[-81.6673852968172,30.5531728268338],[-81.6673082463913,30.5530877535959],[-81.6671872391136,30.5528728140538],[-81.667122221661,30.552788744368],[-81.6670582086658,30.5526988242353],[-81.6670632223585,30.5526458411554],[-81.6670423296547,30.5526087369117],[-81.6670102392214,30.5525497368896],[-81.6669572568795,30.5525258360805],[-81.6669173108534,30.5523937968919],[-81.6668653312953,30.5522657693737],[-81.6668123489109,30.5521858775136],[-81.6666951846754,30.5520058703236],[-81.6666283293985,30.5519248081849],[-81.6665462647563,30.551859791901],[-81.6664662060478,30.5518288708147],[-81.6663253082945,30.5517867526524],[-81.6660592248924,30.5517178920944],[-81.6658222230668,30.5516687535162],[-81.6656122984857,30.5516448525199],[-81.6654112317831,30.551616773645],[-81.6652703343413,30.551582844022],[-81.6650742814621,30.5515088022311],[-81.664530247976,30.5513257864176],[-81.6644622218285,30.5513287945555],[-81.6644052281392,30.5512868433356],[-81.6642643312734,30.551259766371],[-81.6641353002094,30.551224835049],[-81.6640432071105,30.5512107952165],[-81.6639103326332,30.5512037754896],[-81.6638742308418,30.5511758634422],[-81.6638172374427,30.5511558073677],[-81.6636342208092,30.5511808780065],[-81.6635692040888,30.5511808773469],[-81.6635172242209,30.5512017702197],[-81.663481290294,30.5512087899148],[-81.6634283067629,30.5511947497456],[-81.6633281913893,30.5512117978606],[-81.6632392744112,30.5512537494372],[-81.663058264025,30.5512848374384],[-81.6629731907667,30.5513157579656],[-81.6628892874396,30.5513197689023],[-81.6627642681186,30.5513608855029],[-81.6627522346036,30.5513857891429],[-81.662712288911,30.5513928082955],[-81.6626593062815,30.5513747573038],[-81.6625591905627,30.5514198846833],[-81.6623851998964,30.5514578249802],[-81.662257339116,30.5514897483454],[-81.6621963333319,30.5514718651533],[-81.6621403431255,30.5514827290567],[-81.6620713147114,30.5515208361227],[-81.6619952668283,30.5515138159966],[-81.661902337962,30.5515587764469],[-81.6617092941479,30.5515868558751],[-81.6616563112189,30.5516157705091],[-81.6614893410033,30.5516298102653],[-81.6612672142443,30.5516817903906],[-81.661138183967,30.5517128778915],[-81.6610902155165,30.5517367785143],[-81.660961184988,30.5517618491815],[-81.6608562217908,30.5517957783846],[-81.6607392255813,30.5517927692489],[-81.6607032913251,30.5518348886772],[-81.6604982130136,30.5518967296924],[-81.660373194053,30.5519418563184],[-81.6602242735127,30.5520078763639],[-81.6600713430716,30.5521188556988],[-81.6599062098269,30.5522127875445],[-81.6597133332187,30.5523817639966],[-81.6596802400663,30.5524407632112],[-81.6595923257154,30.5524798739035],[-81.6595682579828,30.5525557543093],[-81.6594871959107,30.5526038894954],[-81.6594312039194,30.5526628891439],[-81.6593902554115,30.5527327535403],[-81.6593503099982,30.5527498015388],[-81.6592642338032,30.5528208352067],[-81.659213256989,30.5528918688538],[-81.6591853444385,30.5529647404749],[-81.6591442284387,30.5531417391814],[-81.6591352029762,30.5532528865109],[-81.6591432258423,30.5533777380591],[-81.6591833384335,30.5534947345107],[-81.6592282987042,30.5535577458978],[-81.6593003354565,30.5536548529101],[-81.6593772193445,30.5537208724146],[-81.6594372219222,30.553761821044],[-81.6594733229618,30.5537828805574],[-81.659514271789,30.5538418799999],[-81.6595782856141,30.5538657811917],[-81.6596182322902,30.5538978712728],[-81.6597113274484,30.5539287918628],[-81.6598203015458,30.5539177606739],[-81.6599362949109,30.5539117434871],[-81.6600372466143,30.5539008799602],[-81.660177307894,30.5539038882378],[-81.6602541915012,30.5539287918758],[-81.6603512990161,30.5539077328063],[-81.6603992666743,30.5539287914211],[-81.6605383262079,30.5539217718142],[-81.6606573275901,30.5539177611191],[-81.6607372204812,30.5539428314176],[-81.6609262532524,30.5539667317019],[-81.6610272040703,30.5539948115203],[-81.6612252627884,30.5540467914007],[-81.6613171881978,30.5540568190356],[-81.6614042670357,30.5540917515007],[-81.6616741955888,30.5541338697958],[-81.6617422200756,30.5541677992505],[-81.6618993296008,30.5541958780502],[-81.6619432871163,30.5542057395107],[-81.6619962696966,30.5542267991017],[-81.6620841848958,30.5542448495448],[-81.6620972208485,30.5542827901417],[-81.6621812914598,30.5543108691855],[-81.6623992388482,30.5543827382123],[-81.6625152329284,30.5544148284266],[-81.6625802498567,30.5544487574034],[-81.6626161842826,30.554490876084],[-81.6626522861801,30.5545528849522],[-81.6627732944612,30.5546157281812],[-81.6628822683298,30.5546947846178],[-81.6629782045551,30.5548057640455],[-81.6630632787495,30.5548898347034],[-81.6630793234281,30.5549448230035],[-81.6631363172095,30.5551007628897],[-81.6631363178333,30.5552018814989],[-81.663180275149,30.5552918010459],[-81.6632081869805,30.5553198803511],[-81.663192308757,30.5554477407367],[-81.6631232809476,30.555683739505],[-81.6630952019716,30.5557218469544],[-81.6630311881228,30.5559297664651],[-81.6629701826151,30.5561478817999],[-81.6628531854519,30.5564577551311],[-81.6628292851663,30.5565338030074],[-81.6628172508151,30.5566588221609],[-81.6627813161693,30.5567148129224],[-81.6627323457846,30.5569357696609],[-81.6627032637528,30.5571047457222],[-81.6626822036406,30.5572108786224],[-81.6626922318625,30.5573248661937],[-81.6627203114667,30.5573557870874],[-81.6627361896143,30.5574107753527],[-81.6628262764957,30.5574597472042],[-81.6628453307559,30.5575018660183],[-81.662946281974,30.5575157379515],[-81.6630102959627,30.5575118940502],[-81.6630263408185,30.5575608656761],[-81.663228243578,30.5576848819563],[-81.6633452401976,30.5577368618181],[-81.6634612337546,30.5577788132148],[-81.6635182272008,30.557830792832],[-81.6635862533059,30.5578618807191],[-81.6636392353674,30.5578687332719],[-81.6636793486098,30.5578658921468],[-81.6637112724457,30.5578797643835],[-81.663735340381,30.5579248919913],[-81.6638122236917,30.5579768711213],[-81.6639693327134,30.5580178204569],[-81.6639852106297,30.5580527524462],[-81.6640253239168,30.5580808315783],[-81.6640863295379,30.5580978794601],[-81.6640941852625,30.5581428398109],[-81.6641622095547,30.5581428392564],[-81.6642103454001,30.5581667397219],[-81.6642302348016,30.55822975088],[-81.6642512943222,30.5582847395745],[-81.6643032746852,30.5583128185187],[-81.6643392088252,30.558395885999],[-81.6643803253068,30.5584587301976],[-81.6643713000567,30.5585207378436],[-81.664384336311,30.5585837487589],[-81.6643662858479,30.5586517740021],[-81.6643243334164,30.5587918359675],[-81.6642932465498,30.558843815348],[-81.6642693456696,30.5589268831872],[-81.6642322407799,30.5589688345292],[-81.6641922946477,30.5590238232029],[-81.6641032107579,30.5590517349757],[-81.6639992506727,30.5591107349164],[-81.6639633155145,30.5591588709647],[-81.6639103329479,30.5591797628077],[-81.6637732806308,30.5592628301193],[-81.6637172890058,30.5592768699412],[-81.6636292072787,30.5593007702941],[-81.6634562192347,30.5593808298774],[-81.6633871919811,30.5594077387271],[-81.6633271894873,30.5594147583408],[-81.6632182147856,30.5593978777729],[-81.663182280473,30.5594077388553],[-81.6631292975533,30.5593878497495],[-81.6630042791599,30.5593838381224],[-81.6629003185174,30.5593768181906],[-81.6627432094195,30.5593388786229],[-81.6626862157565,30.559335869907],[-81.6626542915801,30.559310799417],[-81.662630224034,30.5592698498965],[-81.6625742333792,30.5592728589941],[-81.6625212502703,30.5592728588715],[-81.6624692700387,30.5592487906219],[-81.6623683185965,30.5591588703723],[-81.6623201836522,30.5591348032485],[-81.6622352768197,30.5591307916123],[-81.6621913203644,30.5591137436658],[-81.6621652469106,30.5590828232923],[-81.662094213005,30.5590758030484],[-81.6620542668317,30.5590858312527],[-81.6619902535198,30.5590928507972],[-81.6619332592815,30.5590828229254],[-81.66191721414,30.5590517351581],[-81.661841333691,30.5590338517053],[-81.6617482371686,30.5590067754424],[-81.6617402150207,30.5590308431351],[-81.6617962054577,30.55907881178],[-81.6618453449138,30.5591177550625],[-81.6618682428915,30.5591687315172],[-81.6618893013254,30.5592218813286],[-81.661929247959,30.5592598222252],[-81.6619452927681,30.5593148106272],[-81.6620062985887,30.5593597706117],[-81.6620301990184,30.5594137556769],[-81.6620462443165,30.5595128685886],[-81.6620861900894,30.559550809438],[-81.6621232944633,30.5595887493883],[-81.6621512073124,30.5596828478949],[-81.6621712634247,30.5597757767034],[-81.6621873091081,30.5598977871454],[-81.6622071978549,30.5599838630439],[-81.6621953312395,30.5600637554391],[-81.6621913196262,30.5601227552695],[-81.6621953314448,30.5601957943441],[-81.6621792856264,30.5602618137625],[-81.6621592294454,30.5603308411516],[-81.6621471959312,30.5604068889623],[-81.6621192838155,30.5604388127135],[-81.6620783346448,30.5605568120066],[-81.6620301995532,30.56059776071],[-81.661986242108,30.5607197713352],[-81.6619402787723,30.5607618906455],[-81.6619132026647,30.5608168790457],[-81.6618852908385,30.5608477987671],[-81.6618491885643,30.5608718666737],[-81.6618092431427,30.5609168274656],[-81.6617881836445,30.5609968865132],[-81.6617602711055,30.5610588943497],[-81.6617042798282,30.5610797861619],[-81.6616762005714,30.5611078652423],[-81.6616643344659,30.5611498174935],[-81.6614863328373,30.5612467574099],[-81.6614662757425,30.5612848643359],[-81.6614243244704,30.5613298243755],[-81.6608052456341,30.5612738340162],[-81.6606772178933,30.5611947770387],[-81.6605471845461,30.5612198479583],[-81.6603262284532,30.5612688195676],[-81.6601982005212,30.5613077624707],[-81.6600073293329,30.5613187933524],[-81.6597552851522,30.5613378473333],[-81.6595461956135,30.5612878733131],[-81.6594492555468,30.5625898771343],[-81.6594912068301,30.5632898513175],[-81.6596772322245,30.5642687777362],[-81.6596302664549,30.5651878690236],[-81.6595243007554,30.5658428819348],[-81.6593982786847,30.566325743352],[-81.6591432258454,30.5667848711261],[-81.6586102232627,30.567463785625],[-81.6574972522177,30.568602830303],[-81.6562893467344,30.5696878894152],[-81.6543903261696,30.5710127916907],[-81.6506912295972,30.572443826802],[-81.650633232857,30.5767317489592],[-81.650379183285,30.5772228004099],[-81.64942833646,30.5771678116508],[-81.6490602981289,30.5771978966959],[-81.648621227437,30.5769358247128],[-81.6483033314856,30.5765898492508],[-81.647700297882,30.5760987980166],[-81.646979264114,30.5758108190145],[-81.6462263080066,30.5757437972854],[-81.64607220704,30.5757508170043],[-81.646034266874,30.5757538251011],[-81.6459852950661,30.5757628504572],[-81.6459152648051,30.5757728787274],[-81.6458612790557,30.5757967793012],[-81.6458012767326,30.5758068082697],[-81.6455243295622,30.5758758363165],[-81.6452823132098,30.5760088775185],[-81.6450852580335,30.5762647661281],[-81.644792265565,30.5769717594338],[-81.6439303350381,30.5792897947564],[-81.6430471779498,30.5799937794556],[-81.6426243191476,30.5801577417813],[-81.6422872023946,30.5802267696248],[-81.6418892469092,30.5802857691187],[-81.6414852744657,30.5802608661976],[-81.6411872683396,30.580186823394],[-81.6410082629594,30.5801127820429],[-81.6385882739096,30.5784238529537],[-81.6382242471167,30.5782498628903],[-81.6380332083942,30.5781998888489],[-81.6377382099241,30.578225795305],[-81.6375511830623,30.5782847942705],[-81.6373302263183,30.5783987827833],[-81.6371582411852,30.5785597362096],[-81.6370352278817,30.5786987952196],[-81.6368612375635,30.5790158554004],[-81.6355243019559,30.581342749923],[-81.6354352169056,30.5815008616468],[-81.6297413300827,30.5836547678078],[-81.6253003091892,30.586137768569],[-81.6249021869622,30.5863008954242],[-81.6247592840633,30.5863077478927],[-81.6245363217107,30.5862667988967],[-81.6240751883797,30.5856868310045],[-81.622123184908,30.5829427612385],[-81.6182542761062,30.5810128199838],[-81.6174082246263,30.5806068417195],[-81.616307287034,30.5803188630676]]]},"properties":{"FID":6,"DISTRICT":"6","Shape_Leng":520106.339982,"Shape_Area":6708635397.01,"Shape__Area":841741835.90820313,"Shape__Length":184261.23927756131}},{"type":"Feature","id":7,"geometry":{"type":"Polygon","coordinates":[[[-81.3976753146977,30.3603893463136],[-81.3976213071794,30.3595704695852],[-81.3975251823565,30.3581129656547],[-81.3965046947985,30.3426367474384],[-81.396365434409,30.3416101959845],[-81.3963530218297,30.3413325252386],[-81.3963445504816,30.3411476402258],[-81.3963343325195,30.3409228932783],[-81.3963019426901,30.340210846294],[-81.3961433645467,30.3389616360355],[-81.3960226504064,30.3380120168109],[-81.3957648507501,30.3359822215848],[-81.3955662025213,30.3340759787667],[-81.3954352708182,30.3330459626753],[-81.3952965651185,30.3316578363124],[-81.3951757105196,30.3301266758283],[-81.3950054318109,30.328767513709],[-81.3950080138113,30.3278807610915],[-81.3949622089345,30.3273763480393],[-81.3949151959943,30.3268664393887],[-81.3948557504831,30.3264184340829],[-81.3948171484566,30.3261284683921],[-81.394476878178,30.3246545692123],[-81.3945799413787,30.324651943581],[-81.3950972733711,30.3246387603065],[-81.3952155995705,30.3246381737236],[-81.3955204188341,30.3246422933305],[-81.3955890908222,30.3246420856711],[-81.3957037192951,30.3246415098292],[-81.3958685421956,30.3246435315865],[-81.3961361090741,30.3246450128961],[-81.396919802793,30.3246524899438],[-81.3972649996593,30.3246482341735],[-81.3981946886561,30.3246389916773],[-81.3994479251343,30.3246280675608],[-81.4021851700864,30.3245878307498],[-81.4022755110549,30.3245866860387],[-81.4039755900295,30.3245651286792],[-81.4060689696559,30.3245442115703],[-81.4070159735386,30.32450712757],[-81.4091064329717,30.3244831922204],[-81.4092151752894,30.3244825769412],[-81.4130880393628,30.3244605972124],[-81.4143462393079,30.3244378289344],[-81.4146213258814,30.324467946125],[-81.4195395773895,30.3244245239756],[-81.4202355787091,30.3244052934458],[-81.4228820064605,30.3244146154424],[-81.4253849394696,30.3243392378093],[-81.4280246268574,30.3242985971707],[-81.4311918155312,30.3243050176215],[-81.4326659287773,30.3243118358642],[-81.4329189696374,30.3243004856274],[-81.4335104086608,30.3242613731606],[-81.4340536632738,30.3242140248171],[-81.434425253893,30.3241776789848],[-81.4346455967558,30.3241474692358],[-81.4349277431521,30.3241120028048],[-81.4354819736472,30.3240239085732],[-81.4356314314701,30.3239985473544],[-81.4363648077823,30.3238545190015],[-81.436843956572,30.3237684574084],[-81.4378667587751,30.3235621735142],[-81.4382833764038,30.3234803158527],[-81.4387092898435,30.32339571309],[-81.4390460358144,30.3233333571438],[-81.4393601596701,30.3232712901132],[-81.4408714522943,30.322972684146],[-81.4409209573903,30.3231603029523],[-81.4394094293251,30.3234589544943],[-81.4390429300133,30.3235313694769],[-81.4385738661335,30.3236240537427],[-81.4387663286524,30.3239516683428],[-81.4391249680237,30.3255039853994],[-81.4392629842272,30.327777433732],[-81.4389850204336,30.3299697912562],[-81.4384867278741,30.3316001669678],[-81.4383231868911,30.3321352504567],[-81.438075457289,30.3339391229746],[-81.4379858685015,30.3353540864464],[-81.4381981651786,30.3372505305639],[-81.4383520977137,30.3386255553473],[-81.4386887121916,30.3402344841736],[-81.4369177801285,30.340257755902],[-81.4359706980764,30.3402666667817],[-81.4360181521555,30.3403700671126],[-81.4350586444824,30.3403770525742],[-81.4347357129563,30.3403923787352],[-81.4320742166683,30.3405187002115],[-81.4320340961549,30.3403036076027],[-81.4299825938432,30.3403160056037],[-81.4263609457846,30.340344477806],[-81.4262364114187,30.3403603195185],[-81.4260872498926,30.3403821148945],[-81.4259034481019,30.3403957741771],[-81.4256482633934,30.3403961467881],[-81.4246488949844,30.3403918345572],[-81.4245926230355,30.3403908716204],[-81.4244932873054,30.3403891319307],[-81.4237493816814,30.3403874202799],[-81.422983524718,30.3403800471033],[-81.4224263960882,30.3403807023553],[-81.4223347280949,30.3403803110477],[-81.4219249943187,30.3403784258576],[-81.4217601429634,30.3403759789345],[-81.4213491433254,30.3403869274147],[-81.420722341771,30.3404033808594],[-81.4201757097659,30.3404137317643],[-81.4191918718339,30.3404323547909],[-81.4190922934788,30.3404354235483],[-81.418578786567,30.3404441713534],[-81.4175441475967,30.3404701631492],[-81.4161879756056,30.3404870895773],[-81.4142870763347,30.3405191321653],[-81.4133099918356,30.340523621383],[-81.4131676080852,30.3405233731093],[-81.4112050985736,30.3405099547224],[-81.4112092863601,30.3405225420174],[-81.4112087143279,30.3405904679653],[-81.4112379795421,30.3425865099006],[-81.4112553309067,30.3433117277596],[-81.4112832099846,30.3441983368304],[-81.4124207299135,30.3441870897598],[-81.4133491170011,30.3441704112443],[-81.4134149139842,30.3461072865604],[-81.4134910027801,30.3478049168574],[-81.4135564716093,30.349662055977],[-81.4136049181533,30.350251002341],[-81.4136572621687,30.3517191147646],[-81.4136724097375,30.3525879360617],[-81.4137104591805,30.353436750315],[-81.4136907070551,30.3542053212598],[-81.413680802332,30.3543711825592],[-81.4136477607491,30.3549244739799],[-81.4135549510833,30.355557795968],[-81.4132206746096,30.3555295530309],[-81.4114685987656,30.3554039241118],[-81.4069159003963,30.3550892657493],[-81.406973533175,30.355847973186],[-81.4069953570705,30.3560458741007],[-81.4070209351644,30.3562410164431],[-81.4070504754336,30.3564361437305],[-81.4070843763133,30.3566312592301],[-81.407121844151,30.3568263627036],[-81.4071632742494,30.3570214547208],[-81.4072084576026,30.3572137854472],[-81.4079916935983,30.3599609256417],[-81.4080342753461,30.3602412505958],[-81.4078715503883,30.3602435572136],[-81.4047391386355,30.360300334144],[-81.4028093595168,30.3603507691484],[-81.4022387298115,30.3603597683212],[-81.4016744375303,30.3603686057053],[-81.3982502111589,30.3603924069253],[-81.3976753146977,30.3603893463136]]]},"properties":{"FID":7,"DISTRICT":"ATLB","Shape_Leng":56898.8055952,"Shape_Area":112653198.939,"Shape__Area":14097892.9609375,"Shape__Length":20125.340739651259}},{"type":"Feature","id":8,"geometry":{"type":"Polygon","coordinates":[[[-81.3920050898858,30.3076791335092],[-81.3915724427671,30.3054292111299],[-81.3914602477788,30.3045074931224],[-81.3914299893603,30.3043511917817],[-81.3909170026954,30.3017012212378],[-81.3907464245259,30.3007934479007],[-81.390578626044,30.2998693270346],[-81.3903949461481,30.2989342773063],[-81.390204993794,30.2979787320677],[-81.3900114998844,30.2970559243119],[-81.389819945868,30.2961082736605],[-81.3896376470542,30.29519464668],[-81.3895633174137,30.2948263554631],[-81.3894480190938,30.29425505965],[-81.3892424074158,30.2933301130401],[-81.3890503320019,30.2924003599116],[-81.3888600439015,30.2914826720793],[-81.3886682249793,30.2905232895513],[-81.3882925756717,30.2887016451844],[-81.3881005245692,30.2877369342203],[-81.3879111555351,30.286806704092],[-81.3877213992881,30.2858764611527],[-81.3876748690765,30.2856486057397],[-81.3875294580011,30.2849365239303],[-81.3873402755752,30.2840155231966],[-81.3871498072294,30.2830882652393],[-81.386963632162,30.2821736994016],[-81.3867785301296,30.2812495757928],[-81.3866013685409,30.2803389788392],[-81.3864122060031,30.2794070586882],[-81.3862139677317,30.278443445972],[-81.3860291191634,30.2775509197892],[-81.3858796544867,30.2768046618082],[-81.3856557825349,30.2757003101191],[-81.3854642691319,30.2747727744844],[-81.3854253724899,30.2745747902285],[-81.3852861306017,30.2738660377028],[-81.3851284516468,30.2731723393844],[-81.384993190446,30.2725229828428],[-81.3848097147875,30.2717631723066],[-81.3846804671809,30.2712935169711],[-81.3845619100463,30.2708422628054],[-81.3843677708657,30.2700686570551],[-81.3840935049015,30.2691887832841],[-81.3838257125287,30.2679685954094],[-81.3837666910866,30.2676866309651],[-81.3836717935139,30.2672090126588],[-81.3835973739017,30.2667082746104],[-81.3835280662147,30.266362643272],[-81.3835017554511,30.2662284110634],[-81.3834101425917,30.2658264876315],[-81.3833873880718,30.2657485995893],[-81.3832724870095,30.2651963774146],[-81.3831584365964,30.2647320151107],[-81.3830917996714,30.2644717925126],[-81.3830157424112,30.2641727274304],[-81.3829198615502,30.2636503531139],[-81.3827962667652,30.2627400236681],[-81.3826685934974,30.2619779329532],[-81.3825166524491,30.261210116853],[-81.3823110534656,30.2602862472543],[-81.380670064219,30.2533657733625],[-81.3805641321417,30.2529189951901],[-81.3807714709031,30.2529183547678],[-81.3808911539507,30.2529173401568],[-81.3815860526744,30.25291144678],[-81.3819288661765,30.252908546055],[-81.3828087963011,30.2529010745601],[-81.3840655431498,30.2528932939525],[-81.3859069168094,30.2528747068575],[-81.3875099325459,30.2528501317407],[-81.3889498584964,30.2528309712361],[-81.3913748008018,30.2528026436904],[-81.3941739674273,30.2527787838772],[-81.3964504551932,30.2527600944141],[-81.3979377698998,30.2527478589381],[-81.4003875435076,30.2526973516739],[-81.400600220097,30.2526930587298],[-81.4006619723478,30.2526918116927],[-81.4015429254271,30.2526740228328],[-81.4024294846366,30.252655849082],[-81.4034505279458,30.2526348988925],[-81.4045086108734,30.2526132138414],[-81.4071979715162,30.2525580891141],[-81.4087435669169,30.2525266497352],[-81.4099553607096,30.2525068920033],[-81.410144870586,30.2525038630867],[-81.410329706863,30.2525009089771],[-81.4106199866075,30.2524962682513],[-81.4119485832596,30.252475021714],[-81.4140158847267,30.252441808971],[-81.4149330101915,30.2524273032967],[-81.4155425040679,30.2524176600388],[-81.4172532558191,30.2523905461162],[-81.417993024208,30.2523788228678],[-81.4183846339953,30.2523726155972],[-81.422015112435,30.252318052028],[-81.423261849317,30.2522992972376],[-81.4257203524924,30.252262276181],[-81.4260345958721,30.2522575189101],[-81.4288881502047,30.2522144791628],[-81.4299937892176,30.2521977838876],[-81.4300275085146,30.2525314073416],[-81.4300058229494,30.2530745292141],[-81.4299124401176,30.2537223718864],[-81.4296510486739,30.2544965606738],[-81.429293079771,30.2551865146725],[-81.4289832211794,30.2558563762674],[-81.4286976726737,30.2566093325615],[-81.4284921402494,30.2571179229986],[-81.4260976239714,30.257168165097],[-81.4244303549428,30.2572053694404],[-81.4226161798966,30.2572944349555],[-81.4161790207904,30.258063842564],[-81.4088819661588,30.2590097858278],[-81.4078718397877,30.2589880859253],[-81.4067710201118,30.2587891686649],[-81.4060544239945,30.2585500020285],[-81.4049442414484,30.2580369694837],[-81.4048924849676,30.2581370666751],[-81.4048579519562,30.2582058535127],[-81.4051310284066,30.2583568210658],[-81.4055329924006,30.2585420939865],[-81.406071139495,30.2587665865912],[-81.406687229053,30.2589660856786],[-81.4073761819591,30.259104175282],[-81.407852891542,30.2591714322075],[-81.4082705538167,30.2591935027316],[-81.4086459277657,30.2592019557686],[-81.409215938149,30.259171992482],[-81.4109975120023,30.2589585209882],[-81.412810944683,30.2587280356593],[-81.4133504406678,30.2586608015721],[-81.4154630435314,30.2583979436025],[-81.416000150613,30.2583284148476],[-81.4170679594198,30.2581864771821],[-81.4173660672982,30.2581502408126],[-81.417888138428,30.2580835018598],[-81.418546897718,30.258008303485],[-81.4191963956271,30.2579276331077],[-81.4196129453484,30.2578749730639],[-81.4204238584621,30.2577667414719],[-81.4213165710049,30.2576443159649],[-81.4218138955154,30.2575939095675],[-81.4224602547801,30.2575214810944],[-81.4228457823561,30.2574984692401],[-81.4238809160749,30.2574220293818],[-81.4244828936481,30.2573970220424],[-81.4249959396374,30.2573818393931],[-81.425390762206,30.2573723088494],[-81.425700002658,30.2573619881043],[-81.4260185584129,30.2573616280532],[-81.4260875704759,30.2573615497116],[-81.4284382055821,30.2573272841652],[-81.4317831336232,30.2572784514223],[-81.4317793965928,30.2576278518222],[-81.4283600588444,30.2576306318648],[-81.428199363626,30.2582408019581],[-81.427866704412,30.2592028820467],[-81.4274383521488,30.260332311826],[-81.4270565678594,30.2610855791314],[-81.426264602841,30.2619763284237],[-81.4258113642704,30.2625098128931],[-81.4254538863638,30.263326236635],[-81.425048193711,30.2641421302306],[-81.4244742991234,30.2650004976257],[-81.4238043596058,30.2659011058378],[-81.4230626827841,30.2669270489064],[-81.4225850612846,30.2678057198198],[-81.4223953907716,30.2684751762755],[-81.4223264456696,30.2692274198244],[-81.4223065945008,30.2702090967461],[-81.4222391582286,30.2713373456568],[-81.4221715505761,30.2724030412208],[-81.4220556459605,30.2734482683775],[-81.4219154113547,30.2744303344207],[-81.4218474448598,30.2754128529671],[-81.4218037090894,30.2764365392466],[-81.4217596063117,30.2773976711012],[-81.4216914543705,30.2783375707893],[-81.4215758959342,30.2794666613352],[-81.4214843973681,30.2805736745674],[-81.4214399423565,30.2814303226472],[-81.4212688533359,30.2824366192824],[-81.4210869993798,30.2833328161216],[-81.4209912956772,30.2841064520212],[-81.4209706237139,30.2842735571607],[-81.4210233342821,30.2853491742336],[-81.4210514154876,30.2862681409369],[-81.421328174374,30.2879813729179],[-81.4205863740374,30.2879627656109],[-81.4205881354323,30.2880776507265],[-81.4205900464277,30.288202260918],[-81.4243429796433,30.2881634114205],[-81.4243527315455,30.2884018927333],[-81.4214387061925,30.2884302366712],[-81.4214707934022,30.2886479548172],[-81.4215692636986,30.2891700636824],[-81.4217409094516,30.2899009066714],[-81.4219126450406,30.2906523719865],[-81.4221807106449,30.2914241483403],[-81.4224246441333,30.2921547569495],[-81.4225470050822,30.2926348561835],[-81.4227177672053,30.2931567304077],[-81.4228892467919,30.2938456413399],[-81.4231090308968,30.2945763263584],[-81.4233534251895,30.2954107288002],[-81.4235249154086,30.2960996385764],[-81.4236478235829,30.2967048406445],[-81.4237474925866,30.2974778461814],[-81.4238229108769,30.2982296179607],[-81.4239702576639,30.2988979829835],[-81.4241657280625,30.2995655043964],[-81.4242887445617,30.3001707060426],[-81.4244123862606,30.3009436310835],[-81.4245366687978,30.3018416606093],[-81.424612277572,30.3026353639511],[-81.4246394897328,30.3033659843249],[-81.4246183978785,30.3040555146697],[-81.42464687276,30.3050789630036],[-81.4246043300112,30.3063748500033],[-81.424634030058,30.3067404510143],[-81.4246551571992,30.3070009077175],[-81.4246566180237,30.3073397917545],[-81.4223432107868,30.307347279049],[-81.4199089685078,30.3073503023683],[-81.419563656043,30.3073514091306],[-81.4189104498687,30.3073593890378],[-81.4186598488973,30.3073621008171],[-81.4183176405366,30.3073712149239],[-81.418158535345,30.3073721050546],[-81.4181118752036,30.3073703444122],[-81.4180806021401,30.3073650984953],[-81.4180440502161,30.3073602501218],[-81.4180154183749,30.3073546132611],[-81.417987194492,30.3073417195069],[-81.4179545869391,30.3073326583345],[-81.4179338844489,30.3073289058725],[-81.4178907403685,30.3073263698429],[-81.4178618538955,30.3073249167958],[-81.4176094507996,30.3073336664598],[-81.4172266412675,30.3073328461708],[-81.416801158772,30.3073445077274],[-81.4162793382282,30.3073702296268],[-81.4155005420273,30.3074292611095],[-81.4125405412154,30.3074634641735],[-81.4095279814749,30.3075273698999],[-81.4080423378365,30.307545300834],[-81.4078622384217,30.3075460914578],[-81.4066213922855,30.3075630138698],[-81.4040574576685,30.3075693522408],[-81.4039819316544,30.3075695854362],[-81.4039592824845,30.3075674001097],[-81.4038876176579,30.3075604821111],[-81.4038665687291,30.3075588430122],[-81.4037320246829,30.3075483599358],[-81.4036605954984,30.3075461662854],[-81.4033456256154,30.307536490963],[-81.4029226108457,30.3075469595429],[-81.4022975780054,30.3075582771402],[-81.4018093135308,30.3075634435107],[-81.4004337060178,30.3075801986796],[-81.4002758717215,30.3075821204404],[-81.4000239663281,30.3075888482474],[-81.3996468898677,30.3075886536213],[-81.397712809277,30.3076087256055],[-81.397261779009,30.3076137618335],[-81.3972219051829,30.3076143411502],[-81.3969538777849,30.3076179041194],[-81.3968529582856,30.3076214731288],[-81.3967767039261,30.3076241698147],[-81.3961392569812,30.30763526651],[-81.3956819005531,30.3076432951804],[-81.394484339292,30.3076549306778],[-81.3935015129582,30.3076759915091],[-81.3927846069845,30.3076946430668],[-81.3920631179223,30.3077420706144],[-81.3920160500027,30.3077451642084],[-81.3920050898858,30.3076791335092]]]},"properties":{"FID":8,"DISTRICT":"JAXB","Shape_Leng":86533.6747632,"Shape_Area":235131579.165,"Shape__Area":29390185.271484375,"Shape__Length":30585.838452774609}},{"type":"Feature","id":9,"geometry":{"type":"Polygon","coordinates":[[[-81.394476878178,30.3246545692123],[-81.3944482189807,30.324463446909],[-81.394416779907,30.3242537876403],[-81.3943590838962,30.3238690200364],[-81.3942435573957,30.3230156954779],[-81.3942101566861,30.3227807516907],[-81.3941269126428,30.3221513531263],[-81.3940118363549,30.3212941116519],[-81.393902214155,30.3204444591248],[-81.3937785616833,30.3195805160705],[-81.3936527166845,30.3187296381557],[-81.393591184847,30.3182920030539],[-81.3935335332902,30.3178859080381],[-81.393474423669,30.3174434492252],[-81.39344457692,30.3172192356281],[-81.3934240144101,30.3170387062181],[-81.3933716117139,30.3166176727339],[-81.3933164981055,30.316176423183],[-81.3932576381607,30.3157626357234],[-81.3931698794358,30.3153048458457],[-81.3930057341343,30.3145585918283],[-81.3928924475223,30.3137549339326],[-81.3927765179833,30.3130045265988],[-81.3926637935063,30.3121938248138],[-81.3926326508136,30.3119532163477],[-81.3925634830451,30.3114188168577],[-81.3924669727175,30.3107302780612],[-81.3923530584936,30.3099588684401],[-81.3922549179011,30.3092439820492],[-81.3921482491735,30.3085437350852],[-81.3920160500027,30.3077451642084],[-81.3920631179223,30.3077420706144],[-81.3927846069845,30.3076946430668],[-81.3935015129582,30.3076759915091],[-81.394484339292,30.3076549306778],[-81.3956819005531,30.3076432951804],[-81.3961392569812,30.30763526651],[-81.3967767039261,30.3076241698147],[-81.3968529582856,30.3076214731288],[-81.3969538777849,30.3076179041194],[-81.3972219051829,30.3076143411502],[-81.397261779009,30.3076137618335],[-81.397712809277,30.3076087256055],[-81.3996468898677,30.3075886536213],[-81.4000239663281,30.3075888482474],[-81.4002758717215,30.3075821204404],[-81.4004337060178,30.3075801986796],[-81.4018093135308,30.3075634435107],[-81.4022975780054,30.3075582771402],[-81.4029226108457,30.3075469595429],[-81.4033456256154,30.307536490963],[-81.4036605954984,30.3075461662854],[-81.4037320246829,30.3075483599358],[-81.4038665687291,30.3075588430122],[-81.4038876176579,30.3075604821111],[-81.4039592824845,30.3075674001097],[-81.4039819316544,30.3075695854362],[-81.4040574576685,30.3075693522408],[-81.4066213922855,30.3075630138698],[-81.4078622384217,30.3075460914578],[-81.4080423378365,30.307545300834],[-81.4095279814749,30.3075273698999],[-81.4125405412154,30.3074634641735],[-81.4155005420273,30.3074292611095],[-81.4162793382282,30.3073702296268],[-81.416801158772,30.3073445077274],[-81.4172266412675,30.3073328461708],[-81.4176094507996,30.3073336664598],[-81.4178618538955,30.3073249167958],[-81.4178907403685,30.3073263698429],[-81.4179338844489,30.3073289058725],[-81.4179545869391,30.3073326583345],[-81.417987194492,30.3073417195069],[-81.4180154183749,30.3073546132611],[-81.4180440502161,30.3073602501218],[-81.4180806021401,30.3073650984953],[-81.4181118752036,30.3073703444122],[-81.418158535345,30.3073721050546],[-81.4183176405366,30.3073712149239],[-81.4186598488973,30.3073621008171],[-81.4189104498687,30.3073593890378],[-81.419563656043,30.3073514091306],[-81.4199089685078,30.3073503023683],[-81.4223432107868,30.307347279049],[-81.4246566180237,30.3073397917545],[-81.4246578595926,30.3076278080358],[-81.4246605620748,30.308254709196],[-81.4247118510816,30.3089646269969],[-81.4247641230143,30.3099254430653],[-81.4249136564176,30.311094913322],[-81.4250624716246,30.3120973457979],[-81.4252586989935,30.3129318994562],[-81.4255984209307,30.3135577033103],[-81.42622704987,30.3141406340145],[-81.4269989930913,30.3144721926034],[-81.4277228135578,30.3148045922215],[-81.4286390794963,30.3150937387315],[-81.4294591703992,30.3154251249032],[-81.4305199428362,30.3157144711106],[-81.4312437821477,30.3160461626891],[-81.4319675264889,30.3163778523325],[-81.4325960267512,30.3169188209771],[-81.4330801222041,30.3175021949927],[-81.4335150881771,30.3178355180342],[-81.4342404252474,30.3185012640051],[-81.4353044712818,30.319542574906],[-81.4360307584548,30.3204172771868],[-81.4368532444654,30.3212504092788],[-81.4379180898799,30.3224587320521],[-81.4383860004252,30.3232965334852],[-81.4382425594462,30.323324821224],[-81.4378263330835,30.3234066025698],[-81.4363250752334,30.323698811763],[-81.4361722205455,30.3237285647737],[-81.4355921072914,30.3238427609493],[-81.4354478417973,30.3238672045461],[-81.434899681938,30.3239543889803],[-81.4346180785007,30.323989790398],[-81.4343985767085,30.3240198827399],[-81.4340341852904,30.3240554477477],[-81.4334948940153,30.3241024626276],[-81.4329050422929,30.3241414678292],[-81.4328659475877,30.3241440346686],[-81.432664462511,30.3241523528358],[-81.4311927974504,30.324145545435],[-81.4311918155312,30.3243050176215],[-81.4280246268574,30.3242985971707],[-81.4253849394696,30.3243392378093],[-81.4228820064605,30.3244146154424],[-81.4202355787091,30.3244052934458],[-81.4195395773895,30.3244245239756],[-81.4146213258814,30.324467946125],[-81.4143462393079,30.3244378289344],[-81.4130880393628,30.3244605972124],[-81.4092151752894,30.3244825769412],[-81.4091064329717,30.3244831922204],[-81.4070159735386,30.32450712757],[-81.4060689696559,30.3245442115703],[-81.4039755900295,30.3245651286792],[-81.4022755110549,30.3245866860387],[-81.4021851700864,30.3245878307498],[-81.3994479251343,30.3246280675608],[-81.3981946886561,30.3246389916773],[-81.3972649996593,30.3246482341735],[-81.396919802793,30.3246524899438],[-81.3961361090741,30.3246450128961],[-81.3958685421956,30.3246435315865],[-81.3957037192951,30.3246415098292],[-81.3955890908222,30.3246420856711],[-81.3955204188341,30.3246422933305],[-81.3952155995705,30.3246381737236],[-81.3950972733711,30.3246387603065],[-81.3945799413787,30.324651943581],[-81.394476878178,30.3246545692123]]]},"properties":{"FID":9,"DISTRICT":"NEPB","Shape_Leng":38274.5765703,"Shape_Area":72511908.0386,"Shape__Area":9070608.23828125,"Shape__Length":13522.562414127109}}]}