{"type":"FeatureCollection","features":[{"type":"Feature","properties":{"id":"11012813591033","name":"Csx Transportation","mtfcc":"R1011"},"geometry":{"type":"LineString","coordinates":[[-81.637059,30.402701],[-81.63649,30.402414],[-81.636093,30.402208],[-81.635299,30.401888],[-81.634558,30.401739],[-81.633817,30.40167],[-81.633052,30.401784],[-81.631819,30.401968],[-81.62864,30.402453],[-81.626084,30.402843],[-81.624315,30.403113],[-81.621602,30.403513],[-81.619498,30.4038]]}},{"type":"Feature","properties":{"id":"11012813591034","name":"Csx Transportation","mtfcc":"R1011"},"geometry":{"type":"LineString","coordinates":[[-81.649895,30.402844],[-81.649736,30.401552],[-81.649584,30.400439],[-81.649367,30.398773],[-81.649207,30.397537],[-81.648939,30.395573],[-81.648943,30.395459],[-81.64891,30.395242],[-81.64885,30.394709],[-81.648797,30.394314],[-81.648502,30.392027],[-81.648474,30.391808],[-81.648451,30.391635],[-81.648407,30.391389],[-81.648334,30.390782],[-81.648116,30.389237],[-81.647994,30.388747],[-81.64793,30.388487],[-81.647619,30.387594],[-81.647222,30.386391],[-81.64715,30.386186],[-81.647043,30.385866],[-81.646995,30.385768],[-81.646933,30.385641],[-81.646691,30.384889],[-81.646243,30.383501],[-81.645978,30.382339],[-81.645956,30.381849],[-81.64595,30.381598],[-81.645932,30.380805],[-81.645919,30.380038],[-81.645894,30.379789],[-81.645879,30.379637],[-81.64574,30.379093],[-81.64572,30.378996],[-81.64572,30.378921],[-81.645747,30.378509],[-81.645965,30.378023],[-81.646369,30.377656],[-81.646944,30.377387],[-81.64752,30.377267]]}},{"type":"Feature","properties":{"id":"11012815109505","name":"Csx Transportation","mtfcc":"R1011"},"geometry":{"type":"LineString","coordinates":[[-81.638942,30.448349],[-81.638752,30.448471],[-81.638511,30.448602],[-81.638191,30.448711],[-81.637784,30.448765],[-81.637418,30.448738],[-81.637068,30.448647],[-81.636206,30.448187],[-81.636028,30.448087],[-81.635767,30.447978],[-81.635417,30.447892],[-81.633676,30.447558],[-81.629748,30.446784],[-81.625052,30.445893],[-81.62455,30.445808],[-81.624221,30.445735],[-81.623886,30.445622],[-81.623641,30.4455],[-81.623374,30.445351],[-81.623144,30.445179],[-81.622862,30.444885],[-81.622705,30.4447],[-81.622548,30.444406],[-81.622135,30.443388],[-81.621937,30.442909],[-81.621738,30.442461],[-81.62155,30.442045],[-81.621309,30.441638],[-81.620938,30.44129],[-81.620651,30.441118],[-81.620254,30.440928],[-81.619726,30.440838],[-81.619224,30.440802],[-81.616775,30.440795],[-81.613046,30.440838],[-81.612907,30.440838],[-81.612382,30.440838],[-81.611953,30.440765],[-81.611561,30.440634],[-81.611263,30.440458],[-81.611007,30.440232],[-81.610756,30.439942],[-81.610532,30.439639],[-81.610412,30.439337]]}},{"type":"Feature","properties":{"id":"11012815109632","name":"Csx Transportation","mtfcc":"R1011"},"geometry":{"type":"LineString","coordinates":[[-81.886625,30.500174],[-81.886477,30.500349],[-81.886034,30.500878],[-81.886,30.50092],[-81.885889,30.501056],[-81.884798,30.502389],[-81.88416,30.50317],[-81.882908,30.504668],[-81.88213,30.5056],[-81.881496,30.506363],[-81.88072,30.5073],[-81.880395,30.507687],[-81.880304,30.507795],[-81.88003,30.508121],[-81.87994,30.50823],[-81.879891,30.508287],[-81.879744,30.508461],[-81.879696,30.508519],[-81.87906,30.50927],[-81.878757,30.509634],[-81.87704,30.5117],[-81.87529,30.51382],[-81.87314,30.51642],[-81.87269,30.516959],[-81.870751,30.519289],[-81.86641,30.52452],[-81.86523,30.52593],[-81.864873,30.526365],[-81.86419,30.5272],[-81.863184,30.528417],[-81.86228,30.52951],[-81.86104,30.531],[-81.86011,30.53213],[-81.859356,30.533033],[-81.85759,30.53515],[-81.85642,30.53657],[-81.85515,30.53813],[-81.85399,30.53953],[-81.85333,30.54032],[-81.85133,30.54274],[-81.850601,30.543616],[-81.84877,30.54582],[-81.847672,30.547136],[-81.84731,30.54757],[-81.847185,30.54772],[-81.846,30.54915],[-81.84573,30.54948],[-81.84525,30.55007],[-81.84508,30.55028],[-81.844593,30.550854],[-81.84431,30.55119],[-81.84313,30.55262],[-81.842777,30.553043],[-81.842633,30.553216],[-81.842345,30.553562],[-81.841979,30.554003],[-81.8413,30.55482],[-81.840995,30.555194],[-81.84082,30.55541],[-81.8406,30.55567],[-81.84023,30.55613],[-81.84018,30.55618],[-81.8391,30.55748],[-81.83822,30.55855],[-81.838038,30.558762],[-81.83724,30.5597],[-81.837057,30.559954],[-81.836929,30.560131],[-81.83688,30.5602],[-81.83676,30.56041],[-81.83666,30.56061],[-81.836623,30.560709],[-81.83659,30.5608],[-81.836571,30.560921]]}},{"type":"Feature","properties":{"id":"11012815110354","name":"Csx Transportation","mtfcc":"R1011"},"geometry":{"type":"LineString","coordinates":[[-82.133112,29.195362],[-82.133102,29.195424],[-82.133074,29.19561],[-82.133065,29.195673],[-82.133002,29.195911],[-82.132815,29.196626],[-82.132754,29.196865],[-82.132681,29.197033],[-82.132464,29.19754],[-82.132451,29.197569],[-82.132442,29.197591],[-82.132382,29.197723],[-82.132354,29.197764],[-82.132345,29.197779],[-82.132334,29.197796],[-82.1323,29.19785],[-82.13229,29.197868],[-82.131891,29.198421],[-82.131879,29.198432],[-82.131641,29.198683],[-82.131391,29.198936],[-82.131141,29.199149],[-82.130768,29.199421],[-82.130409,29.199657],[-82.130257,29.199742],[-82.12965,29.200086],[-82.129271,29.200285],[-82.128965,29.200431],[-82.128452,29.200677],[-82.127276,29.201262],[-82.126904,29.201449],[-82.126221,29.201796],[-82.125743,29.202036],[-82.125118,29.202351],[-82.124308,29.202753],[-82.12383,29.202992],[-82.122021,29.203897],[-82.12155,29.204133],[-82.120873,29.204463],[-82.119865,29.204968],[-82.119624,29.205083],[-82.119389,29.205187],[-82.119008,29.205321],[-82.118773,29.205395],[-82.118334,29.205514],[-82.117863,29.2056],[-82.117658,29.205638],[-82.116193,29.205855],[-82.115526,29.205954],[-82.114456,29.206118],[-82.11337,29.206269],[-82.113165,29.206296],[-82.11295,29.206326],[-82.111597,29.206512],[-82.110649,29.206665],[-82.109927,29.206774],[-82.106113,29.207356],[-82.104919,29.207557],[-82.104459,29.207635],[-82.103248,29.207808],[-82.099968,29.208329],[-82.095562,29.209031],[-82.094818,29.209131],[-82.093908,29.209257],[-82.09321,29.209376],[-82.091959,29.209629],[-82.09015,29.210006],[-82.086899,29.210685],[-82.086448,29.21078],[-82.085095,29.211065],[-82.084645,29.211161],[-82.084492,29.211195],[-82.084036,29.211296],[-82.083885,29.211331],[-82.083074,29.211496],[-82.08276,29.21157],[-82.082458,29.211642],[-82.082413,29.211657],[-82.081653,29.211929],[-82.081176,29.212163],[-82.081101,29.212208],[-82.080824,29.212376],[-82.08056,29.212537],[-82.08001,29.212975],[-82.079438,29.213559],[-82.079022,29.214157],[-82.07892,29.214346],[-82.078722,29.214716],[-82.078639,29.214926],[-82.078505,29.215265],[-82.078378,29.215747],[-82.078306,29.216258],[-82.078295,29.216822],[-82.078337,29.217239],[-82.078345,29.217308],[-82.078445,29.217804],[-82.078661,29.218505],[-82.078734,29.218716],[-82.079707,29.221521],[-82.080199,29.222939],[-82.080252,29.223093],[-82.080411,29.223555],[-82.080465,29.223709],[-82.080502,29.223824],[-82.080616,29.224172],[-82.080654,29.224288],[-82.080694,29.2244],[-82.080814,29.224739],[-82.080854,29.224852],[-82.0809,29.224988],[-82.08104,29.225396],[-82.081087,29.225533],[-82.081132,29.225664],[-82.081269,29.226057],[-82.081315,29.226189],[-82.081369,29.226344],[-82.081532,29.226812],[-82.081587,29.226968],[-82.081634,29.227111],[-82.081777,29.227543],[-82.081825,29.227687],[-82.08188,29.227845],[-82.082047,29.228321],[-82.082103,29.22848],[-82.082115,29.228514],[-82.082151,29.228616],[-82.082164,29.22865],[-82.082414,29.22937],[-82.082658,29.230071],[-82.083258,29.231812],[-82.083543,29.232644],[-82.083635,29.232911],[-82.083945,29.233804],[-82.084149,29.234392],[-82.084408,29.235139],[-82.084422,29.235177],[-82.084695,29.235972],[-82.084814,29.236322],[-82.085173,29.237375],[-82.085184,29.237406],[-82.085298,29.237725],[-82.08594,29.239555],[-82.086258,29.240485],[-82.08656,29.241384],[-82.086827,29.242112],[-82.087032,29.242725],[-82.087382,29.243713],[-82.087581,29.244303],[-82.087945,29.245352],[-82.089258,29.249166],[-82.089694,29.25035],[-82.090442,29.252051],[-82.093684,29.259326],[-82.094942,29.262151],[-82.098389,29.269897],[-82.101787,29.277526],[-82.102442,29.278993],[-82.104409,29.283397],[-82.105065,29.284865],[-82.105384,29.285583],[-82.106342,29.287738],[-82.106662,29.288457],[-82.106964,29.289136],[-82.10787,29.291173],[-82.108173,29.291853],[-82.108267,29.292067],[-82.108552,29.29271],[-82.108647,29.292925],[-82.109556,29.294992],[-82.110087,29.296199],[-82.112049,29.300658],[-82.113672,29.304207],[-82.114478,29.305989],[-82.114567,29.306186],[-82.115008,29.307178],[-82.115365,29.30811],[-82.115597,29.308978],[-82.115671,29.30935],[-82.115698,29.309597],[-82.115767,29.310213],[-82.115774,29.310341],[-82.115789,29.31059],[-82.115789,29.310799],[-82.115789,29.311205],[-82.115768,29.311428],[-82.11575,29.311637]]}},{"type":"Feature","properties":{"id":"11021360123470","name":"Csx Transportation","mtfcc":"R1011"},"geometry":{"type":"LineString","coordinates":[[-81.60777,30.633],[-81.607998,30.633236],[-81.60835,30.6336],[-81.610684,30.636003],[-81.61203,30.63739],[-81.614,30.63958],[-81.61443,30.64006],[-81.6164,30.64213],[-81.61717,30.64295],[-81.619252,30.645179],[-81.61957,30.64552],[-81.62043,30.64643],[-81.6213,30.64737],[-81.622103,30.648244],[-81.622204,30.648354],[-81.622509,30.648686],[-81.622611,30.648797],[-81.62265,30.64884],[-81.62333,30.64959],[-81.62407,30.65037],[-81.624457,30.650793],[-81.62516,30.65156],[-81.62643,30.65291],[-81.62773,30.65428],[-81.62834,30.65494],[-81.630037,30.656748],[-81.63079,30.65755],[-81.63176,30.65857],[-81.6319,30.65873],[-81.6328,30.6597],[-81.63358,30.66055],[-81.63387,30.6609],[-81.63454,30.66175],[-81.63519,30.662593],[-81.63545,30.66293],[-81.63634,30.6641],[-81.63726,30.66533],[-81.63832,30.66673],[-81.63955,30.66834],[-81.64103,30.6703],[-81.64202,30.67162],[-81.64214,30.67177],[-81.642274,30.671946],[-81.64294,30.67282],[-81.643955,30.674168],[-81.64404,30.67428],[-81.64608,30.67697],[-81.64728,30.67854],[-81.6485,30.68016],[-81.64976,30.681816],[-81.65047,30.68275],[-81.65169,30.68437],[-81.65183,30.68455],[-81.65262,30.6856],[-81.65371,30.68703],[-81.653876,30.687251],[-81.65465,30.68828],[-81.65534,30.68918],[-81.65656,30.69078],[-81.65771,30.69231],[-81.65846,30.69329],[-81.65907,30.69411],[-81.65997,30.69528],[-81.660434,30.695895],[-81.66225,30.6983],[-81.662621,30.698777],[-81.66306,30.69934],[-81.66396,30.70051],[-81.664066,30.70065],[-81.66646,30.7038],[-81.66743,30.70507],[-81.668362,30.706302],[-81.669791,30.70819],[-81.67011,30.708612],[-81.6702,30.70873],[-81.671078,30.709872],[-81.6712,30.71003],[-81.671395,30.710297],[-81.67149,30.710427],[-81.67169,30.7107],[-81.671775,30.710818],[-81.67187,30.71095],[-81.671956,30.711066],[-81.672215,30.711415],[-81.672302,30.711532],[-81.672409,30.711676],[-81.67271,30.71208],[-81.672732,30.71211],[-81.672841,30.712254],[-81.673514,30.713149],[-81.67377,30.71349],[-81.6747,30.7147],[-81.675553,30.715822],[-81.676231,30.716715],[-81.677348,30.718184],[-81.67777,30.71874],[-81.6795,30.72103],[-81.68065,30.72254],[-81.680693,30.722598],[-81.681802,30.724075],[-81.68258,30.72511],[-81.683318,30.726084],[-81.68352,30.72635],[-81.68402,30.72699],[-81.68508,30.72839],[-81.68568,30.7292],[-81.68663,30.73044],[-81.68773,30.73189],[-81.687878,30.732102],[-81.68801,30.73229],[-81.68825,30.73269],[-81.6884,30.73303],[-81.68853,30.73335],[-81.68869,30.73396],[-81.68874,30.73426],[-81.68875,30.73443],[-81.68877,30.73461],[-81.68878,30.7351],[-81.688744,30.73575],[-81.68874,30.73584],[-81.68871,30.73687],[-81.688695,30.737246],[-81.688602,30.739716],[-81.68856,30.74085],[-81.688554,30.741039],[-81.688551,30.741131],[-81.688542,30.741406],[-81.68854,30.741499]]}},{"type":"Feature","properties":{"id":"1102215622563","name":"Csx Transportation","mtfcc":"R1011"},"geometry":{"type":"LineString","coordinates":[[-81.801932,30.494656],[-81.802744,30.496242],[-81.80302,30.49678],[-81.80412,30.49888],[-81.80461,30.49979],[-81.80524,30.500972],[-81.80574,30.50191],[-81.80603,30.50248],[-81.80607,30.50255]]}},{"type":"Feature","properties":{"id":"1102219627590","name":"Csx Transportation","mtfcc":"R1011"},"geometry":{"type":"LineString","coordinates":[[-81.770054,30.10758],[-81.7707,30.10534],[-81.77081,30.10487],[-81.77087,30.10453],[-81.77089,30.10421],[-81.77086,30.10361],[-81.770804,30.103213]]}},{"type":"Feature","properties":{"id":"1102219627591","name":"Csx Transportation","mtfcc":"R1011"},"geometry":{"type":"LineString","coordinates":[[-81.769813,30.108378],[-81.769772,30.108512],[-81.76971,30.10872],[-81.769653,30.108917],[-81.769615,30.109053],[-81.769551,30.109274],[-81.769363,30.109938],[-81.7693,30.11016],[-81.76872,30.11214],[-81.768468,30.113008],[-81.76817,30.11404],[-81.76793,30.11489],[-81.767849,30.115164],[-81.767686,30.115718],[-81.76753,30.11625],[-81.76719,30.11738],[-81.76691,30.11837],[-81.76664,30.11923],[-81.76643,30.11971],[-81.7662,30.12018],[-81.76594,30.1206],[-81.76582,30.12078],[-81.76545,30.12134],[-81.765148,30.121789],[-81.76475,30.12238],[-81.76412,30.12333],[-81.76305,30.12496],[-81.76261,30.1256],[-81.76223,30.12613],[-81.762168,30.126209],[-81.761775,30.126712],[-81.76159,30.12695],[-81.76089,30.12779],[-81.76072,30.128],[-81.760368,30.12842],[-81.759255,30.129753],[-81.758275,30.130927],[-81.758195,30.131021],[-81.757958,30.131305],[-81.75788,30.1314],[-81.75771,30.1316],[-81.757549,30.131795],[-81.75706,30.13239],[-81.75664,30.13289],[-81.75656,30.132983],[-81.756226,30.133376],[-81.75601,30.13363],[-81.755872,30.133795],[-81.75525,30.13455],[-81.75482,30.135061],[-81.754467,30.135481],[-81.754421,30.135534],[-81.754285,30.135696],[-81.75424,30.13575],[-81.75392,30.13612],[-81.753454,30.136688],[-81.75315,30.13706],[-81.75227,30.13811],[-81.7516,30.13889],[-81.75132,30.1392],[-81.751041,30.13945],[-81.75083,30.13964],[-81.750666,30.139764],[-81.75045,30.13993],[-81.75005,30.14016],[-81.74978,30.1403],[-81.749359,30.140486],[-81.74926,30.14053],[-81.74796,30.14109],[-81.747249,30.141384],[-81.746544,30.141677],[-81.746027,30.141891],[-81.74557,30.14208],[-81.74535,30.14218],[-81.745491,30.142456],[-81.744613,30.143007],[-81.744103,30.142897],[-81.743778,30.142829],[-81.73999,30.1444],[-81.73925,30.14472],[-81.73873,30.14494],[-81.738687,30.144957],[-81.7375,30.14545],[-81.737003,30.145673],[-81.73652,30.14589],[-81.73645,30.14593],[-81.73616,30.14609],[-81.735665,30.146435],[-81.73553,30.14653],[-81.735465,30.146585],[-81.73507,30.14692],[-81.73478,30.14721],[-81.73434,30.14779],[-81.73399,30.14835],[-81.733345,30.149406],[-81.732728,30.150418],[-81.73272,30.15043],[-81.732361,30.15101],[-81.73175,30.152],[-81.73147,30.15247],[-81.731272,30.152794],[-81.73111,30.15306],[-81.73088,30.153369],[-81.73082,30.15345],[-81.73059,30.15371],[-81.73033,30.15397],[-81.72996,30.15425],[-81.729756,30.154394],[-81.72958,30.15452],[-81.72899,30.15486],[-81.725738,30.156603],[-81.724391,30.157326],[-81.72321,30.15796],[-81.723144,30.157992],[-81.72309,30.15802],[-81.723029,30.158052],[-81.722963,30.158087],[-81.722903,30.158119],[-81.721556,30.158837],[-81.72093,30.15917],[-81.719397,30.159981],[-81.718148,30.160644],[-81.718032,30.160706],[-81.717941,30.160754],[-81.71482,30.162428],[-81.714616,30.162536],[-81.714083,30.162826],[-81.713861,30.162946],[-81.71363,30.16307],[-81.713311,30.163234],[-81.713102,30.163342],[-81.71274,30.16353],[-81.712,30.16395],[-81.71165,30.16417],[-81.71129,30.1645],[-81.71103,30.16482],[-81.71082,30.1651],[-81.71065,30.16547],[-81.71062,30.16556],[-81.710564,30.165702],[-81.710526,30.165825],[-81.710515,30.165877],[-81.710488,30.165992],[-81.71045,30.16616],[-81.71042,30.16659],[-81.71044,30.16702],[-81.710448,30.167346],[-81.71046,30.1678],[-81.710487,30.168437],[-81.71057,30.170348],[-81.71059,30.1708],[-81.710597,30.170986],[-81.710604,30.171188],[-81.710628,30.171797],[-81.710636,30.172],[-81.710646,30.172284],[-81.710679,30.173137],[-81.71069,30.173422],[-81.710699,30.173684],[-81.71072,30.17422],[-81.710727,30.174473],[-81.710735,30.174737],[-81.71074,30.17489],[-81.710742,30.174949],[-81.710746,30.175032],[-81.710785,30.175919],[-81.710798,30.176215],[-81.710799,30.176242],[-81.710802,30.176326],[-81.710804,30.176354],[-81.710816,30.176637],[-81.710852,30.177488],[-81.710865,30.177772],[-81.710886,30.178271],[-81.71089,30.17834],[-81.710941,30.17977],[-81.71096,30.18027],[-81.710979,30.180773],[-81.71102,30.18185],[-81.711038,30.182283],[-81.711046,30.182483],[-81.71106,30.182787],[-81.711119,30.184189],[-81.71115,30.18492],[-81.7112,30.18625],[-81.711276,30.188397],[-81.71131,30.18934],[-81.71133,30.18969],[-81.71133,30.1898],[-81.711339,30.189972],[-81.71136,30.19032],[-81.71136,30.190491],[-81.71136,30.190665],[-81.71136,30.19077],[-81.71136,30.19099],[-81.711354,30.191087],[-81.711348,30.191193]]}},{"type":"Feature","properties":{"id":"11025366122733","name":"Csx Transportation","mtfcc":"R1011"},"geometry":{"type":"LineString","coordinates":[[-82.343246,29.638969],[-82.341953,29.639405],[-82.341728,29.639494],[-82.341717,29.6395],[-82.341371,29.639674],[-82.341268,29.639733],[-82.340955,29.639913],[-82.340318,29.640336],[-82.340094,29.640484],[-82.339384,29.640976],[-82.339251,29.641073],[-82.338551,29.641591],[-82.338214,29.641805],[-82.337821,29.642023],[-82.337462,29.642175],[-82.337031,29.642324],[-82.336499,29.642466],[-82.335761,29.64263],[-82.333655,29.642994],[-82.333533,29.643015],[-82.331785,29.643334],[-82.331149,29.643434],[-82.330904,29.643478],[-82.328094,29.643939],[-82.326534,29.644219],[-82.325033,29.644474],[-82.324887,29.644501],[-82.323924,29.644682],[-82.321644,29.645095],[-82.319799,29.645344]]}},{"type":"Feature","properties":{"id":"1102638647184","name":"Csx Transportation","mtfcc":"R1011"},"geometry":{"type":"LineString","coordinates":[[-82.1471,29.838728],[-82.149038,29.833471],[-82.15772,29.809836]]}},{"type":"Feature","properties":{"id":"11030115293362","name":"Csx Transportation","mtfcc":"R1011"},"geometry":{"type":"LineString","coordinates":[[-82.067005,30.056635],[-82.067006,30.055983],[-82.066994,30.05588],[-82.066969,30.055653],[-82.06686,30.05531]]}},{"type":"Feature","properties":{"id":"11030115296189","name":"Csx Transportation","mtfcc":"R1011"},"geometry":{"type":"LineString","coordinates":[[-81.66388,29.93873],[-81.664073,29.939021],[-81.664184,29.939149],[-81.664333,29.939285],[-81.664563,29.93943],[-81.664791,29.939525],[-81.665071,29.939595],[-81.665333,29.939614],[-81.665597,29.939592],[-81.665875,29.939561],[-81.666185,29.939569],[-81.666569,29.939643],[-81.66685,29.93977],[-81.66712,29.939971],[-81.667383,29.940303],[-81.667608,29.940737],[-81.668032,29.941649]]}},{"type":"Feature","properties":{"id":"11030115296222","name":"Csx Transportation","mtfcc":"R1011"},"geometry":{"type":"LineString","coordinates":[[-82.037555,30.136554],[-82.037758,30.135191],[-82.037844,30.134857],[-82.037958,30.134522],[-82.038027,30.134335],[-82.03905,30.131562],[-82.039919,30.129206]]}},{"type":"Feature","properties":{"id":"11030115302649","name":"Csx Transportation","mtfcc":"R1011"},"geometry":{"type":"LineString","coordinates":[[-81.950434,30.303062],[-81.950135,30.303061],[-81.949936,30.303058],[-81.949815,30.303044],[-81.949525,30.302973],[-81.949286,30.302863],[-81.949094,30.302748],[-81.948914,30.302572],[-81.948756,30.302388],[-81.948666,30.302208],[-81.94861,30.30205],[-81.948567,30.301849],[-81.948381,30.300548]]}},{"type":"Feature","properties":{"id":"11030115302674","name":"Csx Transportation","mtfcc":"R1011"},"geometry":{"type":"LineString","coordinates":[[-81.76115,30.323092],[-81.761015,30.323065],[-81.760769,30.323047],[-81.760507,30.323007],[-81.760303,30.322934],[-81.760106,30.322839],[-81.759914,30.322707],[-81.75976,30.322567],[-81.759632,30.322398],[-81.759521,30.322183],[-81.759417,30.321869],[-81.759152,30.321053]]}},{"type":"Feature","properties":{"id":"11030115302700","name":"Csx Transportation","mtfcc":"R1011"},"geometry":{"type":"LineString","coordinates":[[-81.758617,30.323354],[-81.758275,30.323255],[-81.757934,30.323203],[-81.757702,30.323137],[-81.75746,30.323032],[-81.757289,30.3229],[-81.757112,30.32274],[-81.756975,30.322558],[-81.756897,30.322393],[-81.756826,30.322128],[-81.756749,30.321753]]}},{"type":"Feature","properties":{"id":"11030115302714","name":"Csx Transportation","mtfcc":"R1011"},"geometry":{"type":"LineString","coordinates":[[-81.743117,30.325179],[-81.742606,30.325161],[-81.742376,30.325094],[-81.742167,30.325003],[-81.741983,30.324871],[-81.741831,30.324703],[-81.741719,30.324487],[-81.741668,30.324352],[-81.741657,30.324161],[-81.741646,30.323847],[-81.741646,30.323533],[-81.741652,30.323314]]}},{"type":"Feature","properties":{"id":"11030115302759","name":"Csx Transportation","mtfcc":"R1011"},"geometry":{"type":"LineString","coordinates":[[-81.74128,30.325441],[-81.740938,30.325419],[-81.740601,30.32543],[-81.740329,30.325408],[-81.740119,30.325358],[-81.739939,30.325279],[-81.739703,30.325122],[-81.739605,30.325024],[-81.739557,30.324976],[-81.739405,30.324729],[-81.739332,30.324549],[-81.73931,30.324302],[-81.739276,30.321404],[-81.739276,30.321387],[-81.739259,30.321112],[-81.739214,30.320972],[-81.739164,30.320848],[-81.739046,30.32068],[-81.738866,30.320523],[-81.738601,30.320377],[-81.738286,30.320307],[-81.737973,30.320304],[-81.737094,30.320327],[-81.73704,30.320337],[-81.736949,30.32035],[-81.736265,30.320364]]}},{"type":"Feature","properties":{"id":"11030115302802","name":"Csx Transportation","mtfcc":"R1011"},"geometry":{"type":"LineString","coordinates":[[-81.743732,30.351602],[-81.744754,30.351736],[-81.745407,30.351802],[-81.746741,30.351802],[-81.749994,30.351748],[-81.751398,30.351726]]}},{"type":"Feature","properties":{"id":"11030115302823","name":"Csx Transportation","mtfcc":"R1011"},"geometry":{"type":"LineString","coordinates":[[-81.743072,30.352766],[-81.743628,30.352701],[-81.743902,30.352663],[-81.744158,30.352625],[-81.74748,30.352597]]}},{"type":"Feature","properties":{"id":"11030115302934","name":"Csx Transportation","mtfcc":"R1011"},"geometry":{"type":"LineString","coordinates":[[-81.644712,30.413292],[-81.64481,30.412893],[-81.644848,30.412779],[-81.644889,30.412652],[-81.645,30.412429],[-81.645137,30.412253],[-81.645274,30.412109],[-81.645418,30.411991],[-81.645608,30.41188],[-81.645804,30.411802],[-81.645986,30.41175],[-81.646109,30.411727],[-81.646205,30.411712]]}},{"type":"Feature","properties":{"id":"11030115302949","name":"Csx Transportation","mtfcc":"R1011"},"geometry":{"type":"LineString","coordinates":[[-81.644771,30.410697],[-81.644758,30.412436],[-81.644751,30.41275],[-81.644751,30.412779],[-81.644745,30.412998],[-81.644712,30.413292]]}},{"type":"Feature","properties":{"id":"11030115302976","name":"Csx Transportation","mtfcc":"R1011"},"geometry":{"type":"LineString","coordinates":[[-81.757764,30.411542],[-81.756978,30.412064],[-81.756613,30.412338],[-81.756335,30.412707],[-81.756228,30.412909],[-81.756157,30.413099],[-81.756092,30.413349],[-81.756063,30.413658],[-81.756103,30.414039],[-81.756349,30.414769]]}},{"type":"Feature","properties":{"id":"11030115302984","name":"Csx Transportation","mtfcc":"R1011"},"geometry":{"type":"LineString","coordinates":[[-81.64417,30.415004],[-81.644379,30.414697],[-81.644614,30.414488],[-81.644895,30.414325],[-81.64515,30.414227],[-81.645276,30.414202],[-81.645455,30.414175],[-81.645767,30.414172],[-81.646424,30.414115],[-81.649482,30.414116]]}},{"type":"Feature","properties":{"id":"11030115302993","name":"Csx Transportation","mtfcc":"R1011"},"geometry":{"type":"LineString","coordinates":[[-81.644712,30.413292],[-81.64466,30.413553],[-81.644516,30.414122],[-81.644366,30.41454],[-81.64417,30.415004]]}},{"type":"Feature","properties":{"id":"11030115303037","name":"Csx Transportation","mtfcc":"R1011"},"geometry":{"type":"LineString","coordinates":[[-81.631792,30.420827],[-81.63153,30.420814],[-81.631295,30.420814],[-81.631171,30.420808],[-81.631007,30.420775],[-81.630831,30.420723],[-81.630583,30.420605],[-81.630414,30.42051],[-81.62804,30.419174]]}},{"type":"Feature","properties":{"id":"11030115303111","name":"Csx Transportation","mtfcc":"R1011"},"geometry":{"type":"LineString","coordinates":[[-81.629261,30.429374],[-81.62923,30.42616],[-81.629229,30.4256],[-81.62923,30.422984],[-81.629217,30.422546],[-81.629236,30.422219],[-81.629282,30.421932],[-81.629361,30.421702],[-81.629367,30.421684],[-81.629465,30.42152],[-81.629635,30.421292],[-81.629839,30.421124],[-81.630099,30.420978],[-81.630367,30.42088],[-81.630641,30.420834],[-81.630929,30.420834],[-81.63185,30.420893],[-81.632112,30.420945],[-81.632367,30.42105],[-81.632589,30.421174],[-81.632785,30.421344],[-81.632981,30.421585],[-81.633079,30.421788],[-81.633125,30.422004],[-81.633144,30.422219],[-81.633161,30.425074]]}},{"type":"Feature","properties":{"id":"11030115303117","name":"Csx Transportation","mtfcc":"R1011"},"geometry":{"type":"LineString","coordinates":[[-81.637948,30.420363],[-81.637792,30.420564],[-81.637655,30.420781],[-81.637563,30.42098],[-81.637542,30.421014],[-81.637484,30.421291],[-81.637464,30.421546],[-81.637497,30.42499]]}},{"type":"Feature","properties":{"id":"11030115303132","name":"Csx Transportation","mtfcc":"R1011"},"geometry":{"type":"LineString","coordinates":[[-81.63351,30.422272],[-81.633533,30.425526],[-81.63355,30.427389],[-81.633556,30.427585],[-81.633608,30.42784],[-81.633674,30.428016]]}},{"type":"Feature","properties":{"id":"11030115303712","name":"Csx Transportation","mtfcc":"R1011"},"geometry":{"type":"LineString","coordinates":[[-81.677964,30.331875],[-81.678753,30.333514],[-81.678429,30.332146],[-81.67845,30.331025],[-81.678555,30.330301]]}},{"type":"Feature","properties":{"id":"11030115303713","name":"Csx Transportation","mtfcc":"R1011"},"geometry":{"type":"LineString","coordinates":[[-81.678555,30.330301],[-81.677697,30.329759],[-81.676872,30.329487],[-81.676634,30.329408],[-81.676553,30.329295],[-81.67645,30.329153],[-81.676396,30.329068],[-81.676307,30.328845],[-81.676295,30.328816],[-81.676262,30.32874],[-81.675779,30.328221],[-81.674687,30.327448],[-81.67453,30.327326],[-81.674242,30.327167],[-81.673939,30.32705],[-81.673265,30.326883],[-81.671209,30.326482],[-81.670923,30.326421],[-81.670254,30.326358],[-81.669627,30.326308],[-81.668759,30.326231],[-81.668101,30.326096]]}},{"type":"Feature","properties":{"id":"11030115303714","name":"Csx Transportation","mtfcc":"R1011"},"geometry":{"type":"LineString","coordinates":[[-81.714971,30.357758],[-81.716438,30.358854],[-81.716868,30.359127],[-81.717203,30.359268],[-81.717619,30.3594],[-81.718068,30.359495],[-81.718536,30.359553],[-81.719,30.359528],[-81.719444,30.359478],[-81.720305,30.359243],[-81.721332,30.358995],[-81.722412,30.358723],[-81.723077,30.358533],[-81.726523,30.357642],[-81.727521,30.357384],[-81.727683,30.357343],[-81.728305,30.357162],[-81.728498,30.357103],[-81.728916,30.356977],[-81.729131,30.356895],[-81.729454,30.356773],[-81.729543,30.356739],[-81.731161,30.356122],[-81.734124,30.354975],[-81.73454,30.354815],[-81.737211,30.35378],[-81.739487,30.352901],[-81.742784,30.351629],[-81.745674,30.350514],[-81.747707,30.349705]]}},{"type":"Feature","properties":{"id":"11030115303715","name":"Csx Transportation","mtfcc":"R1011"},"geometry":{"type":"LineString","coordinates":[[-81.645131,30.351576],[-81.645196,30.350681],[-81.645264,30.350236],[-81.64533,30.349349],[-81.645327,30.349182],[-81.645317,30.348516],[-81.645296,30.347824],[-81.645285,30.347037],[-81.645338,30.346571],[-81.645322,30.345644],[-81.645238,30.345351],[-81.645149,30.345138],[-81.645081,30.345044],[-81.644971,30.344835],[-81.644777,30.344609],[-81.644542,30.344428],[-81.64424,30.344234],[-81.643895,30.344102],[-81.64356,30.344012],[-81.64331,30.343953],[-81.643147,30.343935],[-81.642959,30.343894],[-81.64263,30.343876],[-81.642264,30.34389],[-81.639424,30.343926],[-81.638192,30.34394],[-81.637654,30.343922],[-81.63734,30.343876],[-81.637007,30.343786],[-81.636841,30.343714],[-81.636711,30.343664],[-81.635616,30.343022]]}},{"type":"Feature","properties":{"id":"11030115303716","name":"Csx Transportation","mtfcc":"R1011"},"geometry":{"type":"LineString","coordinates":[[-81.630415,30.32393],[-81.630126,30.32576],[-81.630035,30.32644],[-81.629893,30.327138],[-81.629871,30.327226],[-81.629443,30.329257],[-81.629275,30.330197],[-81.629228,30.33069],[-81.629218,30.331061],[-81.629289,30.33176],[-81.629312,30.33187],[-81.629516,30.332549],[-81.629662,30.332965],[-81.629819,30.333254],[-81.630122,30.333828],[-81.630483,30.334376],[-81.630937,30.335233],[-81.634586,30.341832],[-81.634926,30.342389],[-81.635229,30.342732],[-81.635616,30.343022]]}},{"type":"Feature","properties":{"id":"11030115303717","name":"Csx Transportation","mtfcc":"R1011"},"geometry":{"type":"LineString","coordinates":[[-81.635616,30.343022],[-81.633948,30.342063],[-81.633122,30.341579],[-81.632673,30.341403],[-81.630828,30.34081],[-81.630179,30.340588],[-81.629871,30.340498]]}},{"type":"Feature","properties":{"id":"11030115303726","name":"Csx Transportation","mtfcc":"R1011"},"geometry":{"type":"LineString","coordinates":[[-81.742784,30.351629],[-81.743107,30.351594],[-81.743505,30.351603],[-81.743732,30.351602]]}},{"type":"Feature","properties":{"id":"11030115303727","name":"Csx Transportation","mtfcc":"R1011"},"geometry":{"type":"LineString","coordinates":[[-81.743732,30.351602],[-81.749991,30.351579],[-81.751398,30.351575]]}},{"type":"Feature","properties":{"id":"11030115303729","name":"Csx Transportation","mtfcc":"R1011"},"geometry":{"type":"LineString","coordinates":[[-81.743072,30.352766],[-81.743382,30.352767],[-81.747461,30.352729]]}},{"type":"Feature","properties":{"id":"11030115303730","name":"Csx Transportation","mtfcc":"R1011"},"geometry":{"type":"LineString","coordinates":[[-81.739487,30.352901],[-81.73987,30.352843],[-81.74023,30.352786],[-81.740665,30.352758],[-81.743072,30.352766]]}},{"type":"Feature","properties":{"id":"11030115303731","name":"Csx Transportation","mtfcc":"R1011"},"geometry":{"type":"LineString","coordinates":[[-81.64417,30.415004],[-81.643889,30.415501],[-81.643555,30.416004],[-81.643222,30.416416],[-81.642874,30.416798],[-81.642487,30.417152],[-81.642026,30.417517],[-81.640111,30.418832],[-81.638161,30.420192],[-81.637948,30.420363]]}},{"type":"Feature","properties":{"id":"11030115303732","name":"Csx Transportation","mtfcc":"R1011"},"geometry":{"type":"LineString","coordinates":[[-81.644771,30.410697],[-81.644673,30.410358],[-81.644568,30.410148],[-81.644482,30.410037],[-81.644431,30.409972],[-81.644261,30.409841],[-81.644098,30.409724],[-81.643928,30.409645],[-81.64364,30.40956],[-81.643412,30.409534],[-81.643232,30.409511],[-81.64283,30.40946]]}},{"type":"Feature","properties":{"id":"11030115303733","name":"Csx Transportation","mtfcc":"R1011"},"geometry":{"type":"LineString","coordinates":[[-81.634876,30.420814],[-81.634497,30.420899],[-81.634255,30.420997],[-81.63402,30.421141],[-81.633818,30.421344],[-81.633667,30.42154],[-81.633582,30.421755],[-81.63353,30.421958],[-81.63351,30.422272]]}},{"type":"Feature","properties":{"id":"11030115303734","name":"Csx Transportation","mtfcc":"R1011"},"geometry":{"type":"LineString","coordinates":[[-81.634876,30.420814],[-81.631792,30.420827]]}},{"type":"Feature","properties":{"id":"11030115303735","name":"Csx Transportation","mtfcc":"R1011"},"geometry":{"type":"LineString","coordinates":[[-81.637948,30.420363],[-81.637659,30.420571],[-81.637468,30.420671],[-81.637275,30.420736],[-81.637072,30.420788],[-81.636896,30.420801],[-81.635987,30.420796],[-81.634876,30.420814]]}},{"type":"Feature","properties":{"id":"11030115303736","name":"Csx Transportation","mtfcc":"R1011"},"geometry":{"type":"LineString","coordinates":[[-81.62804,30.419174],[-81.626863,30.418512]]}},{"type":"Feature","properties":{"id":"11030115303737","name":"Csx Transportation","mtfcc":"R1011"},"geometry":{"type":"LineString","coordinates":[[-81.62804,30.419174],[-81.62787,30.419024],[-81.627681,30.418808],[-81.627544,30.418586],[-81.627478,30.418377],[-81.627439,30.418161],[-81.627452,30.417893],[-81.627537,30.417638],[-81.627661,30.417435]]}},{"type":"Feature","properties":{"id":"11030115303738","name":"Csx Transportation","mtfcc":"R1011"},"geometry":{"type":"LineString","coordinates":[[-81.645511,30.40878],[-81.645225,30.408989],[-81.645045,30.409162],[-81.644934,30.409325],[-81.644823,30.409606],[-81.644791,30.409848],[-81.644785,30.410036],[-81.644784,30.410063],[-81.644771,30.410697]]}},{"type":"Feature","properties":{"id":"11030115303739","name":"Csx Transportation","mtfcc":"R1011"},"geometry":{"type":"LineString","coordinates":[[-81.631792,30.420827],[-81.632288,30.42088],[-81.632556,30.420952],[-81.632844,30.421108],[-81.633112,30.421318],[-81.633275,30.42152],[-81.633386,30.421716],[-81.633452,30.421932],[-81.63351,30.422272]]}},{"type":"Feature","properties":{"id":"11030115361303","name":"Csx Transportation","mtfcc":"R1011"},"geometry":{"type":"LineString","coordinates":[[-82.014853,30.853491],[-82.014552,30.852811],[-82.014425,30.852451],[-82.014126,30.851499],[-82.014015,30.851261],[-82.013915,30.85105],[-82.01381,30.850818],[-82.013688,30.850557],[-82.0136,30.850303],[-82.013456,30.849937],[-82.012941,30.848315]]}},{"type":"Feature","properties":{"id":"11030115361316","name":"Csx Transportation","mtfcc":"R1011"},"geometry":{"type":"LineString","coordinates":[[-82.016858,30.860145],[-82.016733,30.85994],[-82.016584,30.859769],[-82.016469,30.859627],[-82.016403,30.859478],[-82.016309,30.85922],[-82.015282,30.855851]]}},{"type":"Feature","properties":{"id":"11030115361685","name":"Csx Transportation","mtfcc":"R1011"},"geometry":{"type":"LineString","coordinates":[[-82.284256,31.192428],[-82.283984,31.19234],[-82.281437,31.191604],[-82.280542,31.191345],[-82.280017,31.191188],[-82.279534,31.191044],[-82.2785,31.190734],[-82.274615,31.189572],[-82.271884,31.188792],[-82.271618,31.188716],[-82.268995,31.187967],[-82.267445,31.187532],[-82.262599,31.186095],[-82.259549,31.185209],[-82.256716,31.184386],[-82.25399,31.183569],[-82.253315,31.183367],[-82.251883,31.182958],[-82.250859,31.182562],[-82.249919,31.182046],[-82.249525,31.181789],[-82.2477,31.180459],[-82.244656,31.178277],[-82.242255,31.176533],[-82.23945,31.174495],[-82.235354,31.17153],[-82.235087,31.171341],[-82.234217,31.170727],[-82.233021,31.169883],[-82.232622,31.169655],[-82.232565,31.169624],[-82.232406,31.169538],[-82.232241,31.169449],[-82.231664,31.169215],[-82.231232,31.169047],[-82.230497,31.168832],[-82.229652,31.168653],[-82.229263,31.168587],[-82.228568,31.168518],[-82.227874,31.168495],[-82.227289,31.168514],[-82.226391,31.168598],[-82.226052,31.16865],[-82.225975,31.168661],[-82.225835,31.168682],[-82.224361,31.168906],[-82.224289,31.168917],[-82.222127,31.169246],[-82.220861,31.169426],[-82.218314,31.169789],[-82.215844,31.170174],[-82.214862,31.170331],[-82.211098,31.170874],[-82.210635,31.170944],[-82.210406,31.170979],[-82.209382,31.171121],[-82.208105,31.171313],[-82.207348,31.171436],[-82.200018,31.172516],[-82.187324,31.174384],[-82.187265,31.174393],[-82.187068,31.174422],[-82.182619,31.175077],[-82.178767,31.175639],[-82.174016,31.176332],[-82.169973,31.176932],[-82.165677,31.177572],[-82.149144,31.179989],[-82.148835,31.180034],[-82.147106,31.180296],[-82.14637,31.180408],[-82.144687,31.180664],[-82.143201,31.180877],[-82.140615,31.181246],[-82.135333,31.182137],[-82.132571,31.182603],[-82.132331,31.182637],[-82.130804,31.182855],[-82.129658,31.18301],[-82.129569,31.183032],[-82.128907,31.183127],[-82.128164,31.183233],[-82.116554,31.18489],[-82.115673,31.185016],[-82.115153,31.185091],[-82.114038,31.18525],[-82.101113,31.187093],[-82.096935,31.187689],[-82.077537,31.190483],[-82.06826,31.191833],[-82.064298,31.192416],[-82.058926,31.193205],[-82.055849,31.193657],[-82.05083,31.1944],[-82.047581,31.194863],[-82.038074,31.196263],[-82.036021,31.196557],[-82.029974,31.197434],[-82.025505,31.198082],[-82.012936,31.199903],[-82.010331,31.200297],[-82.009746,31.200382],[-82.001813,31.201536],[-82.000857,31.201686],[-82.000072,31.201797],[-81.998097,31.202083],[-81.998002,31.202086],[-81.996155,31.202364],[-81.990665,31.203158],[-81.989703,31.203298],[-81.98891,31.203412],[-81.987048,31.203682],[-81.985049,31.203971]]}},{"type":"Feature","properties":{"id":"11030538677621","name":"Csx Transportation","mtfcc":"R1011"},"geometry":{"type":"LineString","coordinates":[[-81.491817,31.13351],[-81.491815,31.133294],[-81.491815,31.133281],[-81.491815,31.133151],[-81.491832,31.133009],[-81.491895,31.132912],[-81.49198,31.132769],[-81.492077,31.132649],[-81.492175,31.132467],[-81.492237,31.132318],[-81.492266,31.132118],[-81.492232,31.13189],[-81.492186,31.131707],[-81.491638,31.130349]]}},{"type":"Feature","properties":{"id":"11031989599774","name":"Csx Transportation","mtfcc":"R1011"},"geometry":{"type":"LineString","coordinates":[[-81.699378,30.839705],[-81.699246,30.839021],[-81.699176,30.838658],[-81.698834,30.837264],[-81.698772,30.83701],[-81.698399,30.835151],[-81.697862,30.832406],[-81.69783,30.832237],[-81.697797,30.832069],[-81.697677,30.831456],[-81.697525,30.83068],[-81.696537,30.826223],[-81.695837,30.822499],[-81.695747,30.822019],[-81.695426,30.820471],[-81.695154,30.819117],[-81.694361,30.815541],[-81.694243,30.81493],[-81.694151,30.814454],[-81.694131,30.814351],[-81.694096,30.814169],[-81.6935,30.811088],[-81.69241,30.80554],[-81.691894,30.802914],[-81.691734,30.802126],[-81.691499,30.800969],[-81.691268,30.799829],[-81.691028,30.798657],[-81.690895,30.798041],[-81.690459,30.795814],[-81.690203,30.794515],[-81.690012,30.793549],[-81.689576,30.790815],[-81.688987,30.788151],[-81.688438,30.785671],[-81.688328,30.785173],[-81.688197,30.784581],[-81.688182,30.784512],[-81.688123,30.784245],[-81.688059,30.78394],[-81.687336,30.780493],[-81.687246,30.779462],[-81.687232,30.778853],[-81.687245,30.777956],[-81.687342,30.775752],[-81.687382,30.774514],[-81.687406,30.773788],[-81.687443,30.772643],[-81.687457,30.772337],[-81.687566,30.770033],[-81.68765,30.76738],[-81.687766,30.764108],[-81.687838,30.762092],[-81.688006,30.757813],[-81.688233,30.751575],[-81.688298,30.74894],[-81.688401,30.746287],[-81.688495,30.743651],[-81.688529,30.742111],[-81.68854,30.741499]]}},{"type":"Feature","properties":{"id":"11033193141132","name":"Csx Transportation","mtfcc":"R1011"},"geometry":{"type":"LineString","coordinates":[[-82.36846,29.725017],[-82.368108,29.724767],[-82.367893,29.724684],[-82.367714,29.724619],[-82.367488,29.724553],[-82.367273,29.724515],[-82.366922,29.724541],[-82.366648,29.724595],[-82.3664,29.724632],[-82.366067,29.724654],[-82.365453,29.724666],[-82.364649,29.724666],[-82.3622,29.724666],[-82.361002,29.72463]]}},{"type":"Feature","properties":{"id":"11033193141170","name":"Csx Transportation","mtfcc":"R1011"},"geometry":{"type":"LineString","coordinates":[[-82.39576,29.752945],[-82.395935,29.753411],[-82.395953,29.75365],[-82.39591,29.753916],[-82.395818,29.754147],[-82.395685,29.754355],[-82.39556,29.754495],[-82.395463,29.754591],[-82.395333,29.754683],[-82.394855,29.754919],[-82.393818,29.755421],[-82.393292,29.755692],[-82.391192,29.756705],[-82.389928,29.757333],[-82.389314,29.75754],[-82.389125,29.757612],[-82.388927,29.757664],[-82.388724,29.757694],[-82.387164,29.757685],[-82.38414,29.75772]]}},{"type":"Feature","properties":{"id":"11033193141296","name":"Csx Transportation","mtfcc":"R1011"},"geometry":{"type":"LineString","coordinates":[[-82.401632,29.759422],[-82.401037,29.759124],[-82.400826,29.759017],[-82.400537,29.758935],[-82.400302,29.758892],[-82.399996,29.758877],[-82.399745,29.758887],[-82.399562,29.75892],[-82.399316,29.758983],[-82.399036,29.759085],[-82.398814,29.759191],[-82.398027,29.759726],[-82.396866,29.760561],[-82.395549,29.761464],[-82.394629,29.76213],[-82.393452,29.762936],[-82.393099,29.763158]]}},{"type":"Feature","properties":{"id":"11033193141305","name":"Csx Transportation","mtfcc":"R1011"},"geometry":{"type":"LineString","coordinates":[[-82.387146,29.761342],[-82.386328,29.761329]]}},{"type":"Feature","properties":{"id":"11033193141337","name":"Csx Transportation","mtfcc":"R1011"},"geometry":{"type":"LineString","coordinates":[[-82.521901,29.763218],[-82.521414,29.763768],[-82.521154,29.764097],[-82.521096,29.76428],[-82.521047,29.76455],[-82.521047,29.765004],[-82.521023,29.76566],[-82.520994,29.767678],[-82.520946,29.769029]]}},{"type":"Feature","properties":{"id":"11033193141365","name":"Csx Transportation","mtfcc":"R1011"},"geometry":{"type":"LineString","coordinates":[[-82.475153,29.789585],[-82.475244,29.789359],[-82.475283,29.789214],[-82.475326,29.788997],[-82.475326,29.788765],[-82.475307,29.788553],[-82.475273,29.788389],[-82.475201,29.788215],[-82.475114,29.788046],[-82.47494,29.787834],[-82.474747,29.787622],[-82.474617,29.78754],[-82.474417,29.787433],[-82.47418,29.787337],[-82.473783,29.787217]]}},{"type":"Feature","properties":{"id":"11033193141542","name":"Csx Transportation","mtfcc":"R1011"},"geometry":{"type":"LineString","coordinates":[[-82.252777,30.256752],[-82.253137,30.256531],[-82.253303,30.256388],[-82.253434,30.256156],[-82.253667,30.255739],[-82.25415,30.254833],[-82.255112,30.253069]]}},{"type":"Feature","properties":{"id":"11033193141559","name":"Csx Transportation","mtfcc":"R1011"},"geometry":{"type":"LineString","coordinates":[[-82.272829,30.250179],[-82.27365,30.249908],[-82.278386,30.248347],[-82.299722,30.241418],[-82.301939,30.240689],[-82.304052,30.240003],[-82.304228,30.239947],[-82.304755,30.239782],[-82.304932,30.239727],[-82.305315,30.239599],[-82.305536,30.239525],[-82.305688,30.239475],[-82.308385,30.23861],[-82.310817,30.237832],[-82.313218,30.237065],[-82.314426,30.236678],[-82.316479,30.236021],[-82.319178,30.235158],[-82.323792,30.233662],[-82.337637,30.229176],[-82.341782,30.227833],[-82.342251,30.227678],[-82.342368,30.227639],[-82.343601,30.227234],[-82.347654,30.225901],[-82.349005,30.225458],[-82.349782,30.225203],[-82.352114,30.22444],[-82.352892,30.224187],[-82.360065,30.221812],[-82.374865,30.216915],[-82.381609,30.214765],[-82.388809,30.212472],[-82.390503,30.21195],[-82.395584,30.210385],[-82.397279,30.209864],[-82.397658,30.209744],[-82.397906,30.209689],[-82.399817,30.209266],[-82.400455,30.209126],[-82.401894,30.208622],[-82.404608,30.207673],[-82.406288,30.207403],[-82.406799,30.207321],[-82.40706,30.207283],[-82.408625,30.206983],[-82.409981,30.206787],[-82.410711,30.206681],[-82.412919,30.20636],[-82.414799,30.20611],[-82.416156,30.205969],[-82.417463,30.205834],[-82.418894,30.205692],[-82.421966,30.205423],[-82.424947,30.205134],[-82.428771,30.204784],[-82.430216,30.204652],[-82.432991,30.204359],[-82.435743,30.204156],[-82.439483,30.20376],[-82.443144,30.203418],[-82.44568,30.203182],[-82.448143,30.202957],[-82.449442,30.202839],[-82.455532,30.202285],[-82.458073,30.202041]]}},{"type":"Feature","properties":{"id":"11033193141564","name":"Csx Transportation","mtfcc":"R1011"},"geometry":{"type":"LineString","coordinates":[[-82.252777,30.256752],[-82.255001,30.256048],[-82.26041,30.254336],[-82.260652,30.254255],[-82.261377,30.254016],[-82.261619,30.253938],[-82.266821,30.252134],[-82.271432,30.250625],[-82.272551,30.250264]]}},{"type":"Feature","properties":{"id":"11033193141572","name":"Csx Transportation","mtfcc":"R1011"},"geometry":{"type":"LineString","coordinates":[[-82.499834,29.784508],[-82.501546,29.78285],[-82.502104,29.782309],[-82.508464,29.776154],[-82.509253,29.77541],[-82.50942,29.775213],[-82.513808,29.770989],[-82.521901,29.763218]]}},{"type":"Feature","properties":{"id":"11033193141616","name":"Csx Transportation","mtfcc":"R1011"},"geometry":{"type":"LineString","coordinates":[[-82.473783,29.787217],[-82.464946,29.786053],[-82.464,29.785922],[-82.460074,29.785377],[-82.460008,29.785368],[-82.456719,29.784972],[-82.455607,29.784838],[-82.455333,29.784805],[-82.45243,29.784457],[-82.449035,29.784006],[-82.442503,29.783132],[-82.44183,29.783005],[-82.441664,29.782951],[-82.441374,29.78287],[-82.440939,29.782753],[-82.440629,29.782636],[-82.439521,29.782167],[-82.438755,29.781725],[-82.43836,29.781508],[-82.438172,29.781411],[-82.436649,29.780629],[-82.436524,29.780565],[-82.435349,29.779962],[-82.434146,29.779325],[-82.433191,29.778821],[-82.430398,29.777365],[-82.429574,29.776935],[-82.427979,29.776053],[-82.425179,29.774595],[-82.424882,29.774441],[-82.421959,29.772882],[-82.421492,29.772633],[-82.420401,29.772017],[-82.418682,29.771156],[-82.417181,29.770347],[-82.416993,29.770249],[-82.416896,29.770199],[-82.415413,29.769434],[-82.414443,29.768933],[-82.41326,29.768304],[-82.413093,29.768215],[-82.411321,29.767275],[-82.410485,29.766832],[-82.410054,29.766603],[-82.409355,29.766231],[-82.408918,29.766],[-82.408216,29.765597],[-82.407377,29.765063],[-82.40705,29.764848],[-82.406685,29.764562],[-82.405552,29.763663],[-82.405141,29.76328],[-82.404784,29.762938],[-82.404354,29.762506],[-82.404107,29.762208],[-82.403335,29.761332],[-82.403194,29.761131],[-82.403112,29.761013],[-82.401632,29.759422]]}},{"type":"Feature","properties":{"id":"11033193141617","name":"Csx Transportation","mtfcc":"R1011"},"geometry":{"type":"LineString","coordinates":[[-82.479153,29.786809],[-82.478583,29.787023],[-82.478105,29.787202],[-82.47777,29.787344],[-82.477651,29.7874],[-82.477522,29.787444],[-82.47727,29.787489],[-82.476817,29.787552],[-82.476386,29.787559],[-82.473783,29.787217]]}},{"type":"Feature","properties":{"id":"11033193141618","name":"Csx Transportation","mtfcc":"R1011"},"geometry":{"type":"LineString","coordinates":[[-82.475153,29.789585],[-82.472292,29.791751],[-82.471165,29.792635],[-82.471095,29.79269],[-82.465818,29.79677],[-82.464864,29.79752],[-82.462133,29.799673],[-82.460795,29.800707],[-82.460033,29.80138],[-82.458178,29.803081],[-82.447679,29.81271]]}},{"type":"Feature","properties":{"id":"11033193141619","name":"Csx Transportation","mtfcc":"R1011"},"geometry":{"type":"LineString","coordinates":[[-82.479153,29.786809],[-82.478594,29.787081],[-82.478321,29.787253],[-82.477837,29.787598],[-82.477737,29.787678],[-82.477617,29.787722],[-82.475933,29.788995],[-82.475153,29.789585]]}},{"type":"Feature","properties":{"id":"11033193141620","name":"Csx Transportation","mtfcc":"R1011"},"geometry":{"type":"LineString","coordinates":[[-82.393099,29.763158],[-82.392747,29.763317],[-82.392419,29.763419],[-82.392062,29.763467],[-82.391637,29.763467],[-82.391236,29.763385],[-82.391063,29.763332],[-82.390807,29.763221],[-82.390563,29.763119],[-82.390351,29.762979],[-82.390037,29.762646],[-82.389627,29.762212],[-82.389424,29.762004],[-82.389171,29.761797],[-82.388963,29.761667],[-82.388664,29.761531],[-82.388408,29.76144],[-82.388046,29.761372],[-82.3878,29.761348],[-82.387511,29.761353],[-82.387146,29.761342]]}},{"type":"Feature","properties":{"id":"11033193141621","name":"Csx Transportation","mtfcc":"R1011"},"geometry":{"type":"LineString","coordinates":[[-82.387146,29.761342],[-82.386709,29.761488],[-82.386323,29.761749],[-82.385966,29.762048],[-82.385744,29.762376],[-82.385599,29.762724],[-82.385513,29.763119],[-82.385513,29.763496],[-82.385469,29.7642],[-82.385508,29.764837],[-82.385633,29.765146],[-82.385836,29.765494],[-82.386048,29.765735],[-82.386328,29.765967],[-82.386734,29.766198],[-82.387139,29.766334],[-82.38739,29.766392],[-82.387766,29.766411],[-82.388172,29.766363],[-82.388568,29.766266],[-82.388983,29.766044],[-82.389615,29.76561],[-82.39127,29.764449],[-82.393099,29.763158]]}},{"type":"Feature","properties":{"id":"11033193141623","name":"Csx Transportation","mtfcc":"R1011"},"geometry":{"type":"LineString","coordinates":[[-82.324674,29.677925],[-82.324606,29.681353],[-82.324573,29.68244],[-82.324623,29.684571],[-82.324605,29.684969],[-82.324612,29.685607],[-82.324685,29.686121],[-82.32478,29.686501],[-82.324904,29.68685],[-82.325166,29.687447],[-82.325355,29.687777],[-82.325639,29.688177],[-82.325834,29.688385],[-82.325905,29.68846],[-82.326069,29.68864],[-82.326375,29.688932],[-82.328393,29.69067],[-82.33145,29.693299],[-82.332473,29.694118],[-82.333754,29.695258],[-82.334949,29.696267],[-82.335253,29.696532],[-82.337547,29.698498],[-82.337575,29.698522],[-82.338875,29.699636],[-82.339672,29.700312],[-82.343091,29.703215],[-82.345182,29.705026],[-82.345824,29.705563],[-82.346888,29.706496],[-82.349143,29.708429],[-82.349474,29.708723],[-82.353577,29.712234],[-82.356968,29.715151],[-82.364967,29.722009],[-82.3662,29.723071],[-82.36846,29.725017]]}},{"type":"Feature","properties":{"id":"11033193141624","name":"Csx Transportation","mtfcc":"R1011"},"geometry":{"type":"LineString","coordinates":[[-82.401632,29.759422],[-82.4009,29.758634],[-82.39576,29.752945]]}},{"type":"Feature","properties":{"id":"11033193141625","name":"Csx Transportation","mtfcc":"R1011"},"geometry":{"type":"LineString","coordinates":[[-82.479153,29.786809],[-82.479937,29.786476],[-82.480979,29.786266],[-82.481994,29.786228],[-82.491301,29.787208],[-82.491859,29.787286],[-82.492737,29.787383],[-82.49349,29.787438],[-82.494209,29.787456],[-82.494465,29.787444],[-82.494846,29.787409],[-82.495271,29.787322],[-82.495649,29.787207],[-82.49604,29.78711],[-82.496447,29.786998],[-82.497012,29.786771],[-82.497601,29.786467],[-82.498214,29.786021],[-82.498289,29.785953],[-82.499134,29.785198],[-82.499677,29.78467]]}},{"type":"Feature","properties":{"id":"11033193141627","name":"Csx Transportation","mtfcc":"R1011"},"geometry":{"type":"LineString","coordinates":[[-82.39576,29.752945],[-82.395476,29.752631],[-82.395444,29.752595],[-82.395248,29.752378],[-82.393318,29.750241],[-82.388839,29.745304],[-82.388485,29.74491],[-82.388339,29.744747],[-82.385421,29.741502],[-82.385371,29.741446],[-82.385275,29.74134],[-82.385261,29.741325],[-82.385214,29.741273],[-82.381292,29.736922],[-82.377753,29.733031],[-82.377089,29.732429],[-82.3747,29.730405],[-82.370511,29.726782],[-82.36846,29.725017]]}},{"type":"Feature","properties":{"id":"11033193141690","name":"Csx Transportation","mtfcc":"R1011"},"geometry":{"type":"LineString","coordinates":[[-82.625748,29.766051],[-82.625772,29.760066],[-82.625775,29.75946],[-82.625786,29.757161],[-82.625759,29.756398],[-82.625715,29.755944],[-82.625607,29.755352],[-82.625457,29.754815],[-82.625042,29.753625],[-82.624447,29.752084],[-82.624237,29.751539],[-82.624205,29.751455],[-82.623999,29.750921],[-82.623498,29.74962],[-82.62244,29.746876],[-82.619624,29.741925],[-82.618409,29.739753],[-82.618204,29.73929],[-82.618051,29.738806],[-82.617938,29.738235],[-82.617894,29.737678],[-82.617549,29.728],[-82.617522,29.727227],[-82.617325,29.721747],[-82.617257,29.719858],[-82.617246,29.719542],[-82.617181,29.71779],[-82.617078,29.714962],[-82.617001,29.712701],[-82.616945,29.710806],[-82.616808,29.707934],[-82.616741,29.706696],[-82.616455,29.698213],[-82.615915,29.68376],[-82.615048,29.661022],[-82.614947,29.658856],[-82.614878,29.658328],[-82.614754,29.657614],[-82.614125,29.655844],[-82.613693,29.654627],[-82.613515,29.654123],[-82.613416,29.653864],[-82.612866,29.652403],[-82.61268,29.651909],[-82.612515,29.651467]]}},{"type":"Feature","properties":{"id":"11033193141691","name":"Csx Transportation","mtfcc":"R1011"},"geometry":{"type":"LineString","coordinates":[[-82.610332,29.650882],[-82.610709,29.650773],[-82.610787,29.650743],[-82.611115,29.650707],[-82.611412,29.650725],[-82.611623,29.650775],[-82.611824,29.650848],[-82.612006,29.650942],[-82.612129,29.651025],[-82.612273,29.651143],[-82.612372,29.651258],[-82.61244,29.651362],[-82.612515,29.651467]]}},{"type":"Feature","properties":{"id":"11033193141693","name":"Csx Transportation","mtfcc":"R1011"},"geometry":{"type":"LineString","coordinates":[[-82.576505,29.687562],[-82.579343,29.68376],[-82.580316,29.682457],[-82.58086,29.681741],[-82.583298,29.678483],[-82.587403,29.672917],[-82.590441,29.668837],[-82.591514,29.667362],[-82.593555,29.664643],[-82.597182,29.659769],[-82.597395,29.659483],[-82.59766,29.659107],[-82.597973,29.658706],[-82.598308,29.658288],[-82.598558,29.658027],[-82.598767,29.657869],[-82.59913,29.657608],[-82.600293,29.65691],[-82.600739,29.656667],[-82.602704,29.655483],[-82.603624,29.654949],[-82.606731,29.653062],[-82.608334,29.652145],[-82.608585,29.651963],[-82.60954,29.651338],[-82.60978,29.651195],[-82.610188,29.650931],[-82.610332,29.650882]]}},{"type":"Feature","properties":{"id":"11033193141694","name":"Csx Transportation","mtfcc":"R1011"},"geometry":{"type":"LineString","coordinates":[[-82.612515,29.651467],[-82.612336,29.650945],[-82.612291,29.650854],[-82.612055,29.650173],[-82.611963,29.649906],[-82.611651,29.649126],[-82.611252,29.648049]]}},{"type":"Feature","properties":{"id":"11033193141986","name":"Csx Transportation","mtfcc":"R1011"},"geometry":{"type":"LineString","coordinates":[[-82.166353,29.790722],[-82.166844,29.790286],[-82.167404,29.789785],[-82.167533,29.789649],[-82.167707,29.789436],[-82.168096,29.789141],[-82.168311,29.788918],[-82.168547,29.788668],[-82.168905,29.788337],[-82.169316,29.787828],[-82.169778,29.787069],[-82.170055,29.786363],[-82.170208,29.785649],[-82.170249,29.784354],[-82.170229,29.784148],[-82.170203,29.783981],[-82.169663,29.782535],[-82.169183,29.781532],[-82.168824,29.780746],[-82.168517,29.779995],[-82.168503,29.77997],[-82.168394,29.779772],[-82.168086,29.778968],[-82.165256,29.772707],[-82.16135,29.76374],[-82.159593,29.759894],[-82.157255,29.754478],[-82.155442,29.750396],[-82.147355,29.732184],[-82.147114,29.73164],[-82.145775,29.728612],[-82.144172,29.724991],[-82.143397,29.723239],[-82.142236,29.720456],[-82.141439,29.718571],[-82.140545,29.716668],[-82.139636,29.714653],[-82.138668,29.712507],[-82.133971,29.702003],[-82.131181,29.695411],[-82.129872,29.692734],[-82.126182,29.684387],[-82.126156,29.684316],[-82.126119,29.684248],[-82.123045,29.677345],[-82.119729,29.6699],[-82.116903,29.663543],[-82.112591,29.653853],[-82.111102,29.65054],[-82.108229,29.644049],[-82.105882,29.638624],[-82.104186,29.634986],[-82.103683,29.633872],[-82.101323,29.628641],[-82.100224,29.626142],[-82.099916,29.625283]]}},{"type":"Feature","properties":{"id":"11033193144204","name":"Csx Transportation","mtfcc":"R1011"},"geometry":{"type":"LineString","coordinates":[[-81.591276,29.493692],[-81.590069,29.493048],[-81.588901,29.49244],[-81.587535,29.491683],[-81.586587,29.491211],[-81.585941,29.490831],[-81.584831,29.490253],[-81.582596,29.489026],[-81.580079,29.487643],[-81.57844,29.486793],[-81.578263,29.486701],[-81.577729,29.486427],[-81.577553,29.486336],[-81.5773,29.486194],[-81.576544,29.485768],[-81.576292,29.485627],[-81.57556,29.485243],[-81.57375,29.484268],[-81.573376,29.484084],[-81.572679,29.483642],[-81.572017,29.483105],[-81.571417,29.482657],[-81.571108,29.482367],[-81.570875,29.482122],[-81.570276,29.481377],[-81.569855,29.48063],[-81.569747,29.480445],[-81.569512,29.479911],[-81.569417,29.479637],[-81.569327,29.479386],[-81.569201,29.479003],[-81.569058,29.478583],[-81.568851,29.477966],[-81.568705,29.47754],[-81.568512,29.476935],[-81.567971,29.475223],[-81.56772,29.474488],[-81.566935,29.472197],[-81.566458,29.470808],[-81.563981,29.463423],[-81.562631,29.459502],[-81.561704,29.45672],[-81.56146,29.455993],[-81.561251,29.455301],[-81.561077,29.45484],[-81.56067,29.453585],[-81.56014,29.452036],[-81.559698,29.451021],[-81.559213,29.44998],[-81.558835,29.449318],[-81.558484,29.448776],[-81.557768,29.447751],[-81.55747,29.447373],[-81.55647,29.446029],[-81.553332,29.441795],[-81.552315,29.440404],[-81.551862,29.439783],[-81.550772,29.438299],[-81.550344,29.437772],[-81.549729,29.436934],[-81.547896,29.434458],[-81.547298,29.433624],[-81.546745,29.432879],[-81.544302,29.429602],[-81.541595,29.425902],[-81.540688,29.424692],[-81.539411,29.423115],[-81.537979,29.421438],[-81.536771,29.419996],[-81.535654,29.418691],[-81.53504,29.417845],[-81.534688,29.41735],[-81.533385,29.415137],[-81.532926,29.414323],[-81.532461,29.413519],[-81.532217,29.413102],[-81.531388,29.411658],[-81.530905,29.410781],[-81.530571,29.410161],[-81.528954,29.407462],[-81.527998,29.406252],[-81.525385,29.402838],[-81.524452,29.401658],[-81.524205,29.401335],[-81.523268,29.400047],[-81.522504,29.398997],[-81.52172,29.397438],[-81.520947,29.394589],[-81.520425,29.392661],[-81.520017,29.391161],[-81.519432,29.389007],[-81.51937,29.388737],[-81.519286,29.388378],[-81.518751,29.386689],[-81.518678,29.386461],[-81.51817,29.385534],[-81.518109,29.385437],[-81.518026,29.385326],[-81.517402,29.384484],[-81.516626,29.383362],[-81.515555,29.381929],[-81.51494,29.381098],[-81.514074,29.379954],[-81.511572,29.376452],[-81.511178,29.375901],[-81.510672,29.375277]]}},{"type":"Feature","properties":{"id":"11033193144248","name":"Csx Transportation","mtfcc":"R1011"},"geometry":{"type":"LineString","coordinates":[[-81.508231,29.364419],[-81.508205,29.364372],[-81.507892,29.363733],[-81.506953,29.361818],[-81.50664,29.36118],[-81.505983,29.359839],[-81.504014,29.355816],[-81.503933,29.35565],[-81.503359,29.354475],[-81.503305,29.354361],[-81.503121,29.353965],[-81.502928,29.353522],[-81.502703,29.352943],[-81.502577,29.352578],[-81.502383,29.351949],[-81.502241,29.351373],[-81.502088,29.350705],[-81.50153,29.34828],[-81.501348,29.347487],[-81.501307,29.347311],[-81.501017,29.346045],[-81.500643,29.344406],[-81.500423,29.343438],[-81.500084,29.341948],[-81.499883,29.341063],[-81.499643,29.340045],[-81.499176,29.338016],[-81.499055,29.337485],[-81.498717,29.335996],[-81.498512,29.335101],[-81.497899,29.332417],[-81.497695,29.331523],[-81.497629,29.331233],[-81.497431,29.330365],[-81.497366,29.330076],[-81.497226,29.329475],[-81.497136,29.328873],[-81.497046,29.328523],[-81.496238,29.325109],[-81.496064,29.324318],[-81.496019,29.324104],[-81.495821,29.32326],[-81.495732,29.322887],[-81.495728,29.322867],[-81.495624,29.322434],[-81.4955,29.321994],[-81.495433,29.32178],[-81.49541,29.321702],[-81.495313,29.321418],[-81.495238,29.321209],[-81.495169,29.321021],[-81.495078,29.320774],[-81.4949,29.320345],[-81.494678,29.319854],[-81.494505,29.31947],[-81.494388,29.319219],[-81.493985,29.318365],[-81.493743,29.317841],[-81.493665,29.317676],[-81.493431,29.317181],[-81.493353,29.317016],[-81.493296,29.316895],[-81.493222,29.316734],[-81.493126,29.316532],[-81.49307,29.316412],[-81.49301,29.316284],[-81.49283,29.315902],[-81.49277,29.315775],[-81.492693,29.3156],[-81.492617,29.315453],[-81.490039,29.309931],[-81.489326,29.308413],[-81.488021,29.305598],[-81.486914,29.303252],[-81.48608,29.301462],[-81.48391,29.296833],[-81.483583,29.296092],[-81.482852,29.294554],[-81.482087,29.292747],[-81.482035,29.292624],[-81.481704,29.291987],[-81.481055,29.290694],[-81.479966,29.288372],[-81.479773,29.287953],[-81.479687,29.287719],[-81.479566,29.287413],[-81.47944,29.287067],[-81.478756,29.284844],[-81.478065,29.282412],[-81.476901,29.278386],[-81.476785,29.277986],[-81.476024,29.275351],[-81.475157,29.272375],[-81.474873,29.2714],[-81.473674,29.267246],[-81.472921,29.264646],[-81.472573,29.263442],[-81.471713,29.260465],[-81.471668,29.26031],[-81.471537,29.259859],[-81.471534,29.259845],[-81.471503,29.259687],[-81.471493,29.259656],[-81.471217,29.258763],[-81.470769,29.257215],[-81.470555,29.256474],[-81.469194,29.251753],[-81.468752,29.250226],[-81.468622,29.249783],[-81.4679,29.247308],[-81.467775,29.246874],[-81.467617,29.246325],[-81.467405,29.245571],[-81.467283,29.245137],[-81.467174,29.244759],[-81.466847,29.243625],[-81.466738,29.243248],[-81.466647,29.242937],[-81.466377,29.242007],[-81.466287,29.241697]]}},{"type":"Feature","properties":{"id":"11033193145108","name":"Csx Transportation","mtfcc":"R1011"},"geometry":{"type":"LineString","coordinates":[[-81.659327,29.687439],[-81.659175,29.68715],[-81.659059,29.686995],[-81.65889,29.686826],[-81.658702,29.686657],[-81.658528,29.686556],[-81.65832,29.686459],[-81.658089,29.686402],[-81.657852,29.686363],[-81.657592,29.686353],[-81.657283,29.686392],[-81.657022,29.686479],[-81.656747,29.686599],[-81.656414,29.686846],[-81.656211,29.68701],[-81.656018,29.687145],[-81.655864,29.687222],[-81.655771,29.68725],[-81.655285,29.687367]]}},{"type":"Feature","properties":{"id":"11033193145681","name":"Csx Transportation","mtfcc":"R1011"},"geometry":{"type":"LineString","coordinates":[[-81.641414,29.748822],[-81.641009,29.748021],[-81.640342,29.746591],[-81.639793,29.745364],[-81.639537,29.744804],[-81.639299,29.743922],[-81.639108,29.743075],[-81.639001,29.742563],[-81.638953,29.742003],[-81.638929,29.741526],[-81.638798,29.738904]]}},{"type":"Feature","properties":{"id":"11033193145734","name":"Csx Transportation","mtfcc":"R1011"},"geometry":{"type":"LineString","coordinates":[[-81.642081,29.734948],[-81.641977,29.735722],[-81.64187,29.736116],[-81.641679,29.736473],[-81.641515,29.736652],[-81.641307,29.736878],[-81.641057,29.737063],[-81.640645,29.737278],[-81.640252,29.737367],[-81.63993,29.737421],[-81.639555,29.737456]]}},{"type":"Feature","properties":{"id":"11033193145944","name":"Csx Transportation","mtfcc":"R1011"},"geometry":{"type":"LineString","coordinates":[[-81.63468,29.737508],[-81.634407,29.737641],[-81.634012,29.737948],[-81.633876,29.738094],[-81.633787,29.738237],[-81.633733,29.738404],[-81.633692,29.738594],[-81.63365,29.738815],[-81.63362,29.739113],[-81.633626,29.739488],[-81.633614,29.739816]]}},{"type":"Feature","properties":{"id":"11033193146013","name":"Csx Transportation","mtfcc":"R1011"},"geometry":{"type":"LineString","coordinates":[[-81.629724,29.733529],[-81.629723,29.733172],[-81.629729,29.732868],[-81.629765,29.732641],[-81.629872,29.732385],[-81.630057,29.732135],[-81.630292,29.731944],[-81.630566,29.731783],[-81.631007,29.731664]]}},{"type":"Feature","properties":{"id":"11033193147331","name":"Csx Transportation","mtfcc":"R1011"},"geometry":{"type":"LineString","coordinates":[[-81.639555,29.737456],[-81.640127,29.737486],[-81.640473,29.737546],[-81.640794,29.737659],[-81.640902,29.737695],[-81.641148,29.737856],[-81.6415,29.738141],[-81.641697,29.738362],[-81.641876,29.73866],[-81.642007,29.739083],[-81.642111,29.739703]]}},{"type":"Feature","properties":{"id":"11033193147332","name":"Csx Transportation","mtfcc":"R1011"},"geometry":{"type":"LineString","coordinates":[[-81.639555,29.737456],[-81.638893,29.737474],[-81.638047,29.73748],[-81.637097,29.737492]]}},{"type":"Feature","properties":{"id":"11033193147333","name":"Csx Transportation","mtfcc":"R1011"},"geometry":{"type":"LineString","coordinates":[[-81.642081,29.734948],[-81.642064,29.731445],[-81.64204,29.729694],[-81.641986,29.729181],[-81.641903,29.728847],[-81.641676,29.728514],[-81.641378,29.728168],[-81.641069,29.727977],[-81.640628,29.727763],[-81.640115,29.727644],[-81.639209,29.727644],[-81.638077,29.72762],[-81.63685,29.727656],[-81.636147,29.727811],[-81.635789,29.727977],[-81.635467,29.728204],[-81.635229,29.728478],[-81.635002,29.728812],[-81.634859,29.729121],[-81.634812,29.729408],[-81.634788,29.730206],[-81.634788,29.731374],[-81.634788,29.735108],[-81.634812,29.73571],[-81.634854,29.735966],[-81.634991,29.736288],[-81.635181,29.736592],[-81.635411,29.736872],[-81.635703,29.737081],[-81.635947,29.7372],[-81.636281,29.737361],[-81.636614,29.737432],[-81.637097,29.737492]]}},{"type":"Feature","properties":{"id":"11033193147334","name":"Csx Transportation","mtfcc":"R1011"},"geometry":{"type":"LineString","coordinates":[[-81.642111,29.739703],[-81.642096,29.737844],[-81.642081,29.734948]]}},{"type":"Feature","properties":{"id":"11033193147335","name":"Csx Transportation","mtfcc":"R1011"},"geometry":{"type":"LineString","coordinates":[[-81.637097,29.737492],[-81.63468,29.737508]]}},{"type":"Feature","properties":{"id":"11033193147336","name":"Csx Transportation","mtfcc":"R1011"},"geometry":{"type":"LineString","coordinates":[[-81.642079,29.744966],[-81.642111,29.739703]]}},{"type":"Feature","properties":{"id":"11033193147337","name":"Csx Transportation","mtfcc":"R1011"},"geometry":{"type":"LineString","coordinates":[[-81.641414,29.748822],[-81.640617,29.753446],[-81.639803,29.758516],[-81.637648,29.772143],[-81.637617,29.772337],[-81.637526,29.772921],[-81.637496,29.773116],[-81.637465,29.773313],[-81.637372,29.773904],[-81.637342,29.774102],[-81.637299,29.774329],[-81.637076,29.775094],[-81.636774,29.776135],[-81.636094,29.778016],[-81.635745,29.778984],[-81.63532,29.780158],[-81.634045,29.783683],[-81.633621,29.784858],[-81.633291,29.785767],[-81.6323,29.788496],[-81.631971,29.789406],[-81.631233,29.791454],[-81.629019,29.797598],[-81.628282,29.799647],[-81.62797,29.80051],[-81.627036,29.803102],[-81.626725,29.803966],[-81.626277,29.805187],[-81.625569,29.807121],[-81.624982,29.808867],[-81.624569,29.8101],[-81.624145,29.811343],[-81.622874,29.815073],[-81.622563,29.815989],[-81.622459,29.81632],[-81.621507,29.819564],[-81.621189,29.820791],[-81.618518,29.830873],[-81.618258,29.832844],[-81.618199,29.835622],[-81.618575,29.839502]]}},{"type":"Feature","properties":{"id":"11033193147338","name":"Csx Transportation","mtfcc":"R1011"},"geometry":{"type":"LineString","coordinates":[[-81.642079,29.744966],[-81.641414,29.748822]]}},{"type":"Feature","properties":{"id":"11033193147339","name":"Csx Transportation","mtfcc":"R1011"},"geometry":{"type":"LineString","coordinates":[[-81.631058,29.732284],[-81.630593,29.732367],[-81.630385,29.732474],[-81.630116,29.732659],[-81.629926,29.732915],[-81.629789,29.733213],[-81.629724,29.733529]]}},{"type":"Feature","properties":{"id":"11033193147340","name":"Csx Transportation","mtfcc":"R1011"},"geometry":{"type":"LineString","coordinates":[[-81.63468,29.737508],[-81.633623,29.737516],[-81.631174,29.737504],[-81.63093,29.737498],[-81.630697,29.737438],[-81.630554,29.737373],[-81.630328,29.737253],[-81.630191,29.737134],[-81.630054,29.736991],[-81.629935,29.73683],[-81.629833,29.736646],[-81.62978,29.736473],[-81.629768,29.7363],[-81.62972,29.736038],[-81.62975,29.735132],[-81.629726,29.733928],[-81.629724,29.733529]]}},{"type":"Feature","properties":{"id":"11033193147341","name":"Csx Transportation","mtfcc":"R1011"},"geometry":{"type":"LineString","coordinates":[[-81.659327,29.687439],[-81.659529,29.688839],[-81.65966,29.689592],[-81.659677,29.689718],[-81.659728,29.690099],[-81.659746,29.690227],[-81.660155,29.692633],[-81.660288,29.693667],[-81.660506,29.694966],[-81.660673,29.696086],[-81.660951,29.697766],[-81.661148,29.699024],[-81.6612,29.699344],[-81.661359,29.700307],[-81.661412,29.700628],[-81.661423,29.700706],[-81.661458,29.700941],[-81.66147,29.701021],[-81.661485,29.701108],[-81.66153,29.70137],[-81.661546,29.701458],[-81.661754,29.702801],[-81.661861,29.703462],[-81.662145,29.70522],[-81.662174,29.705625],[-81.662192,29.705971],[-81.662162,29.706275],[-81.662109,29.706656],[-81.66201,29.707133],[-81.661951,29.70733],[-81.661826,29.707555],[-81.658524,29.713489],[-81.657317,29.71566],[-81.65702,29.716209],[-81.65613,29.717856],[-81.655834,29.718406],[-81.655641,29.718763],[-81.655062,29.719837],[-81.65487,29.720195],[-81.65481,29.720305],[-81.654632,29.720636],[-81.654573,29.720747],[-81.654488,29.720903],[-81.654235,29.721374],[-81.654151,29.721532],[-81.652041,29.725458],[-81.649593,29.729614],[-81.646241,29.735938],[-81.64521,29.737805],[-81.644292,29.739578],[-81.642529,29.742743],[-81.642079,29.744966]]}},{"type":"Feature","properties":{"id":"11033193354675","name":"Csx Transportation","mtfcc":"R1011"},"geometry":{"type":"LineString","coordinates":[[-81.635856,29.524422],[-81.636696,29.524838],[-81.637393,29.525184],[-81.63784,29.525428],[-81.638543,29.525867],[-81.63902,29.526242],[-81.639431,29.526617],[-81.63983,29.52704],[-81.64011,29.52741],[-81.640536,29.52797],[-81.641043,29.528798],[-81.641776,29.529966],[-81.643441,29.532701],[-81.644243,29.533953],[-81.645199,29.53552],[-81.646641,29.537844],[-81.647737,29.539619],[-81.649126,29.541824],[-81.650449,29.544017],[-81.652314,29.54708],[-81.653684,29.549249],[-81.654548,29.550631],[-81.655514,29.552135],[-81.655951,29.552867],[-81.657262,29.555061],[-81.6577,29.555792],[-81.65772,29.555828],[-81.657785,29.555939],[-81.657807,29.555976],[-81.657897,29.556128],[-81.658166,29.556588],[-81.658256,29.556741],[-81.658324,29.556853],[-81.658402,29.556984],[-81.658531,29.557192],[-81.658603,29.557303],[-81.658714,29.557483],[-81.65905,29.558022],[-81.659161,29.558202],[-81.661088,29.561279],[-81.666829,29.570558],[-81.668797,29.573585],[-81.669024,29.573949],[-81.66971,29.575048],[-81.669938,29.575414],[-81.669957,29.575459],[-81.670017,29.575594],[-81.670037,29.57564],[-81.671307,29.577692],[-81.672821,29.580141],[-81.675105,29.58386],[-81.676275,29.585765],[-81.676376,29.585902],[-81.67721,29.587322],[-81.677937,29.588442],[-81.678399,29.589216],[-81.679096,29.590367],[-81.680413,29.59247],[-81.681205,29.593771],[-81.681558,29.594275],[-81.681669,29.594449],[-81.682004,29.594974],[-81.682116,29.595149],[-81.682259,29.595388],[-81.682692,29.596107],[-81.682836,29.596347],[-81.683668,29.597716],[-81.68442,29.59888],[-81.684599,29.59925],[-81.684766,29.599566],[-81.684969,29.600203],[-81.685085,29.600495],[-81.685168,29.601038],[-81.685228,29.601443],[-81.68524,29.601872],[-81.685228,29.602265],[-81.685201,29.602629],[-81.685153,29.602891],[-81.685082,29.603201],[-81.685028,29.603445],[-81.684945,29.603683],[-81.684763,29.604142],[-81.684578,29.604506],[-81.684441,29.604792],[-81.684262,29.605066],[-81.684042,29.605346],[-81.683675,29.605799],[-81.683389,29.606079],[-81.683103,29.606341],[-81.682835,29.606556],[-81.682484,29.606812],[-81.682138,29.60705],[-81.681807,29.607265],[-81.681384,29.607509],[-81.680955,29.607688],[-81.680116,29.607937],[-81.679415,29.608128],[-81.678256,29.608452],[-81.67777,29.608637],[-81.677245,29.608817],[-81.677135,29.608851],[-81.676805,29.608953],[-81.676696,29.608988],[-81.676478,29.609056],[-81.675827,29.60926],[-81.67561,29.609329],[-81.675596,29.609333],[-81.675554,29.609346],[-81.675541,29.609351],[-81.675167,29.609467],[-81.674045,29.609817],[-81.673672,29.609934],[-81.673293,29.610049],[-81.672182,29.610388],[-81.672146,29.610397],[-81.67164,29.61053],[-81.670913,29.610748],[-81.67061,29.610838],[-81.669725,29.611091],[-81.669381,29.61119],[-81.667184,29.611909],[-81.666627,29.612087],[-81.664796,29.612653],[-81.664389,29.612771],[-81.663813,29.612951],[-81.663249,29.613127],[-81.662091,29.613489],[-81.661327,29.613732],[-81.659878,29.614164],[-81.659332,29.614328],[-81.657035,29.615039],[-81.655338,29.615545],[-81.654541,29.615783],[-81.653383,29.616163],[-81.653265,29.616202],[-81.653185,29.616228],[-81.653146,29.616241],[-81.652467,29.616446],[-81.651836,29.616634],[-81.651481,29.616757],[-81.651088,29.616899],[-81.650718,29.617051],[-81.650395,29.617218],[-81.650008,29.617412],[-81.649671,29.617656],[-81.649433,29.617808],[-81.649032,29.618115],[-81.648707,29.618404],[-81.64854,29.618574],[-81.648047,29.619152],[-81.647758,29.619524],[-81.646499,29.621173],[-81.646083,29.621693],[-81.645484,29.622444],[-81.644623,29.62363],[-81.644009,29.624422],[-81.643501,29.625149],[-81.643426,29.62526],[-81.643262,29.625495],[-81.642973,29.625945],[-81.642522,29.626833],[-81.642096,29.627911],[-81.641738,29.628943],[-81.641448,29.629997],[-81.641329,29.630795],[-81.641251,29.631373],[-81.641204,29.631713],[-81.641159,29.632827],[-81.641155,29.633974],[-81.641152,29.634079],[-81.641151,29.634126],[-81.641166,29.634499],[-81.641177,29.634749],[-81.641182,29.635131],[-81.641197,29.636278],[-81.641202,29.636662],[-81.641204,29.636844],[-81.64121,29.637393],[-81.641213,29.637576],[-81.641223,29.637823],[-81.641256,29.638567],[-81.641266,29.638815],[-81.641258,29.63895],[-81.641261,29.639195],[-81.641275,29.640338],[-81.641385,29.640702],[-81.641506,29.641041],[-81.641587,29.641246],[-81.641685,29.641449],[-81.641889,29.641825],[-81.641935,29.641932],[-81.642031,29.642158],[-81.642169,29.642478],[-81.642233,29.6429],[-81.642227,29.643132],[-81.64221,29.643214],[-81.642177,29.643377],[-81.642139,29.64357],[-81.642072,29.643886],[-81.641871,29.644832],[-81.641805,29.645148],[-81.641762,29.645342],[-81.641633,29.645924],[-81.64159,29.646118],[-81.641546,29.646307],[-81.641417,29.646873],[-81.641374,29.647062],[-81.641348,29.647175],[-81.641328,29.647262],[-81.641194,29.647862],[-81.64115,29.648063],[-81.641109,29.648251],[-81.640987,29.648815],[-81.640947,29.649003],[-81.64092,29.649115],[-81.640861,29.64929],[-81.640823,29.649421],[-81.640566,29.6507],[-81.64046,29.65112],[-81.640335,29.651701],[-81.640253,29.652074],[-81.640025,29.653051],[-81.639974,29.653303]]}},{"type":"Feature","properties":{"id":"11033198784560","name":"Csx Transportation","mtfcc":"R1011"},"geometry":{"type":"LineString","coordinates":[[-82.782422,31.022257],[-82.782275,31.022313],[-82.78138,31.022658],[-82.78109,31.022778],[-82.780498,31.022998],[-82.779587,31.023319],[-82.774872,31.025168],[-82.77451,31.02531],[-82.774223,31.025423],[-82.773635,31.025653],[-82.772925,31.02593],[-82.771265,31.026521],[-82.770042,31.026996],[-82.769285,31.027296],[-82.767885,31.027828],[-82.766608,31.028307],[-82.766495,31.028353],[-82.765689,31.028676],[-82.765255,31.028845],[-82.763816,31.029374],[-82.762884,31.029747],[-82.762072,31.030062],[-82.760827,31.030532],[-82.759337,31.031102],[-82.758345,31.031482],[-82.757107,31.031961],[-82.755771,31.032465],[-82.754423,31.032989],[-82.753071,31.033513],[-82.752954,31.033557],[-82.751763,31.034005],[-82.75141,31.034142],[-82.750432,31.034519],[-82.750407,31.034528],[-82.749192,31.034972],[-82.747961,31.035453],[-82.746849,31.03589],[-82.746601,31.035987],[-82.745281,31.036497],[-82.745196,31.036532],[-82.74401,31.037013],[-82.742685,31.037495],[-82.74146,31.037977],[-82.741329,31.038026],[-82.741278,31.038045],[-82.740098,31.038486],[-82.738706,31.039028],[-82.736819,31.039739],[-82.73643,31.039886],[-82.736199,31.039973],[-82.734528,31.040602],[-82.733185,31.041133],[-82.731837,31.041654],[-82.730996,31.041982],[-82.730468,31.042189],[-82.729072,31.042706],[-82.727691,31.043238],[-82.726299,31.043762],[-82.725248,31.044174],[-82.724979,31.044279],[-82.723679,31.044781],[-82.722383,31.045273],[-82.721087,31.045768],[-82.719775,31.046295],[-82.718775,31.046669],[-82.718094,31.046924],[-82.717584,31.047115],[-82.715671,31.04783],[-82.715585,31.047862],[-82.714192,31.048404],[-82.712796,31.048942],[-82.71141,31.04946],[-82.711383,31.04947],[-82.710224,31.049927],[-82.70999,31.050019],[-82.70861,31.050543],[-82.707873,31.050816],[-82.70781,31.050839],[-82.707221,31.051057],[-82.705836,31.051609],[-82.704444,31.052148],[-82.703039,31.052672],[-82.701682,31.053186],[-82.700338,31.053706],[-82.698989,31.054212],[-82.697644,31.054725],[-82.695941,31.055382],[-82.694947,31.055766],[-82.693599,31.056289],[-82.692254,31.056806],[-82.690905,31.057302],[-82.689549,31.057829],[-82.68822,31.058335],[-82.686916,31.05883],[-82.685612,31.059335],[-82.684735,31.059667],[-82.684303,31.05983],[-82.682991,31.060329],[-82.681678,31.060842],[-82.680378,31.061323],[-82.679085,31.061824],[-82.676649,31.062739],[-82.674926,31.063386],[-82.673557,31.063899],[-82.672143,31.064434],[-82.670633,31.065012],[-82.669932,31.065282],[-82.669172,31.065575],[-82.667719,31.066148],[-82.664823,31.067243],[-82.661965,31.068341],[-82.660539,31.068872],[-82.660299,31.068964],[-82.659117,31.069414],[-82.6577,31.069952],[-82.65709,31.070191],[-82.654873,31.071063],[-82.653484,31.071562],[-82.652091,31.07211],[-82.650685,31.072645],[-82.649267,31.073148],[-82.648345,31.073512],[-82.647834,31.073714],[-82.646404,31.074297],[-82.644982,31.074811],[-82.643573,31.075349],[-82.642188,31.075897],[-82.641558,31.076129],[-82.640911,31.076367],[-82.639602,31.076861],[-82.638301,31.077363],[-82.637505,31.077669],[-82.636996,31.077865],[-82.635691,31.07837],[-82.634354,31.078854],[-82.634242,31.078898],[-82.633009,31.079377],[-82.62768,31.081413],[-82.626685,31.081796],[-82.626626,31.081818],[-82.62634,31.081929],[-82.624942,31.082456],[-82.624317,31.082707],[-82.623894,31.082854],[-82.623402,31.083051]]}},{"type":"Feature","properties":{"id":"110340118509","name":"Csx Transportation","mtfcc":"R1011"},"geometry":{"type":"LineString","coordinates":[[-82.00181,30.789651],[-82.002498,30.791393],[-82.003607,30.794429],[-82.003999,30.79602],[-82.004262,30.797709],[-82.004295,30.798175],[-82.004357,30.799034],[-82.004343,30.799246],[-82.004358,30.79952],[-82.004286,30.800716],[-82.004204,30.801846],[-82.003998,30.803702],[-82.00387,30.804893],[-82.003793,30.80561],[-82.003596,30.807488],[-82.003408,30.809403],[-82.003374,30.809728],[-82.003337,30.810842],[-82.003359,30.812971],[-82.003451,30.813985],[-82.00368,30.815729],[-82.003849,30.816687],[-82.004067,30.817651],[-82.004109,30.817836],[-82.004227,30.818359],[-82.004487,30.819391],[-82.005577,30.822907],[-82.007506,30.829133],[-82.00752,30.829181],[-82.007694,30.829764],[-82.007723,30.82986],[-82.008125,30.831207],[-82.008416,30.832224],[-82.008724,30.833231],[-82.009842,30.83688],[-82.00988,30.837003],[-82.01012,30.837787]]}},{"type":"Feature","properties":{"id":"110340118510","name":"Csx Transportation","mtfcc":"R1011"},"geometry":{"type":"LineString","coordinates":[[-82.01012,30.837787],[-82.010445,30.838366],[-82.010641,30.838714],[-82.011187,30.839358],[-82.01188,30.840103],[-82.012112,30.840352],[-82.013603,30.8419],[-82.013717,30.842017],[-82.014046,30.842359],[-82.016015,30.844402],[-82.016357,30.844757],[-82.016727,30.84514],[-82.016953,30.845375],[-82.02127,30.849942],[-82.021797,30.850486],[-82.02264,30.851356],[-82.02337,30.852108],[-82.023612,30.852358],[-82.02424,30.853003],[-82.024984,30.853765],[-82.025347,30.854137],[-82.025833,30.854636],[-82.026559,30.855381],[-82.027758,30.856611],[-82.027945,30.856802],[-82.02952,30.858416],[-82.029873,30.858779],[-82.030249,30.859177],[-82.031424,30.86042],[-82.033714,30.862843],[-82.03384,30.862977],[-82.034007,30.863152],[-82.034114,30.863264],[-82.034765,30.863946],[-82.040105,30.869539],[-82.042088,30.871567],[-82.046139,30.875806],[-82.050049,30.879918],[-82.053017,30.883039],[-82.060905,30.89125],[-82.064835,30.895387],[-82.068717,30.899473],[-82.074766,30.90584],[-82.076701,30.907855],[-82.079945,30.911233],[-82.085322,30.916832],[-82.085622,30.917147],[-82.089325,30.921018],[-82.092362,30.924194],[-82.102571,30.934865],[-82.104023,30.936383],[-82.104521,30.936956],[-82.104903,30.937475],[-82.105237,30.938106],[-82.105539,30.938752],[-82.107191,30.943038],[-82.110201,30.950842],[-82.111744,30.954841],[-82.115847,30.96546],[-82.117969,30.970956],[-82.120007,30.976239],[-82.12202,30.981452],[-82.124817,30.9887],[-82.125544,30.990585],[-82.127361,30.995269],[-82.129186,30.999974],[-82.130076,31.00218],[-82.130315,31.002782],[-82.130661,31.003657],[-82.131185,31.005016],[-82.13145,31.005688],[-82.13186,31.006512],[-82.131988,31.006727],[-82.132219,31.00707],[-82.13248,31.007428],[-82.133334,31.008465],[-82.134389,31.009732],[-82.135241,31.010719]]}},{"type":"Feature","properties":{"id":"110341844957","name":"Csx Transportation","mtfcc":"R1011"},"geometry":{"type":"LineString","coordinates":[[-82.105688,29.435966],[-82.105662,29.434945],[-82.105655,29.433666],[-82.105636,29.430078],[-82.105625,29.426765],[-82.105625,29.426752],[-82.105619,29.424465],[-82.105606,29.422902],[-82.105597,29.42165],[-82.105579,29.418213],[-82.105572,29.416651],[-82.105575,29.41628],[-82.105618,29.415455],[-82.10577,29.41391],[-82.105838,29.413246],[-82.105938,29.411877],[-82.10608,29.410023],[-82.10625,29.408241],[-82.106309,29.407522],[-82.106341,29.406914],[-82.106352,29.406679],[-82.106344,29.406168],[-82.106262,29.405487],[-82.106199,29.405145],[-82.106047,29.404564],[-82.105633,29.403079],[-82.105164,29.401392],[-82.104462,29.398902],[-82.104384,29.398629],[-82.103964,29.397147],[-82.103873,29.396814],[-82.103445,29.395294],[-82.103166,29.3943],[-82.102928,29.393457],[-82.102594,29.392291],[-82.102453,29.391681],[-82.102305,29.390828],[-82.102237,29.389871],[-82.102234,29.389766],[-82.102232,29.389674],[-82.102226,29.38935],[-82.102277,29.388403],[-82.102362,29.387758],[-82.102376,29.387672],[-82.10242,29.387416],[-82.102436,29.387331],[-82.102474,29.387115],[-82.102589,29.38647],[-82.102628,29.386255],[-82.102961,29.384424],[-82.103068,29.383839],[-82.103174,29.383255],[-82.103287,29.382632],[-82.103409,29.38197],[-82.103559,29.38109],[-82.103743,29.380016],[-82.103924,29.37893],[-82.104587,29.375215],[-82.106281,29.365582],[-82.10719,29.360413],[-82.107404,29.35922],[-82.108046,29.355641],[-82.108261,29.354449],[-82.108702,29.351949],[-82.108749,29.351679],[-82.10976,29.345949],[-82.110216,29.34337],[-82.110706,29.340601],[-82.110773,29.340209],[-82.110977,29.339034],[-82.111046,29.338643],[-82.111347,29.336923],[-82.112249,29.331766],[-82.112551,29.330047],[-82.112761,29.328886],[-82.112984,29.327598],[-82.113078,29.327061],[-82.114281,29.320254],[-82.114714,29.317806],[-82.11487,29.316894],[-82.115338,29.314159],[-82.115495,29.313248],[-82.115501,29.313219],[-82.115521,29.313133],[-82.115529,29.313105]]}},{"type":"Feature","properties":{"id":"11034688083027","name":"Csx Transportation","mtfcc":"R1011"},"geometry":{"type":"LineString","coordinates":[[-82.124827,29.940698],[-82.12557,29.94069],[-82.126881,29.940677],[-82.127797,29.940594],[-82.127842,29.94059],[-82.127881,29.940586],[-82.127983,29.94056],[-82.12852,29.940421],[-82.128613,29.940397],[-82.128893,29.940324],[-82.128987,29.940301],[-82.129321,29.940226],[-82.130275,29.939804],[-82.131698,29.939175],[-82.133136,29.938343],[-82.13395,29.937873],[-82.13515,29.93718],[-82.135515,29.936935],[-82.135816,29.936733],[-82.136899,29.936008],[-82.140743,29.933435],[-82.142182,29.932545],[-82.142456,29.932377],[-82.143405,29.932067],[-82.144189,29.932006],[-82.150291,29.931567],[-82.150304,29.931566],[-82.151768,29.931508],[-82.153718,29.931239],[-82.155934,29.930714],[-82.159889,29.929577],[-82.162815,29.928816],[-82.16698,29.927563],[-82.167799,29.92721],[-82.168065,29.927065],[-82.169355,29.926368],[-82.169935,29.925904],[-82.170991,29.924603],[-82.171912,29.922554],[-82.172213,29.92166],[-82.172492,29.921013],[-82.172799,29.920214],[-82.172933,29.919935],[-82.173123,29.91955],[-82.173319,29.919175],[-82.173564,29.918879],[-82.1739,29.918494],[-82.17428,29.918125],[-82.175067,29.917354],[-82.175648,29.916823],[-82.175956,29.916527],[-82.176475,29.916136],[-82.176989,29.915779],[-82.177911,29.915136],[-82.1789,29.914477],[-82.180067,29.913723],[-82.180587,29.913376],[-82.181045,29.91308],[-82.181319,29.912941],[-82.182117,29.912561],[-82.182754,29.912281],[-82.183224,29.91208],[-82.1839,29.911807],[-82.184246,29.911672],[-82.184665,29.911533],[-82.185112,29.911416],[-82.185704,29.911337],[-82.186598,29.911237],[-82.18757,29.911192],[-82.18833,29.911164],[-82.188905,29.911122],[-82.190651,29.911002],[-82.19145,29.910991],[-82.191966,29.911076],[-82.191981,29.911077],[-82.192869,29.911235],[-82.201908,29.913745],[-82.202545,29.913846],[-82.202953,29.913851],[-82.203585,29.913748],[-82.203914,29.913654],[-82.204134,29.913603],[-82.204288,29.913547],[-82.205067,29.913318],[-82.206311,29.912921],[-82.207341,29.912614],[-82.211687,29.911307],[-82.212812,29.910948],[-82.213189,29.91088],[-82.213703,29.910849],[-82.214621,29.910875],[-82.216592,29.910989],[-82.217756,29.911065],[-82.221196,29.911302],[-82.221763,29.911316],[-82.22239,29.911254],[-82.223179,29.91114],[-82.227401,29.910341],[-82.232297,29.909402],[-82.234798,29.908907],[-82.23765,29.908347],[-82.246218,29.906697],[-82.247874,29.90639],[-82.249216,29.906119],[-82.24994,29.905996],[-82.253578,29.905242],[-82.257852,29.904444],[-82.259491,29.904143],[-82.260777,29.903894],[-82.261742,29.903697],[-82.262603,29.903562],[-82.263391,29.90351],[-82.26683,29.903488],[-82.267997,29.903467],[-82.272644,29.903391],[-82.27668,29.903291],[-82.280368,29.903234],[-82.289476,29.903122],[-82.290622,29.903099],[-82.291344,29.903012],[-82.292209,29.902778],[-82.29612,29.901387],[-82.302759,29.898836],[-82.309346,29.896439],[-82.315369,29.894261],[-82.316016,29.894022],[-82.3195,29.892751],[-82.320082,29.892523],[-82.320672,29.892328],[-82.320866,29.89226],[-82.321923,29.891892],[-82.322249,29.891819],[-82.322654,29.891741],[-82.323007,29.891715],[-82.324208,29.891695],[-82.325515,29.891678],[-82.326537,29.891665],[-82.328459,29.891621],[-82.329219,29.891613],[-82.329792,29.891579],[-82.330129,29.891528],[-82.330412,29.891468],[-82.330591,29.891416],[-82.330938,29.891295],[-82.331291,29.891179],[-82.331815,29.890953],[-82.332681,29.890569],[-82.333168,29.890355],[-82.333574,29.890184],[-82.33414,29.889937],[-82.334256,29.889879],[-82.334788,29.889647],[-82.336048,29.889098],[-82.33691,29.888732],[-82.33797,29.888278],[-82.338504,29.888039],[-82.339289,29.887689],[-82.339982,29.887386],[-82.340688,29.887075],[-82.341258,29.886833],[-82.341829,29.886579],[-82.342208,29.886411],[-82.342431,29.886304],[-82.342633,29.886206],[-82.342853,29.886087],[-82.343118,29.885934],[-82.34328,29.885821],[-82.343535,29.885626],[-82.343919,29.885279],[-82.34421,29.885014],[-82.344573,29.884563],[-82.344785,29.884241],[-82.344905,29.884039],[-82.345008,29.883889],[-82.345231,29.883401],[-82.3456,29.88268],[-82.345771,29.882317],[-82.346035,29.881819],[-82.346274,29.881384],[-82.346445,29.881124],[-82.346715,29.880787],[-82.346985,29.880491],[-82.347213,29.880294],[-82.347514,29.880043],[-82.348188,29.879571],[-82.348852,29.879083],[-82.349609,29.878502],[-82.350057,29.878162]]}},{"type":"Feature","properties":{"id":"11034688083028","name":"Csx Transportation","mtfcc":"R1011"},"geometry":{"type":"LineString","coordinates":[[-82.447554,29.812818],[-82.446364,29.813909],[-82.446002,29.814288],[-82.445722,29.814666],[-82.445432,29.81509],[-82.445132,29.815568],[-82.444935,29.815938],[-82.444718,29.816461],[-82.444469,29.817255],[-82.444356,29.81776],[-82.444001,29.820005],[-82.443786,29.821655],[-82.443662,29.822016],[-82.443517,29.822359],[-82.443383,29.822692],[-82.443051,29.823152],[-82.43655,29.83125],[-82.434211,29.834181],[-82.433861,29.834508],[-82.433589,29.834749],[-82.433268,29.834992],[-82.43272,29.83538],[-82.431922,29.835886],[-82.426724,29.838524],[-82.422198,29.840876],[-82.421288,29.841349],[-82.420054,29.841992],[-82.418299,29.842928],[-82.415631,29.844322],[-82.410297,29.847058],[-82.409541,29.847419],[-82.409117,29.84759],[-82.408517,29.84778],[-82.407969,29.847891],[-82.407605,29.847951],[-82.406881,29.848023],[-82.406229,29.848059],[-82.404876,29.848068],[-82.401937,29.848068],[-82.399849,29.848064],[-82.398663,29.848147],[-82.39775,29.848356],[-82.397036,29.8486],[-82.396404,29.848897],[-82.396011,29.84915],[-82.395905,29.849228],[-82.395587,29.849466],[-82.395378,29.849647],[-82.395204,29.849799],[-82.394645,29.850322],[-82.393941,29.85108],[-82.393185,29.851801],[-82.39178,29.853233],[-82.390931,29.854099],[-82.389801,29.855251],[-82.385669,29.859464],[-82.383646,29.861527],[-82.382263,29.862938],[-82.379696,29.865544],[-82.37922,29.865986],[-82.378774,29.866292],[-82.378257,29.866554],[-82.377646,29.86677],[-82.376884,29.866991],[-82.359665,29.871856],[-82.359106,29.872037],[-82.35835,29.872325],[-82.357491,29.872776],[-82.357073,29.873018],[-82.354072,29.875241],[-82.353198,29.875865],[-82.351995,29.876747],[-82.351575,29.877073],[-82.351149,29.877405],[-82.350563,29.8778],[-82.350057,29.878162]]}},{"type":"Feature","properties":{"id":"11035958780002","name":"Csx Transportation","mtfcc":"R1011"},"geometry":{"type":"LineString","coordinates":[[-82.414547,31.165028],[-82.414245,31.165263],[-82.411871,31.167171],[-82.409939,31.168704],[-82.408326,31.169992],[-82.407519,31.170658],[-82.406932,31.171156],[-82.406397,31.171688],[-82.405927,31.172159],[-82.405421,31.172752],[-82.404694,31.173679],[-82.404575,31.17383],[-82.404156,31.174377],[-82.403928,31.174669],[-82.403858,31.174759],[-82.403664,31.175008],[-82.403081,31.175633],[-82.402745,31.175981],[-82.402244,31.176418],[-82.402081,31.176544],[-82.401535,31.176968],[-82.398964,31.179014],[-82.390644,31.185634],[-82.387143,31.188412],[-82.387032,31.188501],[-82.386886,31.188607],[-82.386424,31.188918],[-82.385817,31.189311],[-82.385268,31.189643],[-82.38458,31.190077],[-82.382238,31.191505],[-82.381509,31.19195],[-82.380604,31.192511],[-82.379277,31.193333],[-82.378926,31.193581],[-82.378549,31.193813],[-82.378394,31.193908],[-82.378051,31.194172],[-82.377402,31.194675],[-82.37354,31.197743],[-82.371616,31.19925],[-82.371435,31.199411],[-82.370708,31.199996],[-82.370666,31.200032],[-82.369734,31.200834],[-82.369515,31.201012],[-82.369135,31.201317],[-82.36877,31.201561],[-82.368256,31.20188],[-82.366369,31.203357]]}},{"type":"Feature","properties":{"id":"11035964452484","name":"Csx Transportation","mtfcc":"R1011"},"geometry":{"type":"LineString","coordinates":[[-82.413511,31.165045],[-82.414067,31.16455],[-82.414244,31.1643],[-82.414301,31.164186],[-82.414348,31.163972],[-82.414354,31.163789],[-82.414333,31.163575],[-82.41426,31.163392],[-82.414124,31.163173],[-82.414035,31.163032],[-82.413858,31.162873],[-82.413743,31.162774],[-82.413487,31.162664],[-82.413216,31.162596],[-82.412981,31.162586],[-82.412819,31.162586],[-82.412595,31.162602],[-82.412329,31.16268],[-82.412227,31.162741],[-82.412033,31.162878],[-82.411929,31.162966],[-82.411835,31.16306],[-82.411762,31.163143],[-82.411689,31.163242],[-82.411634,31.163349],[-82.411561,31.163561],[-82.41154,31.163764],[-82.41154,31.163963],[-82.411572,31.164119],[-82.411697,31.164359],[-82.411864,31.16467],[-82.411979,31.164899],[-82.412021,31.165124],[-82.412005,31.165317],[-82.411968,31.165515],[-82.411885,31.165724],[-82.411781,31.165922],[-82.411514,31.166294]]}},{"type":"Feature","properties":{"id":"11035964464141","name":"Csx Transportation","mtfcc":"R1011"},"geometry":{"type":"LineString","coordinates":[[-82.411514,31.166294],[-82.412219,31.16584],[-82.413511,31.165045]]}},{"type":"Feature","properties":{"id":"11035964464146","name":"Csx Transportation","mtfcc":"R1011"},"geometry":{"type":"LineString","coordinates":[[-82.413511,31.165045],[-82.414174,31.164639],[-82.414469,31.164458],[-82.414957,31.164144],[-82.415261,31.163949],[-82.415319,31.163912],[-82.417726,31.162366],[-82.419151,31.161495],[-82.420208,31.160874]]}},{"type":"Feature","properties":{"id":"11035964554506","name":"Csx Transportation","mtfcc":"R1011"},"geometry":{"type":"LineString","coordinates":[[-82.407669,31.16757],[-82.408552,31.167404],[-82.40931,31.167246],[-82.409813,31.167115],[-82.410268,31.166998],[-82.410708,31.166815]]}},{"type":"Feature","properties":{"id":"11035964555916","name":"Csx Transportation","mtfcc":"R1011"},"geometry":{"type":"LineString","coordinates":[[-82.410708,31.166815],[-82.411514,31.166294]]}},{"type":"Feature","properties":{"id":"11035964555917","name":"Csx Transportation","mtfcc":"R1011"},"geometry":{"type":"LineString","coordinates":[[-82.397779,31.174745],[-82.398315,31.174315],[-82.400042,31.172931],[-82.40034,31.172692],[-82.40167,31.171627],[-82.401897,31.171456],[-82.402047,31.171349],[-82.402227,31.171234],[-82.402489,31.171096],[-82.402695,31.170993],[-82.402902,31.17089],[-82.403057,31.170817],[-82.403796,31.170472],[-82.404875,31.169972],[-82.40662,31.169255],[-82.407072,31.169092],[-82.40749,31.168824],[-82.408425,31.168225],[-82.410708,31.166815]]}},{"type":"Feature","properties":{"id":"1103690962440","name":"Csx Transportation","mtfcc":"R1011"},"geometry":{"type":"LineString","coordinates":[[-82.01529,31.065472],[-82.014326,31.069726],[-82.013977,31.071267],[-82.013595,31.072939],[-82.013357,31.07408],[-82.013071,31.07543],[-82.012837,31.076517],[-82.012582,31.077686],[-82.012295,31.078926],[-82.012154,31.079584],[-82.012035,31.080142],[-82.011772,31.081397],[-82.011511,31.082551],[-82.010987,31.084987],[-82.010709,31.086215],[-82.010583,31.086858],[-82.010472,31.08742],[-82.010203,31.088593],[-82.009935,31.089781],[-82.009656,31.091037],[-82.009444,31.09205],[-82.009211,31.093144],[-82.009133,31.093499],[-82.009091,31.093689],[-82.009015,31.094032],[-82.008954,31.094271],[-82.008899,31.094576],[-82.008621,31.095804],[-82.008426,31.096699],[-82.00819,31.097767],[-82.008172,31.097852],[-82.008153,31.097936],[-82.00794,31.098897],[-82.007841,31.099394],[-82.007311,31.10178],[-82.007061,31.102996],[-82.006911,31.103648],[-82.00683,31.103997],[-82.006536,31.105373],[-82.006271,31.106531],[-82.006007,31.107802],[-82.005747,31.109006],[-82.00553,31.109964],[-82.005227,31.111407],[-82.005101,31.111942],[-82.004633,31.114153],[-82.004528,31.114634],[-82.004399,31.115221],[-82.004137,31.116367],[-82.003788,31.117969],[-82.003714,31.118309],[-82.003449,31.119553],[-82.002959,31.121778],[-82.002717,31.122947],[-82.002582,31.123518],[-82.00248,31.12395],[-82.002452,31.124066],[-82.002205,31.125242],[-82.001698,31.127604],[-82.001626,31.127978],[-82.000081,31.135079],[-81.999886,31.136002],[-81.999733,31.136636],[-81.999568,31.137379],[-81.999494,31.137736],[-81.999361,31.138383],[-81.999317,31.138548],[-81.999109,31.139537],[-81.999037,31.139865],[-81.998836,31.140784],[-81.998307,31.143291],[-81.99802,31.144543],[-81.997231,31.148137],[-81.996969,31.149231],[-81.996757,31.150283],[-81.996723,31.150437],[-81.996527,31.151319],[-81.996402,31.151922],[-81.996267,31.152527],[-81.996007,31.15372],[-81.995933,31.154069],[-81.995869,31.154417],[-81.995738,31.154958],[-81.995691,31.155238],[-81.995643,31.155477],[-81.995586,31.155745],[-81.995487,31.156203],[-81.995404,31.156525],[-81.995361,31.156779],[-81.995331,31.15692],[-81.995213,31.157423],[-81.994936,31.158675],[-81.994521,31.160568],[-81.994389,31.161174],[-81.99422,31.161937],[-81.994111,31.162433],[-81.993838,31.163696],[-81.99329,31.166176],[-81.99303,31.167396],[-81.992488,31.169914],[-81.992215,31.17117],[-81.991937,31.172437],[-81.991654,31.1737],[-81.991381,31.174959],[-81.991112,31.176215],[-81.990825,31.177462],[-81.990018,31.181193],[-81.989432,31.183868],[-81.989327,31.184327],[-81.98921,31.184885],[-81.988772,31.186889],[-81.988672,31.187345],[-81.988394,31.188584],[-81.988129,31.189824],[-81.987855,31.19106],[-81.987607,31.192222],[-81.987546,31.192501],[-81.987322,31.193531],[-81.987048,31.194759],[-81.986792,31.195971],[-81.986445,31.197556],[-81.986274,31.198316],[-81.986227,31.198525],[-81.986015,31.199569],[-81.985882,31.20016],[-81.985745,31.200768],[-81.985619,31.201255],[-81.985516,31.201787],[-81.985485,31.20195],[-81.985124,31.203619],[-81.985049,31.203971]]}},{"type":"Feature","properties":{"id":"1103690962442","name":"Csx Transportation","mtfcc":"R1011"},"geometry":{"type":"LineString","coordinates":[[-82.01012,30.837787],[-82.010871,30.84029],[-82.01123,30.841488],[-82.011891,30.843687],[-82.012024,30.844131],[-82.012155,30.844567],[-82.01359,30.849349],[-82.014853,30.853491],[-82.015141,30.854433],[-82.015164,30.85451],[-82.015796,30.856572],[-82.015841,30.856718],[-82.016382,30.858523],[-82.016688,30.859545],[-82.016858,30.860145],[-82.017367,30.861937],[-82.017573,30.862894],[-82.01763,30.863653],[-82.017945,30.867891],[-82.017955,30.868029],[-82.018079,30.869697],[-82.018114,30.870167],[-82.018292,30.872554],[-82.018301,30.872678],[-82.018313,30.872831],[-82.018316,30.872873],[-82.018316,30.872883],[-82.018334,30.873138],[-82.018624,30.877294],[-82.020481,30.902839],[-82.02202,30.92458],[-82.023254,30.941215],[-82.023932,30.95035],[-82.024254,30.954689],[-82.025568,30.972843],[-82.026688,30.987969],[-82.027313,30.996514],[-82.027748,31.002451],[-82.027761,31.002636],[-82.027908,31.005623],[-82.027871,31.006723],[-82.027691,31.00829],[-82.026553,31.013599],[-82.025322,31.019333],[-82.024571,31.022638],[-82.021859,31.035347],[-82.021173,31.03846],[-82.019211,31.047369],[-82.018985,31.048396],[-82.016926,31.057852],[-82.015941,31.062377],[-82.015399,31.06499],[-82.015379,31.065084],[-82.01529,31.065472]]}},{"type":"Feature","properties":{"id":"1103691502018","name":"Csx Transportation","mtfcc":"R1011"},"geometry":{"type":"LineString","coordinates":[[-81.510368,29.374842],[-81.51014,29.374443],[-81.510003,29.374162],[-81.509884,29.373841],[-81.5098,29.373608],[-81.509747,29.373364],[-81.509705,29.373144],[-81.509654,29.37272],[-81.509625,29.371779],[-81.509584,29.369869],[-81.509582,29.369517],[-81.509604,29.368698],[-81.509574,29.367918],[-81.509427,29.367212],[-81.509047,29.366171],[-81.508231,29.364419]]}},{"type":"Feature","properties":{"id":"1103717644216","name":"Csx Transportation","mtfcc":"R1011"},"geometry":{"type":"LineString","coordinates":[[-82.147086,29.838767],[-82.1471,29.838728]]}},{"type":"Feature","properties":{"id":"1103717644217","name":"Csx Transportation","mtfcc":"R1011"},"geometry":{"type":"LineString","coordinates":[[-82.140413,29.857046],[-82.140681,29.856324],[-82.141548,29.853987],[-82.141838,29.853209],[-82.142066,29.852571],[-82.142749,29.850658],[-82.142978,29.850021],[-82.143535,29.848535],[-82.143803,29.847771],[-82.145046,29.844245],[-82.146249,29.841012],[-82.147086,29.838767]]}},{"type":"Feature","properties":{"id":"110372410828","name":"Csx Transportation","mtfcc":"R1011"},"geometry":{"type":"LineString","coordinates":[[-82.6105,29.646011],[-82.610356,29.645481],[-82.609776,29.643832],[-82.609035,29.641774],[-82.608732,29.640931],[-82.608956,29.640333]]}},{"type":"Feature","properties":{"id":"110372410829","name":"Csx Transportation","mtfcc":"R1011"},"geometry":{"type":"LineString","coordinates":[[-82.607963,29.638995],[-82.607042,29.636475],[-82.606752,29.635682],[-82.606453,29.634859],[-82.605444,29.632095],[-82.605044,29.631399],[-82.604356,29.630332],[-82.603324,29.628695],[-82.601724,29.626172],[-82.601444,29.625831]]}},{"type":"Feature","properties":{"id":"110372410830","name":"Csx Transportation","mtfcc":"R1011"},"geometry":{"type":"LineString","coordinates":[[-82.102207,29.50023],[-82.102256,29.499949],[-82.102609,29.497952],[-82.104067,29.488547],[-82.106246,29.474627],[-82.106942,29.469897],[-82.107065,29.469017],[-82.107137,29.46802],[-82.107083,29.466332],[-82.107075,29.466062],[-82.106526,29.453444],[-82.10597,29.441981],[-82.105966,29.44187],[-82.105964,29.441769],[-82.105688,29.435966]]}},{"type":"Feature","properties":{"id":"110372410854","name":"Csx Transportation","mtfcc":"R1011"},"geometry":{"type":"LineString","coordinates":[[-82.610332,29.650882],[-82.610554,29.650679],[-82.610695,29.65049],[-82.610841,29.650298],[-82.610916,29.65015],[-82.611129,29.649751],[-82.611276,29.649161],[-82.611307,29.648756],[-82.611307,29.648373],[-82.611252,29.648049]]}},{"type":"Feature","properties":{"id":"110372410857","name":"Csx Transportation","mtfcc":"R1011"},"geometry":{"type":"LineString","coordinates":[[-82.611252,29.648049],[-82.610916,29.64711],[-82.610619,29.646282],[-82.6105,29.646011]]}},{"type":"Feature","properties":{"id":"110372410872","name":"Csx Transportation","mtfcc":"R1011"},"geometry":{"type":"LineString","coordinates":[[-82.6105,29.646011],[-82.610268,29.645488],[-82.609686,29.643838],[-82.6079,29.639001],[-82.605356,29.63213],[-82.604444,29.630604],[-82.603596,29.629266],[-82.601444,29.625831]]}},{"type":"Feature","properties":{"id":"110372410874","name":"Csx Transportation","mtfcc":"R1011"},"geometry":{"type":"LineString","coordinates":[[-82.584693,29.691349],[-82.582467,29.691707],[-82.581144,29.69188],[-82.579696,29.692106],[-82.578909,29.692202],[-82.578713,29.692202],[-82.578368,29.692125],[-82.578016,29.692041],[-82.577676,29.691939],[-82.577354,29.691814],[-82.577098,29.691647],[-82.576923,29.691495],[-82.576205,29.689352],[-82.576205,29.688891],[-82.576275,29.688387],[-82.576344,29.688062],[-82.576505,29.687562]]}},{"type":"Feature","properties":{"id":"110372410880","name":"Csx Transportation","mtfcc":"R1011"},"geometry":{"type":"LineString","coordinates":[[-82.15772,29.809836],[-82.158993,29.806515],[-82.159062,29.806322],[-82.159806,29.80425],[-82.159902,29.803984],[-82.160564,29.802141],[-82.16058,29.802096],[-82.162713,29.79617],[-82.163122,29.795237],[-82.164179,29.793375],[-82.164743,29.792589],[-82.165256,29.791928],[-82.165946,29.791165],[-82.166006,29.7911],[-82.166124,29.790972],[-82.166353,29.790722]]}},{"type":"Feature","properties":{"id":"110372410881","name":"Csx Transportation","mtfcc":"R1011"},"geometry":{"type":"LineString","coordinates":[[-82.15772,29.809836],[-82.157802,29.809407],[-82.159687,29.804248],[-82.159783,29.803985],[-82.160457,29.80214],[-82.160474,29.802093],[-82.162631,29.796197],[-82.163125,29.795113],[-82.164087,29.793357],[-82.164672,29.792553],[-82.165174,29.791892],[-82.165758,29.791258],[-82.165846,29.791166],[-82.165907,29.791103],[-82.166025,29.790981],[-82.166353,29.790722]]}},{"type":"Feature","properties":{"id":"110376371262","name":"Csx Transportation","mtfcc":"R1011"},"geometry":{"type":"LineString","coordinates":[[-82.249924,31.11489],[-82.249285,31.114383],[-82.247405,31.112843],[-82.239106,31.106192],[-82.236665,31.1042],[-82.232714,31.101032],[-82.230732,31.099451],[-82.228762,31.09786],[-82.225841,31.095511],[-82.224881,31.094727],[-82.222972,31.093205],[-82.222029,31.092426],[-82.221063,31.091666],[-82.220106,31.090896],[-82.217167,31.088524],[-82.216152,31.087687],[-82.215204,31.086957],[-82.214271,31.0862],[-82.213307,31.085416],[-82.212353,31.084648],[-82.211299,31.083807],[-82.210321,31.083016],[-82.209636,31.082469],[-82.209074,31.082021],[-82.208947,31.08191],[-82.207775,31.080972],[-82.206872,31.080252],[-82.205539,31.079154],[-82.205089,31.078786],[-82.204624,31.078421],[-82.204169,31.07806],[-82.203726,31.077701],[-82.201457,31.075877],[-82.201012,31.075506],[-82.20053,31.07513],[-82.199128,31.074001],[-82.198084,31.073172],[-82.197063,31.072342],[-82.196059,31.071538],[-82.195109,31.070768],[-82.194175,31.070014],[-82.193288,31.06931],[-82.192342,31.068543],[-82.191231,31.067647],[-82.190168,31.066801],[-82.189222,31.066024],[-82.188367,31.065339],[-82.187445,31.064605],[-82.187215,31.064426],[-82.186797,31.0641],[-82.18628,31.063686],[-82.186028,31.063461],[-82.185971,31.063417],[-82.18344,31.061336],[-82.180628,31.059093],[-82.176797,31.056023],[-82.176689,31.055951],[-82.176662,31.055932],[-82.176641,31.055921],[-82.176602,31.055896],[-82.176586,31.055882],[-82.176559,31.055861],[-82.17655,31.055849],[-82.176505,31.05582],[-82.176487,31.055805],[-82.176473,31.055787],[-82.176453,31.05577],[-82.176435,31.055755],[-82.176413,31.055738],[-82.176392,31.055725],[-82.176363,31.055706],[-82.176356,31.055699],[-82.176346,31.055692],[-82.176323,31.055678],[-82.17631,31.055667],[-82.176302,31.055652],[-82.17629,31.055645],[-82.176274,31.055631],[-82.176245,31.055609],[-82.176238,31.055602],[-82.176227,31.055593],[-82.176208,31.05558],[-82.176175,31.055549],[-82.176165,31.055542],[-82.176138,31.055518],[-82.176127,31.05551],[-82.176105,31.055487],[-82.176093,31.055481],[-82.176069,31.055461],[-82.176057,31.055453],[-82.176027,31.055428],[-82.175993,31.055407],[-82.175974,31.055389],[-82.17595,31.055371],[-82.17594,31.055366],[-82.17592,31.055346],[-82.175897,31.055327],[-82.17589,31.05532],[-82.175879,31.055313],[-82.175843,31.05528],[-82.175831,31.055272],[-82.175813,31.055255],[-82.175803,31.05525],[-82.175793,31.055243],[-82.175782,31.055231],[-82.175768,31.055221],[-82.175758,31.05521],[-82.175743,31.055203],[-82.175731,31.055194],[-82.1757,31.055169],[-82.175688,31.055158],[-82.175676,31.05515],[-82.175658,31.055133],[-82.175647,31.055121],[-82.175619,31.055102],[-82.175613,31.055093],[-82.17559,31.055076],[-82.175581,31.055068],[-82.175547,31.055041],[-82.175525,31.055028],[-82.175508,31.055012],[-82.175468,31.05498],[-82.175459,31.054974],[-82.175451,31.054965],[-82.175438,31.054955],[-82.175431,31.054947],[-82.175405,31.05493],[-82.175395,31.054918],[-82.175359,31.054889],[-82.175325,31.05486],[-82.175296,31.054841],[-82.175287,31.054832],[-82.175261,31.054816],[-82.175222,31.05478],[-82.175182,31.054748],[-82.175169,31.05474],[-82.175156,31.054727],[-82.175142,31.054718],[-82.175117,31.054695],[-82.175103,31.054685],[-82.175093,31.054674],[-82.175079,31.054662],[-82.175067,31.054654],[-82.175023,31.054619],[-82.175005,31.054607],[-82.174992,31.054596],[-82.174971,31.05458],[-82.174957,31.054567],[-82.174949,31.054561],[-82.174938,31.05455],[-82.17493,31.054544],[-82.174898,31.05452],[-82.174886,31.054511],[-82.174878,31.0545],[-82.174851,31.05448],[-82.174826,31.054461],[-82.174815,31.05445],[-82.174801,31.054442],[-82.174789,31.054433],[-82.174776,31.054419],[-82.174745,31.054395],[-82.174719,31.054377],[-82.17469,31.054351],[-82.174671,31.054338],[-82.174656,31.054324],[-82.174609,31.054285],[-82.174583,31.054261],[-82.174544,31.054231],[-82.174525,31.05422],[-82.174508,31.054203],[-82.174487,31.05419],[-82.17447,31.054176],[-82.174459,31.05417],[-82.17445,31.05416],[-82.174445,31.054152],[-82.174413,31.054125],[-82.174402,31.05412],[-82.174393,31.054113],[-82.17438,31.0541],[-82.174374,31.05409],[-82.174365,31.054083],[-82.174343,31.054067],[-82.174329,31.054058],[-82.174292,31.054027],[-82.174254,31.053999],[-82.174237,31.053985],[-82.174225,31.053973],[-82.174202,31.05396],[-82.174187,31.053946],[-82.174159,31.053925],[-82.174152,31.053916],[-82.174129,31.053902],[-82.174087,31.053864],[-82.174076,31.053856],[-82.174071,31.053848],[-82.174063,31.05384],[-82.174046,31.053829],[-82.174019,31.053807],[-82.173978,31.053779],[-82.17396,31.053761],[-82.173948,31.053752],[-82.173937,31.053747],[-82.173929,31.05374],[-82.173907,31.053715],[-82.17389,31.053706],[-82.173881,31.0537],[-82.173874,31.05369],[-82.173864,31.053687],[-82.173854,31.053678],[-82.173844,31.053671],[-82.173826,31.053652],[-82.17381,31.053638],[-82.173799,31.053632],[-82.173784,31.053622],[-82.173773,31.053616],[-82.173767,31.053607],[-82.173736,31.053581],[-82.173726,31.053576],[-82.173717,31.053568],[-82.173689,31.053548],[-82.173671,31.053531],[-82.17366,31.053528],[-82.173652,31.05352],[-82.173647,31.053512],[-82.173639,31.053506],[-82.173631,31.053498],[-82.173623,31.053492],[-82.173616,31.053485],[-82.173599,31.053475],[-82.173585,31.053463],[-82.173578,31.053454],[-82.173568,31.053447],[-82.173556,31.053441],[-82.173546,31.05343],[-82.173527,31.053419],[-82.173518,31.053408],[-82.173487,31.053387],[-82.173477,31.053372],[-82.173467,31.053368],[-82.173452,31.053354],[-82.17343,31.053341],[-82.173414,31.053322],[-82.173402,31.053317],[-82.173392,31.053305],[-82.173361,31.053279],[-82.173345,31.05327],[-82.173323,31.053254],[-82.173312,31.05324],[-82.173294,31.053225],[-82.173286,31.053219],[-82.173255,31.053189],[-82.173246,31.053184],[-82.173238,31.053178],[-82.173186,31.053138],[-82.173166,31.053118],[-82.173132,31.05309],[-82.173118,31.053077],[-82.173109,31.053072],[-82.173101,31.053066],[-82.173091,31.053063],[-82.173081,31.053057],[-82.17307,31.053045],[-82.173044,31.053028],[-82.173029,31.053015],[-82.173016,31.053004],[-82.173004,31.052991],[-82.172994,31.052986],[-82.172985,31.052978],[-82.172974,31.052962],[-82.172961,31.052956],[-82.172935,31.052935],[-82.1729,31.052911],[-82.172884,31.052898],[-82.172867,31.05288],[-82.172851,31.052867],[-82.172835,31.05286],[-82.172821,31.052847],[-82.172803,31.052836],[-82.172795,31.05283],[-82.17279,31.052822],[-82.172761,31.052802],[-82.172739,31.052788],[-82.172724,31.052773],[-82.172718,31.052764],[-82.172698,31.052747],[-82.172684,31.052736],[-82.172679,31.052728],[-82.17267,31.052722],[-82.17265,31.05271],[-82.172638,31.0527],[-82.172615,31.052679],[-82.172587,31.052654],[-82.17255,31.052624],[-82.17251,31.052594],[-82.172492,31.052575],[-82.172476,31.052561],[-82.172453,31.052544],[-82.172442,31.052539],[-82.172372,31.052479],[-82.172308,31.052431],[-82.172287,31.052415],[-82.172262,31.052392],[-82.172242,31.052375],[-82.172227,31.052362],[-82.172211,31.052353],[-82.172204,31.052346],[-82.172195,31.052341],[-82.172175,31.052325],[-82.172151,31.052309],[-82.172131,31.052292],[-82.172121,31.052286],[-82.166265,31.047528],[-82.164962,31.046191],[-82.16469,31.045883],[-82.163866,31.044932],[-82.154484,31.033722],[-82.144989,31.022374],[-82.136564,31.012301],[-82.135241,31.010719]]}},{"type":"Feature","properties":{"id":"110376371278","name":"Csx Transportation","mtfcc":"R1011"},"geometry":{"type":"LineString","coordinates":[[-82.338607,31.186114],[-82.338596,31.186105],[-82.335825,31.183931],[-82.334924,31.183205],[-82.33291,31.181582],[-82.331127,31.180159],[-82.328492,31.178055],[-82.323778,31.174264],[-82.323654,31.174165],[-82.321058,31.172082],[-82.319733,31.171018],[-82.319045,31.170466],[-82.316264,31.168221],[-82.314409,31.166731],[-82.311059,31.164038],[-82.309024,31.162399],[-82.305895,31.159883],[-82.298354,31.153825],[-82.297737,31.153329],[-82.294542,31.150778],[-82.29166,31.148449],[-82.288137,31.145605],[-82.285573,31.143513],[-82.282769,31.141275],[-82.277161,31.136777],[-82.272497,31.133033],[-82.267584,31.129085],[-82.262609,31.125088]]}},{"type":"Feature","properties":{"id":"11040757185125","name":"Csx Transportation","mtfcc":"R1011"},"geometry":{"type":"LineString","coordinates":[[-82.049702,30.292389],[-82.060078,30.291303],[-82.067126,30.290566],[-82.070739,30.290124],[-82.073453,30.289743],[-82.07612,30.289356],[-82.07833,30.289025],[-82.081821,30.28836],[-82.091042,30.286824],[-82.099673,30.285387],[-82.101329,30.285085],[-82.110415,30.283544],[-82.114423,30.282865],[-82.120251,30.281877],[-82.121272,30.281704],[-82.12209,30.281566],[-82.123508,30.281319],[-82.123849,30.281277],[-82.126543,30.280843],[-82.12905,30.280384],[-82.133399,30.279642],[-82.136125,30.279198],[-82.136244,30.279185],[-82.136439,30.279152],[-82.138929,30.27874],[-82.13972,30.278587],[-82.14065,30.278412],[-82.14153,30.278291],[-82.141663,30.278264],[-82.143356,30.277995],[-82.146547,30.277542],[-82.148011,30.277299],[-82.152404,30.276571],[-82.153634,30.276367],[-82.153869,30.276329],[-82.15398,30.27631],[-82.154521,30.27622],[-82.156477,30.275893],[-82.15713,30.275785],[-82.15768,30.275671],[-82.157833,30.275638],[-82.159941,30.275196],[-82.160644,30.275049],[-82.161257,30.274941],[-82.163098,30.274618],[-82.163712,30.274511],[-82.164277,30.274416],[-82.165974,30.274132],[-82.16654,30.274038],[-82.16664,30.274013],[-82.167007,30.27395],[-82.16715,30.273925],[-82.169016,30.273608],[-82.169639,30.273502],[-82.170801,30.273304],[-82.174288,30.272713],[-82.175452,30.272515],[-82.176038,30.272415],[-82.1778,30.272115],[-82.178388,30.272016],[-82.179809,30.271775],[-82.184077,30.271052],[-82.1855,30.270812],[-82.186728,30.270604],[-82.190413,30.269979],[-82.191643,30.269771],[-82.194204,30.269336],[-82.199984,30.268357],[-82.20189,30.268016],[-82.204449,30.267559],[-82.20672,30.267176],[-82.213534,30.26603],[-82.215809,30.265673],[-82.216385,30.265572],[-82.218111,30.265268],[-82.218687,30.265168],[-82.221634,30.26468],[-82.225391,30.264059],[-82.230469,30.263174],[-82.233412,30.262662],[-82.233542,30.262643],[-82.234158,30.262539],[-82.236526,30.261956],[-82.238799,30.261244],[-82.248824,30.258108],[-82.249745,30.257714],[-82.252777,30.256752]]}},{"type":"Feature","properties":{"id":"11040757189182","name":"Csx Transportation","mtfcc":"R1011"},"geometry":{"type":"LineString","coordinates":[[-82.623402,31.083051],[-82.623331,31.083081],[-82.621282,31.083859],[-82.617541,31.085281],[-82.60671,31.089395],[-82.604734,31.090146],[-82.604568,31.090209],[-82.604211,31.090344],[-82.60174,31.091282],[-82.601362,31.091426],[-82.593776,31.094306],[-82.590769,31.095446],[-82.58733,31.096761],[-82.585355,31.097511],[-82.581324,31.099041],[-82.577574,31.10049],[-82.577197,31.100635],[-82.576631,31.100842],[-82.574696,31.10155],[-82.574387,31.101663],[-82.57269,31.102284],[-82.572573,31.102327],[-82.570233,31.103211],[-82.566255,31.104751],[-82.563843,31.105685],[-82.562091,31.106349],[-82.560448,31.106971],[-82.560074,31.107113],[-82.556211,31.108587],[-82.550703,31.110654],[-82.545472,31.112644],[-82.541627,31.114106],[-82.539208,31.115025],[-82.533156,31.117301],[-82.532262,31.117638],[-82.528915,31.11889],[-82.527235,31.119536],[-82.525426,31.120232],[-82.52359,31.120933],[-82.520495,31.122092],[-82.520305,31.122163],[-82.505922,31.127596],[-82.503202,31.128623],[-82.500615,31.129613],[-82.497869,31.130642],[-82.495952,31.131361],[-82.492071,31.132847],[-82.487981,31.134368],[-82.48649,31.134943],[-82.483889,31.135948],[-82.481587,31.136809],[-82.478422,31.137984],[-82.47613,31.138846],[-82.475493,31.139086],[-82.470927,31.140826],[-82.469251,31.141458],[-82.466744,31.142406],[-82.463583,31.143591],[-82.458984,31.14536],[-82.456185,31.146417],[-82.453558,31.147416],[-82.449934,31.148799],[-82.443526,31.15117],[-82.441972,31.151764],[-82.440613,31.152284],[-82.437366,31.153529],[-82.43639,31.153894]]}},{"type":"Feature","properties":{"id":"11040757191986","name":"Csx Transportation","mtfcc":"R1011"},"geometry":{"type":"LineString","coordinates":[[-82.04939,30.10447],[-82.050965,30.099706],[-82.055272,30.088374],[-82.060497,30.074148],[-82.061368,30.071916],[-82.061667,30.071111],[-82.06493,30.062301],[-82.065062,30.061925],[-82.065375,30.061037],[-82.066146,30.058845],[-82.066378,30.058252],[-82.067005,30.056635],[-82.067069,30.056473],[-82.0673,30.05588],[-82.067731,30.054588],[-82.068837,30.051275],[-82.069048,30.050718],[-82.069534,30.049445],[-82.069781,30.048783],[-82.070084,30.047972],[-82.070522,30.046797],[-82.070769,30.046135],[-82.070911,30.045739],[-82.071338,30.044554],[-82.071392,30.044406],[-82.071474,30.044212],[-82.071732,30.0436],[-82.073966,30.037333],[-82.074526,30.035808],[-82.074622,30.03555],[-82.075951,30.031935],[-82.076255,30.031109],[-82.076832,30.029543],[-82.077228,30.028572],[-82.07842,30.02566],[-82.078818,30.02469],[-82.07957,30.022578],[-82.080572,30.019768],[-82.081829,30.016245],[-82.082582,30.014134],[-82.082739,30.013678],[-82.083213,30.012311],[-82.083372,30.011856],[-82.084869,30.007895],[-82.085065,30.007379],[-82.085285,30.006799],[-82.087792,30.000175],[-82.089967,29.994214],[-82.090073,29.993925],[-82.090798,29.991942],[-82.091318,29.990515],[-82.091715,29.98943],[-82.091933,29.988816],[-82.092377,29.987568],[-82.092589,29.986973],[-82.092808,29.98636],[-82.093176,29.985359],[-82.093929,29.98332],[-82.094298,29.982365],[-82.094684,29.981372],[-82.094964,29.98059],[-82.095806,29.978247],[-82.096087,29.977466],[-82.096127,29.977371],[-82.096247,29.977089],[-82.096288,29.976995],[-82.096689,29.975954],[-82.096843,29.975555],[-82.097845,29.972814],[-82.098229,29.971767],[-82.098255,29.971693],[-82.098308,29.971547],[-82.098335,29.971472],[-82.098362,29.971399],[-82.09861,29.97071],[-82.099357,29.968642],[-82.099607,29.967954],[-82.099653,29.967825],[-82.099657,29.967814],[-82.099772,29.967494],[-82.100267,29.966117],[-82.100433,29.965658],[-82.100663,29.965022],[-82.101355,29.963117],[-82.101586,29.962482],[-82.101788,29.961916],[-82.102059,29.961162],[-82.10277,29.959179],[-82.103481,29.957202],[-82.103549,29.957011],[-82.103617,29.956819],[-82.10394,29.955925],[-82.103955,29.955883],[-82.104097,29.955484],[-82.104525,29.954288],[-82.104668,29.95389],[-82.104854,29.953403],[-82.105414,29.951945],[-82.105539,29.951623],[-82.105605,29.951461],[-82.10568,29.951249],[-82.105906,29.950615],[-82.105982,29.950404],[-82.106066,29.95019],[-82.10632,29.949549],[-82.106406,29.949336],[-82.106481,29.949116],[-82.106707,29.948457],[-82.106783,29.948238],[-82.107027,29.947628],[-82.107762,29.9458],[-82.108008,29.945191],[-82.108061,29.94505],[-82.108222,29.944629],[-82.108276,29.944489],[-82.10833,29.944347],[-82.108492,29.943922],[-82.108547,29.943781],[-82.108603,29.943637],[-82.108771,29.943205],[-82.108828,29.943062],[-82.108881,29.942921],[-82.109042,29.942501],[-82.109096,29.942361],[-82.109179,29.942148],[-82.109427,29.941511],[-82.109511,29.941299],[-82.109877,29.940282],[-82.110975,29.937232],[-82.111342,29.936216],[-82.111517,29.935738],[-82.112042,29.934304],[-82.112218,29.933827],[-82.112444,29.933198],[-82.113121,29.931314],[-82.113348,29.930686],[-82.113449,29.930418],[-82.113752,29.929617],[-82.113854,29.92935],[-82.1139,29.929226],[-82.113974,29.929027],[-82.114336,29.92806],[-82.114458,29.927738],[-82.114756,29.926932],[-82.115651,29.924517],[-82.11595,29.923712],[-82.116417,29.922459],[-82.117821,29.918703],[-82.118152,29.917819],[-82.11838,29.9175],[-82.118897,29.916033],[-82.120447,29.911635],[-82.120965,29.910169],[-82.123318,29.90384],[-82.124815,29.899816],[-82.128978,29.8883],[-82.128978,29.888277],[-82.129083,29.887975],[-82.129985,29.885202],[-82.130543,29.883745],[-82.130508,29.883564],[-82.130488,29.883436],[-82.130473,29.883328],[-82.130473,29.88314],[-82.130504,29.882994],[-82.130799,29.882104]]}},{"type":"Feature","properties":{"id":"11040757225067","name":"Csx Transportation","mtfcc":"R1011"},"geometry":{"type":"LineString","coordinates":[[-81.808956,30.507952],[-81.8091,30.50823],[-81.81015,30.51019],[-81.81067,30.51117],[-81.810767,30.511352],[-81.81124,30.51223],[-81.8117,30.51311],[-81.81213,30.5139],[-81.81261,30.51482],[-81.81336,30.51623],[-81.81391,30.51725],[-81.81553,30.520296],[-81.816199,30.521554],[-81.81673,30.52255],[-81.81739,30.52377],[-81.81802,30.52495],[-81.81833,30.52555],[-81.818392,30.525666],[-81.819536,30.527801],[-81.81983,30.52835],[-81.819917,30.528514],[-81.820354,30.529337],[-81.821667,30.531806],[-81.82202,30.53247],[-81.822105,30.532629],[-81.822345,30.533076],[-81.823068,30.534417],[-81.823308,30.534866],[-81.823337,30.534921],[-81.823425,30.535087],[-81.823455,30.535143],[-81.824153,30.536453],[-81.82576,30.53947],[-81.826246,30.540386],[-81.826942,30.541698],[-81.827136,30.542064],[-81.82749,30.54273],[-81.827723,30.543164],[-81.82792,30.54353],[-81.829027,30.545613],[-81.82918,30.5459],[-81.829284,30.546095],[-81.83072,30.54878],[-81.8316,30.55045],[-81.832367,30.551853],[-81.83247,30.55204],[-81.83318,30.55341],[-81.833307,30.553645],[-81.833467,30.553941],[-81.833643,30.554266],[-81.833903,30.554746],[-81.83403,30.55498],[-81.83448,30.55584],[-81.835199,30.55717],[-81.83528,30.55732],[-81.83556,30.55788],[-81.83561,30.55799],[-81.835731,30.55826],[-81.83574,30.55828],[-81.83585,30.55859],[-81.83597,30.55901],[-81.835991,30.559108],[-81.836054,30.559398],[-81.836065,30.559412],[-81.836064,30.559446],[-81.836067,30.559458],[-81.836123,30.559717],[-81.836291,30.560497],[-81.836347,30.560757],[-81.8364,30.561],[-81.83654,30.56166],[-81.836587,30.561857],[-81.83661,30.56195],[-81.836792,30.562844],[-81.837116,30.564438],[-81.83717,30.5647],[-81.83729,30.56525],[-81.8373,30.565297],[-81.837505,30.56629],[-81.83752,30.56636],[-81.83801,30.56864],[-81.83805,30.568835],[-81.838092,30.569038],[-81.83814,30.569268],[-81.83826,30.56984],[-81.838345,30.570263],[-81.83836,30.570342],[-81.83839,30.57049],[-81.838411,30.57058],[-81.83843,30.57066],[-81.838637,30.571598],[-81.83871,30.57193],[-81.838899,30.572601],[-81.83893,30.57271],[-81.83909,30.57321],[-81.83925,30.57363],[-81.83951,30.57427],[-81.83981,30.57493],[-81.84016,30.57558],[-81.840261,30.575745],[-81.840379,30.575941],[-81.84044,30.57604],[-81.84075,30.57652],[-81.84098,30.57686],[-81.841683,30.577872],[-81.84244,30.57896],[-81.842827,30.579511],[-81.843073,30.579862],[-81.84369,30.58074],[-81.843813,30.580918],[-81.844059,30.581271],[-81.845059,30.582711],[-81.84601,30.58408],[-81.84736,30.586],[-81.848071,30.587027],[-81.84835,30.58743],[-81.849064,30.588473],[-81.84924,30.58873],[-81.84998,30.58979],[-81.85045,30.59045],[-81.85108,30.59136],[-81.85176,30.592334],[-81.85309,30.59424],[-81.85403,30.59558],[-81.85514,30.59721],[-81.8556,30.59783],[-81.85658,30.59926],[-81.85771,30.60086],[-81.85862,30.60217],[-81.859832,30.603929],[-81.86046,30.60484],[-81.86152,30.60636],[-81.86252,30.60778],[-81.862528,30.607791],[-81.862831,30.60823],[-81.862898,30.608328],[-81.86399,30.60991],[-81.86401,30.609939],[-81.86439,30.61047],[-81.86524,30.61171],[-81.865672,30.612316],[-81.86616,30.613],[-81.86747,30.6149],[-81.86935,30.61759],[-81.86953,30.61785],[-81.869632,30.617998],[-81.87053,30.6193],[-81.87081,30.6197],[-81.87115,30.62019],[-81.871513,30.620703],[-81.87202,30.62142],[-81.87315,30.62307],[-81.873608,30.623722],[-81.87426,30.62465],[-81.874312,30.624726]]}},{"type":"Feature","properties":{"id":"11040757225537","name":"Csx Transportation","mtfcc":"R1011"},"geometry":{"type":"LineString","coordinates":[[-81.45991,30.68191],[-81.459932,30.681887],[-81.459997,30.68182],[-81.46002,30.681798],[-81.46051,30.6813],[-81.46061,30.681199],[-81.46094,30.68087],[-81.4613,30.6805],[-81.46201,30.67969],[-81.46231,30.679338],[-81.46233,30.67931],[-81.462374,30.679264],[-81.46252,30.67911],[-81.46281,30.67876],[-81.462855,30.678697],[-81.462896,30.678639],[-81.463018,30.678467],[-81.46306,30.67841],[-81.463151,30.678311],[-81.46319,30.67827],[-81.463391,30.677985],[-81.46341,30.67796],[-81.46346,30.67787],[-81.463525,30.677752],[-81.46355,30.67771],[-81.4637,30.6774],[-81.463703,30.677391],[-81.463749,30.677265],[-81.46379,30.67715],[-81.463801,30.677095],[-81.46391,30.67658],[-81.46394,30.6764],[-81.463979,30.676163],[-81.46405,30.67574],[-81.464093,30.675453],[-81.46413,30.675216],[-81.464168,30.674963],[-81.464283,30.674205],[-81.46429,30.67416],[-81.464323,30.673953],[-81.464363,30.6737],[-81.464483,30.672942],[-81.464524,30.67269],[-81.46453,30.67265],[-81.464562,30.672431],[-81.4646,30.67218],[-81.46467,30.67192],[-81.46472,30.6717],[-81.464725,30.671667],[-81.46477,30.67141],[-81.4648,30.67126],[-81.464816,30.671156],[-81.464935,30.670393],[-81.46495,30.6703],[-81.46498,30.67014],[-81.464984,30.670105],[-81.464995,30.670003],[-81.465,30.66997],[-81.46503,30.6699],[-81.465256,30.668435],[-81.46529,30.66822],[-81.46543,30.66728],[-81.46549,30.66675],[-81.4655,30.66631],[-81.46546,30.66596],[-81.4654,30.66571],[-81.46534,30.66551],[-81.4652,30.66513],[-81.46498,30.6647],[-81.464958,30.664656],[-81.464612,30.663961],[-81.46419,30.66311],[-81.46396,30.66276],[-81.46386,30.6626],[-81.463827,30.662549],[-81.46377,30.66246],[-81.463736,30.662393],[-81.46371,30.66234],[-81.463625,30.66218],[-81.463373,30.6617],[-81.46329,30.66154],[-81.463045,30.661067],[-81.46267,30.66034],[-81.46257,30.660105],[-81.46247,30.65987],[-81.462376,30.659619],[-81.46235,30.65955],[-81.46229,30.65931],[-81.462251,30.659103],[-81.46222,30.658945],[-81.46221,30.65889],[-81.462181,30.658717],[-81.46214,30.658472],[-81.462114,30.658315],[-81.462071,30.65806],[-81.462,30.65763],[-81.46195,30.657295],[-81.461913,30.65704],[-81.46185,30.65661],[-81.4617,30.65572],[-81.461672,30.655501],[-81.461653,30.655105],[-81.461605,30.65453],[-81.46137,30.652436],[-81.461324,30.651998],[-81.461049,30.650589],[-81.460859,30.649616],[-81.460715,30.648943],[-81.460636,30.648702],[-81.460565,30.648391],[-81.460174,30.64642],[-81.460147,30.646287],[-81.45999,30.64538],[-81.459933,30.645031],[-81.459765,30.643985],[-81.459709,30.643637],[-81.459559,30.642709],[-81.459112,30.639928],[-81.45909,30.63979],[-81.45897,30.639],[-81.45892,30.63873],[-81.45888,30.63828],[-81.458871,30.638051],[-81.45887,30.638],[-81.45888,30.63771],[-81.45893,30.63729],[-81.45904,30.63685],[-81.45915,30.63648],[-81.45929,30.63612],[-81.45945,30.6358],[-81.459719,30.635361],[-81.4598,30.63523],[-81.46008,30.63488],[-81.46032,30.634622],[-81.46035,30.63459],[-81.460532,30.634416],[-81.46055,30.6344],[-81.46094,30.63407],[-81.461227,30.633869],[-81.46147,30.6337],[-81.461777,30.633532],[-81.4618,30.63352],[-81.46224,30.63331],[-81.46268,30.63315],[-81.462745,30.633127],[-81.463,30.63304],[-81.463078,30.633016],[-81.4631,30.633008],[-81.463131,30.632999],[-81.463166,30.632988],[-81.463189,30.632982],[-81.46326,30.63296],[-81.46355,30.6329],[-81.463706,30.632873],[-81.46527,30.632611],[-81.465792,30.632524],[-81.466005,30.632488],[-81.46647,30.63241],[-81.466646,30.632378],[-81.46686,30.63234],[-81.467425,30.632246],[-81.4688,30.63202],[-81.46912,30.631965],[-81.469685,30.631869],[-81.470107,30.631796],[-81.471376,30.631581],[-81.47162,30.63154],[-81.4718,30.63151],[-81.472321,30.631422],[-81.473885,30.631159],[-81.474407,30.631072],[-81.4746,30.63104],[-81.474857,30.630996],[-81.476209,30.630766],[-81.47666,30.63069],[-81.47747,30.63055],[-81.478125,30.630441],[-81.47988,30.63015],[-81.480345,30.630071],[-81.48164,30.62985],[-81.48228,30.62975],[-81.482521,30.629696],[-81.48255,30.62969],[-81.48283,30.62962],[-81.4831,30.62954],[-81.48348,30.62938],[-81.483906,30.629171],[-81.48397,30.62914],[-81.483984,30.629133],[-81.484,30.629124],[-81.484179,30.629029],[-81.48428,30.628974],[-81.484374,30.628925],[-81.484447,30.628886],[-81.48447,30.628874],[-81.48464,30.62879],[-81.484761,30.628725],[-81.484858,30.628675],[-81.48601,30.62807],[-81.487511,30.627295],[-81.48826,30.62691],[-81.49256,30.62466],[-81.4941,30.62386],[-81.49522,30.62327],[-81.495463,30.623143],[-81.49776,30.62195],[-81.49812,30.62177],[-81.49839,30.62163],[-81.501051,30.620237],[-81.502464,30.619498],[-81.50294,30.61925],[-81.50437,30.61851],[-81.50489,30.61828],[-81.50544,30.61806],[-81.5062,30.61783],[-81.50657,30.61774],[-81.50685,30.61768],[-81.50747,30.61758],[-81.50788,30.61753],[-81.50817,30.61751],[-81.5086,30.61749],[-81.50921,30.61749],[-81.50958,30.61751],[-81.51016,30.61757],[-81.51039,30.617604],[-81.5107,30.61765],[-81.5112,30.61774],[-81.5117,30.61787],[-81.51201,30.61797],[-81.51256,30.61816],[-81.51354,30.61857],[-81.514878,30.619153],[-81.515136,30.619265],[-81.51526,30.61932],[-81.51766,30.62031],[-81.518922,30.620837],[-81.52027,30.6214],[-81.520872,30.621653],[-81.52174,30.62202],[-81.522673,30.622427],[-81.523278,30.622674],[-81.52415,30.62303],[-81.524253,30.623073],[-81.52488,30.623339],[-81.52573,30.6237],[-81.527168,30.6243],[-81.52791,30.62461],[-81.528141,30.624708]]}},{"type":"Feature","properties":{"id":"11040757539951","name":"Csx Transportation","mtfcc":"R1011"},"geometry":{"type":"LineString","coordinates":[[-82.521901,29.763218],[-82.527102,29.75817],[-82.528677,29.756628],[-82.528886,29.756422],[-82.531785,29.753672],[-82.532196,29.753217],[-82.532775,29.752562],[-82.532963,29.752282],[-82.533151,29.751973],[-82.533339,29.7517],[-82.533645,29.75116],[-82.534238,29.750188],[-82.53442,29.749891],[-82.534596,29.749605],[-82.534769,29.749322],[-82.534896,29.749117],[-82.535135,29.748728],[-82.535429,29.748252],[-82.536443,29.746593],[-82.539359,29.741828],[-82.539763,29.741187],[-82.540209,29.740434],[-82.548174,29.727349],[-82.552403,29.720404],[-82.553365,29.718851],[-82.553852,29.718086],[-82.554744,29.716872],[-82.555286,29.71614],[-82.557012,29.713815],[-82.557882,29.712646],[-82.560765,29.708781],[-82.565834,29.70191],[-82.566991,29.700344],[-82.56808,29.69888],[-82.568335,29.698537],[-82.569674,29.696738],[-82.569687,29.69672],[-82.569732,29.69666],[-82.572359,29.693085],[-82.572802,29.692497],[-82.573074,29.692137],[-82.573606,29.691495],[-82.57385,29.691149],[-82.576505,29.687562]]}},{"type":"Feature","properties":{"id":"11040757539960","name":"Csx Transportation","mtfcc":"R1011"},"geometry":{"type":"LineString","coordinates":[[-82.601444,29.625831],[-82.601099,29.625253],[-82.600706,29.624684],[-82.598589,29.621277],[-82.597708,29.619859],[-82.596565,29.618187],[-82.596021,29.617643],[-82.595477,29.617142],[-82.590558,29.613204],[-82.589773,29.612575],[-82.589637,29.612466],[-82.587045,29.610414],[-82.585237,29.608954],[-82.578684,29.603732],[-82.577346,29.602668],[-82.576726,29.602174],[-82.573135,29.599295],[-82.570022,29.59678],[-82.565749,29.59342],[-82.556638,29.586051],[-82.556295,29.58577],[-82.555911,29.585401],[-82.555471,29.584893],[-82.555151,29.584314],[-82.554815,29.583582],[-82.554319,29.582307],[-82.547903,29.566849],[-82.54408,29.557535],[-82.543672,29.556657],[-82.543208,29.555926],[-82.539337,29.552029],[-82.538049,29.55063],[-82.531105,29.543397],[-82.530201,29.542449],[-82.529369,29.541648],[-82.528657,29.54102],[-82.528113,29.540588],[-82.526961,29.53978],[-82.525529,29.538874],[-82.523661,29.537703],[-82.523286,29.537435],[-82.522919,29.537233],[-82.520811,29.535881],[-82.519106,29.534767],[-82.518574,29.534443],[-82.518312,29.534284],[-82.517811,29.533931],[-82.517262,29.533425],[-82.5145,29.530052],[-82.513162,29.528402],[-82.512415,29.527481],[-82.511488,29.526339],[-82.508605,29.522764],[-82.508579,29.522732],[-82.506602,29.520327],[-82.499771,29.511906],[-82.496933,29.508363],[-82.490365,29.500383],[-82.49008,29.500035],[-82.478118,29.485247]]}},{"type":"Feature","properties":{"id":"11040757936891","name":"Csx Transportation","mtfcc":"R1011"},"geometry":{"type":"LineString","coordinates":[[-82.458073,30.202041],[-82.459871,30.201887],[-82.462946,30.201601],[-82.467225,30.201177],[-82.474718,30.20051],[-82.481967,30.199837],[-82.488703,30.199211],[-82.494677,30.198681],[-82.498801,30.198282],[-82.499726,30.198211],[-82.503911,30.197805],[-82.514986,30.196774],[-82.535833,30.194835],[-82.548215,30.193715],[-82.559313,30.192713],[-82.562221,30.192434],[-82.567523,30.19196],[-82.569044,30.191785],[-82.571001,30.191614],[-82.575118,30.191257],[-82.576873,30.191072],[-82.57884,30.190909],[-82.58035,30.19078],[-82.582731,30.190548],[-82.583207,30.190503],[-82.584746,30.190369],[-82.588237,30.190056],[-82.590455,30.189851],[-82.59153,30.189788],[-82.59188,30.189752],[-82.594875,30.189707],[-82.598417,30.189843],[-82.602974,30.190336],[-82.605287,30.190745],[-82.61201,30.192021],[-82.6122,30.19218],[-82.612295,30.192194],[-82.61258,30.192236],[-82.612675,30.19225],[-82.613084,30.192312],[-82.614311,30.192501],[-82.614721,30.192564],[-82.615636,30.192735],[-82.618381,30.193248],[-82.619296,30.19342],[-82.619469,30.193452],[-82.61999,30.193548],[-82.620164,30.19358],[-82.6211,30.193764],[-82.623908,30.194318],[-82.624845,30.194503]]}},{"type":"Feature","properties":{"id":"110448815091","name":"Csx Transportation","mtfcc":"R1011"},"geometry":{"type":"LineString","coordinates":[[-81.699378,30.839705],[-81.699889,30.842362],[-81.699954,30.842673],[-81.700082,30.843289],[-81.700812,30.846791],[-81.701701,30.851178],[-81.702389,30.85472],[-81.703313,30.859318],[-81.70414,30.863203],[-81.704286,30.863888],[-81.704426,30.864574],[-81.705193,30.868345],[-81.705695,30.870895],[-81.706068,30.872788],[-81.70684,30.876767],[-81.707033,30.877719]]}},{"type":"Feature","properties":{"id":"110448815093","name":"Csx Transportation","mtfcc":"R1011"},"geometry":{"type":"LineString","coordinates":[[-81.697556,30.831549],[-81.697665,30.832104],[-81.697739,30.83248],[-81.698051,30.834067],[-81.698404,30.836996],[-81.698442,30.83731],[-81.698969,30.838884],[-81.699095,30.839302],[-81.699378,30.839705]]}},{"type":"Feature","properties":{"id":"1105072853932","name":"Csx Transportation","mtfcc":"R1011"},"geometry":{"type":"LineString","coordinates":[[-81.685947,30.33479],[-81.684762,30.333628],[-81.684552,30.333393],[-81.684059,30.333],[-81.683333,30.332541],[-81.682325,30.331884],[-81.681799,30.331545],[-81.681546,30.33128],[-81.681397,30.330999],[-81.681331,30.330722],[-81.681335,30.330412],[-81.681407,30.330139],[-81.681569,30.329882],[-81.681761,30.329696],[-81.681934,30.329569],[-81.682683,30.328944],[-81.683646,30.328004],[-81.683785,30.32784],[-81.683988,30.327564],[-81.684599,30.326843],[-81.68503,30.326405],[-81.685326,30.326153],[-81.685574,30.325983],[-81.68578,30.325851],[-81.685884,30.325776],[-81.685976,30.325711],[-81.686244,30.325575],[-81.686497,30.325377],[-81.688051,30.324415],[-81.688368,30.32418],[-81.689546,30.323387],[-81.690238,30.32295],[-81.691161,30.322321],[-81.691507,30.32211],[-81.692805,30.321237],[-81.692999,30.321122],[-81.693087,30.32107],[-81.693161,30.321027],[-81.693281,30.320956],[-81.693323,30.320931],[-81.693362,30.320908],[-81.69442,30.320197],[-81.69579,30.319304],[-81.696935,30.318368],[-81.697628,30.318045],[-81.697823,30.31795],[-81.698039,30.317809],[-81.698775,30.317346],[-81.699085,30.317152],[-81.700223,30.316383],[-81.700963,30.315878],[-81.701628,30.315481],[-81.703266,30.314409],[-81.703953,30.313958],[-81.704076,30.313877],[-81.705049,30.313231],[-81.705345,30.313037]]}},{"type":"Feature","properties":{"id":"11050984905","name":"Csx Transportation","mtfcc":"R1011"},"geometry":{"type":"LineString","coordinates":[[-81.564127,30.432526],[-81.559933,30.431689],[-81.557452,30.431179]]}},{"type":"Feature","properties":{"id":"11050984907","name":"Csx Transportation","mtfcc":"R1011"},"geometry":{"type":"LineString","coordinates":[[-81.559172,30.394677],[-81.559877,30.394912],[-81.560154,30.395016],[-81.560531,30.39531],[-81.560829,30.395744],[-81.560907,30.396147],[-81.560855,30.396585],[-81.560343,30.398475],[-81.56005,30.399511],[-81.560013,30.399873],[-81.56005,30.400171],[-81.560207,30.400533],[-81.560422,30.400732],[-81.56074,30.400949],[-81.561064,30.401107],[-81.561749,30.401351],[-81.562496,30.401591],[-81.564171,30.40214],[-81.564526,30.402261],[-81.564953,30.402423],[-81.565449,30.402685],[-81.56592,30.403025],[-81.566453,30.403549],[-81.566793,30.404047],[-81.567085,30.404603],[-81.5672,30.404992],[-81.567315,30.405629],[-81.567315,30.40619],[-81.567305,30.412132],[-81.5673,30.414945],[-81.567283,30.417737],[-81.567284,30.419494],[-81.567232,30.420077],[-81.567223,30.420129],[-81.567127,30.420591],[-81.567056,30.420933],[-81.56694,30.421331],[-81.566844,30.421609],[-81.566756,30.421868],[-81.566578,30.422221],[-81.566432,30.422505],[-81.566145,30.423093],[-81.564153,30.427032],[-81.563029,30.429279],[-81.562846,30.429623],[-81.562679,30.430003],[-81.562611,30.430324],[-81.562616,30.430677],[-81.562663,30.431025],[-81.562778,30.431346],[-81.562935,30.431626],[-81.563144,30.431889],[-81.563437,30.432142],[-81.563756,30.43235],[-81.564127,30.432526]]}},{"type":"Feature","properties":{"id":"11050984918","name":"Csx Transportation","mtfcc":"R1011"},"geometry":{"type":"LineString","coordinates":[[-81.711348,30.191193],[-81.711374,30.191332],[-81.711356,30.191547],[-81.711277,30.192103],[-81.711013,30.193125],[-81.71062,30.194383],[-81.709939,30.196578],[-81.708628,30.200847],[-81.708333,30.20181],[-81.707676,30.203944],[-81.707221,30.205462],[-81.705373,30.211483],[-81.704225,30.215229],[-81.703071,30.219062],[-81.703006,30.219231],[-81.702619,30.220552],[-81.701997,30.222569],[-81.700953,30.226016],[-81.700918,30.226129],[-81.700858,30.226334],[-81.699953,30.229336],[-81.699744,30.23003],[-81.69907,30.232209]]}},{"type":"Feature","properties":{"id":"11050984923","name":"Csx Transportation","mtfcc":"R1011"},"geometry":{"type":"LineString","coordinates":[[-81.548948,30.389571],[-81.549136,30.390209],[-81.549136,30.390476],[-81.549063,30.390697],[-81.548906,30.390969],[-81.548342,30.391448],[-81.548169,30.391683],[-81.547626,30.392732],[-81.546909,30.394261],[-81.546832,30.39451],[-81.546721,30.394867],[-81.546293,30.395857],[-81.54566,30.397236],[-81.545002,30.398688],[-81.544448,30.39971],[-81.544134,30.400203],[-81.543799,30.400818],[-81.542656,30.402898],[-81.542048,30.404006]]}},{"type":"Feature","properties":{"id":"11050984926","name":"Csx Transportation","mtfcc":"R1011"},"geometry":{"type":"LineString","coordinates":[[-81.689315,30.337303],[-81.688564,30.33684],[-81.687033,30.335872],[-81.685573,30.335031]]}},{"type":"Feature","properties":{"id":"11050984938","name":"Csx Transportation","mtfcc":"R1011"},"geometry":{"type":"LineString","coordinates":[[-81.608059,30.438975],[-81.608388,30.438753],[-81.608781,30.438513],[-81.609084,30.438296],[-81.609277,30.438002],[-81.609418,30.437501],[-81.609246,30.43604]]}},{"type":"Feature","properties":{"id":"11050984941","name":"Csx Transportation","mtfcc":"R1011"},"geometry":{"type":"LineString","coordinates":[[-81.610412,30.439337],[-81.609721,30.437749],[-81.609518,30.437071],[-81.609246,30.43604]]}},{"type":"Feature","properties":{"id":"11050984943","name":"Csx Transportation","mtfcc":"R1011"},"geometry":{"type":"LineString","coordinates":[[-81.623473,30.349746],[-81.623155,30.349827],[-81.622747,30.350094],[-81.622606,30.350442],[-81.622397,30.351455],[-81.622229,30.351835],[-81.6219,30.353404]]}},{"type":"Feature","properties":{"id":"11050984948","name":"Csx Transportation","mtfcc":"R1011"},"geometry":{"type":"LineString","coordinates":[[-81.678555,30.330301],[-81.680562,30.331644],[-81.683316,30.333399],[-81.684675,30.33438],[-81.685684,30.335011],[-81.687148,30.335872],[-81.689347,30.337246],[-81.690225,30.337781],[-81.692777,30.339693],[-81.693603,30.340399]]}},{"type":"Feature","properties":{"id":"11050984953","name":"Csx Transportation","mtfcc":"R1011"},"geometry":{"type":"LineString","coordinates":[[-81.755059,30.334356],[-81.754734,30.334303],[-81.754485,30.334249],[-81.75427,30.334178],[-81.754065,30.334054],[-81.753888,30.333901],[-81.753725,30.33372],[-81.753611,30.3335],[-81.753539,30.33329],[-81.753501,30.333058],[-81.753506,30.332145],[-81.753515,30.329572],[-81.753506,30.328484],[-81.753491,30.327116]]}},{"type":"Feature","properties":{"id":"11050984954","name":"Csx Transportation","mtfcc":"R1011"},"geometry":{"type":"LineString","coordinates":[[-81.755059,30.334356],[-81.755479,30.33436],[-81.755785,30.334327],[-81.756096,30.334232],[-81.756363,30.334108],[-81.756669,30.333997],[-81.756985,30.333947],[-81.758853,30.333947]]}},{"type":"Feature","properties":{"id":"11050984955","name":"Csx Transportation","mtfcc":"R1011"},"geometry":{"type":"LineString","coordinates":[[-81.749787,30.334588],[-81.75005,30.334489],[-81.75038,30.334431],[-81.750863,30.334406],[-81.751278,30.334394],[-81.751752,30.334385],[-81.752049,30.334394],[-81.755059,30.334356]]}},{"type":"Feature","properties":{"id":"11050984957","name":"Csx Transportation","mtfcc":"R1011"},"geometry":{"type":"LineString","coordinates":[[-81.973219,30.300634],[-81.97353,30.300692],[-81.973759,30.300754],[-81.973998,30.300861],[-81.974132,30.300981],[-81.974247,30.301099],[-81.974323,30.301221],[-81.974409,30.301399],[-81.974457,30.301597],[-81.974457,30.301783],[-81.974414,30.302027],[-81.97439,30.302143],[-81.974294,30.302387],[-81.974117,30.302858],[-81.973821,30.303648],[-81.973463,30.304544],[-81.973217,30.305245],[-81.972951,30.305936],[-81.971852,30.308627],[-81.97145,30.309676],[-81.971163,30.310413]]}},{"type":"Feature","properties":{"id":"11050984958","name":"Csx Transportation","mtfcc":"R1011"},"geometry":{"type":"LineString","coordinates":[[-81.747707,30.349705],[-81.748146,30.349479],[-81.748339,30.349334],[-81.748564,30.349113],[-81.7487,30.348887],[-81.748789,30.348656],[-81.748841,30.348407],[-81.748874,30.348179],[-81.74886,30.346401],[-81.748851,30.343039],[-81.748798,30.342547],[-81.748645,30.342204],[-81.748368,30.34189],[-81.748177,30.341575],[-81.748124,30.341282],[-81.747962,30.340848],[-81.747799,30.34043],[-81.74777,30.340256],[-81.74778,30.340037],[-81.747833,30.33976],[-81.748024,30.339281],[-81.748239,30.338913],[-81.748473,30.338516],[-81.748612,30.338106],[-81.74865,30.337763],[-81.74875,30.337255],[-81.748846,30.336965],[-81.749099,30.335787],[-81.749113,30.33558],[-81.749176,30.33534],[-81.749242,30.33515],[-81.749376,30.334943],[-81.749787,30.334588]]}},{"type":"Feature","properties":{"id":"11050984959","name":"Csx Transportation","mtfcc":"R1011"},"geometry":{"type":"LineString","coordinates":[[-81.747707,30.349705],[-81.751695,30.34815],[-81.752101,30.348],[-81.75262,30.34786],[-81.75308,30.347738],[-81.753483,30.347657],[-81.753963,30.347584],[-81.760646,30.346807]]}},{"type":"Feature","properties":{"id":"11050984964","name":"Csx Transportation","mtfcc":"R1011"},"geometry":{"type":"LineString","coordinates":[[-81.678909,30.333507],[-81.679846,30.332422],[-81.679982,30.332228],[-81.680003,30.331884],[-81.679872,30.331563],[-81.679349,30.331093],[-81.678555,30.330301]]}},{"type":"Feature","properties":{"id":"11050984967","name":"Csx Transportation","mtfcc":"R1011"},"geometry":{"type":"LineString","coordinates":[[-81.668101,30.326096],[-81.667717,30.325763],[-81.667682,30.325732],[-81.667509,30.325582],[-81.66747,30.325548],[-81.667359,30.325452],[-81.667323,30.325402],[-81.667485,30.325536],[-81.667527,30.325571],[-81.667725,30.32571],[-81.667772,30.325743],[-81.668143,30.326005],[-81.668545,30.326136],[-81.668921,30.326177],[-81.669732,30.326249],[-81.670312,30.326295],[-81.67096,30.326358],[-81.671257,30.326422],[-81.672471,30.326629],[-81.673103,30.326765],[-81.673777,30.326901],[-81.674143,30.327],[-81.674436,30.327095],[-81.674692,30.327231],[-81.674964,30.32743],[-81.675272,30.327737],[-81.676495,30.328587],[-81.676528,30.32861],[-81.676548,30.328624],[-81.67675,30.328786],[-81.676775,30.328802],[-81.676834,30.328841],[-81.676845,30.328848],[-81.677007,30.328952],[-81.677247,30.329106],[-81.681354,30.331797],[-81.683233,30.333037],[-81.685947,30.33479]]}},{"type":"Feature","properties":{"id":"11050984972","name":"Csx Transportation","mtfcc":"R1011"},"geometry":{"type":"LineString","coordinates":[[-81.638488,30.406513],[-81.638422,30.405231],[-81.638174,30.404303],[-81.637847,30.403665],[-81.637059,30.402701]]}},{"type":"Feature","properties":{"id":"11050984974","name":"Csx Transportation","mtfcc":"R1011"},"geometry":{"type":"LineString","coordinates":[[-81.635471,30.406273],[-81.63487,30.406469],[-81.630879,30.406582],[-81.628669,30.406593],[-81.627244,30.406811],[-81.62589,30.407429],[-81.625136,30.407967],[-81.623693,30.409215],[-81.620372,30.412134],[-81.619353,30.412993],[-81.618406,30.413621],[-81.617818,30.414035],[-81.616203,30.414825],[-81.612762,30.416703]]}},{"type":"Feature","properties":{"id":"11050984976","name":"Csx Transportation","mtfcc":"R1011"},"geometry":{"type":"LineString","coordinates":[[-81.649895,30.402844],[-81.649829,30.403662],[-81.649688,30.404117],[-81.649207,30.405042],[-81.648506,30.405853],[-81.648307,30.406048],[-81.647891,30.406515],[-81.647533,30.406886],[-81.647355,30.407121],[-81.646936,30.407086],[-81.647037,30.4074],[-81.646547,30.407927],[-81.646179,30.40834],[-81.645793,30.408654],[-81.645511,30.40878],[-81.645462,30.408803],[-81.644734,30.409135],[-81.643944,30.409356],[-81.643213,30.409447],[-81.64283,30.40946],[-81.641987,30.409352],[-81.641125,30.409128],[-81.640437,30.408823],[-81.639814,30.408382],[-81.63913,30.407657],[-81.63891,30.407274],[-81.638488,30.406513]]}},{"type":"Feature","properties":{"id":"11050984978","name":"Csx Transportation","mtfcc":"R1011"},"geometry":{"type":"LineString","coordinates":[[-81.659344,30.376752],[-81.659682,30.376689],[-81.660251,30.37674],[-81.660462,30.376803],[-81.661561,30.377381],[-81.6621,30.377688],[-81.662597,30.377977],[-81.663484,30.378457],[-81.66391,30.379104],[-81.664155,30.379339]]}},{"type":"Feature","properties":{"id":"11050984981","name":"Csx Transportation","mtfcc":"R1011"},"geometry":{"type":"LineString","coordinates":[[-81.551117,30.418454],[-81.551885,30.418892],[-81.552095,30.419046],[-81.552382,30.419449],[-81.552622,30.419774],[-81.552769,30.420077],[-81.552978,30.420638]]}},{"type":"Feature","properties":{"id":"11050984982","name":"Csx Transportation","mtfcc":"R1011"},"geometry":{"type":"LineString","coordinates":[[-81.631439,30.319453],[-81.631358,30.319977],[-81.631338,30.320129],[-81.631334,30.320232],[-81.631256,30.320959],[-81.631178,30.321144],[-81.631042,30.321352],[-81.630748,30.32174],[-81.630687,30.321904],[-81.630592,30.322288],[-81.630383,30.32393],[-81.630289,30.324463],[-81.630174,30.324635],[-81.62996,30.324875],[-81.629746,30.325024],[-81.629474,30.325146],[-81.62916,30.325227],[-81.628847,30.325223],[-81.628528,30.3252],[-81.628193,30.325133],[-81.627932,30.325033],[-81.627655,30.324879],[-81.627409,30.324676]]}},{"type":"Feature","properties":{"id":"11050984986","name":"Csx Transportation","mtfcc":"R1011"},"geometry":{"type":"LineString","coordinates":[[-81.552978,30.420638],[-81.554583,30.425531],[-81.555398,30.428117],[-81.555564,30.428613],[-81.555858,30.429492],[-81.556015,30.429971],[-81.556156,30.430292],[-81.556313,30.430478],[-81.556532,30.430686],[-81.556867,30.430903],[-81.557139,30.431034],[-81.557452,30.431179]]}},{"type":"Feature","properties":{"id":"11050984987","name":"Csx Transportation","mtfcc":"R1011"},"geometry":{"type":"LineString","coordinates":[[-81.638415,30.377637],[-81.638266,30.377644],[-81.638051,30.377719],[-81.637779,30.377878],[-81.637576,30.378027],[-81.637414,30.378217],[-81.637267,30.378497],[-81.637189,30.378755],[-81.637048,30.379103],[-81.636865,30.379343],[-81.63664,30.379469],[-81.635359,30.379863]]}},{"type":"Feature","properties":{"id":"11050984993","name":"Csx Transportation","mtfcc":"R1011"},"geometry":{"type":"LineString","coordinates":[[-81.638415,30.377637],[-81.638088,30.37762],[-81.637853,30.377701],[-81.637534,30.377715],[-81.637152,30.377697],[-81.635558,30.377398]]}},{"type":"Feature","properties":{"id":"11050985003","name":"Csx Transportation","mtfcc":"R1011"},"geometry":{"type":"LineString","coordinates":[[-81.643749,30.377733],[-81.642944,30.377697],[-81.642076,30.377642],[-81.641543,30.377656],[-81.641359,30.377654]]}},{"type":"Feature","properties":{"id":"11050985005","name":"Csx Transportation","mtfcc":"R1011"},"geometry":{"type":"LineString","coordinates":[[-81.629871,30.340498],[-81.629113,30.340254],[-81.628648,30.340096],[-81.62846,30.339987],[-81.628205,30.339698],[-81.627765,30.33911],[-81.627582,30.338938],[-81.627488,30.338785]]}},{"type":"Feature","properties":{"id":"11050985006","name":"Csx Transportation","mtfcc":"R1011"},"geometry":{"type":"LineString","coordinates":[[-81.624864,30.345889],[-81.625256,30.345893],[-81.625496,30.345956],[-81.6257,30.346033],[-81.625852,30.346128],[-81.626003,30.346278],[-81.626113,30.346585],[-81.62616,30.346874],[-81.626123,30.347286],[-81.625951,30.348059],[-81.625852,30.348466],[-81.625826,30.348747],[-81.625826,30.349303],[-81.625825,30.349787],[-81.625726,30.350619],[-81.625663,30.350953],[-81.625528,30.350542],[-81.625271,30.350216],[-81.624953,30.350008],[-81.624451,30.349864],[-81.623845,30.349714],[-81.623594,30.349646],[-81.623243,30.349574],[-81.623035,30.349538],[-81.622846,30.349506],[-81.622005,30.349502],[-81.621838,30.349544],[-81.62166,30.349615],[-81.621471,30.349692]]}},{"type":"Feature","properties":{"id":"11050985011","name":"Csx Transportation","mtfcc":"R1011"},"geometry":{"type":"LineString","coordinates":[[-81.668101,30.326096],[-81.668608,30.326281],[-81.669815,30.326521]]}},{"type":"Feature","properties":{"id":"11050985012","name":"Csx Transportation","mtfcc":"R1011"},"geometry":{"type":"LineString","coordinates":[[-81.612762,30.416703],[-81.612418,30.416954]]}},{"type":"Feature","properties":{"id":"11050985016","name":"Csx Transportation","mtfcc":"R1011"},"geometry":{"type":"LineString","coordinates":[[-81.629871,30.340498],[-81.629411,30.340548],[-81.628956,30.340607],[-81.628643,30.340693],[-81.628214,30.340792],[-81.627989,30.340838],[-81.627759,30.340842],[-81.627509,30.34081],[-81.626855,30.340648]]}},{"type":"Feature","properties":{"id":"11050985025","name":"Csx Transportation","mtfcc":"R1011"},"geometry":{"type":"LineString","coordinates":[[-81.64752,30.377267],[-81.647188,30.377213],[-81.646958,30.377193],[-81.646707,30.377204],[-81.646442,30.37725],[-81.64621,30.377321],[-81.645986,30.377412],[-81.645614,30.377599],[-81.645369,30.377679],[-81.645071,30.377751],[-81.644611,30.377778],[-81.644141,30.377783],[-81.643749,30.377733]]}},{"type":"Feature","properties":{"id":"11050985029","name":"Csx Transportation","mtfcc":"R1011"},"geometry":{"type":"LineString","coordinates":[[-81.713177,30.30792],[-81.715134,30.306658],[-81.716859,30.305513],[-81.718281,30.304596],[-81.71856,30.304417],[-81.718933,30.304128],[-81.719239,30.303851],[-81.71962,30.303441],[-81.719858,30.303118],[-81.720032,30.302879],[-81.720322,30.302303],[-81.720513,30.301836],[-81.720637,30.301385],[-81.72072,30.300889],[-81.720748,30.300381],[-81.720707,30.295987],[-81.720704,30.295625],[-81.720668,30.293291],[-81.720663,30.292472],[-81.720672,30.292034],[-81.720639,30.290959],[-81.720639,30.29009],[-81.720625,30.289263],[-81.720644,30.288529],[-81.72062,30.287477],[-81.720611,30.286621],[-81.720606,30.285757],[-81.720596,30.284769],[-81.720596,30.284021],[-81.720572,30.283103],[-81.720557,30.282187],[-81.720563,30.281209],[-81.720563,30.281064],[-81.720553,30.280502],[-81.720558,30.279654],[-81.720529,30.278786],[-81.720515,30.278402],[-81.720453,30.277926],[-81.720327,30.277367],[-81.71997,30.276553],[-81.719746,30.276173],[-81.719483,30.275822],[-81.719292,30.275615],[-81.718977,30.275302],[-81.718221,30.274635],[-81.718087,30.274459],[-81.718035,30.27438],[-81.717968,30.274346],[-81.717815,30.274272],[-81.717724,30.274213],[-81.717542,30.274052],[-81.71714,30.273675],[-81.715991,30.272549],[-81.714759,30.271597],[-81.713903,30.270866],[-81.712475,30.269627],[-81.711098,30.268439],[-81.708176,30.265905],[-81.704265,30.262519],[-81.702619,30.261039],[-81.702305,30.260755],[-81.702017,30.260445],[-81.701733,30.260101],[-81.701475,30.259769],[-81.701266,30.259442],[-81.701042,30.259047],[-81.700826,30.258624],[-81.700599,30.25804],[-81.70041,30.257463],[-81.700331,30.257072],[-81.699418,30.253182],[-81.699127,30.252038],[-81.698734,30.250345],[-81.698342,30.248656],[-81.698143,30.247881],[-81.698078,30.24763],[-81.698041,30.247468],[-81.697924,30.246939],[-81.697277,30.244164],[-81.696899,30.24249],[-81.69682,30.242064],[-81.69672,30.241182],[-81.69671,30.240786],[-81.696745,30.240438],[-81.696785,30.240003],[-81.696865,30.239603],[-81.696954,30.239246],[-81.697163,30.238502],[-81.697586,30.237125],[-81.69789,30.236123],[-81.698023,30.235688],[-81.698371,30.23456],[-81.698469,30.234244]]}},{"type":"Feature","properties":{"id":"11050985030","name":"Csx Transportation","mtfcc":"R1011"},"geometry":{"type":"LineString","coordinates":[[-81.749787,30.334588],[-81.750088,30.334253],[-81.750232,30.334034],[-81.750323,30.333811],[-81.75038,30.333521],[-81.750385,30.33324],[-81.750442,30.332167],[-81.750409,30.329552]]}},{"type":"Feature","properties":{"id":"11050985032","name":"Csx Transportation","mtfcc":"R1011"},"geometry":{"type":"LineString","coordinates":[[-81.973219,30.300634],[-81.976445,30.300282],[-81.978776,30.300018]]}},{"type":"Feature","properties":{"id":"11050985033","name":"Csx Transportation","mtfcc":"R1011"},"geometry":{"type":"LineString","coordinates":[[-81.976225,30.297417],[-81.975943,30.29819],[-81.975728,30.298753],[-81.975489,30.299303],[-81.97526,30.299679],[-81.974958,30.299981],[-81.974672,30.300187],[-81.974323,30.300386],[-81.973826,30.300522],[-81.973219,30.300634]]}},{"type":"Feature","properties":{"id":"11050985034","name":"Csx Transportation","mtfcc":"R1011"},"geometry":{"type":"LineString","coordinates":[[-81.976225,30.297417],[-81.976148,30.297843],[-81.976096,30.298203],[-81.97612,30.298591],[-81.976263,30.298951],[-81.976536,30.299315],[-81.976846,30.299588],[-81.977209,30.299807],[-81.97764,30.299981],[-81.978055,30.300034],[-81.978776,30.300018]]}},{"type":"Feature","properties":{"id":"11050985035","name":"Csx Transportation","mtfcc":"R1011"},"geometry":{"type":"LineString","coordinates":[[-81.978776,30.300018],[-81.980686,30.299782],[-81.98302,30.299564]]}},{"type":"Feature","properties":{"id":"11050985037","name":"Csx Transportation","mtfcc":"R1011"},"geometry":{"type":"LineString","coordinates":[[-81.715158,30.360578],[-81.715698,30.360446],[-81.715975,30.360376],[-81.716328,30.360289],[-81.716692,30.360235],[-81.717017,30.360243],[-81.717323,30.360268],[-81.7176,30.360314],[-81.717939,30.3604],[-81.718259,30.360545],[-81.719029,30.361037]]}},{"type":"Feature","properties":{"id":"11050985041","name":"Csx Transportation","mtfcc":"R1011"},"geometry":{"type":"LineString","coordinates":[[-81.711004,30.354507],[-81.714025,30.356986],[-81.714971,30.357758]]}},{"type":"Feature","properties":{"id":"11050985042","name":"Csx Transportation","mtfcc":"R1011"},"geometry":{"type":"LineString","coordinates":[[-81.780441,30.321613],[-81.780651,30.321564],[-81.780866,30.321497],[-81.78111,30.32139],[-81.78133,30.321258],[-81.781525,30.321131],[-81.782123,30.320902]]}},{"type":"Feature","properties":{"id":"11050985043","name":"Csx Transportation","mtfcc":"R1011"},"geometry":{"type":"LineString","coordinates":[[-81.612762,30.416703],[-81.612299,30.416828],[-81.611743,30.41708],[-81.611029,30.417538],[-81.610711,30.41763],[-81.610222,30.417664],[-81.609494,30.417515],[-81.608991,30.417138],[-81.608726,30.416737],[-81.608581,30.416462],[-81.608289,30.415958],[-81.607363,30.415271]]}},{"type":"Feature","properties":{"id":"110535240262","name":"Csx Transportation","mtfcc":"R1011"},"geometry":{"type":"LineString","coordinates":[[-82.70126,30.20493],[-82.70111,30.204897],[-82.70066,30.204801],[-82.70051,30.204769],[-82.698087,30.204167],[-82.690821,30.202364],[-82.688399,30.201763],[-82.688219,30.201717],[-82.68768,30.201581],[-82.687501,30.201536],[-82.685558,30.201052],[-82.680554,30.1998],[-82.677288,30.198984],[-82.674476,30.198219],[-82.673248,30.19812],[-82.670657,30.19791],[-82.665909,30.197712],[-82.665691,30.197701],[-82.665301,30.197683],[-82.664323,30.197637],[-82.66015,30.197445],[-82.66014,30.197525],[-82.65847,30.197454],[-82.655518,30.197319],[-82.655163,30.197303],[-82.654885,30.19729],[-82.654796,30.197165],[-82.65454,30.197146],[-82.654424,30.197137],[-82.65423,30.197127],[-82.653649,30.197099],[-82.653456,30.19709],[-82.652943,30.197066],[-82.651407,30.196997],[-82.650895,30.196974],[-82.650099,30.196934],[-82.647713,30.196814],[-82.646918,30.196775],[-82.645934,30.196727],[-82.644853,30.196717],[-82.642073,30.196584],[-82.641936,30.196578],[-82.639414,30.196463]]}},{"type":"Feature","properties":{"id":"110536455619","name":"Csx Transportation","mtfcc":"R1011"},"geometry":{"type":"LineString","coordinates":[[-81.643749,30.377733],[-81.643419,30.37767],[-81.643038,30.377588],[-81.642635,30.377443],[-81.642228,30.377222],[-81.641851,30.377023],[-81.641501,30.376932],[-81.641144,30.376926],[-81.639546,30.376874]]}},{"type":"Feature","properties":{"id":"110536455623","name":"Csx Transportation","mtfcc":"R1011"},"geometry":{"type":"LineString","coordinates":[[-81.987387,30.299068],[-81.98769,30.299045],[-81.98876,30.298923],[-81.989044,30.298891],[-81.989251,30.298868],[-81.997458,30.297964],[-82.010334,30.296603],[-82.0242,30.295117]]}},{"type":"Feature","properties":{"id":"110536455630","name":"Csx Transportation","mtfcc":"R1011"},"geometry":{"type":"LineString","coordinates":[[-81.557452,30.431179],[-81.556524,30.431006],[-81.55609,30.43087],[-81.555725,30.430712],[-81.555402,30.430503],[-81.5551,30.430259],[-81.554875,30.43001],[-81.554693,30.429774],[-81.554511,30.429475],[-81.554349,30.429068],[-81.554308,30.428896],[-81.554272,30.428743],[-81.553363,30.425669],[-81.553172,30.425094],[-81.552932,30.424624],[-81.552656,30.424284],[-81.55239,30.424035],[-81.552061,30.423777],[-81.551623,30.423532],[-81.551253,30.423392],[-81.550768,30.423265],[-81.550184,30.423187],[-81.549547,30.423129],[-81.549057,30.423037],[-81.548602,30.42287],[-81.548206,30.422653],[-81.547804,30.422344],[-81.547397,30.421892],[-81.547074,30.42148],[-81.545944,30.420176],[-81.544495,30.418513],[-81.54347,30.417328],[-81.543061,30.417015],[-81.541725,30.415931],[-81.541464,30.415638],[-81.540474,30.414565],[-81.53858,30.412373],[-81.538505,30.412286],[-81.538044,30.411612],[-81.537892,30.411218],[-81.537767,30.410712],[-81.537626,30.409977],[-81.537862,30.409414],[-81.537929,30.40933],[-81.537992,30.409252],[-81.538196,30.408998],[-81.53874,30.408654]]}},{"type":"Feature","properties":{"id":"110536455633","name":"Csx Transportation","mtfcc":"R1011"},"geometry":{"type":"LineString","coordinates":[[-81.689315,30.337303],[-81.690634,30.338224],[-81.693603,30.340399]]}},{"type":"Feature","properties":{"id":"110536455634","name":"Csx Transportation","mtfcc":"R1011"},"geometry":{"type":"LineString","coordinates":[[-81.693603,30.340399],[-81.69261,30.339903],[-81.690959,30.338601],[-81.6899,30.337765],[-81.689315,30.337303]]}},{"type":"Feature","properties":{"id":"110536455642","name":"Csx Transportation","mtfcc":"R1011"},"geometry":{"type":"LineString","coordinates":[[-81.976225,30.297417],[-81.976964,30.295482],[-81.976994,30.295404],[-81.977089,30.295099],[-81.97818,30.292232],[-81.978643,30.291066],[-81.978777,30.290657],[-81.978992,30.289987],[-81.979079,30.289608],[-81.979125,30.289408],[-81.979188,30.289131],[-81.97925,30.288867],[-81.979938,30.285935],[-81.980842,30.283599],[-81.982395,30.279402],[-81.984603,30.273695],[-81.985418,30.272137],[-81.986267,30.270604],[-81.987799,30.266763],[-81.988009,30.266155],[-81.988367,30.26534],[-81.989017,30.26407],[-81.989403,30.26297],[-81.99235,30.255395],[-81.994718,30.249291],[-81.995148,30.248188],[-81.995411,30.247505],[-81.998008,30.240708],[-81.998975,30.23819],[-82.005623,30.220908],[-82.008689,30.212925],[-82.008924,30.212311],[-82.009358,30.211179],[-82.009794,30.21004],[-82.010257,30.208835],[-82.010707,30.207663],[-82.011143,30.206527],[-82.01157,30.205413],[-82.011613,30.2053],[-82.011959,30.204403],[-82.012074,30.204107],[-82.012488,30.203043],[-82.01309,30.20149],[-82.015378,30.195521],[-82.015806,30.194435],[-82.015973,30.193978],[-82.018783,30.186752]]}},{"type":"Feature","properties":{"id":"110536455644","name":"Csx Transportation","mtfcc":"R1011"},"geometry":{"type":"LineString","coordinates":[[-81.608059,30.438975],[-81.608378,30.438821],[-81.608749,30.438735],[-81.60912,30.438717],[-81.609497,30.438789],[-81.609795,30.438911],[-81.610056,30.439083],[-81.610231,30.439215],[-81.610412,30.439337]]}},{"type":"Feature","properties":{"id":"110536455646","name":"Csx Transportation","mtfcc":"R1011"},"geometry":{"type":"LineString","coordinates":[[-81.609246,30.43604],[-81.608864,30.4306],[-81.608639,30.427923],[-81.608483,30.425942],[-81.608368,30.424622]]}},{"type":"Feature","properties":{"id":"110536455652","name":"Csx Transportation","mtfcc":"R1011"},"geometry":{"type":"LineString","coordinates":[[-81.719029,30.361037],[-81.72247,30.363836],[-81.724162,30.365184],[-81.726365,30.366962],[-81.727501,30.367875],[-81.727956,30.368211],[-81.728616,30.36874],[-81.729137,30.36917],[-81.729715,30.369675],[-81.730317,30.370295],[-81.730762,30.370821],[-81.731122,30.371288],[-81.73133,30.371579],[-81.731564,30.371916],[-81.731813,30.3723],[-81.732428,30.373313],[-81.732473,30.373387],[-81.732523,30.373475],[-81.733734,30.375566],[-81.734389,30.376695],[-81.735937,30.379395],[-81.737041,30.381297],[-81.737765,30.382546],[-81.738246,30.383373],[-81.738757,30.384237],[-81.740368,30.387065],[-81.741907,30.389711],[-81.743049,30.39169],[-81.743144,30.391855],[-81.743804,30.392998],[-81.744186,30.39366],[-81.744564,30.394306],[-81.74497,30.395012],[-81.748003,30.400265],[-81.748354,30.400871],[-81.751054,30.405564],[-81.752437,30.407987],[-81.752607,30.408284],[-81.753764,30.41029],[-81.755193,30.41275],[-81.756349,30.414769],[-81.756975,30.41586],[-81.763231,30.42667],[-81.763421,30.427782],[-81.764213,30.42838],[-81.764611,30.429062],[-81.766553,30.432427],[-81.767459,30.434005],[-81.767524,30.434116],[-81.768405,30.435624],[-81.769419,30.437383],[-81.769623,30.437722],[-81.770005,30.438378],[-81.778859,30.453712],[-81.7798,30.455326],[-81.784132,30.462829],[-81.793763,30.479461],[-81.794757,30.481216],[-81.79552,30.482635],[-81.801876,30.494551],[-81.801932,30.494656]]}},{"type":"Feature","properties":{"id":"110536455662","name":"Csx Transportation","mtfcc":"R1011"},"geometry":{"type":"LineString","coordinates":[[-81.6717,30.353733],[-81.673643,30.353866],[-81.674118,30.35389],[-81.674907,30.353946],[-81.675034,30.353951],[-81.67531,30.353986],[-81.675882,30.354031],[-81.677633,30.35418],[-81.679406,30.354295],[-81.681151,30.354417],[-81.681292,30.354427],[-81.682863,30.354591],[-81.682921,30.354597],[-81.684629,30.35473],[-81.685758,30.354799],[-81.686373,30.354839]]}},{"type":"Feature","properties":{"id":"110536455667","name":"Csx Transportation","mtfcc":"R1011"},"geometry":{"type":"LineString","coordinates":[[-81.952432,30.359343],[-81.95385,30.355619],[-81.955457,30.351431],[-81.955676,30.350854]]}},{"type":"Feature","properties":{"id":"110536455677","name":"Csx Transportation","mtfcc":"R1011"},"geometry":{"type":"LineString","coordinates":[[-81.637059,30.402701],[-81.63698,30.402849],[-81.637017,30.403538],[-81.63694,30.404498],[-81.63653,30.405265],[-81.635471,30.406273]]}},{"type":"Feature","properties":{"id":"110536455681","name":"Csx Transportation","mtfcc":"R1011"},"geometry":{"type":"LineString","coordinates":[[-81.638488,30.406513],[-81.637799,30.406079],[-81.637086,30.405986],[-81.636447,30.406113],[-81.635471,30.406273]]}},{"type":"Feature","properties":{"id":"110536455685","name":"Csx Transportation","mtfcc":"R1011"},"geometry":{"type":"LineString","coordinates":[[-81.659344,30.376752],[-81.657789,30.377296],[-81.656732,30.377613],[-81.656003,30.377822],[-81.655242,30.37792],[-81.654765,30.377949],[-81.653952,30.378],[-81.653323,30.377965],[-81.651086,30.377931],[-81.650864,30.377902],[-81.650637,30.377902],[-81.650081,30.377845],[-81.649207,30.377479],[-81.648982,30.37741],[-81.648698,30.377364],[-81.648109,30.377353],[-81.647758,30.377324],[-81.64752,30.377267]]}},{"type":"Feature","properties":{"id":"110536455686","name":"Csx Transportation","mtfcc":"R1011"},"geometry":{"type":"LineString","coordinates":[[-81.553354,30.419367],[-81.55303,30.420231],[-81.552978,30.420475],[-81.552978,30.420638]]}},{"type":"Feature","properties":{"id":"110536455695","name":"Csx Transportation","mtfcc":"R1011"},"geometry":{"type":"LineString","coordinates":[[-81.638767,30.379617],[-81.638626,30.379867],[-81.638375,30.380166],[-81.638098,30.380396],[-81.63803,30.380518],[-81.637956,30.380707],[-81.637617,30.381538]]}},{"type":"Feature","properties":{"id":"110536455698","name":"Csx Transportation","mtfcc":"R1011"},"geometry":{"type":"LineString","coordinates":[[-81.649895,30.402844],[-81.650169,30.404824],[-81.650438,30.407017],[-81.650525,30.407715],[-81.650717,30.409236],[-81.650971,30.411345],[-81.651027,30.411871],[-81.651014,30.412706],[-81.650862,30.413543],[-81.650709,30.414072],[-81.650408,30.414961],[-81.650254,30.415473],[-81.649518,30.417706],[-81.649179,30.418729],[-81.648472,30.420838],[-81.648173,30.421718],[-81.6479,30.422536],[-81.647582,30.42351],[-81.647323,30.424236],[-81.647223,30.424579],[-81.646421,30.427013],[-81.645383,30.430102],[-81.644854,30.431649],[-81.644179,30.43363],[-81.643705,30.435015],[-81.643262,30.436423],[-81.642997,30.437302],[-81.642898,30.437586],[-81.642483,30.438777],[-81.640659,30.444283],[-81.640414,30.445004],[-81.639818,30.446762],[-81.637436,30.453934],[-81.636655,30.456241],[-81.636302,30.457331],[-81.636185,30.457596],[-81.636126,30.457832],[-81.635729,30.459],[-81.635173,30.460666],[-81.634844,30.461611],[-81.633857,30.464622],[-81.633681,30.4651],[-81.633612,30.465314],[-81.633327,30.466179],[-81.632897,30.467467],[-81.632163,30.469682],[-81.630634,30.474222],[-81.630182,30.475582],[-81.630123,30.47576],[-81.629417,30.477885],[-81.628133,30.481732],[-81.628001,30.48211],[-81.628123,30.482424],[-81.627812,30.482647],[-81.627454,30.483727],[-81.627081,30.484882],[-81.62676,30.48584],[-81.626499,30.486566],[-81.625745,30.48894],[-81.625255,30.490372],[-81.625185,30.490587],[-81.624448,30.492763],[-81.623905,30.494371],[-81.623455,30.495814],[-81.623349,30.497073],[-81.623336,30.497966],[-81.623257,30.501893],[-81.623245,30.503342],[-81.623194,30.506035],[-81.623064,30.508843],[-81.622952,30.514327],[-81.622926,30.516296],[-81.622905,30.517786],[-81.622891,30.518241],[-81.62282,30.520669],[-81.622648,30.527378],[-81.622515,30.534568],[-81.622383,30.538003],[-81.622238,30.541992],[-81.622224,30.542102],[-81.622198,30.542193],[-81.622113,30.542922],[-81.621721,30.547655],[-81.621725,30.547869],[-81.621563,30.549589],[-81.621297,30.551322],[-81.620999,30.55496],[-81.620981,30.555174],[-81.620769,30.557699],[-81.620604,30.559714],[-81.620504,30.560686],[-81.620136,30.564397],[-81.619654,30.565522],[-81.611148,30.578323],[-81.606783,30.584992],[-81.606601,30.585253]]}},{"type":"Feature","properties":{"id":"110536455701","name":"Csx Transportation","mtfcc":"R1011"},"geometry":{"type":"LineString","coordinates":[[-81.641359,30.377654],[-81.639112,30.377633],[-81.638415,30.377637]]}},{"type":"Feature","properties":{"id":"110536455702","name":"Csx Transportation","mtfcc":"R1011"},"geometry":{"type":"LineString","coordinates":[[-81.638767,30.379617],[-81.638694,30.379912],[-81.638658,30.380211],[-81.638631,30.380716],[-81.638616,30.38147],[-81.638558,30.382091],[-81.638511,30.382906],[-81.638508,30.383054]]}},{"type":"Feature","properties":{"id":"110536455703","name":"Csx Transportation","mtfcc":"R1011"},"geometry":{"type":"LineString","coordinates":[[-81.641359,30.377654],[-81.640774,30.377891],[-81.640356,30.378063],[-81.640053,30.378212],[-81.63974,30.378389],[-81.639531,30.378549],[-81.639395,30.378655],[-81.639175,30.378868],[-81.638971,30.379135],[-81.638898,30.37932],[-81.638825,30.379478],[-81.638767,30.379617]]}},{"type":"Feature","properties":{"id":"110536455742","name":"Csx Transportation","mtfcc":"R1011"},"geometry":{"type":"LineString","coordinates":[[-81.714971,30.357758],[-81.719029,30.361037]]}},{"type":"Feature","properties":{"id":"110536455752","name":"Csx Transportation","mtfcc":"R1011"},"geometry":{"type":"LineString","coordinates":[[-81.720615,30.358478],[-81.720606,30.358527]]}},{"type":"Feature","properties":{"id":"110536455756","name":"Csx Transportation","mtfcc":"R1011"},"geometry":{"type":"LineString","coordinates":[[-81.645131,30.351576],[-81.645118,30.35224],[-81.645115,30.353044],[-81.645108,30.353525],[-81.645105,30.354066],[-81.645065,30.356172],[-81.645071,30.356281]]}},{"type":"Feature","properties":{"id":"11057606342","name":"Csx Transportation","mtfcc":"R1011"},"geometry":{"type":"LineString","coordinates":[[-81.618575,29.839502],[-81.61858,29.83953],[-81.61864,29.839821],[-81.61884,29.840778],[-81.61887,29.84092],[-81.618904,29.841098],[-81.61894,29.84129],[-81.619121,29.842043],[-81.61913,29.84208],[-81.61934,29.84281],[-81.61976,29.8441],[-81.61999,29.84472],[-81.620024,29.844807],[-81.62038,29.84571],[-81.620535,29.846057],[-81.62088,29.84683],[-81.621009,29.847097],[-81.621176,29.84744],[-81.62122,29.84753],[-81.621451,29.848019],[-81.622275,29.849759],[-81.62255,29.85034],[-81.622877,29.851046],[-81.623859,29.853165],[-81.62414,29.85377],[-81.62419,29.85387],[-81.624534,29.854609],[-81.62467,29.8549],[-81.625564,29.856831],[-81.625907,29.857572],[-81.626034,29.857847],[-81.6263,29.85842],[-81.62642,29.858673],[-81.62655,29.858948],[-81.62745,29.86085],[-81.62782,29.86166],[-81.62841,29.86289],[-81.62961,29.86549],[-81.63073,29.86788],[-81.631,29.86843],[-81.63174,29.87003],[-81.6323,29.87128],[-81.63305,29.87288],[-81.633507,29.873841],[-81.63394,29.87475],[-81.6345,29.87601],[-81.635059,29.877193],[-81.638331,29.883883],[-81.638609,29.884761],[-81.63887,29.88529],[-81.63926,29.88612],[-81.63953,29.88671],[-81.63976,29.88716],[-81.63997,29.88754],[-81.64008,29.8878],[-81.640139,29.887921],[-81.64025,29.88815],[-81.640298,29.888273],[-81.64039,29.88851],[-81.64049,29.8888],[-81.64074,29.889345],[-81.640902,29.889697],[-81.64099,29.88989],[-81.64154,29.89104],[-81.64245,29.89303],[-81.643,29.89418],[-81.643651,29.89557],[-81.64413,29.89659],[-81.64462,29.89765],[-81.64574,29.90003],[-81.64636,29.90133],[-81.6474,29.90357],[-81.64804,29.90493],[-81.64937,29.90778],[-81.649431,29.907911],[-81.651907,29.913187],[-81.65226,29.91394],[-81.65385,29.91733],[-81.65445,29.91863],[-81.654653,29.919063],[-81.65535,29.92055],[-81.65602,29.92196],[-81.656109,29.922149],[-81.65798,29.92613],[-81.65866,29.92761],[-81.65932,29.929],[-81.660457,29.931419],[-81.66145,29.93353],[-81.66183,29.93437],[-81.661898,29.934514],[-81.66228,29.93532],[-81.662476,29.935753],[-81.66289,29.93667],[-81.66328,29.93742],[-81.66388,29.93873],[-81.6648,29.94067],[-81.66616,29.94357],[-81.66802,29.94756],[-81.668813,29.949223],[-81.670069,29.951853],[-81.670135,29.95199],[-81.670218,29.952164],[-81.67024,29.95221],[-81.67046,29.952706],[-81.67055,29.95291],[-81.67101,29.95386],[-81.67163,29.95522],[-81.67192,29.95581]]}},{"type":"Feature","properties":{"id":"11057613975","name":"Csx Transportation","mtfcc":"R1011"},"geometry":{"type":"LineString","coordinates":[[-82.021506,30.179665],[-82.02213,30.17806],[-82.02264,30.1767],[-82.022679,30.176598],[-82.02456,30.17173],[-82.02506,30.1704],[-82.02569,30.16867],[-82.026162,30.167387],[-82.02684,30.16555],[-82.02722,30.16453],[-82.027301,30.164308],[-82.0281,30.16212],[-82.028205,30.161847],[-82.02858,30.16088],[-82.02914,30.15933],[-82.030929,30.154468],[-82.03097,30.15436],[-82.03178,30.15218],[-82.03184,30.15201],[-82.03245,30.15037],[-82.032493,30.15025],[-82.03305,30.14872],[-82.03366,30.14708],[-82.03414,30.14576],[-82.034436,30.144964],[-82.03505,30.14332],[-82.035092,30.143206],[-82.0361,30.14045],[-82.03705,30.13792],[-82.037112,30.137752],[-82.037156,30.137635],[-82.037555,30.136554],[-82.03785,30.13576],[-82.03806,30.13518],[-82.038317,30.134489],[-82.03889,30.13295],[-82.039337,30.131727],[-82.04016,30.12948],[-82.0406,30.12831],[-82.040973,30.127295],[-82.04193,30.12469],[-82.04297,30.1219],[-82.043152,30.121383],[-82.04325,30.12111],[-82.044202,30.11855],[-82.04424,30.11845],[-82.04461,30.11747],[-82.045173,30.11593],[-82.045409,30.115283],[-82.04555,30.1149],[-82.045672,30.114568],[-82.046122,30.113345],[-82.04636,30.1127],[-82.046971,30.111055],[-82.0472,30.11044],[-82.047607,30.109331],[-82.04805,30.10813],[-82.04848,30.10695],[-82.048788,30.106117],[-82.04914,30.10517],[-82.04939,30.10447]]}},{"type":"Feature","properties":{"id":"1106039417969","name":"Csx Transportation","mtfcc":"R1011"},"geometry":{"type":"LineString","coordinates":[[-81.71903,30.936473],[-81.717933,30.93114],[-81.717178,30.927449],[-81.716363,30.923469]]}},{"type":"Feature","properties":{"id":"1106044705702","name":"Csx Transportation","mtfcc":"R1011"},"geometry":{"type":"LineString","coordinates":[[-81.645131,30.351576],[-81.645029,30.352025],[-81.644873,30.353087],[-81.644681,30.353574],[-81.644291,30.354054],[-81.643324,30.354499],[-81.642542,30.354531],[-81.641142,30.354571],[-81.638935,30.354566],[-81.63732,30.354585],[-81.637067,30.354588],[-81.636992,30.354589],[-81.636883,30.354589],[-81.635541,30.354604],[-81.635276,30.354607],[-81.634628,30.354621],[-81.633927,30.354616],[-81.632738,30.35463],[-81.629808,30.354648],[-81.628476,30.354679],[-81.62708,30.354679],[-81.626521,30.354693]]}},{"type":"Feature","properties":{"id":"1106044706009","name":"Csx Transportation","mtfcc":"R1011"},"geometry":{"type":"LineString","coordinates":[[-81.659344,30.376752],[-81.659827,30.376574],[-81.661111,30.376174],[-81.661281,30.376187],[-81.661376,30.376082],[-81.66292,30.375558],[-81.663149,30.375481],[-81.666124,30.374456],[-81.666239,30.374425],[-81.668058,30.373824],[-81.669575,30.373337],[-81.669804,30.373262],[-81.672005,30.372499],[-81.672494,30.372316],[-81.672826,30.372192],[-81.673504,30.371978],[-81.674766,30.371572],[-81.674923,30.371522],[-81.676859,30.370836],[-81.678963,30.370146],[-81.679982,30.369805],[-81.680354,30.369694],[-81.681894,30.369239],[-81.682195,30.36913],[-81.682725,30.368963],[-81.685017,30.368388],[-81.685242,30.368305],[-81.685824,30.368091],[-81.687589,30.367742],[-81.691329,30.366703],[-81.694195,30.36606],[-81.695439,30.365781],[-81.695507,30.365766],[-81.697942,30.365018],[-81.698858,30.36478],[-81.703531,30.363534],[-81.703688,30.363504],[-81.704272,30.363397],[-81.70533,30.363033],[-81.707792,30.362527],[-81.708512,30.362339],[-81.714399,30.360772],[-81.714866,30.360653],[-81.715038,30.360582],[-81.71521,30.360496],[-81.715387,30.36038],[-81.715569,30.360214],[-81.715717,30.360032],[-81.715836,30.359805],[-81.715903,30.359627],[-81.715951,30.359396],[-81.715951,30.359185],[-81.715913,30.358953],[-81.715827,30.358734],[-81.71575,30.358576],[-81.715666,30.358445],[-81.715503,30.358272],[-81.714971,30.357758]]}},{"type":"Feature","properties":{"id":"1106049742645","name":"Csx Transportation","mtfcc":"R1011"},"geometry":{"type":"LineString","coordinates":[[-81.685947,30.33479],[-81.686098,30.334944],[-81.686917,30.335551],[-81.688576,30.336696],[-81.689054,30.336998],[-81.689386,30.337179],[-81.691436,30.338238],[-81.691735,30.338392],[-81.695705,30.341324],[-81.697157,30.342379],[-81.697175,30.342393],[-81.699188,30.34389],[-81.700827,30.34512],[-81.703147,30.347281],[-81.7046,30.348394],[-81.7069,30.350524],[-81.711004,30.354507]]}},{"type":"Feature","properties":{"id":"1106049742646","name":"Csx Transportation","mtfcc":"R1011"},"geometry":{"type":"LineString","coordinates":[[-81.693603,30.340399],[-81.69469,30.34133],[-81.695526,30.341991],[-81.697,30.343239],[-81.698046,30.344044],[-81.699936,30.345538],[-81.700942,30.346333],[-81.701403,30.346717],[-81.703984,30.348864],[-81.704401,30.349211],[-81.705955,30.350503],[-81.706398,30.350872],[-81.707669,30.351907],[-81.711004,30.354507]]}},{"type":"Feature","properties":{"id":"1106087286275","name":"Csx Transportation","mtfcc":"R1011"},"geometry":{"type":"LineString","coordinates":[[-81.691638,30.332587],[-81.692313,30.332508],[-81.692958,30.332409],[-81.693546,30.332305],[-81.694139,30.332169],[-81.695548,30.331962],[-81.6968,30.33179],[-81.700777,30.331218],[-81.705559,30.330544],[-81.709673,30.329956],[-81.711887,30.329639],[-81.713978,30.32934],[-81.715744,30.329087],[-81.717444,30.328845],[-81.720865,30.328357],[-81.730865,30.32693],[-81.74128,30.325441],[-81.743117,30.325179],[-81.743537,30.325119],[-81.746247,30.324737],[-81.751982,30.324099],[-81.753305,30.323937],[-81.754672,30.323763],[-81.758617,30.323354],[-81.76115,30.323092],[-81.764455,30.32275],[-81.766446,30.322563],[-81.770189,30.322148],[-81.770471,30.322117],[-81.777216,30.321408],[-81.779382,30.321166],[-81.782123,30.320902]]}},{"type":"Feature","properties":{"id":"1107090080494","name":"Csx Transportation","mtfcc":"R1011"},"geometry":{"type":"LineString","coordinates":[[-82.478118,29.485247],[-82.477888,29.484932],[-82.475016,29.481383],[-82.474564,29.480825],[-82.470409,29.4735],[-82.468873,29.47108],[-82.467357,29.468656],[-82.464731,29.464455],[-82.464723,29.464441],[-82.464699,29.464398],[-82.464691,29.464385],[-82.463503,29.462351],[-82.46193,29.459656],[-82.459908,29.456269],[-82.458701,29.454247],[-82.458317,29.453622],[-82.457167,29.451747],[-82.456784,29.451122],[-82.455595,29.449198],[-82.45446,29.447361],[-82.452899,29.444568],[-82.452134,29.443367],[-82.45092,29.44146],[-82.449922,29.439884],[-82.449768,29.43964],[-82.448875,29.438076],[-82.447044,29.435088],[-82.44607,29.433498],[-82.445012,29.43185],[-82.444704,29.431162],[-82.444049,29.429699],[-82.443321,29.42741],[-82.442314,29.423405],[-82.441981,29.422077],[-82.441584,29.420795],[-82.441391,29.420084],[-82.440802,29.417523],[-82.439186,29.41049],[-82.43899,29.409638],[-82.438823,29.408911],[-82.438502,29.407698],[-82.438246,29.406728],[-82.438108,29.406203],[-82.437842,29.404826],[-82.437781,29.404625],[-82.437757,29.404548],[-82.437738,29.404487],[-82.437721,29.40443],[-82.437654,29.404186],[-82.437455,29.403454],[-82.437389,29.40321],[-82.437196,29.402547],[-82.437185,29.4025],[-82.436714,29.400337],[-82.436698,29.400263],[-82.436596,29.399609],[-82.436429,29.398535],[-82.436382,29.398225],[-82.436487,29.39536],[-82.436499,29.395282],[-82.436617,29.394558],[-82.436696,29.394214],[-82.436751,29.393355],[-82.436769,29.393082],[-82.436779,29.392936],[-82.437367,29.389735],[-82.437573,29.38862],[-82.437624,29.388331],[-82.437776,29.387464],[-82.437828,29.387176],[-82.438202,29.385088],[-82.438298,29.384557],[-82.439362,29.378833],[-82.439615,29.377475],[-82.43975,29.376749],[-82.439852,29.376157],[-82.440007,29.375266],[-82.440166,29.374382],[-82.440274,29.373791],[-82.440385,29.373169],[-82.440911,29.37024],[-82.441314,29.367997],[-82.441675,29.365993],[-82.442344,29.362269],[-82.442826,29.359589],[-82.443465,29.356039],[-82.443842,29.353942],[-82.44436,29.350896],[-82.446975,29.335539],[-82.446985,29.335457],[-82.447314,29.332796],[-82.447317,29.330258],[-82.44732,29.329494],[-82.447331,29.327203],[-82.447336,29.32644],[-82.447337,29.324799],[-82.447341,29.319879],[-82.447342,29.319154],[-82.447315,29.31824],[-82.447315,29.317531],[-82.447317,29.315403],[-82.447318,29.314695],[-82.447344,29.311946],[-82.447358,29.310419],[-82.447365,29.309649],[-82.447424,29.303702],[-82.447452,29.300954],[-82.447398,29.298704],[-82.447295,29.297897],[-82.44717,29.296915],[-82.44632,29.294174],[-82.444472,29.289172],[-82.444254,29.288581],[-82.443487,29.286271],[-82.443225,29.285491],[-82.44279,29.28419],[-82.442394,29.283379],[-82.442279,29.283225],[-82.44179,29.282565],[-82.441631,29.282342],[-82.441157,29.281675],[-82.441,29.281453],[-82.44084,29.281241],[-82.439984,29.280236],[-82.439426,29.279581],[-82.438489,29.278105],[-82.438025,29.276514],[-82.438012,29.276024],[-82.43797,29.27444],[-82.437932,29.271661],[-82.437863,29.266581],[-82.437806,29.264212],[-82.437785,29.263327],[-82.43772,29.26055],[-82.437675,29.258329],[-82.437541,29.251666],[-82.437513,29.250238],[-82.437486,29.249446],[-82.437455,29.248607],[-82.437363,29.246091],[-82.437333,29.245253],[-82.437278,29.243895],[-82.437115,29.239824],[-82.437061,29.238467],[-82.437099,29.236983],[-82.437391,29.233802],[-82.437399,29.233716],[-82.43841,29.226844],[-82.439192,29.219889],[-82.439335,29.218627],[-82.439634,29.217266],[-82.439699,29.215255]]}},{"type":"Feature","properties":{"id":"1107090143263","name":"Csx Transportation","mtfcc":"R1011"},"geometry":{"type":"LineString","coordinates":[[-81.782123,30.320902],[-81.783671,30.320733],[-81.785845,30.320493],[-81.790649,30.319988],[-81.793288,30.319716],[-81.79529,30.319505],[-81.798181,30.319194],[-81.798616,30.319149],[-81.799849,30.319008],[-81.800336,30.318964],[-81.80135,30.318847],[-81.806535,30.318314],[-81.809143,30.318034],[-81.811703,30.317759],[-81.812022,30.317727],[-81.814958,30.317444],[-81.815024,30.317438],[-81.81911,30.316998],[-81.831857,30.315624],[-81.833818,30.315413],[-81.836491,30.315126],[-81.837562,30.31501],[-81.838666,30.314923],[-81.839579,30.314824],[-81.840759,30.314684],[-81.843607,30.314378],[-81.843837,30.314365],[-81.84421,30.314365],[-81.844371,30.314357],[-81.847361,30.314049],[-81.848558,30.313919],[-81.848735,30.313886],[-81.848967,30.313834],[-81.849244,30.313786],[-81.849488,30.313755],[-81.855541,30.313116],[-81.861192,30.312522],[-81.869459,30.311665],[-81.876049,30.310983],[-81.878282,30.310752],[-81.879115,30.310666],[-81.895104,30.309009],[-81.896155,30.308891],[-81.911873,30.307225],[-81.924538,30.305848],[-81.938465,30.304343],[-81.943574,30.303801],[-81.950434,30.303062],[-81.954513,30.302623],[-81.959386,30.302109],[-81.961214,30.301916],[-81.962167,30.30181],[-81.966545,30.301323],[-81.970777,30.300886],[-81.972153,30.30075],[-81.972943,30.300643],[-81.973219,30.300634]]}},{"type":"Feature","properties":{"id":"1107282516610","name":"Csx Transportation","mtfcc":"R1011"},"geometry":{"type":"LineString","coordinates":[[-82.625793,29.771328],[-82.625793,29.771543],[-82.625771,29.774479],[-82.625722,29.778016],[-82.625678,29.778769],[-82.625729,29.774479],[-82.625735,29.771543],[-82.625735,29.771322],[-82.625748,29.766051],[-82.625776,29.766549],[-82.625793,29.771328]]}},{"type":"Feature","properties":{"id":"11081863110","name":"Csx Transportation","mtfcc":"R1011"},"geometry":{"type":"LineString","coordinates":[[-82.140577,29.857043],[-82.141085,29.855676],[-82.142676,29.851399],[-82.143207,29.849974]]}},{"type":"Feature","properties":{"id":"11082079499","name":"Csx Transportation","mtfcc":"R1011"},"geometry":{"type":"LineString","coordinates":[[-81.52923,30.62517],[-81.5293,30.62521],[-81.530457,30.62569],[-81.53147,30.62611],[-81.534146,30.62724],[-81.535375,30.627759],[-81.53591,30.627985],[-81.53687,30.62839],[-81.537267,30.628555],[-81.537518,30.62866],[-81.537862,30.628804],[-81.538055,30.628885],[-81.538836,30.629211],[-81.54077,30.63002],[-81.541179,30.630197],[-81.541957,30.630534],[-81.54278,30.63089],[-81.542832,30.630911],[-81.54441,30.63156],[-81.545472,30.632016],[-81.54604,30.63226],[-81.54635,30.63239],[-81.54739,30.63282],[-81.549531,30.633724],[-81.55106,30.63437],[-81.55278,30.63509],[-81.55385,30.63553],[-81.55517,30.63608],[-81.55695,30.63684],[-81.559072,30.637738],[-81.559971,30.638118],[-81.56196,30.63896],[-81.56225,30.639082],[-81.562989,30.639393],[-81.56372,30.6397],[-81.565206,30.640333],[-81.56534,30.64039],[-81.565949,30.640638],[-81.56647,30.64085],[-81.566715,30.640948],[-81.56737,30.64121],[-81.56782,30.64135],[-81.56813,30.64143],[-81.56848,30.64151],[-81.56877,30.64157],[-81.569093,30.641622],[-81.56926,30.64165],[-81.569324,30.641656],[-81.56981,30.64171],[-81.569914,30.641718],[-81.57007,30.64173],[-81.57065,30.64175],[-81.571039,30.641738],[-81.5713,30.64173],[-81.57166,30.6417],[-81.57194,30.64166],[-81.57237,30.64161],[-81.57272,30.64154],[-81.57303,30.64147],[-81.57351,30.64135],[-81.574348,30.641114],[-81.575334,30.640838],[-81.575432,30.64081],[-81.575542,30.640779],[-81.57668,30.640459],[-81.57839,30.63998],[-81.580426,30.639412],[-81.581675,30.639065],[-81.581945,30.638989],[-81.582755,30.638763],[-81.583026,30.638688],[-81.583366,30.638593],[-81.583609,30.638526],[-81.58381,30.63847],[-81.583873,30.638452],[-81.584388,30.638305],[-81.584729,30.638209],[-81.585009,30.638129],[-81.585849,30.637889],[-81.58613,30.63781],[-81.5889,30.63704],[-81.589409,30.636894],[-81.59114,30.6364],[-81.5927,30.635962],[-81.5941,30.63557],[-81.599241,30.634127],[-81.59998,30.63392],[-81.60164,30.63346],[-81.60235,30.63325],[-81.60252,30.63321],[-81.602902,30.633102],[-81.60355,30.63292],[-81.604052,30.632785],[-81.60426,30.63273],[-81.60444,30.6327],[-81.60499,30.63259],[-81.605124,30.632566],[-81.60584,30.63244],[-81.60604,30.63242],[-81.60627,30.63243],[-81.60653,30.63246],[-81.60676,30.6325],[-81.60698,30.63256],[-81.607173,30.632642],[-81.60726,30.63268],[-81.60746,30.63279],[-81.60777,30.633]]}},{"type":"Feature","properties":{"id":"11082079501","name":"Csx Transportation","mtfcc":"R1011"},"geometry":{"type":"LineString","coordinates":[[-81.606367,30.585574],[-81.60636,30.585583],[-81.606265,30.585726],[-81.606172,30.58587],[-81.606037,30.586073],[-81.606008,30.586111],[-81.605985,30.586151],[-81.60586,30.58634],[-81.60522,30.58732],[-81.604615,30.588226],[-81.60456,30.58831],[-81.60424,30.58884],[-81.60401,30.58923],[-81.60382,30.58965],[-81.60365,30.59008],[-81.60353,30.59048],[-81.60344,30.59081],[-81.60337,30.59115],[-81.60331,30.59158],[-81.602856,30.595516],[-81.602566,30.598033],[-81.60255,30.59817],[-81.602449,30.599028],[-81.602344,30.599922],[-81.60226,30.60065],[-81.602109,30.602014],[-81.602,30.60301],[-81.601899,30.603916],[-81.60181,30.60472],[-81.601591,30.606634],[-81.601488,30.607541],[-81.60138,30.608484],[-81.601057,30.611316],[-81.60095,30.61226],[-81.60078,30.61364],[-81.600742,30.613995],[-81.600709,30.614303],[-81.60056,30.61571],[-81.60053,30.615954],[-81.60033,30.61764],[-81.6002,30.61886],[-81.600175,30.619076],[-81.60006,30.62012],[-81.60003,30.62084],[-81.60003,30.62144],[-81.60007,30.62198],[-81.60013,30.62237],[-81.60022,30.6229],[-81.60029,30.62317],[-81.60037,30.62353],[-81.6006,30.62421],[-81.60074,30.62456],[-81.60087,30.62485],[-81.60102,30.62517],[-81.60114,30.6254],[-81.60135,30.62577],[-81.60154,30.62609],[-81.60174,30.62638],[-81.601946,30.626656],[-81.602078,30.626833],[-81.60224,30.62705],[-81.602324,30.627149],[-81.6026,30.62747],[-81.60287,30.62775],[-81.604441,30.62941],[-81.60446,30.62943],[-81.604795,30.629798],[-81.60558,30.63066],[-81.605866,30.630959],[-81.60623,30.63134],[-81.60632,30.63144],[-81.6064,30.631522],[-81.60669,30.63182],[-81.606914,30.632067],[-81.60698,30.63214],[-81.607083,30.632252],[-81.60722,30.632401],[-81.607632,30.63285],[-81.60777,30.633]]}},{"type":"Feature","properties":{"id":"11082079502","name":"Csx Transportation","mtfcc":"R1011"},"geometry":{"type":"LineString","coordinates":[[-81.90422,30.47889],[-81.904161,30.478962],[-81.903984,30.479181],[-81.903926,30.479254],[-81.90367,30.47957],[-81.90232,30.48119],[-81.90116,30.48263],[-81.900492,30.483437],[-81.89854,30.4858],[-81.89728,30.48731],[-81.89639,30.48839],[-81.89475,30.49036],[-81.89374,30.49159],[-81.89221,30.49343],[-81.89082,30.49512],[-81.890136,30.495942],[-81.888518,30.49789],[-81.88851,30.4979],[-81.88749,30.49914],[-81.88668,30.500107]]}},{"type":"Feature","properties":{"id":"11082079503","name":"Csx Transportation","mtfcc":"R1011"},"geometry":{"type":"LineString","coordinates":[[-82.037276,30.293725],[-82.0354,30.29391],[-82.034807,30.293974],[-82.03051,30.29444],[-82.02866,30.29465],[-82.027408,30.294779],[-82.02721,30.2948],[-82.02574,30.29496],[-82.024941,30.29504],[-82.024792,30.295055],[-82.024348,30.295101],[-82.0242,30.295117]]}},{"type":"Feature","properties":{"id":"11082079512","name":"Csx Transportation","mtfcc":"R1011"},"geometry":{"type":"LineString","coordinates":[[-82.039737,30.292733],[-82.039244,30.292931],[-82.037768,30.293526],[-82.037276,30.293725]]}},{"type":"Feature","properties":{"id":"11082079513","name":"Csx Transportation","mtfcc":"R1011"},"geometry":{"type":"LineString","coordinates":[[-82.049702,30.292389],[-82.049,30.29246],[-82.047712,30.292598],[-82.04667,30.29271],[-82.0438,30.293013],[-82.04288,30.29311],[-82.041746,30.293232],[-82.04002,30.29342],[-82.039758,30.293449],[-82.039261,30.293504],[-82.037772,30.29367],[-82.03733,30.29372],[-82.037276,30.293725]]}},{"type":"Feature","properties":{"id":"11082079523","name":"Csx Transportation","mtfcc":"R1011"},"geometry":{"type":"LineString","coordinates":[[-82.000202,30.785088],[-82.001064,30.787512],[-82.001372,30.788317],[-82.001469,30.788616],[-82.001546,30.788859],[-82.001633,30.789132],[-82.001672,30.789252],[-82.001704,30.789354],[-82.001715,30.789386],[-82.00175,30.789484],[-82.00181,30.789651]]}},{"type":"Feature","properties":{"id":"11082079524","name":"Csx Transportation","mtfcc":"R1011"},"geometry":{"type":"LineString","coordinates":[[-81.874801,30.625437],[-81.87527,30.62612],[-81.875545,30.626505],[-81.8761,30.62728],[-81.87726,30.62896],[-81.877787,30.629707],[-81.87805,30.63008],[-81.878532,30.630776],[-81.879454,30.632109],[-81.87971,30.63248],[-81.881,30.63433],[-81.88182,30.63554],[-81.882202,30.636122],[-81.88251,30.63659],[-81.883112,30.637465],[-81.88339,30.63787],[-81.88421,30.63901],[-81.884359,30.639213],[-81.88554,30.64083],[-81.88647,30.64218],[-81.888077,30.644476],[-81.8892,30.64608],[-81.889309,30.646237],[-81.89028,30.64764],[-81.890515,30.647978],[-81.89276,30.6512],[-81.894148,30.653192],[-81.89536,30.65493],[-81.89578,30.65554],[-81.89668,30.65681],[-81.896974,30.657231],[-81.89805,30.65877],[-81.90105,30.6631],[-81.901787,30.664156],[-81.90216,30.66469],[-81.903401,30.666459],[-81.903813,30.667047],[-81.90432,30.66777],[-81.905045,30.668818],[-81.905428,30.669372],[-81.905454,30.66941],[-81.905469,30.669432],[-81.905514,30.669498],[-81.90553,30.66952],[-81.905968,30.670146],[-81.907285,30.672024],[-81.907724,30.672651],[-81.90806,30.67313],[-81.908389,30.67361],[-81.90904,30.67456],[-81.91011,30.67609],[-81.910388,30.676485],[-81.91106,30.67744],[-81.91136,30.67786],[-81.912128,30.678978],[-81.91246,30.67946],[-81.91308,30.68034],[-81.91393,30.68156],[-81.9148,30.68282],[-81.91534,30.68359],[-81.91609,30.68466],[-81.916369,30.685064],[-81.916412,30.685127],[-81.917071,30.686085],[-81.91715,30.6862],[-81.91838,30.68793],[-81.919078,30.688942],[-81.91974,30.6899],[-81.920004,30.690288],[-81.92038,30.69084],[-81.920809,30.691443],[-81.921081,30.691826],[-81.92114,30.69191],[-81.921389,30.692264],[-81.92192,30.69302],[-81.922308,30.693583],[-81.922613,30.694025],[-81.92274,30.69421],[-81.922763,30.694243],[-81.92322,30.69488],[-81.923227,30.69489],[-81.923276,30.694962],[-81.923379,30.695109],[-81.923522,30.695315],[-81.92395,30.69593],[-81.9241,30.696139],[-81.924119,30.696167],[-81.924179,30.696251],[-81.9242,30.69628],[-81.924352,30.696501],[-81.924811,30.697165],[-81.924964,30.697387],[-81.925288,30.697857],[-81.92538,30.69799],[-81.92621,30.69918],[-81.926269,30.699265],[-81.926594,30.699736],[-81.92701,30.70034],[-81.92751,30.701048],[-81.92807,30.70184],[-81.928204,30.702033],[-81.928392,30.702301],[-81.92918,30.70343],[-81.93014,30.70479],[-81.930271,30.704978],[-81.931088,30.706142],[-81.931191,30.706289],[-81.93143,30.70663],[-81.93222,30.70777],[-81.93311,30.70903],[-81.933506,30.709602],[-81.93419,30.71059],[-81.93597,30.71313],[-81.93705,30.71469],[-81.93855,30.71683],[-81.93953,30.71824],[-81.940451,30.719542],[-81.94052,30.71964],[-81.94142,30.72095],[-81.94275,30.72284],[-81.942763,30.722858],[-81.942874,30.723014],[-81.943208,30.723485],[-81.94324,30.72353],[-81.943328,30.723637],[-81.94371,30.7241],[-81.94408,30.72453],[-81.944634,30.725092],[-81.94544,30.72591],[-81.94729,30.72772],[-81.94813,30.72855],[-81.948815,30.729216],[-81.95022,30.73058],[-81.95053,30.73089],[-81.952275,30.732601],[-81.95261,30.73293],[-81.95318,30.73348],[-81.95389,30.73419],[-81.95581,30.73606],[-81.958201,30.738406],[-81.958453,30.738654],[-81.959,30.73919],[-81.960519,30.740666],[-81.9611,30.74123],[-81.9621,30.74222],[-81.962194,30.742311],[-81.96297,30.74307],[-81.96425,30.74433],[-81.966363,30.746396],[-81.96652,30.74655],[-81.967225,30.747243],[-81.9689,30.74889],[-81.97012,30.75009],[-81.970699,30.750653],[-81.97195,30.75187],[-81.97253,30.75245],[-81.97397,30.75386],[-81.97474,30.75461],[-81.97554,30.7554],[-81.976096,30.755944],[-81.97693,30.75676],[-81.97768,30.75751],[-81.97789,30.757714],[-81.97838,30.75819],[-81.978649,30.758447],[-81.97923,30.759],[-81.97958,30.75935],[-81.98032,30.76007],[-81.980918,30.760657],[-81.98143,30.76116],[-81.98167,30.7614],[-81.983322,30.763025],[-81.98348,30.76318],[-81.9854,30.76504],[-81.986469,30.766098],[-81.98724,30.76686],[-81.98793,30.76752],[-81.988296,30.767886],[-81.98849,30.76808],[-81.98922,30.76878],[-81.98995,30.76951],[-81.99006,30.76962],[-81.990934,30.770468],[-81.99142,30.77094],[-81.99201,30.77152],[-81.992491,30.772015],[-81.99305,30.77259],[-81.9935,30.77309],[-81.993792,30.773433],[-81.99446,30.77422],[-81.99467,30.77449],[-81.99529,30.7753],[-81.99571,30.77588],[-81.995853,30.776085],[-81.99638,30.77684],[-81.99669,30.77734],[-81.997,30.77786],[-81.9973,30.77838],[-81.99791,30.77953],[-81.99821,30.78015],[-81.99848,30.78068],[-81.99872,30.78123],[-81.998743,30.781284],[-81.99901,30.78191],[-81.99932,30.78274],[-81.999468,30.783134]]}},{"type":"Feature","properties":{"id":"11082079528","name":"Csx Transportation","mtfcc":"R1011"},"geometry":{"type":"LineString","coordinates":[[-81.952432,30.359343],[-81.95187,30.36079],[-81.95126,30.362393],[-81.95076,30.36371],[-81.95024,30.36505],[-81.94918,30.36781],[-81.948613,30.369219],[-81.9484,30.36975],[-81.947717,30.371532],[-81.94722,30.37283],[-81.94717,30.37295],[-81.94671,30.37416],[-81.94654,30.37458],[-81.94633,30.37514],[-81.946197,30.375481],[-81.94591,30.37622],[-81.94546,30.37741],[-81.945158,30.37818],[-81.944807,30.379078],[-81.94474,30.37925],[-81.944391,30.380168],[-81.944285,30.380447],[-81.94425,30.38054],[-81.942713,30.384551],[-81.942532,30.385024],[-81.94219,30.38592],[-81.942075,30.386219],[-81.94173,30.387118],[-81.941616,30.387418],[-81.941484,30.387761],[-81.94135,30.38811],[-81.941282,30.38828],[-81.94054,30.39015],[-81.940255,30.390858],[-81.93997,30.39157],[-81.93992,30.39172],[-81.939735,30.392204],[-81.93928,30.3934],[-81.939181,30.393655],[-81.938995,30.394139],[-81.93881,30.39462],[-81.93871,30.39495],[-81.938461,30.3956],[-81.93793,30.39699],[-81.93715,30.39899],[-81.936783,30.39996],[-81.93678,30.39997],[-81.936223,30.401413],[-81.93617,30.40155],[-81.93592,30.40222],[-81.93568,30.40283],[-81.93492,30.40482],[-81.934856,30.404984],[-81.93431,30.40639],[-81.93252,30.41105],[-81.93184,30.4128],[-81.93128,30.41427],[-81.9309,30.41523],[-81.930724,30.415685],[-81.93006,30.41741],[-81.9295,30.41889],[-81.929359,30.419257],[-81.92888,30.42051],[-81.9285,30.42149],[-81.92817,30.42231],[-81.928113,30.422455],[-81.92753,30.42397],[-81.92686,30.42575],[-81.92636,30.42702],[-81.92584,30.42837],[-81.92475,30.43124],[-81.924421,30.432066],[-81.92415,30.43275],[-81.92363,30.43415],[-81.92319,30.43527],[-81.92302,30.4357],[-81.923007,30.435733],[-81.922661,30.436635],[-81.922473,30.43713],[-81.922296,30.437596],[-81.92202,30.43832],[-81.921796,30.438898],[-81.92126,30.44029],[-81.92056,30.44207],[-81.920278,30.442797],[-81.9201,30.44326],[-81.91978,30.4441],[-81.91968,30.44435],[-81.91884,30.44656],[-81.91858,30.44721],[-81.918535,30.447327],[-81.918,30.44875],[-81.91735,30.45043],[-81.91703,30.45123],[-81.916714,30.452061],[-81.91649,30.45265],[-81.9157,30.4547],[-81.91499,30.45657],[-81.914814,30.457015],[-81.91462,30.45751],[-81.91439,30.45811],[-81.9143,30.45837],[-81.91373,30.45985],[-81.913576,30.460245],[-81.91298,30.46177],[-81.912817,30.462191],[-81.91081,30.46741],[-81.910568,30.468039],[-81.90982,30.46999],[-81.909198,30.471579],[-81.90905,30.47196],[-81.90889,30.47236],[-81.90855,30.47306],[-81.9083,30.47356],[-81.90777,30.47442],[-81.90747,30.47487],[-81.90705,30.47545],[-81.90663,30.47597],[-81.90554,30.477292]]}},{"type":"Feature","properties":{"id":"1108311242212","name":"Csx Transportation","mtfcc":"R1011"},"geometry":{"type":"LineString","coordinates":[[-81.645564,30.344543],[-81.645559,30.345072],[-81.645557,30.345228],[-81.645609,30.345626],[-81.645616,30.346051],[-81.645641,30.347444],[-81.645672,30.347842],[-81.645683,30.348227],[-81.645761,30.34876],[-81.64575,30.349147],[-81.64574,30.349484],[-81.645749,30.350066],[-81.645731,30.350597],[-81.645682,30.351436],[-81.645656,30.351756],[-81.645456,30.352446],[-81.64544,30.352809],[-81.645437,30.353104],[-81.645439,30.353528],[-81.645436,30.353717],[-81.645449,30.354404],[-81.645489,30.355136],[-81.645536,30.356156],[-81.645541,30.356261]]}},{"type":"Feature","properties":{"id":"1108432218455","name":"Csx Transportation","mtfcc":"R1011"},"geometry":{"type":"LineString","coordinates":[[-82.184637,29.270437],[-82.183841,29.268399],[-82.183247,29.266987],[-82.183173,29.266863]]}},{"type":"Feature","properties":{"id":"1109092820897","name":"Csx Transportation","mtfcc":"R1011"},"geometry":{"type":"LineString","coordinates":[[-81.564127,30.432526],[-81.565836,30.432865],[-81.570613,30.43382],[-81.575391,30.434765],[-81.576713,30.435041],[-81.577309,30.435212],[-81.577733,30.435407],[-81.578031,30.435615],[-81.578391,30.43599],[-81.578762,30.436347],[-81.579071,30.436592],[-81.579405,30.436786],[-81.579727,30.436899],[-81.581316,30.437241],[-81.581757,30.437318],[-81.58314,30.4376],[-81.584114,30.4378],[-81.584131,30.437803],[-81.584581,30.437891],[-81.58595,30.438155],[-81.586526,30.438266],[-81.58819,30.438587],[-81.588287,30.438603],[-81.588601,30.438663],[-81.588798,30.438703],[-81.591832,30.439287],[-81.592802,30.439526],[-81.593758,30.439697],[-81.594647,30.439856],[-81.594751,30.439875],[-81.59518,30.439938],[-81.595506,30.439933],[-81.604948,30.439777],[-81.605723,30.439757],[-81.60613,30.439725],[-81.606585,30.439603],[-81.60692,30.439472],[-81.60716,30.439384],[-81.608059,30.438975]]}},{"type":"Feature","properties":{"id":"11097879061","name":"Csx Transportation","mtfcc":"R1011"},"geometry":{"type":"LineString","coordinates":[[-81.91424,29.603708],[-81.914655,29.60335],[-81.915161,29.602915],[-81.915668,29.60257],[-81.916398,29.602111],[-81.917035,29.601753],[-81.917527,29.601476],[-81.918138,29.601146],[-81.921306,29.59934],[-81.923457,29.598196],[-81.925229,29.597201],[-81.926445,29.596545],[-81.927166,29.596176],[-81.927655,29.595932],[-81.928033,29.595795],[-81.928516,29.595669],[-81.929112,29.595532],[-81.929749,29.595389],[-81.930381,29.595354],[-81.931299,29.59539],[-81.932147,29.595385],[-81.932366,29.595361],[-81.93294,29.595343],[-81.935322,29.595272],[-81.936117,29.595249],[-81.936546,29.595234],[-81.937835,29.59519],[-81.938145,29.595131],[-81.938986,29.595044],[-81.940773,29.594829],[-81.941655,29.59471],[-81.942609,29.594734],[-81.94463,29.5949],[-81.945735,29.594925],[-81.947608,29.594967],[-81.947791,29.594978],[-81.948342,29.595011],[-81.948526,29.595022],[-81.949027,29.595035],[-81.950652,29.595115],[-81.951623,29.595115],[-81.95213,29.595055],[-81.952517,29.59496],[-81.953033,29.594805],[-81.953491,29.594626],[-81.953879,29.594406],[-81.954063,29.594251],[-81.954409,29.594001],[-81.954832,29.593583],[-81.955285,29.593071],[-81.955568,29.592779],[-81.956057,29.592255],[-81.956384,29.591986],[-81.956748,29.591694],[-81.95729,29.591432],[-81.958363,29.590997],[-81.960451,29.590109],[-81.962191,29.589418],[-81.963228,29.588995],[-81.96417,29.588673],[-81.965391,29.588268],[-81.966428,29.587958],[-81.966944,29.587785],[-81.967462,29.587511],[-81.967945,29.587196],[-81.969095,29.586278],[-81.969381,29.586039],[-81.969691,29.585807],[-81.969941,29.585646],[-81.97062,29.585378],[-81.970977,29.585265],[-81.971382,29.585176],[-81.971865,29.585122],[-81.972264,29.585117],[-81.97321,29.585161],[-81.973499,29.585176],[-81.975259,29.585259],[-81.976857,29.585336],[-81.978745,29.585562],[-81.979113,29.585676],[-81.980111,29.586211],[-81.981586,29.587002],[-81.982271,29.587369],[-81.98418,29.588394],[-81.984342,29.588435],[-81.985096,29.588626],[-81.985472,29.588653],[-81.986117,29.588667],[-81.988243,29.588772],[-81.989575,29.588822],[-81.992775,29.588956],[-81.993333,29.588954],[-81.994817,29.589019],[-81.99673,29.589144],[-81.997415,29.589222],[-81.997808,29.589299],[-81.998357,29.589484],[-81.998842,29.589693],[-81.999352,29.590019],[-81.999815,29.590346]]}},{"type":"Feature","properties":{"id":"11097879068","name":"Csx Transportation","mtfcc":"R1011"},"geometry":{"type":"LineString","coordinates":[[-81.639825,29.653973],[-81.639689,29.654617],[-81.639598,29.655001],[-81.639548,29.655475],[-81.639536,29.655654],[-81.639586,29.655997],[-81.639643,29.656249],[-81.639685,29.656428],[-81.639819,29.656722],[-81.639974,29.656972],[-81.640123,29.657175],[-81.640481,29.657503],[-81.640999,29.657955],[-81.641488,29.658355],[-81.642379,29.659016],[-81.643713,29.660053],[-81.644172,29.660417],[-81.644637,29.660783],[-81.644967,29.661069],[-81.645574,29.661567],[-81.646542,29.662341],[-81.648619,29.663986],[-81.649906,29.665005],[-81.651183,29.666003],[-81.651889,29.666563],[-81.652345,29.666936],[-81.652924,29.667398],[-81.653586,29.668008],[-81.654055,29.668467],[-81.654496,29.668941],[-81.654819,29.669349],[-81.655219,29.669868],[-81.6556,29.670452],[-81.65589,29.670881],[-81.656491,29.672132],[-81.656792,29.672963],[-81.656985,29.673586],[-81.657099,29.674027],[-81.6574,29.675635],[-81.657846,29.678244],[-81.659182,29.686071],[-81.659327,29.687439]]}},{"type":"Feature","properties":{"id":"11030115323931","name":"First Coast Railroad Inc","mtfcc":"R1011"},"geometry":{"type":"LineString","coordinates":[[-81.56647,30.64085],[-81.566135,30.640636],[-81.566009,30.640509],[-81.565934,30.640365],[-81.565882,30.640209],[-81.565841,30.640048],[-81.56583,30.639904],[-81.565836,30.639708],[-81.565841,30.63954]]}},{"type":"Feature","properties":{"id":"11030115325561","name":"First Coast Railroad Inc","mtfcc":"R1011"},"geometry":{"type":"LineString","coordinates":[[-81.565841,30.63954],[-81.56583,30.63931],[-81.565801,30.639137],[-81.565738,30.638935],[-81.56564,30.63878],[-81.565501,30.638635],[-81.565334,30.638514],[-81.565132,30.638405],[-81.56455,30.638151]]}},{"type":"Feature","properties":{"id":"11030115325562","name":"First Coast Railroad Inc","mtfcc":"R1011"},"geometry":{"type":"LineString","coordinates":[[-81.565841,30.63954],[-81.565997,30.638589],[-81.566032,30.638399],[-81.566072,30.638209],[-81.566141,30.638036],[-81.56628,30.637765],[-81.566481,30.637396]]}},{"type":"Feature","properties":{"id":"11030115341448","name":"Florida East Coast Rlwy","mtfcc":"R1011"},"geometry":{"type":"LineString","coordinates":[[-81.122099,29.326407],[-81.122841,29.327083],[-81.123277,29.327494],[-81.123527,29.327715],[-81.123903,29.32799],[-81.127181,29.330396]]}},{"type":"Feature","properties":{"id":"11030115342607","name":"Florida East Coast Rlwy","mtfcc":"R1011"},"geometry":{"type":"LineString","coordinates":[[-81.334096,29.937117],[-81.334136,29.937352],[-81.334221,29.93774],[-81.33428,29.937971],[-81.334401,29.938343],[-81.334537,29.938712],[-81.334651,29.938976],[-81.33478,29.939236],[-81.335105,29.939813],[-81.335352,29.940218],[-81.336162,29.941544],[-81.336288,29.94171],[-81.336436,29.941922],[-81.337528,29.943689],[-81.337777,29.944105],[-81.338591,29.945433],[-81.339457,29.946843],[-81.33966,29.947183],[-81.340577,29.948678],[-81.341958,29.950923],[-81.342228,29.95137],[-81.342583,29.951944],[-81.342924,29.952507],[-81.344962,29.95583],[-81.349602,29.963398],[-81.349945,29.963956],[-81.351429,29.966373],[-81.351769,29.966886],[-81.352093,29.967339],[-81.35239,29.967726],[-81.352621,29.968014],[-81.35297,29.968416],[-81.353376,29.968872],[-81.35383,29.969371],[-81.354722,29.970367],[-81.355194,29.970884],[-81.355713,29.971464],[-81.356221,29.972023],[-81.357254,29.973177],[-81.35904,29.975159],[-81.359156,29.975284],[-81.362294,29.978782],[-81.36275,29.979345],[-81.367641,29.98478],[-81.368364,29.985584],[-81.370608,29.98808],[-81.382414,30.001211],[-81.39288,30.012838],[-81.39573,30.016005],[-81.41096,30.032929],[-81.411045,30.033034],[-81.411811,30.033876],[-81.412709,30.034873],[-81.41533,30.037768],[-81.420059,30.043015],[-81.423055,30.046344],[-81.43446,30.059017],[-81.434786,30.059375],[-81.439497,30.064614],[-81.44062,30.065861],[-81.441941,30.06733],[-81.442749,30.068201],[-81.44345,30.068907],[-81.455053,30.080415],[-81.462064,30.087375],[-81.463467,30.088766]]}},{"type":"Feature","properties":{"id":"11030115342608","name":"Florida East Coast Rlwy","mtfcc":"R1011"},"geometry":{"type":"LineString","coordinates":[[-81.330111,29.891834],[-81.329507,29.891878],[-81.329234,29.891894],[-81.32871,29.891935],[-81.328091,29.891979],[-81.326728,29.892075],[-81.325642,29.892152],[-81.325362,29.892172],[-81.324966,29.892207],[-81.32472,29.892242],[-81.324526,29.89228],[-81.324251,29.892362],[-81.324024,29.892445],[-81.323796,29.892552],[-81.323621,29.892649],[-81.323387,29.892797],[-81.32298,29.893066],[-81.322815,29.893175],[-81.322594,29.893327],[-81.322375,29.89349],[-81.322207,29.89365],[-81.32205,29.893819],[-81.321935,29.893959],[-81.321821,29.894119],[-81.321793,29.894165],[-81.321719,29.894285],[-81.321628,29.894456],[-81.321558,29.894617],[-81.321499,29.894781],[-81.321438,29.895005],[-81.321397,29.895251],[-81.321381,29.895437],[-81.321378,29.895623],[-81.321443,29.897063],[-81.321456,29.897345],[-81.321458,29.897406],[-81.321461,29.897466],[-81.321465,29.897546],[-81.321635,29.901496],[-81.321675,29.902357],[-81.32187,29.90659],[-81.321879,29.906884],[-81.321941,29.90825],[-81.321965,29.908633],[-81.32201,29.908953],[-81.322073,29.909271],[-81.322154,29.909561],[-81.322251,29.909846],[-81.322306,29.909987],[-81.322516,29.91043],[-81.322611,29.910617],[-81.323185,29.91165],[-81.323249,29.911766],[-81.323743,29.912658],[-81.324203,29.913489],[-81.32463,29.914261],[-81.324806,29.914587],[-81.32509,29.915098],[-81.325249,29.915385],[-81.325513,29.915846],[-81.325708,29.916194],[-81.325857,29.916481],[-81.325931,29.916624],[-81.326,29.916758],[-81.326106,29.916991],[-81.326249,29.917343],[-81.326259,29.917372],[-81.326357,29.917652],[-81.326455,29.917979],[-81.326521,29.918237],[-81.326561,29.918429],[-81.326575,29.918498],[-81.326635,29.91885],[-81.326679,29.91919],[-81.326758,29.920281]]}},{"type":"Feature","properties":{"id":"11030115342609","name":"Florida East Coast Rlwy","mtfcc":"R1011"},"geometry":{"type":"LineString","coordinates":[[-81.300791,29.650484],[-81.300794,29.650499],[-81.300836,29.650686],[-81.30094,29.65125],[-81.301316,29.653286],[-81.302151,29.657814],[-81.303695,29.666182],[-81.304308,29.669464],[-81.304783,29.672002],[-81.304842,29.672319],[-81.305276,29.674639],[-81.308023,29.689335],[-81.309764,29.698653],[-81.310461,29.702379],[-81.311972,29.710464],[-81.3179,29.742176],[-81.319276,29.749527],[-81.320572,29.756333],[-81.322784,29.767945],[-81.323079,29.769489],[-81.326204,29.786173],[-81.327955,29.79552],[-81.328333,29.797517],[-81.328457,29.7982],[-81.328565,29.798885],[-81.328626,29.799494],[-81.328687,29.800255],[-81.328699,29.800404],[-81.328727,29.800797],[-81.328794,29.801701],[-81.328852,29.802498],[-81.328919,29.80342],[-81.328956,29.803925],[-81.329128,29.80627],[-81.329692,29.813983],[-81.329751,29.814791],[-81.330041,29.818738],[-81.330082,29.819308],[-81.330093,29.819456],[-81.330825,29.829469],[-81.330966,29.831387],[-81.331413,29.837495],[-81.331516,29.838911],[-81.331547,29.839336],[-81.331716,29.841636],[-81.331888,29.843975],[-81.331995,29.845437],[-81.332421,29.851273],[-81.332719,29.855349],[-81.333173,29.861636],[-81.333205,29.862086],[-81.333238,29.862535],[-81.333498,29.866114],[-81.33358,29.867253],[-81.333589,29.867374],[-81.333805,29.870356],[-81.333957,29.872459],[-81.333963,29.872545],[-81.334192,29.875706],[-81.334214,29.87601],[-81.334282,29.87696],[-81.334368,29.878157],[-81.334781,29.883866],[-81.33492,29.885782],[-81.33504,29.887442],[-81.33505,29.887759],[-81.335045,29.888013],[-81.335029,29.888213],[-81.335,29.888417],[-81.334941,29.888686],[-81.334893,29.888854],[-81.334874,29.888922],[-81.334835,29.889029],[-81.334792,29.889144],[-81.334697,29.889353],[-81.334575,29.889581],[-81.334514,29.889679],[-81.334418,29.889839],[-81.33428,29.890032],[-81.334188,29.890145],[-81.334162,29.890177],[-81.333939,29.890416],[-81.333725,29.890621],[-81.333526,29.890785],[-81.333336,29.890923],[-81.333309,29.890943],[-81.33319,29.891022],[-81.33313,29.89106],[-81.333107,29.891074],[-81.332955,29.891163],[-81.332672,29.891307],[-81.332651,29.891319],[-81.332402,29.891426],[-81.332098,29.891532],[-81.331758,29.891628],[-81.331578,29.89167],[-81.331252,29.891727],[-81.330934,29.891769],[-81.330601,29.891799],[-81.330111,29.891834]]}},{"type":"Feature","properties":{"id":"11030115342614","name":"Florida East Coast Rlwy","mtfcc":"R1011"},"geometry":{"type":"LineString","coordinates":[[-81.095497,29.304171],[-81.095101,29.303816],[-81.09506,29.30378],[-81.094002,29.302796],[-81.093791,29.302599],[-81.092305,29.301216],[-81.089735,29.298769],[-81.089084,29.29816],[-81.088725,29.297857],[-81.08871,29.297845],[-81.088516,29.297695],[-81.08831,29.297558],[-81.088139,29.297441],[-81.087834,29.297267],[-81.086663,29.296614],[-81.085697,29.296143],[-81.083803,29.295172],[-81.082686,29.294599],[-81.080148,29.293307],[-81.079845,29.293152],[-81.076841,29.29162],[-81.075037,29.290732],[-81.074941,29.290685],[-81.073379,29.289887],[-81.072118,29.289247],[-81.071934,29.289154],[-81.071453,29.288913],[-81.071383,29.288877],[-81.071201,29.288784],[-81.070131,29.288239],[-81.069888,29.288109],[-81.069095,29.287688],[-81.06855,29.287358],[-81.068069,29.286999],[-81.06772,29.286701],[-81.067294,29.286308],[-81.066973,29.285968],[-81.066678,29.285633],[-81.066479,29.285357],[-81.066423,29.285279],[-81.066246,29.285005],[-81.066068,29.284727],[-81.065729,29.284088],[-81.065498,29.283665],[-81.064807,29.282398],[-81.064577,29.281976],[-81.064386,29.281626],[-81.063813,29.280577],[-81.063623,29.280228],[-81.063557,29.28012],[-81.063362,29.279799],[-81.063297,29.279692],[-81.063182,29.279491],[-81.062921,29.279034],[-81.062837,29.278888],[-81.062723,29.278687],[-81.062672,29.278589],[-81.062522,29.278296],[-81.062472,29.278199],[-81.062241,29.277764],[-81.062078,29.277457],[-81.062043,29.277389],[-81.061771,29.276854],[-81.060744,29.274967],[-81.060307,29.274163],[-81.059941,29.273513],[-81.058846,29.271563],[-81.058481,29.270913],[-81.058127,29.270257],[-81.057068,29.26829],[-81.056715,29.267635],[-81.056675,29.267563],[-81.056607,29.267441],[-81.056527,29.267299],[-81.055965,29.266292],[-81.05581,29.266014],[-81.055778,29.265957],[-81.055754,29.265914],[-81.055248,29.264985],[-81.054116,29.262909],[-81.053658,29.262069],[-81.053128,29.261098],[-81.053058,29.260969],[-81.052848,29.260585],[-81.052778,29.260457],[-81.052762,29.260428],[-81.052757,29.260419],[-81.052696,29.260308],[-81.052676,29.260271],[-81.052664,29.260252],[-81.052629,29.260197],[-81.052618,29.260179],[-81.052594,29.260134],[-81.052525,29.260001],[-81.052502,29.259957],[-81.052286,29.259532],[-81.052026,29.259019],[-81.051623,29.258269],[-81.051465,29.257976],[-81.051398,29.257851],[-81.051388,29.257833],[-81.051358,29.257781],[-81.051348,29.257764],[-81.051261,29.257606],[-81.050997,29.257126],[-81.049946,29.255212],[-81.049596,29.254574],[-81.048872,29.253264],[-81.047998,29.25168],[-81.047724,29.25117],[-81.047116,29.25004],[-81.046816,29.24948],[-81.046727,29.249321],[-81.045999,29.248014],[-81.045639,29.247367],[-81.044561,29.245428],[-81.044202,29.244782],[-81.044187,29.244755],[-81.044142,29.244676],[-81.044127,29.24465],[-81.043978,29.244375],[-81.043777,29.244021],[-81.042714,29.242143],[-81.04236,29.241517],[-81.042355,29.241508],[-81.04061,29.238211],[-81.038799,29.23495],[-81.038605,29.234582],[-81.038026,29.233481],[-81.037833,29.233114],[-81.037401,29.232342],[-81.036592,29.230894],[-81.036302,29.230365],[-81.036117,29.230021],[-81.035791,29.229412],[-81.0357,29.229243],[-81.03568,29.22921],[-81.035518,29.228938],[-81.035002,29.228073],[-81.033644,29.225515],[-81.033481,29.225212],[-81.032993,29.224303],[-81.032831,29.224001],[-81.032664,29.223698],[-81.032164,29.222789],[-81.031998,29.222487],[-81.031813,29.222146],[-81.03126,29.221126],[-81.031076,29.220786],[-81.030983,29.220635],[-81.030707,29.220182],[-81.030615,29.220032],[-81.030456,29.219747],[-81.029981,29.218895],[-81.029823,29.218612],[-81.029649,29.218303],[-81.02913,29.217377],[-81.028958,29.217069],[-81.028653,29.216516],[-81.027741,29.214858],[-81.027438,29.214306],[-81.02718,29.21384],[-81.026905,29.213343],[-81.0264,29.212446],[-81.02614,29.211983],[-81.025934,29.211564],[-81.025584,29.210851],[-81.025342,29.210298],[-81.025156,29.209871],[-81.025125,29.209807],[-81.025033,29.209618],[-81.025003,29.209555],[-81.024839,29.209236],[-81.024348,29.20828],[-81.024185,29.207962],[-81.02407,29.20775],[-81.023725,29.207115],[-81.02361,29.206904],[-81.023519,29.206734],[-81.023247,29.206225],[-81.023157,29.206056],[-81.023091,29.205929],[-81.022893,29.20555],[-81.022828,29.205424],[-81.022695,29.205168],[-81.022426,29.20465],[-81.022298,29.204401],[-81.022277,29.204359],[-81.022155,29.204152],[-81.022024,29.203908],[-81.021633,29.203177],[-81.021503,29.202934],[-81.021428,29.202795],[-81.021203,29.202381],[-81.021129,29.202243],[-81.021052,29.202104],[-81.020821,29.20169],[-81.020745,29.201552],[-81.020681,29.201448],[-81.020571,29.201266],[-81.020496,29.201134],[-81.020437,29.201029],[-81.020368,29.200897],[-81.020162,29.2005],[-81.020094,29.200369],[-81.019904,29.199983],[-81.019831,29.199835],[-81.019364,29.19893],[-81.019312,29.198839],[-81.019099,29.198467],[-81.018912,29.198127],[-81.018354,29.19711],[-81.018168,29.196771],[-81.018133,29.196708],[-81.018028,29.196521],[-81.017994,29.196459],[-81.017918,29.196287],[-81.017805,29.196061],[-81.017786,29.196022],[-81.017187,29.194894],[-81.016981,29.194506],[-81.016787,29.194148],[-81.016502,29.19362],[-81.016321,29.193249],[-81.016232,29.193064],[-81.016057,29.192698],[-81.015591,29.191688],[-81.015528,29.19155],[-81.01418,29.188667],[-81.014058,29.188406],[-81.013709,29.187661],[-81.0113,29.18253],[-81.01124,29.182401],[-81.011183,29.18228],[-81.010754,29.181363],[-81.010287,29.180365],[-81.009821,29.179354],[-81.009338,29.178326],[-81.009229,29.178089],[-81.008729,29.176995],[-81.008656,29.176852],[-81.00844,29.176422],[-81.008369,29.17628],[-81.008292,29.176121],[-81.008064,29.175646],[-81.007988,29.175488],[-81.007923,29.175346],[-81.007728,29.174919],[-81.007664,29.174778],[-81.007582,29.174595],[-81.007339,29.174047],[-81.007258,29.173865],[-81.007169,29.173674],[-81.006903,29.173104],[-81.006815,29.172914],[-81.006492,29.172235],[-81.005525,29.170199],[-81.005203,29.169521],[-81.005177,29.16946],[-81.004877,29.168823],[-81.004377,29.16776],[-81.003908,29.166727],[-81.00386,29.16662],[-81.003607,29.16602],[-81.002923,29.164535],[-81.002456,29.163522],[-81.00106,29.160569],[-81.000839,29.160097],[-81.000146,29.158617],[-81.00012,29.158557],[-81.000045,29.15838],[-81.00002,29.158322],[-80.999551,29.157307],[-80.999361,29.156893],[-80.998964,29.156024],[-80.998608,29.155259],[-80.998265,29.154517],[-80.998029,29.154021],[-80.997876,29.153691],[-80.997774,29.153554],[-80.997495,29.152964],[-80.99734,29.152633],[-80.996672,29.15121],[-80.996593,29.15104],[-80.996388,29.150599],[-80.996356,29.15053],[-80.996335,29.150485],[-80.996277,29.15036],[-80.996063,29.149914],[-80.995882,29.149537],[-80.995809,29.14938],[-80.99576,29.149274],[-80.995466,29.148641],[-80.995434,29.148573],[-80.995224,29.148127],[-80.995052,29.147761],[-80.994537,29.146666],[-80.994366,29.146301],[-80.994156,29.145862],[-80.993829,29.145177],[-80.99352,29.144551],[-80.993305,29.144116],[-80.99323,29.143943],[-80.993006,29.143424],[-80.992932,29.143251],[-80.992866,29.14311],[-80.992834,29.14304],[-80.992679,29.142686],[-80.992643,29.142605],[-80.992618,29.142545],[-80.99259,29.142486],[-80.992357,29.142005],[-80.992108,29.141453],[-80.991775,29.14071],[-80.991274,29.139624],[-80.991163,29.139397],[-80.990827,29.138712],[-80.990584,29.138176],[-80.990089,29.137078],[-80.989622,29.136136],[-80.988882,29.13464],[-80.988243,29.133302],[-80.988204,29.13322],[-80.988045,29.132662],[-80.987941,29.132297],[-80.987797,29.131728],[-80.987797,29.131711],[-80.987743,29.131365],[-80.98774,29.131339],[-80.987701,29.130997],[-80.987569,29.12924],[-80.987474,29.128415],[-80.987459,29.128283],[-80.987399,29.12744],[-80.987348,29.126823],[-80.987197,29.124975],[-80.987147,29.124359],[-80.987066,29.123566],[-80.986981,29.12256],[-80.986915,29.12178],[-80.986541,29.117161],[-80.986396,29.115361],[-80.986367,29.115091],[-80.986283,29.114284],[-80.986255,29.114015],[-80.985926,29.109607],[-80.985685,29.106687],[-80.985678,29.106604],[-80.985669,29.106502],[-80.985606,29.105763],[-80.985476,29.104169],[-80.985326,29.102318],[-80.985265,29.101566],[-80.985005,29.098332],[-80.984763,29.095421],[-80.984508,29.092455],[-80.984464,29.091886],[-80.984332,29.090179],[-80.98433,29.090162],[-80.984288,29.089611],[-80.984283,29.08955]]}},{"type":"Feature","properties":{"id":"11040757164656","name":"Florida East Coast Rlwy","mtfcc":"R1011"},"geometry":{"type":"LineString","coordinates":[[-81.152625,29.348986],[-81.15209,29.34859],[-81.150485,29.347402],[-81.149951,29.347007],[-81.149083,29.346368],[-81.146479,29.344454],[-81.146304,29.344325],[-81.145715,29.343892],[-81.145612,29.343816],[-81.1451,29.343432],[-81.144616,29.343068],[-81.141865,29.341001],[-81.14163,29.340826],[-81.140632,29.340084],[-81.138764,29.338698],[-81.136924,29.337332],[-81.134986,29.335915],[-81.134961,29.335897],[-81.133156,29.334551],[-81.131292,29.333162],[-81.131245,29.333119],[-81.131105,29.33299],[-81.131059,29.332947],[-81.130769,29.332723],[-81.1305,29.332517],[-81.130005,29.332138],[-81.128788,29.331281],[-81.128213,29.330876],[-81.127994,29.330727],[-81.127337,29.33028],[-81.127118,29.330131],[-81.126939,29.330003],[-81.126405,29.32962],[-81.126227,29.329493],[-81.125948,29.32929],[-81.125754,29.329148],[-81.125411,29.328882],[-81.125135,29.328654],[-81.12487,29.328435],[-81.12382,29.327666],[-81.122099,29.326407]]}},{"type":"Feature","properties":{"id":"11040757164667","name":"Florida East Coast Rlwy","mtfcc":"R1011"},"geometry":{"type":"LineString","coordinates":[[-81.122099,29.326407],[-81.121172,29.325728],[-81.120672,29.325356],[-81.119629,29.32458],[-81.119342,29.324369],[-81.118483,29.323736],[-81.118449,29.323711]]}},{"type":"Feature","properties":{"id":"11050984492","name":"Florida East Coast Rlwy","mtfcc":"R1011"},"geometry":{"type":"LineString","coordinates":[[-81.601698,30.240756],[-81.602033,30.241321],[-81.60312,30.243035]]}},{"type":"Feature","properties":{"id":"11050984493","name":"Florida East Coast Rlwy","mtfcc":"R1011"},"geometry":{"type":"LineString","coordinates":[[-81.601698,30.240756],[-81.602106,30.241742]]}},{"type":"Feature","properties":{"id":"11050984496","name":"Florida East Coast Rlwy","mtfcc":"R1011"},"geometry":{"type":"LineString","coordinates":[[-81.631042,30.321352],[-81.631335,30.321159],[-81.632163,30.32058],[-81.632229,30.320544],[-81.632498,30.320518],[-81.633195,30.320375],[-81.633279,30.320316],[-81.634027,30.319905]]}},{"type":"Feature","properties":{"id":"11050984500","name":"Florida East Coast Rlwy","mtfcc":"R1011"},"geometry":{"type":"LineString","coordinates":[[-81.591087,30.223626],[-81.592462,30.226362],[-81.598055,30.234714],[-81.598724,30.235953],[-81.599069,30.236487],[-81.599335,30.237066]]}},{"type":"Feature","properties":{"id":"11050984501","name":"Florida East Coast Rlwy","mtfcc":"R1011"},"geometry":{"type":"LineString","coordinates":[[-81.599241,30.240747],[-81.600595,30.241081],[-81.601029,30.241217],[-81.601343,30.241339],[-81.601672,30.24147],[-81.601897,30.241602],[-81.602106,30.241742]]}},{"type":"Feature","properties":{"id":"11050984502","name":"Florida East Coast Rlwy","mtfcc":"R1011"},"geometry":{"type":"LineString","coordinates":[[-81.602106,30.241742],[-81.60312,30.243035]]}},{"type":"Feature","properties":{"id":"11050984504","name":"Florida East Coast Rlwy","mtfcc":"R1011"},"geometry":{"type":"LineString","coordinates":[[-81.627493,30.270963],[-81.625804,30.271007],[-81.625644,30.271005],[-81.62544,30.270987],[-81.625173,30.27096],[-81.624975,30.270901],[-81.624755,30.270801],[-81.624515,30.270629],[-81.624278,30.270402],[-81.62408,30.270185],[-81.623902,30.269955],[-81.623756,30.269787]]}},{"type":"Feature","properties":{"id":"11050984505","name":"Florida East Coast Rlwy","mtfcc":"R1011"},"geometry":{"type":"LineString","coordinates":[[-81.623756,30.269787],[-81.621513,30.266518],[-81.620394,30.264938],[-81.619176,30.26325],[-81.618084,30.261738],[-81.617347,30.260694]]}},{"type":"Feature","properties":{"id":"11050984507","name":"Florida East Coast Rlwy","mtfcc":"R1011"},"geometry":{"type":"LineString","coordinates":[[-81.60312,30.243035],[-81.603428,30.243465],[-81.604129,30.244613],[-81.604683,30.245563],[-81.605456,30.246648],[-81.60692,30.248149],[-81.607955,30.248981],[-81.608373,30.249497],[-81.60946,30.250881],[-81.610025,30.251631],[-81.611833,30.253576],[-81.61698,30.260221],[-81.617347,30.260694]]}},{"type":"Feature","properties":{"id":"11052059443","name":"Florida East Coast Rlwy","mtfcc":"R1011"},"geometry":{"type":"LineString","coordinates":[[-81.516698,29.715753],[-81.516195,29.71596],[-81.513565,29.71707],[-81.512388,29.717565],[-81.508243,29.719298],[-81.502752,29.721588],[-81.499599,29.722855],[-81.497713,29.72362],[-81.491955,29.726054],[-81.491925,29.726076],[-81.487074,29.729527],[-81.486996,29.729584],[-81.486919,29.729642],[-81.485819,29.730456],[-81.48472,29.731271],[-81.478993,29.735291],[-81.47754,29.736268],[-81.475278,29.737776],[-81.474991,29.737914],[-81.4729,29.739509],[-81.472696,29.739657],[-81.47092,29.74092],[-81.468575,29.742604],[-81.449484,29.760547],[-81.447877,29.762058],[-81.44077,29.768738],[-81.439679,29.769761],[-81.437202,29.772091],[-81.428629,29.780127],[-81.425974,29.782578],[-81.425884,29.782661],[-81.424772,29.783631],[-81.422372,29.785682],[-81.421546,29.786408],[-81.420574,29.78741],[-81.419914,29.7881],[-81.419367,29.788866],[-81.419108,29.789214],[-81.418919,29.789503],[-81.41874,29.789772],[-81.418481,29.790239],[-81.418312,29.790538],[-81.417476,29.791861],[-81.416591,29.793274],[-81.415805,29.794558],[-81.415347,29.795334],[-81.414969,29.795931],[-81.414133,29.797204],[-81.413417,29.798289],[-81.41273,29.799423],[-81.412471,29.799881],[-81.411994,29.800617],[-81.411675,29.801175],[-81.411228,29.801772],[-81.41078,29.802379],[-81.410481,29.802757],[-81.410263,29.803025],[-81.409994,29.803284],[-81.409966,29.803492],[-81.40988,29.803864],[-81.409785,29.804424],[-81.409764,29.804548],[-81.409699,29.804742],[-81.40919,29.805469],[-81.408975,29.805788],[-81.402747,29.815569],[-81.395531,29.826348],[-81.393922,29.828684],[-81.389486,29.836638],[-81.386862,29.840775],[-81.38669,29.841046],[-81.382805,29.84717],[-81.382525,29.847606],[-81.382334,29.847914],[-81.374768,29.859844],[-81.372679,29.863143],[-81.371914,29.864338],[-81.371195,29.865488],[-81.370591,29.866424],[-81.369715,29.867819],[-81.366967,29.872151],[-81.366783,29.872447],[-81.366589,29.872738],[-81.366313,29.873118],[-81.366167,29.873299],[-81.366015,29.873477],[-81.365858,29.873651],[-81.365694,29.87382],[-81.365526,29.873986],[-81.365351,29.874147],[-81.365172,29.874304],[-81.364988,29.874457],[-81.364798,29.874604],[-81.360961,29.877417],[-81.360623,29.877664],[-81.359558,29.878447],[-81.358559,29.879179],[-81.356987,29.880337],[-81.354958,29.881823],[-81.354071,29.882472],[-81.3526,29.883549],[-81.349023,29.886166],[-81.348202,29.886769],[-81.347547,29.887249],[-81.3471,29.887577],[-81.345119,29.88903],[-81.344292,29.889637],[-81.344041,29.889825],[-81.343947,29.889895],[-81.343694,29.890064],[-81.343431,29.890221],[-81.343159,29.890366],[-81.342879,29.890498],[-81.342591,29.890617],[-81.342529,29.890639],[-81.342274,29.890731],[-81.341949,29.890828],[-81.341619,29.890909],[-81.341452,29.890943],[-81.341292,29.890969],[-81.340944,29.891013],[-81.340632,29.891039],[-81.340109,29.891082],[-81.33909,29.891155],[-81.336883,29.891313],[-81.334703,29.891469],[-81.333209,29.891576],[-81.333192,29.891577],[-81.333161,29.891579],[-81.332605,29.891619],[-81.332342,29.891645],[-81.331725,29.891729],[-81.331126,29.891796],[-81.330662,29.891836],[-81.330386,29.891844],[-81.330111,29.891834]]}},{"type":"Feature","properties":{"id":"110536455008","name":"Florida East Coast Rlwy","mtfcc":"R1011"},"geometry":{"type":"LineString","coordinates":[[-81.513421,30.138278],[-81.512169,30.137037],[-81.512091,30.13696],[-81.512064,30.136933],[-81.509641,30.134532],[-81.50934,30.134233],[-81.502073,30.127031],[-81.500788,30.125758],[-81.498414,30.123405],[-81.49195,30.116997],[-81.480041,30.10519],[-81.479878,30.105023],[-81.479829,30.104974],[-81.479618,30.104773]]}},{"type":"Feature","properties":{"id":"110536455009","name":"Florida East Coast Rlwy","mtfcc":"R1011"},"geometry":{"type":"LineString","coordinates":[[-81.52608,30.139476],[-81.523865,30.139476],[-81.518057,30.13936],[-81.515919,30.139313],[-81.515391,30.139304],[-81.514983,30.139263],[-81.51478,30.139223],[-81.514523,30.139114],[-81.514111,30.138816],[-81.513797,30.138553],[-81.513593,30.138377],[-81.513421,30.138278]]}},{"type":"Feature","properties":{"id":"110536455010","name":"Florida East Coast Rlwy","mtfcc":"R1011"},"geometry":{"type":"LineString","coordinates":[[-81.591087,30.223626],[-81.589138,30.220709],[-81.586212,30.216567],[-81.583958,30.213376],[-81.581376,30.209721],[-81.578798,30.206099],[-81.577419,30.204105],[-81.574178,30.19956],[-81.571264,30.195582],[-81.56212,30.186473],[-81.561268,30.185659],[-81.560311,30.18476],[-81.559721,30.184172],[-81.559161,30.183697],[-81.558675,30.183362],[-81.558496,30.183222],[-81.558325,30.183032],[-81.558277,30.182963],[-81.557781,30.182241],[-81.557531,30.181974],[-81.555813,30.180262],[-81.554498,30.178963],[-81.554303,30.17877],[-81.549978,30.174494],[-81.547871,30.172409],[-81.547398,30.171922],[-81.546729,30.171303],[-81.546677,30.171259],[-81.546145,30.170697],[-81.545838,30.170411],[-81.5453,30.169877],[-81.544938,30.169516],[-81.543773,30.168358],[-81.542491,30.167087],[-81.542269,30.166867],[-81.53991,30.164528],[-81.53656,30.1612],[-81.52665,30.151387],[-81.524403,30.149159],[-81.523723,30.148484],[-81.51841,30.143227],[-81.513421,30.138278]]}},{"type":"Feature","properties":{"id":"110536455013","name":"Florida East Coast Rlwy","mtfcc":"R1011"},"geometry":{"type":"LineString","coordinates":[[-81.599388,30.237229],[-81.599592,30.237667],[-81.600198,30.238879],[-81.600721,30.239621],[-81.600883,30.239847],[-81.601698,30.240756]]}},{"type":"Feature","properties":{"id":"110536455014","name":"Florida East Coast Rlwy","mtfcc":"R1011"},"geometry":{"type":"LineString","coordinates":[[-81.599335,30.237066],[-81.599748,30.237808],[-81.599978,30.238255],[-81.601698,30.240756]]}},{"type":"Feature","properties":{"id":"110536455016","name":"Florida East Coast Rlwy","mtfcc":"R1011"},"geometry":{"type":"LineString","coordinates":[[-81.599388,30.237229],[-81.599445,30.237468],[-81.599456,30.237735],[-81.599383,30.237993],[-81.599268,30.238201],[-81.599032,30.238423],[-81.598703,30.238612],[-81.598536,30.238689],[-81.597574,30.239182]]}},{"type":"Feature","properties":{"id":"110536455017","name":"Florida East Coast Rlwy","mtfcc":"R1011"},"geometry":{"type":"LineString","coordinates":[[-81.599335,30.237066],[-81.599388,30.237229]]}},{"type":"Feature","properties":{"id":"110536455025","name":"Florida East Coast Rlwy","mtfcc":"R1011"},"geometry":{"type":"LineString","coordinates":[[-81.617347,30.260694],[-81.608914,30.24884],[-81.597923,30.233368],[-81.595558,30.230039],[-81.595047,30.229319],[-81.594695,30.228824],[-81.59218,30.225284],[-81.591087,30.223626]]}},{"type":"Feature","properties":{"id":"1107062585884","name":"Florida East Coast Rlwy","mtfcc":"R1011"},"geometry":{"type":"LineString","coordinates":[[-81.667323,30.325402],[-81.667116,30.325107],[-81.667038,30.324997],[-81.666366,30.324043],[-81.664093,30.32068],[-81.662743,30.318603],[-81.662618,30.318295],[-81.661311,30.316306],[-81.660604,30.315283],[-81.660433,30.315044],[-81.66002,30.314601],[-81.659701,30.314325],[-81.659389,30.314067],[-81.659163,30.313926],[-81.658964,30.313814],[-81.658797,30.313751],[-81.658604,30.313723],[-81.658489,30.313692],[-81.658447,30.313642],[-81.658321,30.313511],[-81.658238,30.313389],[-81.658123,30.313294],[-81.657427,30.312853],[-81.657155,30.312683],[-81.65625,30.312148],[-81.655829,30.311878],[-81.654714,30.311223],[-81.653596,30.310513],[-81.653053,30.31021],[-81.65241,30.309762],[-81.651997,30.309396],[-81.65184,30.30926],[-81.651474,30.308912],[-81.651321,30.308702],[-81.651082,30.308428],[-81.650653,30.307881],[-81.649768,30.306612],[-81.649472,30.306199],[-81.645149,30.300062],[-81.645045,30.29994],[-81.644851,30.299692],[-81.64458,30.299307],[-81.643877,30.298291],[-81.643738,30.298091],[-81.642771,30.296768],[-81.642669,30.296622],[-81.641663,30.295183],[-81.641308,30.294677],[-81.64055,30.2936],[-81.639494,30.292095],[-81.638941,30.291305],[-81.638229,30.29029],[-81.636749,30.28822],[-81.63562,30.286642],[-81.634879,30.285556],[-81.634204,30.284592],[-81.631643,30.28097],[-81.631056,30.280138],[-81.631011,30.280075],[-81.630164,30.278868],[-81.629144,30.277464],[-81.627808,30.27558],[-81.62696,30.274382],[-81.626068,30.273102],[-81.623756,30.269787]]}},{"type":"Feature","properties":{"id":"1108310869172","name":"Florida East Coast Rlwy","mtfcc":"R1011"},"geometry":{"type":"LineString","coordinates":[[-81.152625,29.348986],[-81.153504,29.349634],[-81.155808,29.351334],[-81.156148,29.351586],[-81.156575,29.351901],[-81.157032,29.352238],[-81.15706,29.352256],[-81.157145,29.352313],[-81.157174,29.352332],[-81.159034,29.353714],[-81.159563,29.354107],[-81.164602,29.35788],[-81.166458,29.35927],[-81.167868,29.3603],[-81.169226,29.361307],[-81.170954,29.362963],[-81.171633,29.363744],[-81.176299,29.368701],[-81.177281,29.369751],[-81.178456,29.370956],[-81.179165,29.371648],[-81.180673,29.373433],[-81.181811,29.374994],[-81.186614,29.381454],[-81.188133,29.383516],[-81.188562,29.384201],[-81.188835,29.384868],[-81.189659,29.387169],[-81.190201,29.388658],[-81.192961,29.396242],[-81.19321,29.396929],[-81.194104,29.39945],[-81.194526,29.400503],[-81.196071,29.404793],[-81.196211,29.405139],[-81.196387,29.405437],[-81.196685,29.40597],[-81.196995,29.406363],[-81.197257,29.406643],[-81.197769,29.407098],[-81.19804,29.407296],[-81.199591,29.40821],[-81.202033,29.409352],[-81.202852,29.409813],[-81.203715,29.410471],[-81.204662,29.411591],[-81.205634,29.412824],[-81.205991,29.41326],[-81.208491,29.416408],[-81.210029,29.418184],[-81.210897,29.419175],[-81.211257,29.419508],[-81.211511,29.419669],[-81.213504,29.420644],[-81.217765,29.422449],[-81.219198,29.423039],[-81.22095,29.423761],[-81.22353,29.424771],[-81.224486,29.425145],[-81.224976,29.425356],[-81.226073,29.425802],[-81.226878,29.426175],[-81.227376,29.426491],[-81.227778,29.426779],[-81.22818,29.427133],[-81.228554,29.427545],[-81.228851,29.427918],[-81.2296,29.429073],[-81.230714,29.430687],[-81.231824,29.432303],[-81.233286,29.434485],[-81.233504,29.434806],[-81.233773,29.435198],[-81.233799,29.435236],[-81.233813,29.435255],[-81.233828,29.435277],[-81.240561,29.445316],[-81.241674,29.446848],[-81.242054,29.447267],[-81.242611,29.447857],[-81.245328,29.450738],[-81.247328,29.453092],[-81.24785,29.453705],[-81.249474,29.455787],[-81.250084,29.456616],[-81.252055,29.459078],[-81.253291,29.460604],[-81.253797,29.461236],[-81.254441,29.462002],[-81.254979,29.462557],[-81.255501,29.463004],[-81.256039,29.463394],[-81.257291,29.464251],[-81.258399,29.464994],[-81.259271,29.465588],[-81.260117,29.466166],[-81.260222,29.466235],[-81.260535,29.466441],[-81.260639,29.466512],[-81.260709,29.466559],[-81.26092,29.466704],[-81.260991,29.466753],[-81.261064,29.466802],[-81.261286,29.466949],[-81.26136,29.466999],[-81.261873,29.467357],[-81.264538,29.469158],[-81.265211,29.469617],[-81.265631,29.469926],[-81.266016,29.470264],[-81.266268,29.470527],[-81.266488,29.470786],[-81.266699,29.471062],[-81.266843,29.471282],[-81.266988,29.471522],[-81.267145,29.47184],[-81.267243,29.472087],[-81.267382,29.472454],[-81.267434,29.472655],[-81.267526,29.473052],[-81.267794,29.474477],[-81.26854,29.478499],[-81.269138,29.48167],[-81.269233,29.482105],[-81.269515,29.48365],[-81.26976,29.48499],[-81.270499,29.48892],[-81.270502,29.488938],[-81.27188,29.496293],[-81.27202,29.497043],[-81.272695,29.500636],[-81.274585,29.510673],[-81.274677,29.511177],[-81.281684,29.548621],[-81.282242,29.551562],[-81.28262,29.553582],[-81.282796,29.554523],[-81.284669,29.564498],[-81.287057,29.577245],[-81.289949,29.592681],[-81.290014,29.593028],[-81.290056,29.593252],[-81.29023,29.594182],[-81.291054,29.59857],[-81.295888,29.624298],[-81.298298,29.637149],[-81.298747,29.63959],[-81.300791,29.650484]]}},{"type":"Feature","properties":{"id":"11030115296245","name":"Florida Gulf & Atlantic Railroad, LLC","mtfcc":"R1011"},"geometry":{"type":"LineString","coordinates":[[-82.646918,30.196775],[-82.647103,30.196748],[-82.647456,30.196697],[-82.647844,30.196658],[-82.648165,30.196658],[-82.650687,30.196768]]}},{"type":"Feature","properties":{"id":"11020511311416","name":"Georgia & Florida Rlwy","mtfcc":"R1011"},"geometry":{"type":"LineString","coordinates":[[-82.648617,30.209074],[-82.648289,30.208882],[-82.648064,30.208772],[-82.647876,30.208678],[-82.64762,30.208589],[-82.647426,30.208558],[-82.647128,30.208521],[-82.646956,30.208516],[-82.646642,30.208537],[-82.644734,30.20874],[-82.642402,30.208987],[-82.642386,30.208972]]}},{"type":"Feature","properties":{"id":"11020511315040","name":"Georgia & Florida Rlwy","mtfcc":"R1011"},"geometry":{"type":"LineString","coordinates":[[-82.648617,30.209074],[-82.648511,30.208937]]}},{"type":"Feature","properties":{"id":"11020511315041","name":"Georgia & Florida Rlwy","mtfcc":"R1011"},"geometry":{"type":"LineString","coordinates":[[-82.738352,30.326063],[-82.738276,30.326025],[-82.7382,30.325987],[-82.736557,30.325161],[-82.733755,30.323754],[-82.731189,30.322427],[-82.729406,30.321505],[-82.728717,30.321147],[-82.726652,30.320075],[-82.725964,30.319718],[-82.724636,30.319036],[-82.720655,30.316993],[-82.719328,30.316312],[-82.716663,30.315045],[-82.715183,30.313991],[-82.714364,30.313143],[-82.714106,30.312785],[-82.71295,30.310962],[-82.712548,30.310087],[-82.712333,30.309511],[-82.712068,30.308839],[-82.711273,30.306826],[-82.711009,30.306155],[-82.710583,30.305081],[-82.709971,30.303535],[-82.709308,30.301862],[-82.708884,30.300789],[-82.708804,30.300586],[-82.708589,30.300041],[-82.708564,30.299979],[-82.708482,30.299778],[-82.708387,30.299546],[-82.708102,30.298852],[-82.708008,30.298621],[-82.706302,30.294413],[-82.704823,30.290764],[-82.703302,30.287012],[-82.702964,30.286179],[-82.702852,30.285903],[-82.702028,30.284499],[-82.700469,30.28216],[-82.700142,30.281669],[-82.697885,30.278561],[-82.697817,30.278476],[-82.697442,30.278015],[-82.69679,30.277212],[-82.696482,30.276767],[-82.696365,30.276597],[-82.696028,30.276109],[-82.695654,30.27558],[-82.694535,30.273996],[-82.694331,30.273707],[-82.694158,30.273471],[-82.69286,30.271664],[-82.688969,30.266246],[-82.687672,30.26444],[-82.685303,30.26115],[-82.684388,30.259879],[-82.68162,30.255754],[-82.6813,30.255329],[-82.67824,30.251258],[-82.677798,30.250669],[-82.676182,30.248512],[-82.675779,30.24804],[-82.675735,30.247987],[-82.675444,30.247565],[-82.674455,30.246129],[-82.674126,30.245651],[-82.674067,30.245573],[-82.673893,30.245343],[-82.673835,30.245266],[-82.67374,30.245127],[-82.673663,30.245015],[-82.673455,30.244712],[-82.673361,30.244574],[-82.673222,30.244368],[-82.673135,30.24424],[-82.673048,30.244111],[-82.673031,30.244086],[-82.672041,30.242623],[-82.671711,30.242136],[-82.669629,30.239053],[-82.666351,30.234197],[-82.663306,30.229859],[-82.66117,30.226815],[-82.659076,30.223832],[-82.658245,30.222649],[-82.65283,30.21486],[-82.65075,30.211869],[-82.650615,30.211673],[-82.650416,30.211414],[-82.649386,30.21007],[-82.649043,30.209623],[-82.648936,30.209485],[-82.648617,30.209074]]}},{"type":"Feature","properties":{"id":"11033198678310","name":"Georgia & Florida Rlwy","mtfcc":"R1011"},"geometry":{"type":"LineString","coordinates":[[-82.090776,30.51629],[-82.090404,30.516456],[-82.090182,30.516577],[-82.090032,30.516673],[-82.089888,30.516852],[-82.089617,30.517228],[-82.089467,30.517463],[-82.089353,30.5176],[-82.089252,30.517692],[-82.089141,30.517776],[-82.088907,30.517911],[-82.088731,30.517981],[-82.088506,30.518039],[-82.088301,30.518056],[-82.088147,30.518059],[-82.087983,30.518054],[-82.087248,30.517962]]}},{"type":"Feature","properties":{"id":"11033198679138","name":"Georgia & Florida Rlwy","mtfcc":"R1011"},"geometry":{"type":"LineString","coordinates":[[-82.080343,30.517092],[-82.079205,30.517205],[-82.077943,30.517333],[-82.076299,30.517473],[-82.075458,30.517556],[-82.073151,30.517783],[-82.071774,30.517902],[-82.071098,30.517962],[-82.07003,30.518063],[-82.06951,30.51811],[-82.066898,30.518373],[-82.065679,30.518498],[-82.063309,30.518695],[-82.062004,30.518814],[-82.060111,30.518988],[-82.057235,30.519305],[-82.053782,30.519596],[-82.051522,30.519791],[-82.04594,30.520333],[-82.044545,30.52044],[-82.042251,30.520658],[-82.039894,30.520883],[-82.038999,30.520959],[-82.038567,30.521001],[-82.037464,30.521097],[-82.036723,30.521115],[-82.035029,30.521157],[-82.034521,30.521169],[-82.030173,30.521232],[-82.029068,30.521259],[-82.027696,30.521295],[-82.026404,30.521315],[-82.025245,30.521334],[-82.016541,30.521475]]}},{"type":"Feature","properties":{"id":"11033198679146","name":"Georgia & Florida Rlwy","mtfcc":"R1011"},"geometry":{"type":"LineString","coordinates":[[-82.090776,30.51629],[-82.090472,30.516372],[-82.09023,30.516422],[-82.089823,30.516485],[-82.08934,30.516538],[-82.088544,30.516601],[-82.087752,30.516664],[-82.086693,30.51676],[-82.085795,30.516828],[-82.084444,30.516968],[-82.083488,30.517064],[-82.082672,30.517151],[-82.082236,30.517209],[-82.081956,30.517224],[-82.081618,30.517233],[-82.081198,30.5172],[-82.080908,30.517166],[-82.080672,30.517146],[-82.080343,30.517092]]}},{"type":"Feature","properties":{"id":"11033198679147","name":"Georgia & Florida Rlwy","mtfcc":"R1011"},"geometry":{"type":"LineString","coordinates":[[-82.091438,30.51606],[-82.091063,30.516191],[-82.090776,30.51629]]}},{"type":"Feature","properties":{"id":"11033198679148","name":"Georgia & Florida Rlwy","mtfcc":"R1011"},"geometry":{"type":"LineString","coordinates":[[-82.091438,30.51606],[-82.090673,30.516138],[-82.089124,30.516275],[-82.088334,30.51635],[-82.085949,30.516579],[-82.084176,30.516743],[-82.083589,30.5168],[-82.080343,30.517092]]}},{"type":"Feature","properties":{"id":"11033198679149","name":"Georgia & Florida Rlwy","mtfcc":"R1011"},"geometry":{"type":"LineString","coordinates":[[-82.228727,30.515344],[-82.224194,30.517377],[-82.224012,30.517454],[-82.218634,30.519746],[-82.21716,30.520381],[-82.216025,30.520772],[-82.215327,30.520962],[-82.214173,30.521127],[-82.208721,30.521333],[-82.19425,30.521847],[-82.193226,30.521885],[-82.179661,30.522383],[-82.176609,30.52249],[-82.166399,30.522847],[-82.163424,30.52296],[-82.161489,30.523034],[-82.158021,30.523166],[-82.157706,30.523178],[-82.156778,30.523172],[-82.156028,30.523094],[-82.155294,30.523002],[-82.154624,30.522811],[-82.153889,30.522578],[-82.149194,30.520772],[-82.141522,30.517823],[-82.140313,30.517509],[-82.138878,30.517338],[-82.136369,30.517228],[-82.131921,30.517032],[-82.12661,30.516839],[-82.11823,30.516509],[-82.114253,30.516343],[-82.108875,30.516119],[-82.104997,30.515956],[-82.101116,30.515795],[-82.100513,30.515775],[-82.099568,30.515727],[-82.098817,30.515697],[-82.098084,30.515673],[-82.097462,30.515647],[-82.09715,30.515635],[-82.096548,30.515626],[-82.095816,30.515661],[-82.095309,30.515694],[-82.094348,30.515772],[-82.093156,30.515897],[-82.092149,30.515989],[-82.091438,30.51606]]}},{"type":"Feature","properties":{"id":"110455069740","name":"Georgia & Florida Rlwy","mtfcc":"R1011"},"geometry":{"type":"LineString","coordinates":[[-81.485493,31.130691],[-81.485206,31.13092],[-81.484499,31.131655],[-81.483724,31.132508],[-81.483172,31.133159],[-81.483117,31.13323],[-81.482931,31.133472],[-81.482761,31.133748],[-81.482719,31.133816],[-81.482565,31.134199],[-81.482491,31.134426],[-81.482487,31.134466],[-81.482435,31.13498],[-81.482398,31.13535],[-81.482411,31.135661],[-81.482471,31.136143],[-81.482492,31.136239],[-81.483701,31.139218]]}},{"type":"Feature","properties":{"id":"11050986082","name":"Georgia & Florida Rlwy","mtfcc":"R1011"},"geometry":{"type":"LineString","coordinates":[[-81.815908,30.393076],[-81.816164,30.392959],[-81.816587,30.392859],[-81.817152,30.3928],[-81.81758,30.392773],[-81.819575,30.392764]]}},{"type":"Feature","properties":{"id":"11055022269","name":"Georgia & Florida Rlwy","mtfcc":"R1011"},"geometry":{"type":"LineString","coordinates":[[-82.374844,30.558245],[-82.373082,30.557521],[-82.367798,30.555349],[-82.366037,30.554626],[-82.362737,30.553263],[-82.352838,30.549176],[-82.349539,30.547814],[-82.347938,30.547166],[-82.343138,30.545224],[-82.341538,30.544577],[-82.341054,30.544383],[-82.339603,30.543801],[-82.33912,30.543608],[-82.338689,30.543426],[-82.337398,30.542882],[-82.336968,30.542701],[-82.331683,30.540536],[-82.315829,30.534041],[-82.310545,30.531876],[-82.306557,30.530227],[-82.294596,30.525282],[-82.291222,30.523887],[-82.290598,30.523665],[-82.288794,30.523036],[-82.285224,30.521791],[-82.283363,30.521211],[-82.28154,30.520644],[-82.277824,30.519472],[-82.277391,30.519335],[-82.275962,30.518884],[-82.271328,30.517423],[-82.259228,30.513607],[-82.25365,30.511848],[-82.249837,30.510655],[-82.249549,30.510565],[-82.24598,30.509451],[-82.244751,30.509223],[-82.24415,30.509112],[-82.243116,30.509206],[-82.242108,30.509507],[-82.240996,30.51006],[-82.237367,30.511634],[-82.233426,30.513344],[-82.232486,30.513744],[-82.229666,30.514943],[-82.228727,30.515344]]}},{"type":"Feature","properties":{"id":"11057618942","name":"Georgia & Florida Rlwy","mtfcc":"R1011"},"geometry":{"type":"LineString","coordinates":[[-82.624898,30.758061],[-82.624275,30.757678],[-82.623255,30.757062],[-82.622339,30.756507],[-82.622099,30.756363],[-82.621204,30.755827],[-82.619988,30.755092],[-82.618704,30.754328],[-82.617492,30.753589],[-82.616403,30.752935],[-82.615269,30.752261],[-82.614686,30.751886],[-82.614197,30.751498],[-82.614001,30.75133],[-82.613435,30.750836],[-82.613108,30.750561],[-82.612899,30.750373],[-82.612871,30.750349]]}},{"type":"Feature","properties":{"id":"11082079565","name":"Georgia & Florida Rlwy","mtfcc":"R1011"},"geometry":{"type":"LineString","coordinates":[[-81.831212,30.467449],[-81.832346,30.468565],[-81.83409,30.47028],[-81.83532,30.47148],[-81.835756,30.471909],[-81.836857,30.472992],[-81.836892,30.473025],[-81.836925,30.47306],[-81.837452,30.473579],[-81.839138,30.475237],[-81.8397,30.47579],[-81.83995,30.47603],[-81.840144,30.476221],[-81.841468,30.477525],[-81.84191,30.47796],[-81.84262,30.47866],[-81.842922,30.478959],[-81.84381,30.47984],[-81.84528,30.48128],[-81.845964,30.481953],[-81.84664,30.48262],[-81.84698,30.48295],[-81.847289,30.483253],[-81.84814,30.48409],[-81.848216,30.484165],[-81.848527,30.484468],[-81.84939,30.48531],[-81.85056,30.48649],[-81.85195,30.487857],[-81.85481,30.49067],[-81.85707,30.49291],[-81.86137,30.49712],[-81.862253,30.497991],[-81.86277,30.4985],[-81.8644,30.50012],[-81.865688,30.501369],[-81.86603,30.5017],[-81.866458,30.50212],[-81.866559,30.502218],[-81.86799,30.50362],[-81.86892,30.50454],[-81.869165,30.504776],[-81.86948,30.50508],[-81.86971,30.50529],[-81.86993,30.50547],[-81.870079,30.505579],[-81.87045,30.50585],[-81.87082,30.5061],[-81.870931,30.506161],[-81.8714,30.50642],[-81.87189,30.50665],[-81.87228,30.50682],[-81.87303,30.50708],[-81.87351,30.50721],[-81.873809,30.507279],[-81.8739,30.5073],[-81.87431,30.50738],[-81.874825,30.50747]]}},{"type":"Feature","properties":{"id":"11082079566","name":"Georgia & Florida Rlwy","mtfcc":"R1011"},"geometry":{"type":"LineString","coordinates":[[-82.016541,30.521475],[-82.016311,30.521479],[-82.016081,30.521483],[-82.013788,30.52152],[-82.012148,30.521548],[-82.010969,30.521558],[-82.007559,30.521609],[-82.00734,30.52162],[-82.007104,30.521609],[-82.003648,30.521575],[-82.002982,30.521684],[-81.99777,30.52176],[-81.99321,30.52184],[-81.99218,30.52185],[-81.992162,30.52185],[-81.98902,30.521898],[-81.987973,30.521914],[-81.98622,30.52194],[-81.9851,30.52195],[-81.983794,30.521965],[-81.98258,30.52198],[-81.98012,30.52203],[-81.97734,30.52208],[-81.9748,30.5221],[-81.97199,30.52214],[-81.97131,30.52213],[-81.971257,30.522127],[-81.97044,30.52209],[-81.96981,30.52203],[-81.96911,30.52194],[-81.96762,30.52172],[-81.96711,30.521642],[-81.966784,30.521592],[-81.966199,30.521502],[-81.963468,30.521082],[-81.962558,30.520942],[-81.961566,30.520789],[-81.958591,30.520332],[-81.9576,30.52018],[-81.956473,30.520007],[-81.95375,30.51959],[-81.953093,30.519487],[-81.951967,30.519313],[-81.95027,30.51905],[-81.948832,30.518836],[-81.94778,30.51868],[-81.94162,30.51774],[-81.939431,30.517401],[-81.93735,30.51708],[-81.936299,30.516915],[-81.935224,30.516747],[-81.93486,30.51669],[-81.931999,30.516256],[-81.930924,30.516094],[-81.93037,30.51601],[-81.929995,30.515951],[-81.92721,30.515519],[-81.926282,30.515375],[-81.924865,30.515155],[-81.92451,30.5151],[-81.92235,30.51476],[-81.920615,30.514495],[-81.919198,30.514279],[-81.918833,30.514223],[-81.91789,30.51408],[-81.916803,30.513917],[-81.91602,30.5138],[-81.91062,30.51296],[-81.909623,30.512807],[-81.90723,30.51244],[-81.907158,30.512428],[-81.906945,30.512395],[-81.906874,30.512384],[-81.90609,30.51226],[-81.89964,30.51127],[-81.89588,30.51068],[-81.89293,30.51023],[-81.88978,30.50976],[-81.88674,30.50928],[-81.88273,30.50867],[-81.88103,30.5084],[-81.87994,30.50823],[-81.879891,30.508222],[-81.879744,30.5082],[-81.879696,30.508193]]}},{"type":"Feature","properties":{"id":"11082079567","name":"Georgia & Florida Rlwy","mtfcc":"R1011"},"geometry":{"type":"LineString","coordinates":[[-81.874415,30.507316],[-81.875019,30.507415],[-81.875754,30.507527],[-81.876688,30.507671],[-81.877168,30.507727],[-81.877555,30.507789],[-81.878134,30.507875],[-81.878707,30.507965],[-81.879218,30.508036],[-81.879696,30.508193]]}},{"type":"Feature","properties":{"id":"11082079568","name":"Georgia & Florida Rlwy","mtfcc":"R1011"},"geometry":{"type":"LineString","coordinates":[[-81.875084,30.50751],[-81.875385,30.507554],[-81.876291,30.507688],[-81.876593,30.507733],[-81.87752,30.50787],[-81.87876,30.50805],[-81.879264,30.508127],[-81.87935,30.50814],[-81.879609,30.508179],[-81.879696,30.508193]]}},{"type":"Feature","properties":{"id":"110455069469","name":"Golden Isles Terminal RR","mtfcc":"R1011"},"geometry":{"type":"LineString","coordinates":[[-81.546281,31.129224],[-81.545978,31.129121],[-81.545722,31.129041],[-81.545507,31.129013],[-81.545258,31.129026],[-81.544955,31.129067],[-81.54472,31.129155],[-81.544379,31.129353],[-81.544037,31.129609],[-81.543368,31.130062]]}},{"type":"Feature","properties":{"id":"110455069470","name":"Golden Isles Terminal RR","mtfcc":"R1011"},"geometry":{"type":"LineString","coordinates":[[-81.546281,31.129224],[-81.546024,31.129078],[-81.545136,31.128587],[-81.544666,31.128328],[-81.543736,31.127852],[-81.542948,31.12741]]}},{"type":"Feature","properties":{"id":"110455069471","name":"Golden Isles Terminal RR","mtfcc":"R1011"},"geometry":{"type":"LineString","coordinates":[[-81.546912,31.129552],[-81.546281,31.129224]]}},{"type":"Feature","properties":{"id":"110455069472","name":"Golden Isles Terminal RR","mtfcc":"R1011"},"geometry":{"type":"LineString","coordinates":[[-81.542822,31.121339],[-81.542589,31.121101],[-81.541981,31.120553],[-81.541957,31.120524]]}},{"type":"Feature","properties":{"id":"110455069473","name":"Golden Isles Terminal RR","mtfcc":"R1011"},"geometry":{"type":"LineString","coordinates":[[-81.544578,31.124294],[-81.543934,31.123177],[-81.543162,31.121782],[-81.542988,31.121493],[-81.542822,31.121339]]}},{"type":"Feature","properties":{"id":"110455069474","name":"Golden Isles Terminal RR","mtfcc":"R1011"},"geometry":{"type":"LineString","coordinates":[[-81.546343,31.128739],[-81.545689,31.127672],[-81.545477,31.127338],[-81.545361,31.12712],[-81.545296,31.126997],[-81.544909,31.1262],[-81.544507,31.125306],[-81.54333,31.122384],[-81.542966,31.121583],[-81.542822,31.121339]]}},{"type":"Feature","properties":{"id":"110455069475","name":"Golden Isles Terminal RR","mtfcc":"R1011"},"geometry":{"type":"LineString","coordinates":[[-81.542948,31.12741],[-81.543637,31.127875],[-81.54384,31.128077],[-81.543982,31.128273],[-81.544098,31.12851],[-81.544133,31.128753],[-81.544121,31.129013],[-81.544088,31.129187],[-81.544042,31.12932],[-81.543956,31.129477],[-81.543869,31.129599],[-81.543742,31.129726],[-81.543507,31.12993],[-81.543368,31.130062]]}},{"type":"Feature","properties":{"id":"110455069476","name":"Golden Isles Terminal RR","mtfcc":"R1011"},"geometry":{"type":"LineString","coordinates":[[-81.543368,31.130062],[-81.541934,31.131149],[-81.540889,31.131908],[-81.540579,31.132105],[-81.540309,31.132296],[-81.540067,31.132456],[-81.539797,31.132647],[-81.53948,31.132782],[-81.539126,31.132862],[-81.538725,31.132814],[-81.538436,31.132655],[-81.538231,31.13248],[-81.538045,31.132272],[-81.537803,31.132049],[-81.537626,31.131906],[-81.537402,31.131715],[-81.537151,31.131468],[-81.536983,31.131253],[-81.536918,31.131054],[-81.53689,31.130727],[-81.536992,31.130313],[-81.537086,31.13009],[-81.537116,31.130015],[-81.537162,31.129947],[-81.537319,31.129783],[-81.537492,31.129659],[-81.537783,31.129457],[-81.538404,31.129047],[-81.539947,31.127962],[-81.539972,31.127925],[-81.54041,31.127605],[-81.540487,31.127544],[-81.54065,31.12743],[-81.540824,31.12733],[-81.540915,31.127285],[-81.54109,31.127211],[-81.541349,31.127128],[-81.541555,31.127094],[-81.541645,31.127086],[-81.541764,31.127081],[-81.541973,31.127089],[-81.542077,31.127101],[-81.54218,31.127118],[-81.542382,31.127168],[-81.54248,31.127199],[-81.542673,31.12727],[-81.542857,31.127356],[-81.542948,31.12741]]}},{"type":"Feature","properties":{"id":"110455069477","name":"Golden Isles Terminal RR","mtfcc":"R1011"},"geometry":{"type":"LineString","coordinates":[[-81.546343,31.128739],[-81.546437,31.128929],[-81.546474,31.129013],[-81.546517,31.129095],[-81.546566,31.129175],[-81.546648,31.129285],[-81.546912,31.129552]]}},{"type":"Feature","properties":{"id":"110455069478","name":"Golden Isles Terminal RR","mtfcc":"R1011"},"geometry":{"type":"LineString","coordinates":[[-81.544578,31.124294],[-81.545149,31.125715],[-81.54565,31.126982],[-81.545922,31.127635],[-81.546179,31.128283],[-81.546343,31.128739]]}},{"type":"Feature","properties":{"id":"110455069479","name":"Golden Isles Terminal RR","mtfcc":"R1011"},"geometry":{"type":"LineString","coordinates":[[-81.544578,31.124294],[-81.544113,31.123125],[-81.543784,31.122276],[-81.543558,31.121727],[-81.543478,31.121544],[-81.543241,31.120923],[-81.543199,31.120813],[-81.543118,31.120602],[-81.542949,31.120212],[-81.542625,31.119441],[-81.542544,31.119224],[-81.542502,31.119132],[-81.541996,31.117839],[-81.541779,31.117273],[-81.541674,31.116985],[-81.541666,31.116755],[-81.541714,31.116497],[-81.541804,31.11624],[-81.541918,31.116061],[-81.542276,31.115708],[-81.543614,31.114617],[-81.543821,31.114446],[-81.544033,31.114271],[-81.545595,31.112982],[-81.54596,31.112703],[-81.546124,31.112613],[-81.546318,31.112523],[-81.546483,31.11248],[-81.546696,31.112443],[-81.546897,31.112421],[-81.54733,31.112461],[-81.547899,31.112537],[-81.54794,31.112547]]}},{"type":"Feature","properties":{"id":"110455069480","name":"Golden Isles Terminal RR","mtfcc":"R1011"},"geometry":{"type":"LineString","coordinates":[[-81.546912,31.129552],[-81.547289,31.129779],[-81.548621,31.130519],[-81.549979,31.131282],[-81.550163,31.131387],[-81.550357,31.131497],[-81.551833,31.132358],[-81.55326,31.133163],[-81.554711,31.133991],[-81.555679,31.134554],[-81.557116,31.13536],[-81.557423,31.135545],[-81.558193,31.135985],[-81.558888,31.136357],[-81.559023,31.136412],[-81.559447,31.136586],[-81.559834,31.136728],[-81.560227,31.136853],[-81.560627,31.136962],[-81.561741,31.137219],[-81.562149,31.137303],[-81.56297,31.137456],[-81.563172,31.137503],[-81.563372,31.137558],[-81.563418,31.137573],[-81.563666,31.137654],[-81.563762,31.13769],[-81.563948,31.137774],[-81.564038,31.13782],[-81.564211,31.137922],[-81.564625,31.138216],[-81.564676,31.138256],[-81.564771,31.13833],[-81.564845,31.138394],[-81.564982,31.138531],[-81.565045,31.138603],[-81.565157,31.138755],[-81.565366,31.139069],[-81.565466,31.139227],[-81.56551,31.139309],[-81.565549,31.139393],[-81.565803,31.140127],[-81.565935,31.140518],[-81.566061,31.140862],[-81.566137,31.14103],[-81.566226,31.141193],[-81.566327,31.141352],[-81.566438,31.141504],[-81.566517,31.141601],[-81.566559,31.141652],[-81.566689,31.141794],[-81.566828,31.141929],[-81.566976,31.142057],[-81.567132,31.142177],[-81.567381,31.142342],[-81.567556,31.142442],[-81.567738,31.142533],[-81.567925,31.142614],[-81.568118,31.142685],[-81.568315,31.142746],[-81.568515,31.1428],[-81.568719,31.142845],[-81.568924,31.14288],[-81.569132,31.142904],[-81.569304,31.142914],[-81.569551,31.142916],[-81.569798,31.1429],[-81.570486,31.142885],[-81.570767,31.142896],[-81.570977,31.142898],[-81.571186,31.142912],[-81.571305,31.142926],[-81.571336,31.14293],[-81.571394,31.142937],[-81.571408,31.14294],[-81.571599,31.142974],[-81.571752,31.14301],[-81.571999,31.143082],[-81.572191,31.143154],[-81.572377,31.143239],[-81.572646,31.143378],[-81.572906,31.14353],[-81.573074,31.143639],[-81.573233,31.143756],[-81.573384,31.143882],[-81.573524,31.144016],[-81.573654,31.144158],[-81.573837,31.144378],[-81.574064,31.14462],[-81.5742,31.144756],[-81.574739,31.145296],[-81.575305,31.145911],[-81.575377,31.145984],[-81.576361,31.146994],[-81.577905,31.148609],[-81.578478,31.149194],[-81.578994,31.149608],[-81.579333,31.149821],[-81.579685,31.150026],[-81.579954,31.150166],[-81.580233,31.150292],[-81.580423,31.150368],[-81.580732,31.150473],[-81.581986,31.150895],[-81.582577,31.151081],[-81.583284,31.151286],[-81.584423,31.151672],[-81.584997,31.151941],[-81.585418,31.152168],[-81.586162,31.152698],[-81.586562,31.153084],[-81.586767,31.153312],[-81.586975,31.153562],[-81.587047,31.153673],[-81.587454,31.154297],[-81.587631,31.154584],[-81.587888,31.155079],[-81.588266,31.155744],[-81.588339,31.15589],[-81.588392,31.155984],[-81.588724,31.156578],[-81.588851,31.156805],[-81.589018,31.157079],[-81.589746,31.158385],[-81.589849,31.158543],[-81.590567,31.159807],[-81.590958,31.160541],[-81.590998,31.160624],[-81.591033,31.160709],[-81.591088,31.160883],[-81.591107,31.160972],[-81.591132,31.161123],[-81.591155,31.16123],[-81.591193,31.16155],[-81.591183,31.162213],[-81.591199,31.162754],[-81.5912,31.162993],[-81.591201,31.163296],[-81.591194,31.163643],[-81.591196,31.16391],[-81.591182,31.165252],[-81.59119,31.169246],[-81.591221,31.169606],[-81.591278,31.170054],[-81.591352,31.170501],[-81.591412,31.170766],[-81.591487,31.171029],[-81.591605,31.171375],[-81.591743,31.171716],[-81.591936,31.172136],[-81.592063,31.172383],[-81.592204,31.172625],[-81.592356,31.172863],[-81.592462,31.173018],[-81.592579,31.173168],[-81.592642,31.17324],[-81.592699,31.173316],[-81.592803,31.173473],[-81.59292,31.173622],[-81.593586,31.17432],[-81.593731,31.17445],[-81.594581,31.175121],[-81.594742,31.175237],[-81.594911,31.175344],[-81.59553,31.175684],[-81.595704,31.175785],[-81.595944,31.175898],[-81.596692,31.176206],[-81.599164,31.177204],[-81.601142,31.177986],[-81.602703,31.178613],[-81.604494,31.179322],[-81.605371,31.17968],[-81.606071,31.179965],[-81.608052,31.180739],[-81.609824,31.181469],[-81.611528,31.182132],[-81.613344,31.182869],[-81.61515,31.183611],[-81.616931,31.184328],[-81.617337,31.184487],[-81.618684,31.185016],[-81.620378,31.185691],[-81.621587,31.186236],[-81.622156,31.186604],[-81.623206,31.187383],[-81.624023,31.188087],[-81.624448,31.188594],[-81.624772,31.189201],[-81.624982,31.18955],[-81.625049,31.189662],[-81.625354,31.190303],[-81.625414,31.190498],[-81.625584,31.191002],[-81.625719,31.191618],[-81.625854,31.192551],[-81.626026,31.194285],[-81.626037,31.194376],[-81.626051,31.1945],[-81.626065,31.194641],[-81.626171,31.195797],[-81.626308,31.197118],[-81.626351,31.197653],[-81.62652,31.19976],[-81.626691,31.201088],[-81.626823,31.202335],[-81.626961,31.203739],[-81.627061,31.204693],[-81.627202,31.206109],[-81.62726,31.206629],[-81.627293,31.20693],[-81.62733,31.207265],[-81.627372,31.207643],[-81.627509,31.208976],[-81.627622,31.210293],[-81.62778,31.211718],[-81.627907,31.213038],[-81.628192,31.215713],[-81.628236,31.216169],[-81.628707,31.221017],[-81.628859,31.222367],[-81.629101,31.224783],[-81.629156,31.225286],[-81.629265,31.226285],[-81.629276,31.226388],[-81.629409,31.227721],[-81.629507,31.229063],[-81.629486,31.229694],[-81.629477,31.230506],[-81.629461,31.230777],[-81.629444,31.230957],[-81.629406,31.231251],[-81.629361,31.231546],[-81.629311,31.231839],[-81.629255,31.232132],[-81.629193,31.232423],[-81.629089,31.232859],[-81.628654,31.234203],[-81.628414,31.234776],[-81.627096,31.236943],[-81.62636,31.237868],[-81.625976,31.23835],[-81.624976,31.239606],[-81.62492,31.239649],[-81.624797,31.239791],[-81.624438,31.24012],[-81.624069,31.240441],[-81.623613,31.240814],[-81.623441,31.240948],[-81.623028,31.241175],[-81.622897,31.241253],[-81.622777,31.241339],[-81.62226,31.241692],[-81.62169,31.242028],[-81.619882,31.243213],[-81.618759,31.243906],[-81.618085,31.244321],[-81.616098,31.245568],[-81.61479,31.246397],[-81.613674,31.247095],[-81.612801,31.24764],[-81.612049,31.248098],[-81.610921,31.248787],[-81.609278,31.249812],[-81.608822,31.25009]]}},{"type":"Feature","properties":{"id":"11030115303103","name":"Norfolk Southern Rlwy","mtfcc":"R1011"},"geometry":{"type":"LineString","coordinates":[[-81.785675,30.419557],[-81.785428,30.419863],[-81.785226,30.420126],[-81.785102,30.420364],[-81.785009,30.420623],[-81.784947,30.420922],[-81.784957,30.421227],[-81.785035,30.421532],[-81.785102,30.421795],[-81.785267,30.42208],[-81.78549,30.422409]]}},{"type":"Feature","properties":{"id":"11040757164644","name":"Norfolk Southern Rlwy","mtfcc":"R1011"},"geometry":{"type":"LineString","coordinates":[[-81.78549,30.422409],[-81.785924,30.422837],[-81.787728,30.424616],[-81.789282,30.42615],[-81.798758,30.43547],[-81.80759,30.444201],[-81.807717,30.444306],[-81.824289,30.46063],[-81.828097,30.464366],[-81.831212,30.467449]]}},{"type":"Feature","properties":{"id":"11040757164658","name":"Norfolk Southern Rlwy","mtfcc":"R1011"},"geometry":{"type":"LineString","coordinates":[[-81.733334,30.370933],[-81.733921,30.371538],[-81.735952,30.373514],[-81.738016,30.375336],[-81.741797,30.379195],[-81.742052,30.379451],[-81.747612,30.385038],[-81.750949,30.388305],[-81.75466,30.391999],[-81.755882,30.393215],[-81.756718,30.394048],[-81.756956,30.394286],[-81.757198,30.394515],[-81.76022,30.397499],[-81.767982,30.405118],[-81.775142,30.412195],[-81.775274,30.412331],[-81.782858,30.41981],[-81.78549,30.422409]]}},{"type":"Feature","properties":{"id":"11050966575","name":"Norfolk Southern Rlwy","mtfcc":"R1011"},"geometry":{"type":"LineString","coordinates":[[-81.715473,30.357109],[-81.716027,30.357105],[-81.716262,30.357097],[-81.716472,30.357047],[-81.716673,30.356994],[-81.716835,30.356919],[-81.716988,30.356828],[-81.717078,30.356726]]}},{"type":"Feature","properties":{"id":"11050966577","name":"Norfolk Southern Rlwy","mtfcc":"R1011"},"geometry":{"type":"LineString","coordinates":[[-81.722369,30.359983],[-81.722575,30.360458],[-81.722733,30.360706],[-81.722823,30.360938],[-81.722909,30.361318],[-81.723,30.361686],[-81.723105,30.36191],[-81.723239,30.362141],[-81.728164,30.367012],[-81.729294,30.36812],[-81.729595,30.368343],[-81.729973,30.368566],[-81.730288,30.368707],[-81.730604,30.368835],[-81.730895,30.368934],[-81.731182,30.369046],[-81.731488,30.36924],[-81.733334,30.370933]]}},{"type":"Feature","properties":{"id":"11050966580","name":"Norfolk Southern Rlwy","mtfcc":"R1011"},"geometry":{"type":"LineString","coordinates":[[-81.720305,30.359243],[-81.720615,30.359226],[-81.720979,30.359243],[-81.721294,30.359313],[-81.721576,30.359441],[-81.721925,30.359669],[-81.722216,30.3599],[-81.722369,30.359983]]}},{"type":"Feature","properties":{"id":"11050966581","name":"Norfolk Southern Rlwy","mtfcc":"R1011"},"geometry":{"type":"LineString","coordinates":[[-81.721332,30.358995],[-81.722369,30.359983]]}},{"type":"Feature","properties":{"id":"11050966582","name":"Norfolk Southern Rlwy","mtfcc":"R1011"},"geometry":{"type":"LineString","coordinates":[[-81.715473,30.357109],[-81.715731,30.357188],[-81.715894,30.357242],[-81.716018,30.357304],[-81.716128,30.357357],[-81.716271,30.357444],[-81.716419,30.357523],[-81.716582,30.357614],[-81.716763,30.357696],[-81.716955,30.357758],[-81.71717,30.35782],[-81.717495,30.357882],[-81.717863,30.357907],[-81.718226,30.357957],[-81.718608,30.358015],[-81.719033,30.358097],[-81.719239,30.358135],[-81.719497,30.35823],[-81.720018,30.358341],[-81.720443,30.358441],[-81.720606,30.358527],[-81.720826,30.358618],[-81.721332,30.358995]]}},{"type":"Feature","properties":{"id":"11050966584","name":"Norfolk Southern Rlwy","mtfcc":"R1011"},"geometry":{"type":"LineString","coordinates":[[-81.714025,30.356986],[-81.715473,30.357109]]}},{"type":"Feature","properties":{"id":"11050966585","name":"Norfolk Southern Rlwy","mtfcc":"R1011"},"geometry":{"type":"LineString","coordinates":[[-81.721065,30.358738],[-81.721332,30.358995]]}},{"type":"Feature","properties":{"id":"11050985727","name":"Norfolk Southern Rlwy","mtfcc":"R1011"},"geometry":{"type":"LineString","coordinates":[[-81.650591,30.351141],[-81.649988,30.351106],[-81.649479,30.351078],[-81.649044,30.351066],[-81.648552,30.351032],[-81.647904,30.351032],[-81.647513,30.351083],[-81.64689,30.351162],[-81.646258,30.351472],[-81.645879,30.351845],[-81.645548,30.352457],[-81.64544,30.352809]]}},{"type":"Feature","properties":{"id":"11050985731","name":"Norfolk Southern Rlwy","mtfcc":"R1011"},"geometry":{"type":"LineString","coordinates":[[-81.638276,30.366581],[-81.63825,30.366676],[-81.638124,30.366979],[-81.637999,30.367287],[-81.637858,30.367572],[-81.637712,30.36778],[-81.637544,30.367947],[-81.637386,30.368044],[-81.637151,30.368151],[-81.636828,30.368237],[-81.636614,30.368277],[-81.6363,30.368318],[-81.635954,30.368336],[-81.635594,30.368264],[-81.635254,30.368146],[-81.63482,30.368001],[-81.634412,30.367897],[-81.634036,30.367879],[-81.633628,30.367897],[-81.633304,30.36792],[-81.63297,30.36801],[-81.632678,30.368146],[-81.632453,30.368318],[-81.632218,30.368576],[-81.632014,30.368856],[-81.631821,30.369123],[-81.631638,30.369326],[-81.631397,30.369494],[-81.631126,30.369602],[-81.630849,30.369675],[-81.630566,30.369688],[-81.630307,30.36967],[-81.630284,30.36967],[-81.630106,30.369634],[-81.629866,30.369548],[-81.629563,30.369376],[-81.629249,30.369141],[-81.628998,30.368924],[-81.628376,30.368268]]}},{"type":"Feature","properties":{"id":"11050985738","name":"Norfolk Southern Rlwy","mtfcc":"R1011"},"geometry":{"type":"LineString","coordinates":[[-81.626521,30.354693],[-81.62628,30.354634],[-81.626035,30.354562],[-81.625778,30.354422],[-81.625531,30.354205],[-81.625386,30.354024],[-81.625251,30.353725],[-81.625209,30.353517],[-81.625162,30.353241]]}},{"type":"Feature","properties":{"id":"11050985743","name":"Norfolk Southern Rlwy","mtfcc":"R1011"},"geometry":{"type":"LineString","coordinates":[[-81.686373,30.354839],[-81.68865,30.355028],[-81.689886,30.355099],[-81.690383,30.355125],[-81.69082,30.355165],[-81.691005,30.355222],[-81.691687,30.355348],[-81.692851,30.355382],[-81.69387,30.355463],[-81.694232,30.355691],[-81.694585,30.355554],[-81.697108,30.355657],[-81.698448,30.355775],[-81.698526,30.355781],[-81.69984,30.355891],[-81.699954,30.355899],[-81.701413,30.356012],[-81.705725,30.356395],[-81.710142,30.356679],[-81.714025,30.356986]]}},{"type":"Feature","properties":{"id":"11050985745","name":"Norfolk Southern Rlwy","mtfcc":"R1011"},"geometry":{"type":"LineString","coordinates":[[-81.623473,30.349746],[-81.623845,30.349714]]}},{"type":"Feature","properties":{"id":"110536431872","name":"Norfolk Southern Rlwy","mtfcc":"R1011"},"geometry":{"type":"LineString","coordinates":[[-81.722369,30.359983],[-81.728649,30.366389],[-81.728816,30.366611],[-81.729187,30.366968],[-81.729638,30.3674],[-81.729883,30.367641],[-81.730408,30.368157],[-81.73101,30.36867],[-81.733334,30.370933]]}},{"type":"Feature","properties":{"id":"110536431873","name":"Norfolk Southern Rlwy","mtfcc":"R1011"},"geometry":{"type":"LineString","coordinates":[[-81.691735,30.338392],[-81.69282,30.338879],[-81.694631,30.339566],[-81.697326,30.340513],[-81.69819,30.340827],[-81.701396,30.341943],[-81.701484,30.341985],[-81.701589,30.342055],[-81.701704,30.342167],[-81.701809,30.34232],[-81.701891,30.342477],[-81.702015,30.342708],[-81.702134,30.342869],[-81.70223,30.342956],[-81.702306,30.343006],[-81.702421,30.343076],[-81.702631,30.343155],[-81.702942,30.343225],[-81.703262,30.343271],[-81.703495,30.343273],[-81.703606,30.343275],[-81.703979,30.343287],[-81.704404,30.343324],[-81.704554,30.343359],[-81.70483,30.343424],[-81.705274,30.343539],[-81.705566,30.343655],[-81.705614,30.343692],[-81.705824,30.343862],[-81.706211,30.344139],[-81.706555,30.344445],[-81.70688,30.344722],[-81.707143,30.345003],[-81.708701,30.346541],[-81.710245,30.348067],[-81.711077,30.348893],[-81.711874,30.349683],[-81.714077,30.351862],[-81.714132,30.351917],[-81.714761,30.35254],[-81.715655,30.353438],[-81.716316,30.35407],[-81.716567,30.35431],[-81.717138,30.354888],[-81.717461,30.355216],[-81.718398,30.35611],[-81.72018,30.357877],[-81.721065,30.358738]]}},{"type":"Feature","properties":{"id":"110536431877","name":"Norfolk Southern Rlwy","mtfcc":"R1011"},"geometry":{"type":"LineString","coordinates":[[-81.721065,30.358738],[-81.720639,30.358424],[-81.720386,30.35825],[-81.720152,30.358106],[-81.719913,30.357965],[-81.719626,30.357812],[-81.719306,30.357676],[-81.718957,30.357552],[-81.71856,30.35744],[-81.71813,30.357328],[-81.717643,30.357266],[-81.715473,30.357109]]}},{"type":"Feature","properties":{"id":"110536456688","name":"Norfolk Southern Rlwy","mtfcc":"R1011"},"geometry":{"type":"LineString","coordinates":[[-81.645826,30.349217],[-81.645811,30.349142],[-81.645761,30.34876],[-81.645636,30.348299],[-81.645583,30.348086],[-81.645374,30.346205]]}},{"type":"Feature","properties":{"id":"110536456689","name":"Norfolk Southern Rlwy","mtfcc":"R1011"},"geometry":{"type":"LineString","coordinates":[[-81.63112,30.363009],[-81.628703,30.362978]]}},{"type":"Feature","properties":{"id":"110536456691","name":"Norfolk Southern Rlwy","mtfcc":"R1011"},"geometry":{"type":"LineString","coordinates":[[-81.63112,30.363009],[-81.630781,30.363081],[-81.630477,30.36314],[-81.630007,30.363153],[-81.62961,30.363162],[-81.628402,30.363206],[-81.628068,30.363172],[-81.62766,30.363054],[-81.627331,30.362878],[-81.627022,30.362543],[-81.626824,30.362182],[-81.626594,30.361806],[-81.626406,30.361557],[-81.626118,30.361377],[-81.625752,30.361187],[-81.625413,30.361024],[-81.625083,30.36097],[-81.624655,30.360974],[-81.62386,30.36101]]}},{"type":"Feature","properties":{"id":"110536456692","name":"Norfolk Southern Rlwy","mtfcc":"R1011"},"geometry":{"type":"LineString","coordinates":[[-81.639902,30.364108],[-81.639693,30.364262],[-81.639562,30.36433],[-81.6394,30.364397],[-81.639274,30.364461],[-81.639044,30.364465],[-81.638809,30.364434],[-81.638219,30.364311],[-81.636792,30.363968],[-81.635187,30.363633],[-81.634288,30.36343],[-81.63289,30.363113],[-81.632594,30.363045],[-81.632208,30.362964],[-81.631748,30.362941],[-81.631403,30.362964],[-81.63112,30.363009]]}},{"type":"Feature","properties":{"id":"110536456693","name":"Norfolk Southern Rlwy","mtfcc":"R1011"},"geometry":{"type":"LineString","coordinates":[[-81.645071,30.356281],[-81.645273,30.357255],[-81.645289,30.357353],[-81.645292,30.357459],[-81.645263,30.357696],[-81.645208,30.35795],[-81.645156,30.358165],[-81.645056,30.358513],[-81.644953,30.358811],[-81.644629,30.359404],[-81.644255,30.359956],[-81.643894,30.360377],[-81.643192,30.361043]]}},{"type":"Feature","properties":{"id":"110536456702","name":"Norfolk Southern Rlwy","mtfcc":"R1011"},"geometry":{"type":"LineString","coordinates":[[-81.639902,30.364108],[-81.639562,30.364474],[-81.639342,30.364741],[-81.639118,30.365049],[-81.63895,30.365315],[-81.638621,30.365831],[-81.638496,30.366066],[-81.638381,30.366292],[-81.638276,30.366581]]}},{"type":"Feature","properties":{"id":"110536456703","name":"Norfolk Southern Rlwy","mtfcc":"R1011"},"geometry":{"type":"LineString","coordinates":[[-81.643192,30.361043],[-81.6413,30.362804],[-81.640176,30.363852],[-81.639902,30.364108]]}},{"type":"Feature","properties":{"id":"110536456704","name":"Norfolk Southern Rlwy","mtfcc":"R1011"},"geometry":{"type":"LineString","coordinates":[[-81.643192,30.361043],[-81.642536,30.361906],[-81.641768,30.362629],[-81.640393,30.363904],[-81.639933,30.364307],[-81.639698,30.364524],[-81.639426,30.364786],[-81.639222,30.36503],[-81.639034,30.365279],[-81.638835,30.365582],[-81.638694,30.365844],[-81.638506,30.366184],[-81.638407,30.366414],[-81.638276,30.366581]]}},{"type":"Feature","properties":{"id":"110536456705","name":"Norfolk Southern Rlwy","mtfcc":"R1011"},"geometry":{"type":"LineString","coordinates":[[-81.650591,30.351141],[-81.651,30.351261],[-81.652138,30.351587],[-81.65378,30.352048],[-81.655353,30.3524],[-81.656883,30.35256],[-81.657042,30.352572],[-81.658215,30.352652],[-81.658322,30.352683],[-81.658512,30.352781],[-81.658604,30.352819],[-81.658691,30.352786],[-81.659011,30.352736],[-81.659134,30.352729],[-81.659938,30.352799],[-81.661157,30.352906],[-81.661262,30.35291],[-81.661594,30.352927],[-81.665081,30.353196],[-81.666728,30.35331],[-81.667143,30.353356],[-81.667814,30.353425],[-81.6684,30.353471],[-81.668629,30.353466],[-81.668694,30.353465],[-81.668728,30.353465],[-81.669137,30.353516],[-81.669732,30.353562],[-81.670514,30.353625],[-81.6717,30.353733]]}},{"type":"Feature","properties":{"id":"11055021072","name":"Norfolk Southern Rlwy","mtfcc":"R1011"},"geometry":{"type":"LineString","coordinates":[[-82.374844,30.558245],[-82.376518,30.558934],[-82.38154,30.561003],[-82.383215,30.561693],[-82.384635,30.56227],[-82.388898,30.564004],[-82.390319,30.564582],[-82.394513,30.566317],[-82.407097,30.571522],[-82.408563,30.572129],[-82.409409,30.572314],[-82.410309,30.572384],[-82.411492,30.572311],[-82.415269,30.572083],[-82.420701,30.571757],[-82.421708,30.571873],[-82.423087,30.572173],[-82.426333,30.573443],[-82.429857,30.574823],[-82.434621,30.576642],[-82.435844,30.577109],[-82.448913,30.5821],[-82.453678,30.58392]]}},{"type":"Feature","properties":{"id":"11057615454","name":"Norfolk Southern Rlwy","mtfcc":"R1011"},"geometry":{"type":"LineString","coordinates":[[-82.612871,30.750349],[-82.612053,30.749646],[-82.611771,30.749414],[-82.610874,30.748615],[-82.610643,30.748421],[-82.609638,30.747532],[-82.60886,30.746856],[-82.608583,30.746615],[-82.607516,30.745681],[-82.606423,30.744727],[-82.605352,30.74379],[-82.60323,30.741925],[-82.602379,30.741183],[-82.602222,30.741046],[-82.601213,30.740177],[-82.600151,30.739236],[-82.599096,30.738325],[-82.598029,30.737384],[-82.596947,30.736414],[-82.596434,30.735844],[-82.596263,30.735633],[-82.59612,30.735467],[-82.596066,30.735392],[-82.595737,30.734915],[-82.595468,30.734504],[-82.595452,30.734479],[-82.595382,30.734375],[-82.595013,30.73377],[-82.59479,30.733428],[-82.594199,30.732478],[-82.593623,30.731558],[-82.593036,30.730647],[-82.592464,30.729733],[-82.591889,30.728819],[-82.591321,30.727909],[-82.590745,30.727008],[-82.59017,30.726104],[-82.589594,30.725196],[-82.589023,30.724292],[-82.588484,30.723446],[-82.588447,30.723388],[-82.587887,30.722487],[-82.587312,30.721596],[-82.586751,30.720675],[-82.586172,30.719752],[-82.585581,30.718802],[-82.585185,30.718197],[-82.584936,30.717823],[-82.584352,30.716857],[-82.583084,30.714892],[-82.582497,30.713936],[-82.581895,30.713002],[-82.581848,30.712944],[-82.581628,30.71258],[-82.581268,30.711987],[-82.580665,30.711031],[-82.58002,30.710032],[-82.579398,30.709047],[-82.578776,30.708074],[-82.578173,30.707111],[-82.57757,30.706142],[-82.57696,30.705172],[-82.576334,30.70418],[-82.576118,30.703836],[-82.575873,30.703445],[-82.575708,30.703181],[-82.575074,30.702192],[-82.573185,30.699216],[-82.572555,30.69823],[-82.571937,30.697245],[-82.571323,30.696262],[-82.570705,30.695283],[-82.570109,30.694295],[-82.569503,30.693326],[-82.568877,30.692348],[-82.568273,30.691394],[-82.567685,30.690507],[-82.567288,30.689886],[-82.567164,30.689691],[-82.566595,30.688872],[-82.565879,30.688157],[-82.56582,30.688098],[-82.565558,30.687878],[-82.565454,30.6878],[-82.565118,30.687547],[-82.564389,30.687073],[-82.561815,30.685433],[-82.560748,30.684751],[-82.55978,30.684128],[-82.559563,30.683989],[-82.558399,30.683259],[-82.557264,30.682532],[-82.556142,30.681806],[-82.555015,30.681098],[-82.554284,30.680635],[-82.55387,30.680372],[-82.55297,30.679809],[-82.55272,30.679651],[-82.552199,30.679252],[-82.551733,30.678867],[-82.55156,30.678695],[-82.551324,30.678487],[-82.550837,30.678055],[-82.550756,30.677957],[-82.54813,30.675536],[-82.547306,30.67485],[-82.546528,30.67413],[-82.545658,30.673308],[-82.54545,30.673124],[-82.544449,30.672201],[-82.543307,30.671205],[-82.542252,30.670208],[-82.541179,30.669218],[-82.540098,30.668267],[-82.53904,30.667276],[-82.537967,30.666309],[-82.537494,30.66583],[-82.537238,30.665538],[-82.537056,30.665297],[-82.53674,30.664889],[-82.536515,30.66456],[-82.536358,30.664273],[-82.536193,30.663939],[-82.535874,30.663292],[-82.53537,30.662317],[-82.533402,30.65842],[-82.532887,30.657426],[-82.532394,30.656429],[-82.531879,30.655442],[-82.531859,30.655401],[-82.531446,30.654569],[-82.530978,30.65367],[-82.530548,30.652777],[-82.530106,30.651871],[-82.529653,30.650948],[-82.529201,30.650088],[-82.529194,30.65006],[-82.528792,30.649254],[-82.528763,30.649196],[-82.528311,30.648329],[-82.528315,30.648315],[-82.528253,30.648187],[-82.528242,30.648184],[-82.527688,30.647161],[-82.527024,30.645827],[-82.526887,30.645542],[-82.525851,30.643549],[-82.52496,30.641803],[-82.523885,30.63967],[-82.522825,30.637544],[-82.522435,30.636769],[-82.521789,30.635487],[-82.520791,30.633519],[-82.519739,30.631456],[-82.518711,30.629444],[-82.517712,30.627438],[-82.516654,30.625407],[-82.515574,30.623357],[-82.514546,30.621344],[-82.513503,30.619307],[-82.512437,30.617263],[-82.511835,30.616063],[-82.51093,30.614176],[-82.510584,30.613453],[-82.509436,30.61134],[-82.508475,30.60934],[-82.507424,30.60727],[-82.506892,30.606255],[-82.506521,30.605659],[-82.506189,30.605237],[-82.505773,30.604846],[-82.505282,30.604485],[-82.504434,30.604034],[-82.503716,30.603658],[-82.502719,30.603179],[-82.500965,30.602484],[-82.500682,30.602355],[-82.500096,30.602105],[-82.499699,30.601934],[-82.499332,30.601793],[-82.498684,30.60155],[-82.495698,30.60036],[-82.49451,30.599895],[-82.49302,30.599313],[-82.487522,30.597169],[-82.482102,30.595048],[-82.476549,30.59289],[-82.470929,30.590641],[-82.470157,30.590345],[-82.465321,30.588487],[-82.464841,30.588298],[-82.459899,30.58634],[-82.454316,30.58417],[-82.453678,30.58392]]}},{"type":"Feature","properties":{"id":"11057615455","name":"Norfolk Southern Rlwy","mtfcc":"R1011"},"geometry":{"type":"LineString","coordinates":[[-82.711051,30.815511],[-82.710568,30.815159],[-82.709448,30.814318],[-82.70832,30.813484],[-82.707193,30.81268],[-82.705401,30.811341],[-82.704591,30.810748],[-82.701912,30.808744],[-82.699334,30.806824],[-82.696725,30.804885],[-82.694231,30.803017],[-82.691737,30.801142],[-82.690715,30.800389],[-82.68919,30.799267],[-82.686719,30.797398],[-82.684766,30.795943],[-82.68408,30.795453],[-82.683936,30.795345],[-82.681525,30.793533],[-82.678939,30.791593],[-82.675651,30.789142],[-82.673951,30.787876],[-82.67382,30.787777],[-82.671253,30.785884],[-82.669841,30.785048],[-82.669233,30.784658],[-82.661778,30.780156],[-82.66025,30.779276],[-82.660043,30.779153],[-82.658052,30.777962],[-82.65689,30.777262],[-82.655778,30.776602],[-82.654666,30.775935],[-82.653561,30.775264],[-82.652395,30.774562],[-82.651233,30.773876],[-82.650013,30.773151],[-82.648835,30.772435],[-82.647589,30.771688],[-82.646357,30.770946],[-82.645099,30.770179],[-82.641279,30.767902],[-82.640006,30.767138],[-82.63877,30.766401],[-82.638736,30.766381],[-82.637582,30.765681],[-82.635285,30.764305],[-82.63408,30.763576],[-82.632876,30.762835],[-82.631645,30.762126],[-82.630414,30.761382],[-82.629194,30.760627],[-82.627945,30.759899],[-82.626699,30.759161],[-82.625464,30.75841],[-82.624898,30.758061]]}},{"type":"Feature","properties":{"id":"1106044705706","name":"Norfolk Southern Rlwy","mtfcc":"R1011"},"geometry":{"type":"LineString","coordinates":[[-81.645826,30.349217],[-81.646203,30.349921],[-81.646422,30.350168],[-81.647097,30.35066],[-81.647699,30.350877],[-81.648043,30.350946],[-81.649043,30.350998],[-81.649426,30.351015],[-81.650034,30.351055],[-81.650591,30.351141]]}},{"type":"Feature","properties":{"id":"1106044705707","name":"Norfolk Southern Rlwy","mtfcc":"R1011"},"geometry":{"type":"LineString","coordinates":[[-81.645826,30.349217],[-81.645849,30.35019],[-81.645859,30.351015],[-81.645826,30.351478],[-81.645532,30.352306],[-81.645456,30.352446]]}},{"type":"Feature","properties":{"id":"11020511315020","name":"Railroad","mtfcc":"R1011"},"geometry":{"type":"LineString","coordinates":[[-82.648511,30.208937],[-82.648307,30.208698],[-82.647695,30.207983],[-82.647492,30.207746],[-82.644769,30.204883],[-82.642807,30.20315],[-82.641649,30.20215],[-82.639084,30.199935],[-82.638877,30.199757],[-82.638816,30.199704],[-82.638756,30.199652],[-82.637321,30.198428]]}},{"type":"Feature","properties":{"id":"11020511315021","name":"Railroad","mtfcc":"R1011"},"geometry":{"type":"LineString","coordinates":[[-82.637294,30.19841],[-82.636479,30.197686],[-82.636353,30.197581],[-82.635456,30.196822],[-82.635368,30.196757],[-82.635266,30.196685],[-82.635113,30.196594],[-82.634975,30.196526],[-82.634796,30.19644],[-82.634682,30.196399],[-82.634546,30.196362],[-82.634411,30.196334],[-82.634227,30.196299],[-82.633793,30.196268],[-82.633542,30.196251],[-82.633141,30.196211],[-82.632681,30.196144],[-82.628937,30.195434],[-82.627275,30.195116],[-82.625703,30.194816],[-82.625511,30.194775],[-82.624938,30.194652],[-82.624747,30.194612]]}},{"type":"Feature","properties":{"id":"1102157141968","name":"Railroad","mtfcc":"R1011"},"geometry":{"type":"LineString","coordinates":[[-82.03029,29.91472],[-82.0302,29.91477]]}},{"type":"Feature","properties":{"id":"1102200251540","name":"Railroad","mtfcc":"R1011"},"geometry":{"type":"LineString","coordinates":[[-81.46233,30.67931],[-81.46196,30.67956],[-81.46169,30.67969],[-81.46138,30.67982],[-81.4609,30.67997],[-81.46059,30.6801],[-81.46039,30.68025],[-81.46012,30.68046]]}},{"type":"Feature","properties":{"id":"1102200267849","name":"Railroad","mtfcc":"R1011"},"geometry":{"type":"LineString","coordinates":[[-81.83654,30.56166],[-81.83655,30.56141],[-81.83655,30.56103],[-81.83656,30.56099],[-81.836571,30.560921]]}},{"type":"Feature","properties":{"id":"1102269927414","name":"Railroad","mtfcc":"R1011"},"geometry":{"type":"LineString","coordinates":[[-81.46396,30.66276],[-81.464357,30.663738],[-81.464759,30.664637],[-81.465084,30.666094],[-81.465024,30.667394],[-81.465012,30.669211],[-81.465012,30.669714],[-81.465012,30.669873],[-81.465,30.66997],[-81.46499,30.669923],[-81.464961,30.669784],[-81.464952,30.669738]]}},{"type":"Feature","properties":{"id":"1102705876130","name":"Railroad","mtfcc":"R1011"},"geometry":{"type":"LineString","coordinates":[[-81.60007,30.61103],[-81.59979,30.61093],[-81.59958,30.61084],[-81.59939,30.61074],[-81.59926,30.61061],[-81.59917,30.61048],[-81.59912,30.61038],[-81.59909,30.61028],[-81.59907,30.61012]]}},{"type":"Feature","properties":{"id":"11033193144193","name":"Railroad","mtfcc":"R1011"},"geometry":{"type":"LineString","coordinates":[[-81.591276,29.493692],[-81.593113,29.494702],[-81.593467,29.494946],[-81.593996,29.495334],[-81.594422,29.495631],[-81.594835,29.495944],[-81.595405,29.496414],[-81.595573,29.49657],[-81.596017,29.496962],[-81.597082,29.497965],[-81.59744,29.498313],[-81.598192,29.498925],[-81.599863,29.500481],[-81.600486,29.501061],[-81.602542,29.502869],[-81.606541,29.506561],[-81.60868,29.508467],[-81.609788,29.509492],[-81.611811,29.511357],[-81.612582,29.512025],[-81.613134,29.512543],[-81.613557,29.512913],[-81.614734,29.514021],[-81.616772,29.51566],[-81.617942,29.516424],[-81.618399,29.516667],[-81.619769,29.517322],[-81.620941,29.517895],[-81.621545,29.518162],[-81.622087,29.518383],[-81.624605,29.519464],[-81.625504,29.519878],[-81.626341,29.520265],[-81.627271,29.520682],[-81.628862,29.52135],[-81.629735,29.521737],[-81.631189,29.522381],[-81.632714,29.52303],[-81.633722,29.523501],[-81.634806,29.523966],[-81.635856,29.524422]]}},{"type":"Feature","properties":{"id":"110341852081","name":"Railroad","mtfcc":"R1011"},"geometry":{"type":"LineString","coordinates":[[-82.194324,29.323403],[-82.194133,29.323516],[-82.194025,29.323581],[-82.193732,29.323706],[-82.19353,29.323789],[-82.193326,29.323874],[-82.193087,29.323911],[-82.193033,29.323921],[-82.192753,29.323908],[-82.192662,29.323905],[-82.192112,29.323712],[-82.191145,29.323288],[-82.190618,29.323057]]}},{"type":"Feature","properties":{"id":"110341852082","name":"Railroad","mtfcc":"R1011"},"geometry":{"type":"LineString","coordinates":[[-82.115529,29.313105],[-82.115573,29.312811],[-82.115705,29.31193],[-82.11575,29.311637]]}},{"type":"Feature","properties":{"id":"11036932273105","name":"Railroad","mtfcc":"R1011"},"geometry":{"type":"LineString","coordinates":[[-81.45833,30.68026],[-81.45843,30.68023],[-81.45858,30.68017],[-81.45873,30.68009],[-81.45885,30.68001],[-81.459,30.67989],[-81.459148,30.679786],[-81.45923,30.67973],[-81.45947,30.67953],[-81.4598,30.67929],[-81.46012,30.67915],[-81.46035,30.67908],[-81.4606,30.67904],[-81.46079,30.67902],[-81.46094,30.67903],[-81.46129,30.67907],[-81.46155,30.67908],[-81.461794,30.679055],[-81.46185,30.67905],[-81.462014,30.679002],[-81.46226,30.67893],[-81.46248,30.67884],[-81.46266,30.67873],[-81.462678,30.678718],[-81.462707,30.678698],[-81.462797,30.67864],[-81.462828,30.678621],[-81.462928,30.678356],[-81.462987,30.678202],[-81.463228,30.677561],[-81.463328,30.677297],[-81.463392,30.677114],[-81.463465,30.676909],[-81.463569,30.676562],[-81.463626,30.676378],[-81.463702,30.676135],[-81.46393,30.675406],[-81.464007,30.675164],[-81.464034,30.674916],[-81.464114,30.674172],[-81.464142,30.673925],[-81.464194,30.673672],[-81.464352,30.672915],[-81.464405,30.672663],[-81.464457,30.67241],[-81.464615,30.67165],[-81.464668,30.671398],[-81.464694,30.671142],[-81.464772,30.670375],[-81.464799,30.67012],[-81.464829,30.670043],[-81.464921,30.669814],[-81.464952,30.669738]]}},{"type":"Feature","properties":{"id":"110371827901","name":"Railroad","mtfcc":"R1011"},"geometry":{"type":"LineString","coordinates":[[-82.43718,29.3948],[-82.436696,29.394214]]}},{"type":"Feature","properties":{"id":"110372027470","name":"Railroad","mtfcc":"R1011"},"geometry":{"type":"LineString","coordinates":[[-81.118449,29.323711],[-81.118197,29.323525],[-81.11681,29.322499],[-81.112652,29.319423],[-81.111569,29.318622],[-81.111384,29.318485],[-81.111266,29.318398],[-81.110739,29.318013],[-81.110427,29.317782],[-81.110228,29.317635],[-81.108902,29.316586],[-81.10802,29.315798],[-81.107245,29.315106],[-81.1072,29.315064],[-81.10685,29.314732],[-81.105712,29.313653],[-81.105666,29.31361],[-81.105526,29.313477],[-81.105429,29.313386],[-81.105272,29.313237],[-81.105122,29.313111],[-81.104809,29.312847],[-81.104687,29.312745],[-81.104675,29.312735],[-81.104529,29.312607],[-81.103879,29.312003],[-81.101929,29.310191],[-81.10128,29.309588],[-81.101084,29.309397],[-81.100498,29.308827],[-81.100303,29.308638],[-81.100211,29.308564],[-81.099982,29.30838],[-81.099935,29.308342],[-81.099844,29.308269],[-81.099227,29.307681],[-81.099078,29.307539],[-81.098381,29.306877],[-81.096763,29.30537],[-81.096283,29.304922],[-81.095999,29.30464],[-81.095926,29.304572],[-81.095898,29.304546],[-81.095853,29.304503],[-81.095675,29.304337],[-81.095597,29.304264],[-81.095497,29.304171]]}},{"type":"Feature","properties":{"id":"110372419122","name":"Railroad","mtfcc":"R1011"},"geometry":{"type":"LineString","coordinates":[[-82.055444,29.59381],[-82.055604,29.593715],[-82.056937,29.592919],[-82.060539,29.590772],[-82.062596,29.589439],[-82.066745,29.586753],[-82.066902,29.586653],[-82.066988,29.586593],[-82.067384,29.586317],[-82.06834,29.585818],[-82.068793,29.585681],[-82.069276,29.585596],[-82.069312,29.58559],[-82.069829,29.585564],[-82.072073,29.58563],[-82.072445,29.5857],[-82.078269,29.586322],[-82.07896,29.5864],[-82.078976,29.586402],[-82.084674,29.586969],[-82.084827,29.586994],[-82.085421,29.587095],[-82.08562,29.587137],[-82.086064,29.587137],[-82.086417,29.587023],[-82.086655,29.586887],[-82.086867,29.586692],[-82.087033,29.586522],[-82.087123,29.586329],[-82.087254,29.586093]]}},{"type":"Feature","properties":{"id":"110372419129","name":"Railroad","mtfcc":"R1011"},"geometry":{"type":"LineString","coordinates":[[-82.499834,29.784508],[-82.499677,29.78467]]}},{"type":"Feature","properties":{"id":"110372419133","name":"Railroad","mtfcc":"R1011"},"geometry":{"type":"LineString","coordinates":[[-82.087254,29.586093],[-82.087624,29.585013],[-82.088164,29.583389],[-82.088279,29.583043],[-82.089442,29.579551],[-82.091006,29.574885],[-82.093008,29.568914],[-82.093095,29.568619],[-82.09535,29.561933],[-82.095857,29.560335],[-82.097617,29.555143],[-82.098694,29.551852],[-82.098779,29.551576],[-82.098916,29.551033],[-82.099061,29.550444],[-82.099224,29.549573],[-82.09935,29.548672],[-82.099728,29.546408],[-82.100526,29.541396],[-82.100771,29.539916],[-82.102489,29.529172],[-82.102677,29.527976],[-82.102872,29.526779],[-82.103181,29.524809],[-82.103233,29.524027],[-82.103216,29.523305],[-82.102848,29.520729],[-82.102172,29.516549],[-82.101753,29.513865],[-82.101037,29.509208],[-82.101036,29.508942],[-82.101027,29.508458],[-82.101044,29.50787],[-82.101087,29.507378],[-82.101156,29.506887],[-82.10139,29.505286],[-82.102207,29.50023]]}},{"type":"Feature","properties":{"id":"110372419134","name":"Railroad","mtfcc":"R1011"},"geometry":{"type":"LineString","coordinates":[[-82.087443,29.597575],[-82.087072,29.596716],[-82.086931,29.59639],[-82.086879,29.596263],[-82.086729,29.595897],[-82.085735,29.593869],[-82.085595,29.593175],[-82.085505,29.592496],[-82.085494,29.592132],[-82.085489,29.591952],[-82.085522,29.591494],[-82.085728,29.590717],[-82.0864,29.588704],[-82.086568,29.588246]]}},{"type":"Feature","properties":{"id":"110372419135","name":"Railroad","mtfcc":"R1011"},"geometry":{"type":"LineString","coordinates":[[-82.086565,29.588145],[-82.087254,29.586093]]}},{"type":"Feature","properties":{"id":"110372419137","name":"Railroad","mtfcc":"R1011"},"geometry":{"type":"LineString","coordinates":[[-82.099916,29.625283],[-82.099212,29.623833],[-82.097596,29.620153],[-82.096965,29.618822],[-82.096714,29.618262],[-82.096313,29.617348],[-82.095501,29.615533],[-82.095458,29.615436],[-82.094763,29.61388],[-82.09454,29.613382],[-82.094523,29.613343],[-82.092729,29.609324],[-82.092298,29.608359],[-82.091525,29.606632],[-82.090837,29.605096],[-82.090747,29.604896],[-82.09002,29.603271],[-82.089382,29.601846],[-82.08928,29.601622],[-82.089265,29.601589],[-82.087443,29.597575]]}},{"type":"Feature","properties":{"id":"110372419138","name":"Railroad","mtfcc":"R1011"},"geometry":{"type":"LineString","coordinates":[[-82.100224,29.626142],[-82.099954,29.625583],[-82.099144,29.62382],[-82.097497,29.62017],[-82.096894,29.618855],[-82.096223,29.617377],[-82.0954,29.615531],[-82.095356,29.615432],[-82.094687,29.613932],[-82.094454,29.613408],[-82.094427,29.613347],[-82.092656,29.609369],[-82.092217,29.608382],[-82.091437,29.606627],[-82.090758,29.605098],[-82.090748,29.605076],[-82.090672,29.604902],[-82.089949,29.603272],[-82.089316,29.601846],[-82.0892,29.601587],[-82.087673,29.59819],[-82.087443,29.597575]]}},{"type":"Feature","properties":{"id":"110376387915","name":"Railroad","mtfcc":"R1011"},"geometry":{"type":"LineString","coordinates":[[-82.262609,31.125088],[-82.259652,31.122712],[-82.257826,31.121225],[-82.256633,31.120278],[-82.253667,31.117893],[-82.250639,31.115459],[-82.249924,31.11489]]}},{"type":"Feature","properties":{"id":"110376387921","name":"Railroad","mtfcc":"R1011"},"geometry":{"type":"LineString","coordinates":[[-82.43639,31.153894],[-82.431629,31.155672],[-82.431585,31.155689],[-82.42978,31.156375],[-82.427774,31.157139],[-82.427089,31.15739],[-82.426902,31.157459],[-82.425778,31.157908],[-82.424093,31.158695],[-82.423611,31.158934],[-82.423196,31.15914],[-82.422685,31.159394],[-82.422399,31.15955],[-82.421718,31.159919],[-82.421068,31.160321],[-82.420208,31.160874],[-82.419853,31.161101],[-82.4194,31.161393],[-82.418654,31.161917],[-82.417181,31.162953],[-82.415741,31.164092],[-82.415671,31.164147],[-82.415566,31.164229],[-82.415501,31.164281],[-82.415414,31.16435],[-82.41524,31.164486],[-82.41514,31.164566],[-82.414606,31.164982],[-82.414547,31.165028]]}},{"type":"Feature","properties":{"id":"11040285484603","name":"Railroad","mtfcc":"R1011"},"geometry":{"type":"LineString","coordinates":[[-81.65951,29.97748],[-81.659957,29.97871],[-81.659961,29.978719],[-81.66008,29.97903],[-81.66035,29.97958],[-81.66037,29.979621],[-81.6605,29.97988],[-81.66054,29.97997],[-81.660974,29.981255],[-81.66099,29.9813],[-81.66115,29.98181],[-81.66119,29.98191],[-81.661279,29.98211],[-81.66135,29.98227],[-81.66164,29.98261],[-81.66187,29.98284],[-81.661898,29.982858],[-81.661981,29.982914],[-81.66217,29.98304]]}},{"type":"Feature","properties":{"id":"110448819456","name":"Railroad","mtfcc":"R1011"},"geometry":{"type":"LineString","coordinates":[[-81.685609,30.819669],[-81.68566,30.819666],[-81.686655,30.819607],[-81.689542,30.819149],[-81.689685,30.819126],[-81.689828,30.819103],[-81.692145,30.818737],[-81.692685,30.818694],[-81.692881,30.818678],[-81.693165,30.81868],[-81.693248,30.818681],[-81.693513,30.8187],[-81.693758,30.818782],[-81.693768,30.818785],[-81.693999,30.818894],[-81.694228,30.818998],[-81.694524,30.819187],[-81.694828,30.819414],[-81.694947,30.819554],[-81.695021,30.819641],[-81.695195,30.819905],[-81.695426,30.820471]]}},{"type":"Feature","properties":{"id":"110455073744","name":"Railroad","mtfcc":"R1011"},"geometry":{"type":"LineString","coordinates":[[-81.504035,31.186891],[-81.504127,31.186729],[-81.504167,31.186659],[-81.50454,31.185792],[-81.504569,31.185673],[-81.504632,31.185417],[-81.504724,31.184965],[-81.504747,31.18464],[-81.504732,31.184254],[-81.50469,31.183941],[-81.504657,31.183821],[-81.504585,31.183518],[-81.504453,31.182968],[-81.504363,31.182532],[-81.504293,31.182061],[-81.504301,31.18169],[-81.50433,31.180879],[-81.504367,31.180365],[-81.504376,31.179893],[-81.504421,31.178651],[-81.504424,31.17857],[-81.504429,31.178464],[-81.504431,31.178066],[-81.504425,31.177192],[-81.504396,31.176945],[-81.50434,31.176057],[-81.504281,31.175716],[-81.504092,31.174621],[-81.504058,31.174467],[-81.503977,31.174105],[-81.503855,31.173555],[-81.503827,31.173463],[-81.503614,31.172648],[-81.503596,31.172571],[-81.503531,31.172289],[-81.503479,31.172079],[-81.503272,31.171251],[-81.502931,31.170187],[-81.502909,31.170117],[-81.502567,31.168961],[-81.502531,31.168839],[-81.501887,31.166841],[-81.50168,31.166305],[-81.50147,31.165765],[-81.50121,31.165092],[-81.500694,31.163596],[-81.500615,31.163357],[-81.500275,31.162325],[-81.500207,31.162117],[-81.500025,31.161584],[-81.499938,31.16133],[-81.499251,31.159319],[-81.499192,31.159148],[-81.499042,31.158723],[-81.498669,31.157669],[-81.498406,31.156983],[-81.498394,31.156953],[-81.498381,31.156918],[-81.497564,31.154789],[-81.497407,31.154364],[-81.49716,31.153694],[-81.49711,31.153569],[-81.49709,31.153401],[-81.497074,31.153194],[-81.497104,31.152886],[-81.497114,31.15278],[-81.497167,31.152506],[-81.497339,31.152034],[-81.497502,31.151542],[-81.49755,31.151377],[-81.497585,31.151262],[-81.497631,31.150987],[-81.497624,31.150744],[-81.497593,31.150599],[-81.497398,31.15006],[-81.49726,31.149678],[-81.497041,31.149151],[-81.496876,31.148719],[-81.496558,31.147886],[-81.496555,31.147868],[-81.496523,31.147776],[-81.49644,31.147601],[-81.49635,31.147361],[-81.496078,31.14664],[-81.495873,31.14608],[-81.495679,31.145551],[-81.495352,31.144632],[-81.495075,31.143853],[-81.495056,31.143764],[-81.495045,31.143674],[-81.495041,31.143584],[-81.495069,31.143241],[-81.495099,31.142873],[-81.495116,31.142482],[-81.495123,31.142332],[-81.495119,31.142241],[-81.495109,31.142152],[-81.49507,31.141974],[-81.494992,31.141752],[-81.494797,31.141197],[-81.494606,31.140681],[-81.49443,31.140317],[-81.494201,31.139845],[-81.493977,31.139519],[-81.493764,31.139038],[-81.493746,31.138997],[-81.493703,31.13879],[-81.493356,31.137733],[-81.493338,31.137684],[-81.493066,31.136945],[-81.492841,31.136304],[-81.492684,31.135856],[-81.492329,31.134821],[-81.491887,31.133715],[-81.491817,31.13351],[-81.491528,31.13265],[-81.491288,31.131913],[-81.491147,31.131516],[-81.490769,31.13107],[-81.490444,31.130763],[-81.490159,31.130577],[-81.489957,31.130445],[-81.489737,31.130321],[-81.489332,31.130169],[-81.48895,31.130066],[-81.488447,31.129939],[-81.488176,31.129902],[-81.488007,31.1299],[-81.48784,31.129899],[-81.487511,31.12991],[-81.487009,31.130006],[-81.486675,31.130092],[-81.486489,31.130156],[-81.486334,31.13021],[-81.486052,31.130335],[-81.485753,31.130505],[-81.485493,31.130691]]}},{"type":"Feature","properties":{"id":"11050989835","name":"Railroad","mtfcc":"R1011"},"geometry":{"type":"LineString","coordinates":[[-81.69907,30.232209],[-81.698598,30.233806]]}},{"type":"Feature","properties":{"id":"11050989836","name":"Railroad","mtfcc":"R1011"},"geometry":{"type":"LineString","coordinates":[[-81.764455,30.32275],[-81.764087,30.32273],[-81.763848,30.322676],[-81.763566,30.322544],[-81.763336,30.32237],[-81.763112,30.322068],[-81.763035,30.321704],[-81.763038,30.320036],[-81.763011,30.317478],[-81.762897,30.317202],[-81.762744,30.316962],[-81.762486,30.316747],[-81.762036,30.316581],[-81.758165,30.316631]]}},{"type":"Feature","properties":{"id":"11050989844","name":"Railroad","mtfcc":"R1011"},"geometry":{"type":"LineString","coordinates":[[-81.702608,30.219082],[-81.702619,30.220552]]}},{"type":"Feature","properties":{"id":"11050989846","name":"Railroad","mtfcc":"R1011"},"geometry":{"type":"LineString","coordinates":[[-81.6983,30.233151],[-81.698598,30.233806]]}},{"type":"Feature","properties":{"id":"11050989847","name":"Railroad","mtfcc":"R1011"},"geometry":{"type":"LineString","coordinates":[[-81.698598,30.233806],[-81.698469,30.234244]]}},{"type":"Feature","properties":{"id":"11050989849","name":"Railroad","mtfcc":"R1011"},"geometry":{"type":"LineString","coordinates":[[-81.60312,30.243035],[-81.602414,30.241439],[-81.601693,30.239752]]}},{"type":"Feature","properties":{"id":"11050989850","name":"Railroad","mtfcc":"R1011"},"geometry":{"type":"LineString","coordinates":[[-81.625162,30.353241],[-81.625663,30.351039]]}},{"type":"Feature","properties":{"id":"11050989852","name":"Railroad","mtfcc":"R1011"},"geometry":{"type":"LineString","coordinates":[[-81.705345,30.313037],[-81.707415,30.31166],[-81.710445,30.309714],[-81.711621,30.308962],[-81.713177,30.30792]]}},{"type":"Feature","properties":{"id":"11050989853","name":"Railroad","mtfcc":"R1011"},"geometry":{"type":"LineString","coordinates":[[-81.815908,30.393076],[-81.81457,30.393573],[-81.814068,30.393791],[-81.813608,30.393994],[-81.813137,30.394279],[-81.812751,30.394609],[-81.81238,30.394953],[-81.812097,30.395314],[-81.811825,30.39574],[-81.811663,30.396106],[-81.811491,30.396549],[-81.811407,30.397092],[-81.811224,30.398909],[-81.811021,30.400271],[-81.810937,30.400985],[-81.810806,30.401496],[-81.810592,30.402021],[-81.810351,30.402419],[-81.810085,30.402767],[-81.80975,30.403115],[-81.809426,30.4034],[-81.809081,30.403603],[-81.808648,30.403866],[-81.808146,30.404065],[-81.80766,30.404205],[-81.807142,30.404313],[-81.806403,30.40434],[-81.805151,30.404345],[-81.803117,30.404359],[-81.801319,30.404408],[-81.800912,30.404485],[-81.800473,30.404648],[-81.800065,30.404829],[-81.799668,30.4051],[-81.799401,30.405358],[-81.799155,30.405688],[-81.798946,30.406045],[-81.79881,30.406366],[-81.798716,30.406692],[-81.798701,30.407221],[-81.798707,30.407946],[-81.798706,30.408356],[-81.798737,30.409636],[-81.798748,30.410047],[-81.79868,30.410319],[-81.79856,30.410603],[-81.798392,30.410821],[-81.798168,30.411033],[-81.797776,30.411291],[-81.796234,30.411996],[-81.795559,30.412331],[-81.793097,30.413479],[-81.792157,30.413932],[-81.791388,30.414402],[-81.790897,30.414764],[-81.790583,30.415026],[-81.789899,30.415632],[-81.788043,30.417301],[-81.786872,30.418449],[-81.786423,30.418856],[-81.785675,30.419557],[-81.785372,30.419842],[-81.785111,30.420018],[-81.784802,30.420136],[-81.784489,30.420217],[-81.784212,30.420244],[-81.783794,30.420204],[-81.78349,30.420131],[-81.783119,30.419951],[-81.782858,30.41981]]}},{"type":"Feature","properties":{"id":"11050989854","name":"Railroad","mtfcc":"R1011"},"geometry":{"type":"LineString","coordinates":[[-81.638942,30.448349],[-81.639128,30.44815],[-81.63928,30.447933],[-81.639452,30.447616],[-81.639583,30.447322],[-81.639818,30.446762]]}},{"type":"Feature","properties":{"id":"11050989857","name":"Railroad","mtfcc":"R1011"},"geometry":{"type":"LineString","coordinates":[[-81.544575,30.40366],[-81.542048,30.404006],[-81.541019,30.405833],[-81.540726,30.406321],[-81.540496,30.406579],[-81.540177,30.406855],[-81.539896,30.407223],[-81.539414,30.408049],[-81.53908,30.408433],[-81.53874,30.408654]]}},{"type":"Feature","properties":{"id":"11050989858","name":"Railroad","mtfcc":"R1011"},"geometry":{"type":"LineString","coordinates":[[-81.625054,30.345389],[-81.625397,30.343724],[-81.628215,30.342348],[-81.628839,30.342161],[-81.628878,30.342126],[-81.629082,30.342063]]}},{"type":"Feature","properties":{"id":"11050989861","name":"Railroad","mtfcc":"R1011"},"geometry":{"type":"LineString","coordinates":[[-81.96788,30.318992],[-81.967769,30.319302],[-81.967593,30.319797],[-81.967238,30.320669],[-81.965962,30.324008],[-81.965852,30.324296],[-81.961969,30.334452],[-81.961828,30.334769],[-81.958399,30.343619],[-81.955699,30.350792],[-81.955676,30.350854]]}},{"type":"Feature","properties":{"id":"11050989862","name":"Railroad","mtfcc":"R1011"},"geometry":{"type":"LineString","coordinates":[[-81.626521,30.354693],[-81.626259,30.354693],[-81.625998,30.354711],[-81.625653,30.354779],[-81.625396,30.354897],[-81.625209,30.355023],[-81.625036,30.355163],[-81.624822,30.355453],[-81.624738,30.355611],[-81.624644,30.355887],[-81.624561,30.356312],[-81.624524,30.356529],[-81.62443,30.356701],[-81.624273,30.356864],[-81.624132,30.356986],[-81.623939,30.357108],[-81.623651,30.357198],[-81.623301,30.357243],[-81.62294,30.35723],[-81.619556,30.35666]]}},{"type":"Feature","properties":{"id":"11050989863","name":"Railroad","mtfcc":"R1011"},"geometry":{"type":"LineString","coordinates":[[-81.832017,30.379207],[-81.832012,30.388694],[-81.83198,30.39129],[-81.831881,30.391584],[-81.831766,30.391814],[-81.831615,30.391977],[-81.831437,30.392163],[-81.831249,30.392262],[-81.831008,30.392416],[-81.830768,30.392502],[-81.830465,30.392556],[-81.830057,30.392579],[-81.829174,30.392606],[-81.819575,30.392764]]}},{"type":"Feature","properties":{"id":"11052063700","name":"Railroad","mtfcc":"R1011"},"geometry":{"type":"LineString","coordinates":[[-81.326714,29.920287],[-81.326743,29.920721],[-81.326736,29.920849],[-81.326716,29.920977],[-81.326676,29.921125],[-81.326655,29.921277],[-81.326651,29.921354],[-81.326732,29.922593]]}},{"type":"Feature","properties":{"id":"11052063701","name":"Railroad","mtfcc":"R1011"},"geometry":{"type":"LineString","coordinates":[[-81.326714,29.920287],[-81.326705,29.920414],[-81.326681,29.920539],[-81.326643,29.920662],[-81.326619,29.920715],[-81.326524,29.920938],[-81.326492,29.921035],[-81.32647,29.921135],[-81.326458,29.921237],[-81.32646,29.921389]]}},{"type":"Feature","properties":{"id":"11052063702","name":"Railroad","mtfcc":"R1011"},"geometry":{"type":"LineString","coordinates":[[-81.325931,29.916624],[-81.326109,29.91711],[-81.326197,29.917333],[-81.326218,29.917387],[-81.326321,29.91769],[-81.326338,29.917738],[-81.326424,29.918025],[-81.326493,29.918315],[-81.326512,29.918407],[-81.326558,29.918629],[-81.326609,29.918952],[-81.326634,29.919196],[-81.326714,29.920287]]}},{"type":"Feature","properties":{"id":"11052063703","name":"Railroad","mtfcc":"R1011"},"geometry":{"type":"LineString","coordinates":[[-81.301316,29.653286],[-81.301664,29.654133],[-81.301725,29.654358],[-81.302341,29.657521]]}},{"type":"Feature","properties":{"id":"11052063704","name":"Railroad","mtfcc":"R1011"},"geometry":{"type":"LineString","coordinates":[[-81.479618,30.104773],[-81.479534,30.10469],[-81.479428,30.104586],[-81.479205,30.104368],[-81.472993,30.098273],[-81.472657,30.097929],[-81.471273,30.096548],[-81.470529,30.095812],[-81.464565,30.089862],[-81.463467,30.088766]]}},{"type":"Feature","properties":{"id":"11052063705","name":"Railroad","mtfcc":"R1011"},"geometry":{"type":"LineString","coordinates":[[-81.333238,29.862535],[-81.33332,29.862957],[-81.333355,29.863079],[-81.333402,29.863198],[-81.333513,29.863436],[-81.333545,29.863534],[-81.333566,29.863668],[-81.333605,29.864226]]}},{"type":"Feature","properties":{"id":"11052063709","name":"Railroad","mtfcc":"R1011"},"geometry":{"type":"LineString","coordinates":[[-81.332719,29.855349],[-81.332776,29.855636],[-81.332844,29.855854],[-81.332892,29.855963],[-81.332935,29.856084],[-81.33296,29.856217],[-81.332995,29.856609],[-81.333044,29.857246]]}},{"type":"Feature","properties":{"id":"11052063710","name":"Railroad","mtfcc":"R1011"},"geometry":{"type":"LineString","coordinates":[[-81.333988,29.936062],[-81.334037,29.936643],[-81.334096,29.937117]]}},{"type":"Feature","properties":{"id":"11052063711","name":"Railroad","mtfcc":"R1011"},"geometry":{"type":"LineString","coordinates":[[-81.326758,29.920281],[-81.326766,29.92039],[-81.326806,29.920827],[-81.326862,29.921185],[-81.326919,29.921471],[-81.327016,29.921848],[-81.327129,29.922222],[-81.327223,29.922481],[-81.327358,29.9228],[-81.327574,29.923239],[-81.327825,29.923675],[-81.329451,29.926337],[-81.329664,29.926692],[-81.332246,29.930913],[-81.332451,29.931245],[-81.3325,29.931324],[-81.332514,29.931347],[-81.33275,29.931728],[-81.333001,29.932157],[-81.333149,29.932434],[-81.333321,29.932792],[-81.333448,29.933097],[-81.333559,29.933406],[-81.333658,29.933716],[-81.333722,29.93395],[-81.333791,29.934265],[-81.333857,29.934648],[-81.33389,29.934904],[-81.333988,29.936062]]}},{"type":"Feature","properties":{"id":"11052063712","name":"Railroad","mtfcc":"R1011"},"geometry":{"type":"LineString","coordinates":[[-81.36275,29.979345],[-81.360115,29.97642],[-81.359006,29.975181],[-81.35515,29.970901],[-81.352934,29.968442],[-81.352625,29.96808],[-81.352348,29.967739],[-81.352046,29.967347],[-81.351782,29.966976],[-81.351556,29.966642],[-81.351288,29.966225],[-81.350913,29.965607],[-81.349898,29.963957],[-81.349566,29.963417],[-81.340541,29.948697],[-81.338555,29.945449],[-81.336832,29.942634],[-81.336559,29.942198],[-81.336162,29.941544]]}},{"type":"Feature","properties":{"id":"11052063713","name":"Railroad","mtfcc":"R1011"},"geometry":{"type":"LineString","coordinates":[[-81.323249,29.911766],[-81.323333,29.911999],[-81.323411,29.912158],[-81.323702,29.91268],[-81.324157,29.913497],[-81.324511,29.914132],[-81.324586,29.91427],[-81.324746,29.914565],[-81.325012,29.915034],[-81.325041,29.915088],[-81.325246,29.915463],[-81.325339,29.91561],[-81.325513,29.915846]]}},{"type":"Feature","properties":{"id":"11052063714","name":"Railroad","mtfcc":"R1011"},"geometry":{"type":"LineString","coordinates":[[-81.328699,29.800404],[-81.328692,29.800667],[-81.328665,29.801051],[-81.328774,29.802575],[-81.328793,29.802766],[-81.328844,29.803042],[-81.328866,29.803269],[-81.328888,29.803564],[-81.328956,29.803925]]}},{"type":"Feature","properties":{"id":"110535240446","name":"Railroad","mtfcc":"R1011"},"geometry":{"type":"LineString","coordinates":[[-82.639414,30.196463],[-82.639294,30.196459],[-82.63727,30.196367],[-82.634933,30.196257],[-82.634749,30.196243],[-82.634645,30.196235],[-82.634333,30.19621],[-82.63423,30.196202],[-82.633468,30.196133],[-82.633201,30.196095],[-82.632593,30.19601],[-82.632349,30.195965],[-82.63162,30.195828],[-82.631377,30.195784],[-82.631119,30.195737],[-82.630896,30.195692],[-82.629451,30.195406],[-82.628969,30.195311],[-82.628315,30.195186],[-82.626356,30.19481],[-82.625703,30.194686],[-82.625531,30.194649],[-82.625016,30.194539],[-82.624845,30.194503]]}},{"type":"Feature","properties":{"id":"110536462519","name":"Railroad","mtfcc":"R1011"},"geometry":{"type":"LineString","coordinates":[[-81.753764,30.41029],[-81.754155,30.410823],[-81.754347,30.411079],[-81.754571,30.411336],[-81.754848,30.411559],[-81.75524,30.411774],[-81.755675,30.411927],[-81.756019,30.411981],[-81.756363,30.411989],[-81.756717,30.411956],[-81.757066,30.411857],[-81.757496,30.411662],[-81.757764,30.411542],[-81.75784,30.411509],[-81.758407,30.411159],[-81.763529,30.407927],[-81.767982,30.405118]]}},{"type":"Feature","properties":{"id":"110536462520","name":"Railroad","mtfcc":"R1011"},"geometry":{"type":"LineString","coordinates":[[-81.69907,30.232209],[-81.698598,30.233806]]}},{"type":"Feature","properties":{"id":"110536462524","name":"Railroad","mtfcc":"R1011"},"geometry":{"type":"LineString","coordinates":[[-81.96788,30.318992],[-81.967995,30.318865],[-81.968079,30.318707],[-81.968262,30.318404],[-81.968471,30.318137],[-81.968889,30.317952],[-81.969334,30.317829],[-81.969726,30.317698],[-81.970086,30.317495],[-81.970295,30.317214],[-81.97133,30.314638],[-81.971639,30.313737]]}},{"type":"Feature","properties":{"id":"110536462527","name":"Railroad","mtfcc":"R1011"},"geometry":{"type":"LineString","coordinates":[[-81.606601,30.585253],[-81.606367,30.585574]]}},{"type":"Feature","properties":{"id":"110536462532","name":"Railroad","mtfcc":"R1011"},"geometry":{"type":"LineString","coordinates":[[-81.698598,30.233806],[-81.698469,30.234244]]}},{"type":"Feature","properties":{"id":"110536462534","name":"Railroad","mtfcc":"R1011"},"geometry":{"type":"LineString","coordinates":[[-81.60312,30.243035],[-81.602414,30.241439],[-81.601693,30.239752]]}},{"type":"Feature","properties":{"id":"110536462535","name":"Railroad","mtfcc":"R1011"},"geometry":{"type":"LineString","coordinates":[[-81.625162,30.353241],[-81.625663,30.351039]]}},{"type":"Feature","properties":{"id":"110536462537","name":"Railroad","mtfcc":"R1011"},"geometry":{"type":"LineString","coordinates":[[-81.705345,30.313037],[-81.707415,30.31166],[-81.710445,30.309714],[-81.711621,30.308962],[-81.713177,30.30792]]}},{"type":"Feature","properties":{"id":"110536462539","name":"Railroad","mtfcc":"R1011"},"geometry":{"type":"LineString","coordinates":[[-81.638942,30.448349],[-81.639128,30.44815],[-81.63928,30.447933],[-81.639452,30.447616],[-81.639583,30.447322],[-81.639818,30.446762]]}},{"type":"Feature","properties":{"id":"110536462544","name":"Railroad","mtfcc":"R1011"},"geometry":{"type":"LineString","coordinates":[[-81.971163,30.310413],[-81.969918,30.313761],[-81.969914,30.313773],[-81.968591,30.31716],[-81.968496,30.317406],[-81.96788,30.318992]]}},{"type":"Feature","properties":{"id":"110536462549","name":"Railroad","mtfcc":"R1011"},"geometry":{"type":"LineString","coordinates":[[-81.832017,30.379207],[-81.832012,30.388694],[-81.83198,30.39129],[-81.831881,30.391584],[-81.831766,30.391814],[-81.831615,30.391977],[-81.831437,30.392163],[-81.831249,30.392262],[-81.831008,30.392416],[-81.830768,30.392502],[-81.830465,30.392556],[-81.830057,30.392579],[-81.829174,30.392606],[-81.819575,30.392764]]}},{"type":"Feature","properties":{"id":"11055022415","name":"Railroad","mtfcc":"R1011"},"geometry":{"type":"LineString","coordinates":[[-82.272551,30.250264],[-82.272829,30.250179]]}},{"type":"Feature","properties":{"id":"11057614296","name":"Railroad","mtfcc":"R1011"},"geometry":{"type":"LineString","coordinates":[[-81.6818,29.97693],[-81.68196,29.97727],[-81.682227,29.977851],[-81.68253,29.97851],[-81.682715,29.978894],[-81.682978,29.979442],[-81.68315,29.9798],[-81.683229,29.979963],[-81.683259,29.980025],[-81.683538,29.980604],[-81.68398,29.98152],[-81.68405,29.98166],[-81.684517,29.982663],[-81.68472,29.9831],[-81.68506,29.98379],[-81.68526,29.98423],[-81.68541,29.9846],[-81.68552,29.98495],[-81.685551,29.985081],[-81.68562,29.98538],[-81.68567,29.98577],[-81.68568,29.98612],[-81.685676,29.986226],[-81.68564,29.98749],[-81.68563,29.987764],[-81.68563,29.98779],[-81.685591,29.988589],[-81.68559,29.98863],[-81.685583,29.988864],[-81.685574,29.989157],[-81.685548,29.990036],[-81.68554,29.99033],[-81.685514,29.990956],[-81.685436,29.992834],[-81.68541,29.99346],[-81.685372,29.994167],[-81.68537,29.99421],[-81.68534,29.9952],[-81.68538,29.99566],[-81.68545,29.99603],[-81.685511,29.996277],[-81.68552,29.99631],[-81.68567,29.99675],[-81.68576,29.99694],[-81.68581,29.99707],[-81.685928,29.997285],[-81.68598,29.99738],[-81.68613,29.99763],[-81.68629,29.99784],[-81.6865,29.99813],[-81.686587,29.998231],[-81.68675,29.99842],[-81.68683,29.99853],[-81.687081,29.998843],[-81.68751,29.99938],[-81.687848,29.999774],[-81.68811,30.00008],[-81.68813,30.00011],[-81.688366,30.00039],[-81.68888,30.001],[-81.689132,30.001322],[-81.68938,30.00164],[-81.689613,30.001901],[-81.6898,30.00211],[-81.69017,30.00248],[-81.69035,30.002652],[-81.690605,30.002894],[-81.690643,30.00293],[-81.690758,30.00304],[-81.69078,30.00306],[-81.690798,30.003076],[-81.690952,30.00321],[-81.69117,30.0034],[-81.691308,30.003542],[-81.691398,30.003635],[-81.691542,30.003782],[-81.69155,30.00379],[-81.691652,30.00388],[-81.691985,30.004175],[-81.69207,30.00425],[-81.692096,30.004275],[-81.692111,30.004289],[-81.692158,30.004332],[-81.692174,30.004347],[-81.692195,30.004366],[-81.692258,30.004425],[-81.692279,30.004445],[-81.692394,30.004553],[-81.692744,30.004874],[-81.692861,30.004982],[-81.69336,30.00544],[-81.693563,30.005633],[-81.69477,30.00678],[-81.695656,30.007599],[-81.69596,30.00788],[-81.69635,30.00826],[-81.69701,30.008886],[-81.697507,30.009358],[-81.698042,30.009865],[-81.6983,30.01011],[-81.698544,30.010331],[-81.698661,30.010438],[-81.699004,30.010749],[-81.69961,30.0113],[-81.699676,30.011363],[-81.699787,30.011469],[-81.700122,30.011788],[-81.700234,30.011895],[-81.70046,30.01211],[-81.701028,30.012647],[-81.70171,30.01329],[-81.70305,30.01458],[-81.70542,30.01681],[-81.70664,30.01796],[-81.70947,30.02064],[-81.709583,30.020746],[-81.710302,30.021424],[-81.71171,30.02275],[-81.712466,30.023455],[-81.71319,30.02413],[-81.71345,30.02437],[-81.714255,30.025127],[-81.71479,30.02563],[-81.715279,30.026094],[-81.71559,30.02639],[-81.717,30.02771],[-81.717443,30.028132],[-81.71783,30.0285],[-81.71851,30.02913],[-81.71948,30.03004],[-81.72085,30.03134],[-81.7218,30.03222],[-81.72301,30.03336],[-81.72335,30.033694],[-81.72366,30.034],[-81.723761,30.034086],[-81.723848,30.034161],[-81.72387,30.03418],[-81.72397,30.034257],[-81.724,30.03428],[-81.72439,30.03462],[-81.7261,30.03627],[-81.7275,30.0376],[-81.72887,30.03887],[-81.72928,30.039265],[-81.729853,30.039815],[-81.730175,30.040125],[-81.73042,30.04036],[-81.73118,30.04104],[-81.73249,30.04226],[-81.73372,30.04347],[-81.735044,30.044719],[-81.735593,30.045236],[-81.736902,30.046471],[-81.73724,30.04679],[-81.739123,30.048556],[-81.739259,30.048684],[-81.740582,30.049926],[-81.7408,30.05013],[-81.74217,30.05144],[-81.743323,30.052512],[-81.74404,30.05318],[-81.744548,30.053658],[-81.74457,30.053678],[-81.745295,30.05436],[-81.74539,30.05445],[-81.74587,30.054903],[-81.7462,30.055214],[-81.74719,30.056148],[-81.74752,30.05646],[-81.748605,30.057475],[-81.74907,30.05791],[-81.75104,30.05977],[-81.751847,30.060536],[-81.75241,30.06107],[-81.752889,30.061517],[-81.75293,30.061555],[-81.753288,30.061889],[-81.75375,30.06232],[-81.75436,30.062896],[-81.75447,30.063],[-81.754717,30.063232],[-81.755016,30.063512],[-81.75574,30.06419],[-81.755917,30.064352],[-81.756221,30.064629],[-81.75636,30.064756],[-81.756779,30.065139],[-81.756919,30.065267],[-81.75701,30.06535],[-81.757765,30.066058],[-81.75941,30.0676],[-81.760284,30.068454],[-81.76031,30.06848],[-81.76068,30.06893],[-81.76095,30.06935],[-81.760969,30.069386],[-81.76121,30.06984],[-81.76139,30.07029],[-81.76153,30.07083],[-81.7616,30.07133],[-81.76162,30.07184],[-81.76162,30.07213],[-81.761584,30.072966],[-81.761569,30.074208],[-81.761562,30.074626],[-81.761551,30.075187],[-81.761546,30.076225],[-81.761529,30.077556],[-81.761508,30.078422],[-81.761499,30.07937],[-81.761486,30.08018],[-81.761483,30.080408],[-81.761227,30.080582],[-81.761214,30.080813],[-81.761201,30.081045],[-81.76116,30.08177],[-81.76115,30.08235],[-81.76107,30.08388],[-81.76102,30.08511],[-81.76096,30.08618],[-81.76096,30.087],[-81.761001,30.087416],[-81.76101,30.08751],[-81.761017,30.087549],[-81.761033,30.087638],[-81.76108,30.08789],[-81.761084,30.087908],[-81.761107,30.087997],[-81.76115,30.08817],[-81.76121,30.08837],[-81.76133,30.08869],[-81.76149,30.08901],[-81.7617,30.08939],[-81.76193,30.08971],[-81.76226,30.0902],[-81.762514,30.090562],[-81.76358,30.09208],[-81.764515,30.093423],[-81.765409,30.094707],[-81.766914,30.096869],[-81.7675,30.09771],[-81.767576,30.097816],[-81.76811,30.09856],[-81.7682,30.098688],[-81.76893,30.09973],[-81.76927,30.10023],[-81.76937,30.10036],[-81.76939,30.1004],[-81.769661,30.100783],[-81.76995,30.10119],[-81.77033,30.10182],[-81.7706,30.10241],[-81.770647,30.102555],[-81.77076,30.1029],[-81.770804,30.103213]]}},{"type":"Feature","properties":{"id":"11057614297","name":"Railroad","mtfcc":"R1011"},"geometry":{"type":"LineString","coordinates":[[-81.66435,29.98344],[-81.66449,29.983424],[-81.66478,29.98339],[-81.665,29.98334],[-81.66551,29.98317],[-81.665593,29.983132],[-81.665854,29.983012],[-81.66599,29.98295],[-81.66638,29.98272],[-81.666582,29.982554],[-81.66665,29.9825],[-81.666788,29.982354],[-81.667002,29.982124],[-81.66712,29.982],[-81.667628,29.98142],[-81.667835,29.981184],[-81.667915,29.98108],[-81.669187,29.97943],[-81.670485,29.977749],[-81.670659,29.977524],[-81.670701,29.97747],[-81.67077,29.97738],[-81.67117,29.97684],[-81.67167,29.97623],[-81.67188,29.97598],[-81.67195,29.97593],[-81.67226,29.97565],[-81.67266,29.9754],[-81.6729,29.97527],[-81.67326,29.97512],[-81.67371,29.97497],[-81.673862,29.974945],[-81.67402,29.97492],[-81.6745,29.97489],[-81.67495,29.97488],[-81.67531,29.97493],[-81.67586,29.97503],[-81.67606,29.97506],[-81.67646,29.97514],[-81.677282,29.975291],[-81.67858,29.97553],[-81.68004,29.97578],[-81.68049,29.97588],[-81.68084,29.97602],[-81.680919,29.976071],[-81.68118,29.97624],[-81.68141,29.97643],[-81.68166,29.97672],[-81.6818,29.97693]]}},{"type":"Feature","properties":{"id":"11057614298","name":"Railroad","mtfcc":"R1011"},"geometry":{"type":"LineString","coordinates":[[-81.67192,29.95581],[-81.671942,29.955856],[-81.672008,29.955994],[-81.67203,29.95604],[-81.67211,29.9562],[-81.672233,29.956469],[-81.67255,29.95716],[-81.672605,29.957277],[-81.672833,29.957762],[-81.673035,29.958193],[-81.67339,29.95895],[-81.67406,29.9604],[-81.674606,29.961561],[-81.674785,29.961941],[-81.67509,29.96259],[-81.67577,29.96402],[-81.675846,29.964184],[-81.67646,29.96551],[-81.676889,29.966419],[-81.67714,29.96695],[-81.677521,29.967763],[-81.67864,29.97015],[-81.68001,29.97305],[-81.680067,29.973173],[-81.680458,29.974013],[-81.680502,29.974106],[-81.6807,29.97453],[-81.68137,29.97595],[-81.6818,29.97693]]}},{"type":"Feature","properties":{"id":"11057614299","name":"Railroad","mtfcc":"R1011"},"geometry":{"type":"LineString","coordinates":[[-82.018783,30.186752],[-82.019325,30.185333],[-82.01994,30.18373],[-82.02021,30.18301],[-82.02086,30.18135],[-82.020962,30.181082],[-82.02136,30.18004],[-82.021506,30.179665]]}},{"type":"Feature","properties":{"id":"11057614301","name":"Railroad","mtfcc":"R1011"},"geometry":{"type":"LineString","coordinates":[[-81.659255,29.986537],[-81.659686,29.986752],[-81.660981,29.987399],[-81.661413,29.987615]]}},{"type":"Feature","properties":{"id":"11057614302","name":"Railroad","mtfcc":"R1011"},"geometry":{"type":"LineString","coordinates":[[-81.655439,29.984724],[-81.656202,29.985086],[-81.656884,29.98541],[-81.658491,29.986174],[-81.659255,29.986537]]}},{"type":"Feature","properties":{"id":"11057614303","name":"Railroad","mtfcc":"R1011"},"geometry":{"type":"LineString","coordinates":[[-81.659255,29.986537],[-81.659649,29.986511],[-81.660834,29.986434],[-81.660965,29.986426],[-81.661224,29.986372],[-81.661623,29.986288],[-81.661638,29.986273],[-81.662215,29.985707],[-81.662557,29.985372],[-81.662864,29.985072]]}},{"type":"Feature","properties":{"id":"11057614305","name":"Railroad","mtfcc":"R1011"},"geometry":{"type":"LineString","coordinates":[[-81.661386,29.988509],[-81.661411,29.988464],[-81.661488,29.988331],[-81.661515,29.988287],[-81.661567,29.988193],[-81.661572,29.988182],[-81.661671,29.988009],[-81.661723,29.987914],[-81.661776,29.987822],[-81.66188,29.987637],[-81.662194,29.987082],[-81.662299,29.986898],[-81.662354,29.9868],[-81.662452,29.986545],[-81.662764,29.985735],[-81.662808,29.985625],[-81.662825,29.985455],[-81.662864,29.985072]]}},{"type":"Feature","properties":{"id":"11057614306","name":"Railroad","mtfcc":"R1011"},"geometry":{"type":"LineString","coordinates":[[-81.662864,29.985072],[-81.662869,29.984995],[-81.662884,29.984766],[-81.66289,29.98469],[-81.662894,29.984634],[-81.662905,29.984466],[-81.66291,29.98441]]}},{"type":"Feature","properties":{"id":"11057614307","name":"Railroad","mtfcc":"R1011"},"geometry":{"type":"LineString","coordinates":[[-81.66291,29.98441],[-81.66296,29.98432],[-81.66312,29.984121],[-81.66313,29.98411],[-81.66332,29.98391],[-81.66353,29.98376],[-81.66384,29.98359],[-81.664001,29.983525],[-81.66404,29.98351],[-81.66435,29.98344]]}},{"type":"Feature","properties":{"id":"11057614308","name":"Railroad","mtfcc":"R1011"},"geometry":{"type":"LineString","coordinates":[[-81.66217,29.98304],[-81.66239,29.98322],[-81.662423,29.983251],[-81.66255,29.98337],[-81.66278,29.98368],[-81.6629,29.98396],[-81.662924,29.984083],[-81.66294,29.98416],[-81.66291,29.98441]]}},{"type":"Feature","properties":{"id":"11057614310","name":"Railroad","mtfcc":"R1011"},"geometry":{"type":"LineString","coordinates":[[-81.66217,29.98304],[-81.6625,29.98321],[-81.662574,29.983238],[-81.66289,29.98336],[-81.66328,29.98343],[-81.663485,29.98344],[-81.66367,29.98345],[-81.663774,29.983449],[-81.663898,29.983446],[-81.664021,29.983445],[-81.664167,29.983442],[-81.66435,29.98344]]}},{"type":"Feature","properties":{"id":"1107065867392","name":"Railroad","mtfcc":"R1011"},"geometry":{"type":"LineString","coordinates":[[-81.680829,29.68214],[-81.680786,29.682441],[-81.680662,29.683347],[-81.680635,29.683547],[-81.680602,29.683645],[-81.680732,29.683804],[-81.681124,29.684282],[-81.681254,29.684443]]}},{"type":"Feature","properties":{"id":"1107065867395","name":"Railroad","mtfcc":"R1011"},"geometry":{"type":"LineString","coordinates":[[-81.675632,29.678529],[-81.67636,29.678313],[-81.67696,29.67829],[-81.677007,29.678308],[-81.677149,29.678363],[-81.677197,29.678381],[-81.677722,29.678547],[-81.67817,29.678917],[-81.678627,29.679491],[-81.680829,29.68214]]}},{"type":"Feature","properties":{"id":"1107065867397","name":"Railroad","mtfcc":"R1011"},"geometry":{"type":"LineString","coordinates":[[-81.680956,29.67313],[-81.680203,29.675336],[-81.679943,29.6761],[-81.679924,29.676147],[-81.679866,29.67629],[-81.679848,29.676338],[-81.679611,29.676527],[-81.679218,29.676842],[-81.679159,29.676871],[-81.678857,29.677025],[-81.678588,29.677163]]}},{"type":"Feature","properties":{"id":"1107065867399","name":"Railroad","mtfcc":"R1011"},"geometry":{"type":"LineString","coordinates":[[-81.681225,29.678829],[-81.680608,29.678608],[-81.680499,29.678553],[-81.680174,29.678388],[-81.680067,29.678333]]}},{"type":"Feature","properties":{"id":"1107065867400","name":"Railroad","mtfcc":"R1011"},"geometry":{"type":"LineString","coordinates":[[-81.678588,29.677163],[-81.679337,29.677545],[-81.679619,29.677798],[-81.680067,29.678333]]}},{"type":"Feature","properties":{"id":"1107065867401","name":"Railroad","mtfcc":"R1011"},"geometry":{"type":"LineString","coordinates":[[-81.674307,29.679453],[-81.67442,29.679421],[-81.674757,29.679327],[-81.674871,29.679296],[-81.675137,29.679327],[-81.675816,29.679407],[-81.67593,29.679449],[-81.676181,29.679544]]}},{"type":"Feature","properties":{"id":"11081863235","name":"Railroad","mtfcc":"R1011"},"geometry":{"type":"LineString","coordinates":[[-82.143207,29.849974],[-82.144051,29.847732],[-82.146584,29.841008],[-82.147429,29.838767]]}},{"type":"Feature","properties":{"id":"11081863236","name":"Railroad","mtfcc":"R1011"},"geometry":{"type":"LineString","coordinates":[[-82.323934,29.925173],[-82.323924,29.923638],[-82.32392,29.923041],[-82.323894,29.919034],[-82.32389,29.918412],[-82.323841,29.91753],[-82.3238,29.917167],[-82.323623,29.915814],[-82.323561,29.912263],[-82.323537,29.910876],[-82.323388,29.902314],[-82.323338,29.896228],[-82.323307,29.893806],[-82.323271,29.893204],[-82.323044,29.892727],[-82.322518,29.892291],[-82.32224,29.892181],[-82.321898,29.892129],[-82.321436,29.89216],[-82.320866,29.89226]]}},{"type":"Feature","properties":{"id":"11081863237","name":"Railroad","mtfcc":"R1011"},"geometry":{"type":"LineString","coordinates":[[-82.109511,29.941299],[-82.109778,29.94099],[-82.109861,29.940895],[-82.110744,29.940362],[-82.110809,29.940351],[-82.111213,29.940288],[-82.111774,29.940221],[-82.11465,29.9406],[-82.114747,29.940611],[-82.117443,29.940628],[-82.117795,29.94063],[-82.118853,29.940637],[-82.119206,29.94064],[-82.119536,29.940642],[-82.120529,29.940648],[-82.12086,29.940651],[-82.121005,29.940651],[-82.121443,29.940651],[-82.121589,29.940652],[-82.122236,29.940657],[-82.123087,29.940664],[-82.12409,29.940673],[-82.124179,29.940676],[-82.124827,29.940698]]}},{"type":"Feature","properties":{"id":"11082077014","name":"Railroad","mtfcc":"R1011"},"geometry":{"type":"LineString","coordinates":[[-81.60095,30.61226],[-81.60091,30.61197],[-81.60083,30.61172],[-81.60071,30.61152],[-81.6006,30.61137],[-81.60042,30.6112],[-81.60007,30.61103],[-81.59963,30.61079],[-81.59947,30.61068],[-81.59934,30.61055],[-81.59923,30.61035],[-81.59918,30.61021],[-81.59914,30.61007],[-81.599098,30.609853],[-81.599127,30.609186],[-81.599171,30.608212]]}},{"type":"Feature","properties":{"id":"11082079967","name":"Railroad","mtfcc":"R1011"},"geometry":{"type":"LineString","coordinates":[[-81.875084,30.50751],[-81.875032,30.507502],[-81.87488,30.50748],[-81.874825,30.50747]]}},{"type":"Feature","properties":{"id":"11082079969","name":"Railroad","mtfcc":"R1011"},"geometry":{"type":"LineString","coordinates":[[-81.474991,30.661946],[-81.474803,30.661591],[-81.474574,30.661159],[-81.474427,30.661051],[-81.474348,30.660994],[-81.474115,30.660911],[-81.473927,30.66091],[-81.473915,30.660912],[-81.473737,30.660948],[-81.473586,30.661033],[-81.473369,30.661156],[-81.473138,30.661286],[-81.472779,30.661489],[-81.471207,30.662525],[-81.470608,30.662731],[-81.47054,30.66271],[-81.47023,30.66277],[-81.47006,30.66278],[-81.46986,30.66278],[-81.46963,30.66272],[-81.46924,30.66253],[-81.46896,30.66235],[-81.46858,30.66209],[-81.46837,30.66196],[-81.46825,30.6619],[-81.46813,30.66184],[-81.46791,30.66178],[-81.467823,30.661762],[-81.46772,30.66174],[-81.46752,30.66173],[-81.46734,30.66173],[-81.467195,30.661747],[-81.46717,30.66175],[-81.46634,30.6619],[-81.465332,30.662092],[-81.46503,30.66215],[-81.46471,30.6622],[-81.46457,30.6622],[-81.4644,30.66218],[-81.464385,30.662177],[-81.46422,30.66215],[-81.46402,30.66209],[-81.46381,30.662],[-81.46358,30.66183],[-81.463517,30.661772],[-81.46346,30.66172],[-81.46329,30.66154]]}},{"type":"Feature","properties":{"id":"11082079970","name":"Railroad","mtfcc":"R1011"},"geometry":{"type":"LineString","coordinates":[[-81.80607,30.50255],[-81.806646,30.50363],[-81.80679,30.5039],[-81.80746,30.50512],[-81.807916,30.505977],[-81.808388,30.506866],[-81.80846,30.507],[-81.808956,30.507952]]}},{"type":"Feature","properties":{"id":"11082079971","name":"Railroad","mtfcc":"R1011"},"geometry":{"type":"LineString","coordinates":[[-81.464952,30.669738],[-81.46492,30.66949],[-81.46482,30.66893],[-81.464701,30.668299],[-81.46464,30.66797],[-81.4646,30.66768],[-81.464598,30.667616],[-81.46459,30.66721],[-81.4646,30.66691],[-81.46463,30.6666],[-81.4647,30.666],[-81.46471,30.66569],[-81.46471,30.66554],[-81.46466,30.66523],[-81.46455,30.66462],[-81.4645,30.664455],[-81.46441,30.66416],[-81.464348,30.663976],[-81.46428,30.66377],[-81.46395,30.66286],[-81.46386,30.6626]]}},{"type":"Feature","properties":{"id":"11082079972","name":"Railroad","mtfcc":"R1011"},"geometry":{"type":"LineString","coordinates":[[-81.528141,30.624708],[-81.528601,30.624903],[-81.528726,30.624956],[-81.529104,30.625116],[-81.52923,30.62517]]}},{"type":"Feature","properties":{"id":"11082079973","name":"Railroad","mtfcc":"R1011"},"geometry":{"type":"LineString","coordinates":[[-81.607613,30.631887],[-81.608646,30.632875],[-81.608787,30.63301],[-81.611746,30.635841],[-81.61278,30.63683],[-81.614688,30.639081],[-81.620415,30.645837],[-81.62136,30.646952],[-81.622011,30.648056],[-81.622103,30.648244]]}},{"type":"Feature","properties":{"id":"11082079974","name":"Railroad","mtfcc":"R1011"},"geometry":{"type":"LineString","coordinates":[[-81.874415,30.507316],[-81.873842,30.507216],[-81.873387,30.50711],[-81.872957,30.506979],[-81.872384,30.506761],[-81.871917,30.506574],[-81.871406,30.506319],[-81.871169,30.506188],[-81.870079,30.505579]]}},{"type":"Feature","properties":{"id":"11082079975","name":"Railroad","mtfcc":"R1011"},"geometry":{"type":"LineString","coordinates":[[-81.999468,30.783134],[-82.000202,30.785088]]}},{"type":"Feature","properties":{"id":"11082079977","name":"Railroad","mtfcc":"R1011"},"geometry":{"type":"LineString","coordinates":[[-81.874312,30.624726],[-81.874409,30.624868],[-81.874703,30.625294],[-81.874801,30.625437]]}},{"type":"Feature","properties":{"id":"11082079980","name":"Railroad","mtfcc":"R1011"},"geometry":{"type":"LineString","coordinates":[[-81.886625,30.500174],[-81.88668,30.500107]]}},{"type":"Feature","properties":{"id":"1108312011239","name":"Railroad","mtfcc":"R1011"},"geometry":{"type":"LineString","coordinates":[[-81.558473,30.78977],[-81.559231,30.789674],[-81.560778,30.789516]]}},{"type":"Feature","properties":{"id":"11097879644","name":"Railroad","mtfcc":"R1011"},"geometry":{"type":"LineString","coordinates":[[-81.674307,29.679453],[-81.673717,29.679824],[-81.671951,29.680934],[-81.667898,29.683485],[-81.664859,29.685335],[-81.662483,29.686782],[-81.662295,29.686896],[-81.661653,29.687343],[-81.661093,29.68769],[-81.660244,29.688314],[-81.659943,29.688819],[-81.659776,29.689103],[-81.65966,29.689592]]}},{"type":"Feature","properties":{"id":"11097879648","name":"Railroad","mtfcc":"R1011"},"geometry":{"type":"LineString","coordinates":[[-81.680281,29.680258],[-81.680125,29.679812],[-81.680194,29.679481],[-81.680306,29.679111],[-81.680067,29.678333]]}},{"type":"Feature","properties":{"id":"11097879654","name":"Railroad","mtfcc":"R1011"},"geometry":{"type":"LineString","coordinates":[[-81.680829,29.68214],[-81.680917,29.682316],[-81.681094,29.682668],[-81.681223,29.682822],[-81.681351,29.682974]]}},{"type":"Feature","properties":{"id":"11097879657","name":"Railroad","mtfcc":"R1011"},"geometry":{"type":"LineString","coordinates":[[-81.639974,29.653303],[-81.639857,29.653816],[-81.639825,29.653973]]}},{"type":"Feature","properties":{"id":"11097879661","name":"Railroad","mtfcc":"R1011"},"geometry":{"type":"LineString","coordinates":[[-81.999815,29.590346],[-82.00013,29.590698],[-82.000903,29.591433],[-82.001512,29.592025],[-82.00196,29.592511],[-82.002657,29.593137],[-82.003319,29.593733],[-82.003754,29.594031],[-82.004082,29.594252],[-82.004759,29.594591],[-82.005588,29.59505],[-82.006237,29.595342],[-82.006642,29.595449],[-82.007262,29.595556],[-82.007774,29.595618],[-82.008089,29.595622],[-82.0085,29.595604],[-82.008976,29.595524],[-82.009388,29.595395],[-82.009973,29.5952],[-82.010376,29.594988],[-82.010728,29.594767],[-82.011225,29.594449],[-82.011577,29.594256],[-82.012041,29.594024],[-82.012519,29.593861],[-82.012711,29.593819],[-82.01338,29.593674],[-82.013799,29.593643],[-82.014138,29.593607],[-82.014471,29.59358],[-82.014869,29.593595],[-82.015226,29.593628],[-82.015627,29.593677],[-82.016167,29.593817],[-82.016577,29.593937],[-82.017014,29.594024],[-82.017661,29.594121],[-82.018177,29.59414],[-82.019056,29.594044],[-82.019694,29.593995],[-82.020161,29.593959],[-82.02053,29.593956],[-82.020894,29.593971],[-82.021341,29.594036],[-82.021868,29.594176],[-82.022967,29.594552],[-82.0251,29.595228],[-82.026777,29.595782],[-82.028492,29.596436],[-82.031356,29.597421],[-82.03172,29.597504],[-82.032077,29.59757],[-82.032435,29.597576],[-82.032804,29.597522],[-82.033632,29.597302],[-82.034346,29.597126],[-82.035043,29.596965],[-82.035598,29.596768],[-82.036378,29.596482],[-82.037445,29.595982],[-82.038351,29.595529],[-82.038678,29.595386],[-82.039048,29.595249],[-82.03934,29.595142],[-82.03962,29.595076],[-82.040085,29.59501],[-82.040606,29.594969],[-82.04125,29.594975],[-82.041881,29.595058],[-82.042561,29.595296],[-82.043204,29.595571],[-82.043758,29.595958],[-82.04433,29.596351],[-82.044884,29.596637],[-82.045397,29.596828],[-82.0461,29.596971],[-82.047316,29.597185],[-82.048293,29.597221],[-82.049056,29.597209],[-82.04947,29.597132],[-82.050048,29.596965],[-82.050181,29.596893],[-82.051329,29.596244],[-82.053479,29.594928],[-82.05438,29.594391],[-82.054744,29.594213],[-82.055444,29.59381]]}},{"type":"Feature","properties":{"id":"11097879666","name":"Railroad","mtfcc":"R1011"},"geometry":{"type":"LineString","coordinates":[[-81.675632,29.678529],[-81.67519,29.678838],[-81.674919,29.679029],[-81.674796,29.679113],[-81.674429,29.679367],[-81.674307,29.679453]]}},{"type":"Feature","properties":{"id":"11097879667","name":"Railroad","mtfcc":"R1011"},"geometry":{"type":"LineString","coordinates":[[-81.678588,29.677163],[-81.678167,29.677181],[-81.678089,29.677185],[-81.677248,29.677573],[-81.677018,29.677691],[-81.676645,29.677885],[-81.676571,29.677923],[-81.67635,29.678039],[-81.676277,29.678078],[-81.676005,29.678268],[-81.675632,29.678529]]}},{"type":"Feature","properties":{"id":"11097879669","name":"Railroad","mtfcc":"R1011"},"geometry":{"type":"LineString","coordinates":[[-81.510672,29.375277],[-81.510368,29.374842]]}},{"type":"Feature","properties":{"id":"1102280583472","name":"Seaboard Coast Line RR","mtfcc":"R1011"},"geometry":{"type":"LineString","coordinates":[[-82.147086,29.838767],[-82.1471,29.838728]]}},{"type":"Feature","properties":{"id":"11034688077498","name":"Seaboard Coast Line RR","mtfcc":"R1011"},"geometry":{"type":"LineString","coordinates":[[-82.130543,29.883745],[-82.130745,29.883132],[-82.132529,29.878452],[-82.13304,29.87705],[-82.133737,29.875139],[-82.134564,29.872842],[-82.134997,29.871643],[-82.135071,29.871439],[-82.135266,29.870899],[-82.135853,29.869282],[-82.13605,29.868743],[-82.136213,29.868307],[-82.136702,29.867001],[-82.136866,29.866566],[-82.137033,29.866131],[-82.137535,29.864829],[-82.137703,29.864395],[-82.137746,29.864245],[-82.137874,29.863798],[-82.137918,29.863649],[-82.138412,29.862339],[-82.139896,29.858412],[-82.140392,29.857103],[-82.140413,29.857046],[-82.140681,29.856324],[-82.141548,29.853987],[-82.141838,29.853209],[-82.142066,29.852571],[-82.142749,29.850658],[-82.142978,29.850021]]}},{"type":"Feature","properties":{"id":"11031987930406","name":"St Marys Railroad Company","mtfcc":"R1011"},"geometry":{"type":"LineString","coordinates":[[-81.573665,30.745901],[-81.573335,30.745895],[-81.573127,30.745919],[-81.572895,30.74593],[-81.572687,30.746008],[-81.572199,30.746365]]}},{"type":"Feature","properties":{"id":"11031988166459","name":"St Marys Railroad Company","mtfcc":"R1011"},"geometry":{"type":"LineString","coordinates":[[-81.572199,30.746365],[-81.57208,30.746728]]}},{"type":"Feature","properties":{"id":"11031988166460","name":"St Marys Railroad Company","mtfcc":"R1011"},"geometry":{"type":"LineString","coordinates":[[-81.571698,30.745069],[-81.57186,30.745193],[-81.571967,30.745312],[-81.572039,30.745425],[-81.572158,30.745627],[-81.572212,30.745795],[-81.572223,30.746067],[-81.572199,30.746365]]}},{"type":"Feature","properties":{"id":"11031989237640","name":"St Marys Railroad Company","mtfcc":"R1011"},"geometry":{"type":"LineString","coordinates":[[-81.559523,30.787875],[-81.559657,30.787821],[-81.559767,30.787788],[-81.55991,30.787743],[-81.560023,30.787698],[-81.560134,30.787612],[-81.560235,30.787526],[-81.560333,30.787412],[-81.560393,30.787308],[-81.560458,30.787094],[-81.560539,30.786909],[-81.560768,30.785315]]}},{"type":"Feature","properties":{"id":"11031989598841","name":"St Marys Railroad Company","mtfcc":"R1011"},"geometry":{"type":"LineString","coordinates":[[-81.559523,30.787875],[-81.559923,30.787851],[-81.559948,30.787844]]}},{"type":"Feature","properties":{"id":"11031989598843","name":"St Marys Railroad Company","mtfcc":"R1011"},"geometry":{"type":"LineString","coordinates":[[-81.555256,30.791013],[-81.555563,30.79071],[-81.555699,30.790404],[-81.55589,30.78991],[-81.556141,30.789285],[-81.556398,30.788693],[-81.556522,30.788486],[-81.556636,30.788377],[-81.556875,30.788208],[-81.557138,30.788138],[-81.557457,30.788047],[-81.558281,30.787951],[-81.559523,30.787875]]}},{"type":"Feature","properties":{"id":"11038622316889","name":"St Marys Railroad Company","mtfcc":"R1011"},"geometry":{"type":"LineString","coordinates":[[-81.573665,30.745901],[-81.574842,30.746402],[-81.577638,30.747671],[-81.578497,30.748061],[-81.579618,30.748553],[-81.581261,30.749275],[-81.581533,30.749394],[-81.582513,30.749842],[-81.582608,30.749886],[-81.582659,30.749909],[-81.582738,30.749947],[-81.585285,30.751109],[-81.58619,30.751523],[-81.586229,30.75154],[-81.587586,30.752125],[-81.588776,30.752639],[-81.589501,30.752954],[-81.589695,30.753039],[-81.590356,30.753327],[-81.59061,30.753439],[-81.590707,30.753484],[-81.590822,30.753546]]}},{"type":"Feature","properties":{"id":"11038622316890","name":"St Marys Railroad Company","mtfcc":"R1011"},"geometry":{"type":"LineString","coordinates":[[-81.571698,30.745069],[-81.572529,30.745439],[-81.57327,30.745734],[-81.573665,30.745901]]}},{"type":"Feature","properties":{"id":"11038622316891","name":"St Marys Railroad Company","mtfcc":"R1011"},"geometry":{"type":"LineString","coordinates":[[-81.558825,30.739335],[-81.560873,30.740162],[-81.56093,30.740186],[-81.560988,30.740209],[-81.561185,30.740289],[-81.562224,30.740716],[-81.563642,30.741298],[-81.563873,30.741393],[-81.564774,30.741816],[-81.565509,30.742255],[-81.566881,30.742867],[-81.568273,30.743503],[-81.569522,30.744057],[-81.570944,30.744735],[-81.571698,30.745069]]}},{"type":"Feature","properties":{"id":"110448815160","name":"St Marys Railroad Company","mtfcc":"R1011"},"geometry":{"type":"LineString","coordinates":[[-81.613392,30.763602],[-81.613529,30.763663],[-81.613679,30.763753],[-81.613799,30.763818],[-81.61392,30.763901],[-81.614007,30.763957],[-81.61408,30.764012],[-81.614172,30.764078],[-81.614245,30.764131],[-81.614359,30.764233],[-81.614468,30.764352],[-81.614594,30.764517],[-81.614703,30.764643],[-81.614771,30.76473],[-81.614878,30.764895],[-81.61507,30.765202],[-81.615185,30.765409],[-81.615385,30.765768],[-81.61546,30.765903],[-81.615553,30.766068],[-81.615596,30.766144],[-81.615976,30.766815],[-81.617448,30.76935],[-81.618271,30.770803],[-81.618444,30.771094],[-81.618751,30.77161],[-81.619864,30.773481],[-81.620502,30.774508],[-81.620663,30.774791],[-81.621541,30.776331],[-81.622559,30.777929],[-81.622823,30.778252],[-81.623349,30.778785],[-81.624452,30.779559],[-81.62514,30.77988],[-81.627529,30.780602],[-81.630273,30.781469],[-81.635154,30.783011],[-81.636039,30.783287],[-81.636924,30.783563],[-81.637607,30.783775],[-81.640144,30.784565],[-81.641725,30.785057],[-81.645092,30.786113],[-81.646578,30.786579],[-81.65381,30.788847],[-81.656252,30.789607],[-81.657361,30.789952],[-81.658513,30.79031],[-81.659253,30.790541],[-81.660086,30.790799],[-81.660686,30.790985],[-81.66196,30.79138],[-81.663303,30.791797],[-81.663929,30.791991],[-81.664999,30.792322],[-81.667328,30.793043],[-81.670714,30.794097],[-81.671528,30.79435],[-81.672143,30.794541],[-81.673085,30.794834],[-81.674086,30.795146],[-81.676839,30.795993],[-81.67854,30.796525],[-81.679519,30.796863],[-81.679838,30.796957],[-81.680141,30.797029],[-81.680447,30.797085],[-81.680757,30.797127],[-81.681069,30.797155],[-81.681382,30.797169],[-81.681696,30.79717],[-81.682009,30.797157],[-81.682321,30.79713],[-81.682631,30.797091],[-81.682938,30.797038],[-81.683026,30.797021],[-81.684133,30.796814],[-81.684778,30.796693],[-81.685412,30.796626],[-81.68679,30.79648],[-81.68808,30.796343],[-81.688395,30.796346],[-81.688636,30.796361],[-81.688892,30.796383],[-81.689435,30.796613],[-81.689546,30.796664],[-81.689901,30.796826],[-81.690278,30.797169],[-81.690616,30.797593],[-81.690615,30.797611],[-81.69066,30.79767],[-81.690697,30.797718],[-81.690895,30.798041]]}},{"type":"Feature","properties":{"id":"110448815161","name":"St Marys Railroad Company","mtfcc":"R1011"},"geometry":{"type":"LineString","coordinates":[[-81.607214,30.760891],[-81.607317,30.760865],[-81.607539,30.760921],[-81.613253,30.763474],[-81.613392,30.763602]]}},{"type":"Feature","properties":{"id":"110448815162","name":"St Marys Railroad Company","mtfcc":"R1011"},"geometry":{"type":"LineString","coordinates":[[-81.607214,30.760891],[-81.611444,30.762799],[-81.611586,30.762862],[-81.613131,30.763552],[-81.613392,30.763602]]}},{"type":"Feature","properties":{"id":"110448815163","name":"St Marys Railroad Company","mtfcc":"R1011"},"geometry":{"type":"LineString","coordinates":[[-81.600082,30.757691],[-81.601381,30.758263],[-81.603767,30.759314],[-81.605212,30.75995],[-81.605424,30.760052],[-81.605809,30.760246],[-81.606076,30.76037],[-81.606287,30.760468],[-81.606755,30.760685],[-81.607214,30.760891]]}},{"type":"Feature","properties":{"id":"110448815164","name":"St Marys Railroad Company","mtfcc":"R1011"},"geometry":{"type":"LineString","coordinates":[[-81.598535,30.757001],[-81.598784,30.757112],[-81.599888,30.757604],[-81.600082,30.757691]]}},{"type":"Feature","properties":{"id":"110448815165","name":"St Marys Railroad Company","mtfcc":"R1011"},"geometry":{"type":"LineString","coordinates":[[-81.590822,30.753546],[-81.59124,30.753791],[-81.593405,30.754779],[-81.593917,30.755013],[-81.594171,30.755118],[-81.59542,30.755635],[-81.595686,30.755756],[-81.595974,30.75588],[-81.596763,30.756231],[-81.597347,30.756479],[-81.597621,30.756614],[-81.598193,30.756858],[-81.598274,30.756897],[-81.598358,30.756937],[-81.598504,30.756999],[-81.598535,30.757001]]}},{"type":"Feature","properties":{"id":"110448815166","name":"St Marys Railroad Company","mtfcc":"R1011"},"geometry":{"type":"LineString","coordinates":[[-81.590822,30.753546],[-81.591649,30.753874],[-81.592254,30.754125],[-81.593269,30.7546],[-81.593472,30.754691],[-81.594348,30.755082],[-81.594644,30.755214],[-81.596705,30.756086],[-81.596866,30.756154],[-81.59705,30.756232],[-81.597394,30.756386],[-81.598168,30.756793],[-81.598274,30.756849],[-81.598311,30.756868],[-81.598403,30.756916],[-81.598487,30.756963],[-81.598535,30.757001]]}},{"type":"Feature","properties":{"id":"110448815168","name":"St Marys Railroad Company","mtfcc":"R1011"},"geometry":{"type":"LineString","coordinates":[[-81.537917,30.781187],[-81.537921,30.779914]]}},{"type":"Feature","properties":{"id":"110448815169","name":"St Marys Railroad Company","mtfcc":"R1011"},"geometry":{"type":"LineString","coordinates":[[-81.538146,30.782074],[-81.53815,30.779946],[-81.538138,30.779923]]}},{"type":"Feature","properties":{"id":"110448815170","name":"St Marys Railroad Company","mtfcc":"R1011"},"geometry":{"type":"LineString","coordinates":[[-81.538146,30.782074],[-81.538125,30.782053],[-81.538091,30.781729],[-81.538056,30.78164],[-81.538033,30.781552],[-81.537998,30.781473],[-81.537917,30.781187]]}},{"type":"Feature","properties":{"id":"110448815171","name":"St Marys Railroad Company","mtfcc":"R1011"},"geometry":{"type":"LineString","coordinates":[[-81.538119,30.78463],[-81.538035,30.783871],[-81.537918,30.783408],[-81.537905,30.783181],[-81.537907,30.782918],[-81.537917,30.781187]]}},{"type":"Feature","properties":{"id":"110448815172","name":"St Marys Railroad Company","mtfcc":"R1011"},"geometry":{"type":"LineString","coordinates":[[-81.538119,30.78463],[-81.538133,30.78418],[-81.538131,30.783903],[-81.538144,30.783375],[-81.538145,30.782911],[-81.538146,30.782074]]}},{"type":"Feature","properties":{"id":"110448815173","name":"St Marys Railroad Company","mtfcc":"R1011"},"geometry":{"type":"LineString","coordinates":[[-81.53935,30.798383],[-81.539053,30.798335],[-81.538721,30.798272],[-81.538469,30.798219],[-81.53832,30.798151],[-81.53819,30.798043],[-81.53801,30.797885],[-81.537929,30.797807],[-81.537835,30.7977],[-81.537791,30.797649],[-81.537704,30.797449],[-81.537675,30.797383],[-81.537606,30.797157]]}},{"type":"Feature","properties":{"id":"110448815174","name":"St Marys Railroad Company","mtfcc":"R1011"},"geometry":{"type":"LineString","coordinates":[[-81.53935,30.798383],[-81.53993,30.798325]]}},{"type":"Feature","properties":{"id":"110448815175","name":"St Marys Railroad Company","mtfcc":"R1011"},"geometry":{"type":"LineString","coordinates":[[-81.536507,30.798948],[-81.536972,30.798765],[-81.538091,30.798541],[-81.538559,30.798476],[-81.538878,30.798443],[-81.53935,30.798383]]}},{"type":"Feature","properties":{"id":"110448815176","name":"St Marys Railroad Company","mtfcc":"R1011"},"geometry":{"type":"LineString","coordinates":[[-81.555256,30.791013],[-81.555519,30.790878],[-81.55594,30.79062],[-81.556419,30.790342],[-81.556874,30.790044],[-81.557147,30.789945],[-81.557238,30.789929],[-81.557419,30.789887],[-81.55781,30.789852],[-81.558062,30.789811],[-81.558204,30.789797],[-81.558473,30.78977],[-81.558964,30.789738],[-81.559114,30.789739],[-81.559227,30.789757],[-81.559336,30.789802],[-81.559514,30.789854],[-81.5598,30.789863],[-81.560154,30.789812],[-81.560714,30.789751],[-81.560794,30.789747]]}},{"type":"Feature","properties":{"id":"110448815177","name":"St Marys Railroad Company","mtfcc":"R1011"},"geometry":{"type":"LineString","coordinates":[[-81.537606,30.797157],[-81.537606,30.796522],[-81.537607,30.793322],[-81.537629,30.793155],[-81.537674,30.793056],[-81.5377,30.792991],[-81.537742,30.792888],[-81.537867,30.79269],[-81.538033,30.79253],[-81.538299,30.792328],[-81.538584,30.792169],[-81.539006,30.792088],[-81.539509,30.792106]]}},{"type":"Feature","properties":{"id":"110448815178","name":"St Marys Railroad Company","mtfcc":"R1011"},"geometry":{"type":"LineString","coordinates":[[-81.536507,30.798948],[-81.536882,30.798689],[-81.536996,30.79861],[-81.537258,30.798333],[-81.537486,30.79797],[-81.537556,30.797761],[-81.537563,30.797696],[-81.53759,30.797448],[-81.537606,30.797157]]}},{"type":"Feature","properties":{"id":"110448815179","name":"St Marys Railroad Company","mtfcc":"R1011"},"geometry":{"type":"LineString","coordinates":[[-81.538119,30.78463],[-81.538362,30.783208],[-81.53836,30.782877],[-81.53836,30.780741],[-81.538356,30.779922]]}},{"type":"Feature","properties":{"id":"110448815181","name":"St Marys Railroad Company","mtfcc":"R1011"},"geometry":{"type":"LineString","coordinates":[[-81.54374,30.790267],[-81.543866,30.790237],[-81.544494,30.790037],[-81.544676,30.789947],[-81.544719,30.789846],[-81.54472,30.789621],[-81.544717,30.789388]]}},{"type":"Feature","properties":{"id":"110448815183","name":"St Marys Railroad Company","mtfcc":"R1011"},"geometry":{"type":"LineString","coordinates":[[-81.551042,30.797352],[-81.551075,30.797327],[-81.55128,30.797267],[-81.551371,30.797227],[-81.551485,30.797197],[-81.551622,30.797108],[-81.551735,30.797018],[-81.551826,30.796939],[-81.55194,30.79681],[-81.551991,30.796733],[-81.552019,30.796691],[-81.552048,30.796628],[-81.552115,30.796419],[-81.552278,30.796023],[-81.55236,30.795881],[-81.552382,30.795698],[-81.552417,30.795522],[-81.552603,30.794921],[-81.552676,30.794689],[-81.553103,30.79328],[-81.553306,30.792608],[-81.553356,30.792444],[-81.553446,30.792284],[-81.553588,30.792131],[-81.553958,30.791798],[-81.554311,30.79155],[-81.554538,30.791391],[-81.554848,30.791228],[-81.555256,30.791013]]}},{"type":"Feature","properties":{"id":"110448815184","name":"St Marys Railroad Company","mtfcc":"R1011"},"geometry":{"type":"LineString","coordinates":[[-81.54374,30.790267],[-81.543306,30.790348],[-81.543021,30.790388],[-81.542644,30.79043],[-81.542284,30.790416],[-81.542186,30.790412],[-81.541958,30.790413],[-81.541752,30.790404],[-81.541512,30.790385],[-81.54126,30.790287],[-81.541077,30.790229],[-81.540893,30.790111],[-81.54056,30.789757]]}},{"type":"Feature","properties":{"id":"110448815185","name":"St Marys Railroad Company","mtfcc":"R1011"},"geometry":{"type":"LineString","coordinates":[[-81.539509,30.792106],[-81.541053,30.792099],[-81.541236,30.792079],[-81.541741,30.791978],[-81.541844,30.791953],[-81.541999,30.791869],[-81.542137,30.791759],[-81.542319,30.791571],[-81.542592,30.791225],[-81.542659,30.79114],[-81.542886,30.790843],[-81.543068,30.790645],[-81.543274,30.790485],[-81.543501,30.790347],[-81.54374,30.790267]]}},{"type":"Feature","properties":{"id":"110448815186","name":"St Marys Railroad Company","mtfcc":"R1011"},"geometry":{"type":"LineString","coordinates":[[-81.539509,30.792106],[-81.539627,30.79209],[-81.539863,30.79204],[-81.540115,30.79198],[-81.540242,30.791897],[-81.540388,30.791801],[-81.540513,30.791702],[-81.540695,30.791533],[-81.54082,30.791394],[-81.540915,30.791189],[-81.54099,30.791029],[-81.541023,30.790831],[-81.541022,30.790634],[-81.540974,30.790318],[-81.540893,30.790141],[-81.54056,30.789757]]}},{"type":"Feature","properties":{"id":"110448815187","name":"St Marys Railroad Company","mtfcc":"R1011"},"geometry":{"type":"LineString","coordinates":[[-81.54056,30.789757],[-81.539682,30.78886],[-81.53949,30.788663],[-81.538685,30.787841],[-81.538653,30.787804],[-81.538466,30.787589],[-81.538339,30.787401],[-81.538226,30.787201],[-81.538187,30.787063],[-81.538111,30.786713],[-81.538096,30.786644],[-81.538114,30.785112],[-81.538119,30.78463]]}},{"type":"Feature","properties":{"id":"110448815188","name":"St Marys Railroad Company","mtfcc":"R1011"},"geometry":{"type":"LineString","coordinates":[[-81.557354,30.734885],[-81.557173,30.735339],[-81.557071,30.735496],[-81.556952,30.735645],[-81.556817,30.735783],[-81.556668,30.735909],[-81.556589,30.735968],[-81.556421,30.736075],[-81.556332,30.736123],[-81.556254,30.736164],[-81.556068,30.736245],[-81.556003,30.73627],[-81.555972,30.736281],[-81.555775,30.736341],[-81.555573,30.736386],[-81.5554,30.736412],[-81.555367,30.736417],[-81.555159,30.736432],[-81.555101,30.736433],[-81.554754,30.736392],[-81.553983,30.73624],[-81.553341,30.736132],[-81.55301,30.736071],[-81.552635,30.736002],[-81.552262,30.735926],[-81.551362,30.735785],[-81.551299,30.735775],[-81.550862,30.73571],[-81.550606,30.735678],[-81.550463,30.735672]]}},{"type":"Feature","properties":{"id":"110448815189","name":"St Marys Railroad Company","mtfcc":"R1011"},"geometry":{"type":"LineString","coordinates":[[-81.557354,30.734885],[-81.557301,30.735217],[-81.557246,30.735483],[-81.55721,30.735752],[-81.557192,30.736023],[-81.557193,30.736293],[-81.557212,30.736563],[-81.55725,30.736832],[-81.557306,30.737098],[-81.557353,30.737274],[-81.557404,30.737433],[-81.557574,30.737854],[-81.557655,30.737988],[-81.557817,30.738219],[-81.557937,30.738367],[-81.55816,30.738626],[-81.558718,30.739117],[-81.558804,30.739248],[-81.558825,30.739335]]}},{"type":"Feature","properties":{"id":"110448815190","name":"St Marys Railroad Company","mtfcc":"R1011"},"geometry":{"type":"LineString","coordinates":[[-81.557469,30.734067],[-81.557434,30.734455],[-81.557388,30.734673],[-81.557354,30.734885]]}},{"type":"Feature","properties":{"id":"110448815191","name":"St Marys Railroad Company","mtfcc":"R1011"},"geometry":{"type":"LineString","coordinates":[[-81.550463,30.735672],[-81.550611,30.735705],[-81.551167,30.735872],[-81.55123,30.7359],[-81.551756,30.736137],[-81.552811,30.736572],[-81.553465,30.736842],[-81.555898,30.737961],[-81.557156,30.738539],[-81.558825,30.739335]]}},{"type":"Feature","properties":{"id":"110448815192","name":"St Marys Railroad Company","mtfcc":"R1011"},"geometry":{"type":"LineString","coordinates":[[-81.543681,30.735056],[-81.543817,30.73498],[-81.544267,30.734841],[-81.544608,30.734777],[-81.544857,30.734771],[-81.54517,30.734764],[-81.545261,30.734772],[-81.545513,30.734796],[-81.546787,30.735009],[-81.548418,30.735281],[-81.549548,30.73547],[-81.549949,30.735558],[-81.550463,30.735672]]}},{"type":"Feature","properties":{"id":"110448815198","name":"St Marys Railroad Company","mtfcc":"R1011"},"geometry":{"type":"LineString","coordinates":[[-81.546788,30.797747],[-81.548857,30.797555],[-81.551042,30.797352]]}},{"type":"Feature","properties":{"id":"110448815199","name":"St Marys Railroad Company","mtfcc":"R1011"},"geometry":{"type":"LineString","coordinates":[[-81.546788,30.797747],[-81.546454,30.797636],[-81.546089,30.797569],[-81.545897,30.797554],[-81.545701,30.797559],[-81.545665,30.797561],[-81.544711,30.797614],[-81.543993,30.797674],[-81.543226,30.797775],[-81.542507,30.797821],[-81.541201,30.797922],[-81.540989,30.79795],[-81.540752,30.797989],[-81.540496,30.79806],[-81.540356,30.798118],[-81.540117,30.798226],[-81.53993,30.798325]]}},{"type":"Feature","properties":{"id":"110448815200","name":"St Marys Railroad Company","mtfcc":"R1011"},"geometry":{"type":"LineString","coordinates":[[-81.53993,30.798325],[-81.546788,30.797747]]}},{"type":"Feature","properties":{"id":"1108312012208","name":"St Marys Railroad Company","mtfcc":"R1011"},"geometry":{"type":"LineString","coordinates":[[-81.551042,30.797352],[-81.553603,30.797114],[-81.554088,30.797069],[-81.554505,30.79703],[-81.556172,30.796875],[-81.558484,30.796637],[-81.558718,30.796613],[-81.559585,30.796553],[-81.560597,30.796478],[-81.563142,30.796241],[-81.566638,30.795916],[-81.566721,30.795908],[-81.56686,30.795896],[-81.567152,30.795869],[-81.569646,30.795642],[-81.572167,30.795402],[-81.575057,30.795127],[-81.576589,30.795016],[-81.576898,30.794993],[-81.578894,30.794847],[-81.579808,30.794772],[-81.580784,30.794652],[-81.581514,30.794562],[-81.581841,30.794522],[-81.583923,30.794265],[-81.584024,30.794242],[-81.584123,30.794213],[-81.58422,30.794178],[-81.584313,30.794137],[-81.584402,30.794091],[-81.584488,30.794039],[-81.58457,30.793983],[-81.584647,30.793922],[-81.58472,30.793858],[-81.584788,30.793789],[-81.58485,30.793716],[-81.584907,30.793641],[-81.584957,30.793562],[-81.585002,30.79348],[-81.585041,30.793396],[-81.585781,30.791538],[-81.585956,30.791061],[-81.58893,30.782966],[-81.59026,30.779326],[-81.590471,30.77875],[-81.591129,30.776996],[-81.591507,30.775985],[-81.592287,30.773906],[-81.593154,30.771321],[-81.593371,30.770722],[-81.594525,30.767709],[-81.594889,30.76676],[-81.596038,30.763674],[-81.596456,30.762629],[-81.596688,30.762012],[-81.596999,30.761187],[-81.597175,30.760721],[-81.597476,30.759924],[-81.597692,30.759336],[-81.597997,30.758508],[-81.598006,30.758484],[-81.598056,30.758407],[-81.598063,30.758397],[-81.598119,30.758311],[-81.598209,30.758173],[-81.59859,30.757971],[-81.59869,30.757913],[-81.598837,30.757846],[-81.598979,30.757792],[-81.599064,30.757767],[-81.599107,30.757755],[-81.599273,30.757719],[-81.599338,30.75771],[-81.599442,30.757705],[-81.599535,30.757701],[-81.599795,30.757696],[-81.59984,30.757695],[-81.600082,30.757691]]}},{"type":"Feature","properties":{"id":"1108312012209","name":"St Marys Railroad Company","mtfcc":"R1011"},"geometry":{"type":"LineString","coordinates":[[-81.533883,30.79939],[-81.534433,30.799341],[-81.535251,30.799274],[-81.53606,30.799125],[-81.536507,30.798948]]}},{"type":"Feature","properties":{"id":"11030115296141","name":"United States Gypsum","mtfcc":"R1011"},"geometry":{"type":"LineString","coordinates":[[-82.000054,29.923587],[-81.999568,29.923642],[-81.999343,29.923709],[-81.999046,29.923842],[-81.998761,29.924048],[-81.998559,29.924227],[-81.99844,29.924399],[-81.998314,29.924643],[-81.998235,29.924845],[-81.998208,29.925083],[-81.998188,29.925305],[-81.998223,29.92759],[-81.998264,29.927802],[-81.998341,29.927985],[-81.998447,29.928156],[-81.998588,29.928309],[-81.999067,29.92872],[-81.999378,29.928987]]}},{"type":"Feature","properties":{"id":"11030115296176","name":"United States Gypsum","mtfcc":"R1011"},"geometry":{"type":"LineString","coordinates":[[-82.000674,29.930689],[-82.000693,29.931848]]}},{"type":"Feature","properties":{"id":"11030115297100","name":"United States Gypsum","mtfcc":"R1011"},"geometry":{"type":"LineString","coordinates":[[-82.002129,29.929328],[-82.001805,29.929385],[-82.001564,29.92946],[-82.001352,29.929562],[-82.001108,29.929739],[-82.001037,29.929809],[-82.000929,29.929932],[-82.000804,29.930147],[-82.000715,29.930377],[-82.000674,29.930689]]}},{"type":"Feature","properties":{"id":"11030115297101","name":"United States Gypsum","mtfcc":"R1011"},"geometry":{"type":"LineString","coordinates":[[-81.999378,29.928987],[-82.000297,29.9298],[-82.000444,29.92997],[-82.000538,29.930141],[-82.000609,29.930318],[-82.00065,29.930512],[-82.000674,29.930689]]}},{"type":"Feature","properties":{"id":"11030115297102","name":"United States Gypsum","mtfcc":"R1011"},"geometry":{"type":"LineString","coordinates":[[-82.002129,29.929328],[-82.003062,29.92933]]}},{"type":"Feature","properties":{"id":"11030115297103","name":"United States Gypsum","mtfcc":"R1011"},"geometry":{"type":"LineString","coordinates":[[-81.999378,29.928987],[-81.999661,29.929152],[-81.999914,29.929275],[-82.000138,29.929328],[-82.000385,29.92934],[-82.000751,29.929334],[-82.002129,29.929328]]}},{"type":"Feature","properties":{"id":"11057613676","name":"US Government RR","mtfcc":"R1011"},"geometry":{"type":"LineString","coordinates":[[-82.0302,29.91477],[-82.02968,29.91501],[-82.029293,29.915177],[-82.02885,29.91537],[-82.0283,29.91554],[-82.02777,29.91564],[-82.02727,29.91565],[-82.02667,29.91555],[-82.026398,29.915516],[-82.02627,29.9155],[-82.02573,29.9155],[-82.02541,29.91555],[-82.02538,29.91555],[-82.02514,29.91559],[-82.02477,29.91572],[-82.02365,29.91623],[-82.023245,29.916405],[-82.02169,29.91708],[-82.02082,29.91747],[-82.016822,29.919221],[-82.01548,29.91981],[-82.01503,29.92004],[-82.01473,29.92025],[-82.01449,29.92047],[-82.01418,29.92082],[-82.01382,29.92141],[-82.01361,29.92171],[-82.01331,29.92202],[-82.01293,29.92231],[-82.012514,29.922526],[-82.01245,29.92256],[-82.01185,29.9228],[-82.01091,29.92322],[-82.01009,29.92355],[-82.00954,29.92369],[-82.00905,29.92376],[-82.00806,29.92375],[-82.00698,29.92373],[-82.00337,29.92365],[-82.003059,29.923644],[-82.000054,29.923587],[-81.999831,29.923583],[-81.999436,29.923575],[-81.99912,29.92357],[-81.99879,29.92361],[-81.99836,29.92368],[-81.998262,29.923703],[-81.99794,29.92378],[-81.99788,29.9238],[-81.99735,29.92399],[-81.99687,29.92422],[-81.99622,29.92471],[-81.99605,29.924879],[-81.99583,29.9251],[-81.99553,29.92547],[-81.99524,29.92597],[-81.99507,29.92635],[-81.99489,29.92698],[-81.99466,29.92803],[-81.99445,29.92894],[-81.99414,29.93024],[-81.99403,29.93078],[-81.994004,29.930887],[-81.9938,29.93176],[-81.99361,29.93261],[-81.993485,29.93297],[-81.993466,29.933022],[-81.993412,29.933177],[-81.993394,29.93323],[-81.99338,29.93327],[-81.99304,29.93386],[-81.992871,29.934072],[-81.99281,29.93415],[-81.99243,29.93456],[-81.992,29.9349],[-81.99154,29.93517],[-81.9904,29.935671],[-81.98961,29.93602],[-81.989487,29.936066],[-81.98913,29.9362],[-81.98871,29.93627],[-81.98823,29.93631],[-81.987842,29.936276],[-81.98777,29.93627],[-81.9872,29.93613],[-81.98587,29.93571],[-81.98556,29.93563],[-81.98534,29.93561],[-81.98507,29.93563],[-81.98483,29.93568],[-81.98457,29.93576],[-81.98358,29.93624],[-81.98309,29.93649],[-81.98221,29.93694],[-81.98159,29.93724]]}},{"type":"Feature","properties":{"id":"11057613677","name":"US Government RR","mtfcc":"R1011"},"geometry":{"type":"LineString","coordinates":[[-82.047987,29.91024],[-82.0477,29.91011],[-82.04657,29.90961],[-82.046147,29.909417],[-82.04589,29.9093],[-82.04551,29.90912],[-82.04519,29.90902],[-82.04494,29.90896],[-82.04463,29.90891],[-82.04435,29.9089],[-82.04395,29.90891],[-82.04353,29.90898],[-82.04319,29.90907],[-82.04202,29.90957],[-82.04101,29.91001],[-82.040455,29.910246],[-82.03972,29.91056],[-82.038616,29.911067],[-82.0385,29.91112],[-82.038404,29.911161],[-82.038234,29.911233],[-82.0374,29.91159],[-82.03709,29.911728],[-82.036711,29.911899]]}},{"type":"Feature","properties":{"id":"11057613678","name":"US Government RR","mtfcc":"R1011"},"geometry":{"type":"LineString","coordinates":[[-82.03029,29.91472],[-82.030461,29.914443],[-82.030957,29.913919],[-82.031279,29.913693],[-82.031306,29.913675],[-82.033957,29.912458],[-82.034843,29.912246],[-82.035295,29.912162],[-82.036711,29.911899],[-82.03644,29.91202],[-82.035425,29.912459],[-82.03457,29.91283],[-82.0334,29.91336],[-82.03186,29.91403],[-82.031574,29.914155],[-82.03029,29.91472]]}},{"type":"Feature","properties":{"id":"11081863093","name":"US Government RR","mtfcc":"R1011"},"geometry":{"type":"LineString","coordinates":[[-82.110954,29.931535],[-82.109684,29.931119],[-82.105877,29.929874],[-82.105196,29.929652],[-82.104608,29.92946],[-82.104066,29.929289],[-82.103967,29.929258],[-82.102044,29.928655],[-82.101404,29.928454],[-82.100728,29.928224],[-82.100183,29.928039],[-82.098701,29.927535],[-82.098026,29.927306],[-82.097326,29.92707],[-82.095229,29.926362],[-82.095164,29.92634],[-82.094533,29.926119],[-82.093502,29.925771],[-82.090412,29.924727],[-82.089382,29.924379],[-82.088352,29.92404],[-82.087259,29.92368],[-82.085621,29.923483],[-82.085171,29.923478],[-82.084088,29.923466],[-82.083708,29.923456],[-82.082571,29.923426],[-82.082192,29.923417],[-82.081396,29.923397],[-82.079009,29.92334],[-82.078214,29.923321],[-82.077085,29.923294],[-82.075618,29.922767],[-82.07322,29.921668],[-82.070307,29.920309],[-82.070165,29.920244],[-82.063219,29.917268],[-82.059509,29.915482],[-82.049276,29.910881],[-82.047987,29.91024]]}},{"type":"Feature","properties":{"id":"11081863094","name":"US Government RR","mtfcc":"R1011"},"geometry":{"type":"LineString","coordinates":[[-82.110954,29.931535],[-82.111476,29.931521],[-82.111822,29.931512],[-82.112743,29.931122],[-82.112923,29.930991],[-82.113348,29.930686]]}},{"type":"Feature","properties":{"id":"11081863095","name":"US Government RR","mtfcc":"R1011"},"geometry":{"type":"LineString","coordinates":[[-82.112218,29.933827],[-82.112183,29.933275],[-82.112165,29.932978],[-82.111744,29.932222],[-82.11137,29.931897],[-82.110954,29.931535]]}}]}
